CID,BDATE,GEN
NASAW00011000,2002-05-14,Female
NASAW00011001,1966-12-21,Male
NASAW00011002,2005-09-17,Male
NASAW00011003,1997-12-23,Male
NASAW00011004,1953-05-29,Male
NASAW00011005,1995-05-09,Female
NASAW00011006,1964-10-11,Female
NASAW00011007,1945-08-01,Male
NASAW00011008,1982-12-01,Male
NASAW00011009,1964-04-26,Female
NASAW00011010,1954-03-04,Male
NASAW00011011,1977-03-17,Female
NASAW00011012,1948-11-24,Male
NASAW00011013,1978-12-17,Female
NASAW00011014,2001-05-26,Female
NASAW00011015,1996-10-18,Male
NASAW00011016,1949-02-10,Female
NASAW00011017,1952-02-28,Male
NASAW00011018,1979-02-07,Female
NASAW00011019,1959-08-05,Male
NASAW00011020,2005-02-15,Male
NASAW00011021,1999-08-26,Male
NASAW00011022,1959-08-30,Female
NASAW00011023,2002-06-02,Male
NASAW00011024,2006-06-03,Male
NASAW00011025,1965-07-20,Female
NASAW00011026,1980-12-28,Male
NASAW00011027,1995-11-20,Female
NASAW00011028,1964-01-29,Female
NASAW00011029,2002-09-03,Female
NASAW00011030,1957-07-12,Female
NASAW00011031,1997-06-12,Female
NASAW00011032,1977-06-23,Male
NASAW00011033,1990-09-18,Male
NASAW00011034,1954-11-02,Male
NASAW00011035,2006-01-19,Male
NASAW00011036,1979-07-10,Female
NASAW00011037,1992-06-21,Male
NASAW00011038,2006-01-12,Female
NASAW00011039,2002-07-04,Female
NASAW00011040,1984-01-03,Male
NASAW00011041,1968-08-18,Male
NASAW00011042,1990-07-19,Female
NASAW00011043,2002-04-29,Male
NASAW00011044,1958-09-18,Male
NASAW00011045,1993-05-23,Male
NASAW00011046,1998-09-26,Male
NASAW00011047,1955-01-14,Female
NASAW00011048,1966-06-26,Male
NASAW00011049,1952-09-07,Male
NASAW00011050,1992-10-16,Male
NASAW00011051,2004-03-10,Male
NASAW00011052,1968-10-12,Female
NASAW00011053,1964-01-02,Male
NASAW00011054,1972-12-19,Female
NASAW00011055,1984-04-21,Female
NASAW00011056,1955-11-10,Male
NASAW00011057,1975-05-02,male
NASAW00011058,1965-08-24,Male
NASAW00011059,1951-05-16,Male
NASAW00011060,1965-07-16,Male
NASAW00011061,1974-08-24,Male
NASAW00011062,1969-12-26,Male
NASAW00011063,1993-05-18,Female
NASAW00011064,1966-10-20,Female
NASAW00011065,1962-01-31,Female
NASAW00011066,1976-10-14,Female
NASAW00011067,1949-11-11,Male
NASAW00011068,1950-06-10,Female
NASAW00011069,1954-10-21,Male
NASAW00011070,1993-02-11,Female
NASAW00011071,1961-06-18,Male
NASAW00011072,1951-10-07,Male
NASAW00011073,1949-07-16,Male
NASAW00011074,1953-05-15,Male
NASAW00011075,1959-12-03,Female
NASAW00011076,1964-03-06,Male
NASAW00011077,1959-10-09,Female
NASAW00011078,1968-10-17,Female
NASAW00011079,1970-08-05,Female
NASAW00011080,1958-11-21,Male
NASAW00011081,1950-04-01,Male
NASAW00011082,1973-02-19,Female
NASAW00011083,1990-02-11,Male
NASAW00011084,1950-02-07,Male
NASAW00011085,1961-09-03,Male
NASAW00011086,2005-07-30,Female
NASAW00011087,1955-10-04,Male
NASAW00011088,1996-12-09,Male
NASAW00011089,1982-08-12,Female
NASAW00011090,1968-05-24,Female
NASAW00011091,1966-06-01,Male
NASAW00011092,2005-04-05,Female
NASAW00011093,1973-05-14,Male
NASAW00011094,1945-11-02,Male
NASAW00011095,1951-07-29,Female
NASAW00011096,1956-11-19,Male
NASAW00011097,1966-12-01,Male
NASAW00011098,1984-04-24,Female
NASAW00011099,1999-11-17,Male
NASAW00011100,2004-12-01,Female
NASAW00011101,2004-07-07,Male
NASAW00011102,1968-09-23,Male
NASAW00011103,1994-08-20,Female
NASAW00011104,1999-04-07,Female
NASAW00011105,1963-04-08,Female
NASAW00011106,1990-05-06,Male
NASAW00011107,1953-04-13,Female
NASAW00011108,1948-12-15,
NASAW00011109,1956-09-26,Female
NASAW00011110,1959-07-01,Female
NASAW00011111,1995-04-28,Male
NASAW00011112,2006-12-30,Male
NASAW00011113,1978-02-15,Male
NASAW00011114,1983-07-24,Female
NASAW00011115,1977-09-18,Male
NASAW00011116,1977-02-06,Male
NASAW00011117,2004-11-01,Female
NASAW00011118,2000-09-06,Male
NASAW00011119,1959-07-31,Male
NASAW00011120,1981-12-28,female
NASAW00011121,1974-10-21,Female
NASAW00011122,2005-02-06,Male
NASAW00011123,1968-12-08,Male
NASAW00011124,1979-04-28,Female
NASAW00011125,1964-12-15,Female
NASAW00011126,1976-05-15,Male
NASAW00011127,1964-12-31,Female
NASAW00011128,1980-09-30,Male
NASAW00011129,1970-01-16,Female
NASAW00011130,2005-12-18,Female
NASAW00011131,1947-06-24,Female
NASAW00011132,1961-01-08,Female
NASAW00011133,1948-06-07,Female
NASAW00011134,1976-01-06,Female
NASAW00011135,1984-02-25,Male
NASAW00011136,1979-07-24,Male
NASAW00011137,1967-11-08,Female
NASAW00011138,1945-02-25,Male
NASAW00011139,1977-09-04,Female
NASAW00011140,2000-11-27,Male
NASAW00011141,1971-12-11,Female
NASAW00011142,1974-04-07,Female
NASAW00011143,1994-09-27,Female
NASAW00011144,2004-08-27,Male
NASAW00011145,2000-03-22,Female
NASAW00011146,1994-02-27,Female
NASAW00011147,1970-09-28,Female
NASAW00011148,1986-09-19,Male
NASAW00011149,1990-11-11,Male
NASAW00011150,2004-02-10,Female
NASAW00011151,1953-05-19,Male
NASAW00011152,2005-05-12,Male
NASAW00011153,1958-03-22,Female
NASAW00011154,1987-08-18,Male
NASAW00011155,1985-11-10,Male
NASAW00011156,1979-06-14,Male
NASAW00011157,1958-03-29,Male
NASAW00011158,1954-07-25,Male
NASAW00011159,1960-10-12,Female
NASAW00011160,1949-07-04,Male
NASAW00011161,1985-12-14,Female
NASAW00011162,2004-11-22,Female
NASAW00011163,1984-09-15,Female
NASAW00011164,1994-02-25,Male
NASAW00011165,1987-08-03,Male
NASAW00011166,2002-03-17,Female
NASAW00011167,2001-03-25,Female
NASAW00011168,1951-12-14,Male
NASAW00011169,1969-05-18,Male
NASAW00011170,1957-06-01,Female
NASAW00011171,1958-09-17,Male
NASAW00011172,1982-03-22,Female
NASAW00011173,1982-04-21,Female
NASAW00011174,1979-12-11,Male
NASAW00011175,1996-08-25,Male
NASAW00011176,1976-07-23,Female
NASAW00011177,1982-08-05,Male
NASAW00011178,1988-10-20,Female
NASAW00011179,1988-07-27,M
NASAW00011180,2005-01-03,Female
NASAW00011181,1959-10-23,Male
NASAW00011182,2000-10-29,Female
NASAW00011183,1998-02-07,Male
NASAW00011184,1952-07-13,Male
NASAW00011185,1986-06-03,Female
NASAW00011186,1979-01-05,Female
NASAW00011187,1974-04-29,Female
NASAW00011188,1969-12-18,Female
NASAW00011189,1967-08-20,Female
NASAW00011190,1946-09-28,Male
NASAW00011191,1976-05-25,Male
NASAW00011192,2003-06-22,Male
NASAW00011193,1967-03-09,Male
NASAW00011194,2000-09-28,Male
NASAW00011195,1987-06-27,Male
NASAW00011196,1986-09-21,Female
NASAW00011197,1960-01-21,Male
NASAW00011198,1959-09-11,Male
NASAW00011199,1996-12-01,M
NASAW00011200,1996-08-28,Female
NASAW00011201,1980-08-02,Male
NASAW00011202,1951-10-27,Male
NASAW00011203,1954-02-22,Female
NASAW00011204,2006-05-22,Male
NASAW00011205,1995-10-10,Female
NASAW00011206,1992-10-17,Female
NASAW00011207,1951-03-10,Female
NASAW00011208,1946-02-19,Female
NASAW00011209,1954-06-21,Female
NASAW00011210,2002-01-08,Female
NASAW00011211,1958-09-23,Female
NASAW00011212,2000-04-04,Female
NASAW00011213,1986-09-15,Female
NASAW00011214,1973-12-01,Male
NASAW00011215,1970-01-09,Male
NASAW00011216,1986-09-10,Female
NASAW00011217,1975-03-08,
NASAW00011218,1974-02-28,Male
NASAW00011219,1976-10-31,Female
NASAW00011220,1970-02-02,Female
NASAW00011221,1994-11-12,Female
NASAW00011222,1952-09-06,Female
NASAW00011223,1988-10-31,Male
NASAW00011224,2006-12-16,Female
NASAW00011225,1985-03-17,Male
NASAW00011226,1971-05-26,Male
NASAW00011227,1972-06-21,Female
NASAW00011228,1987-06-17,Female
NASAW00011229,1983-03-05,Female
NASAW00011230,1976-07-25,Female
NASAW00011231,1972-07-05,Male
NASAW00011232,1962-04-12,Male
NASAW00011233,1962-03-09,Female
NASAW00011234,1969-10-22,Female
NASAW00011235,1954-01-08,Female
NASAW00011236,1965-05-30,Female
NASAW00011237,1946-04-09,Male
NASAW00011238,1969-08-11,Male
NASAW00011239,1994-08-24,Male
NASAW00011240,2002-03-24,Female
NASAW00011241,1954-03-16,Female
NASAW00011242,1987-02-11,Female
NASAW00011243,1961-07-17,Female
NASAW00011244,1987-11-11,Male
NASAW00011245,1980-12-13,Male
NASAW00011246,1958-08-12,Female
NASAW00011247,1952-08-23,Male
NASAW00011248,1995-01-25,Male
NASAW00011249,1991-11-19,Female
NASAW00011250,1971-09-05,Female
NASAW00011251,1972-05-25,Male
NASAW00011252,1999-09-11,Male
NASAW00011253,1963-08-23,Female
NASAW00011254,2004-04-01,Male
NASAW00011255,1960-08-05,Male
NASAW00011256,1945-03-29,Female
NASAW00011257,1971-02-17,M
NASAW00011258,1970-05-14,Female
NASAW00011259,1951-05-22,Female
NASAW00011260,2001-01-28,Male
NASAW00011261,1983-02-21,Male
NASAW00011262,2003-02-07,Female
NASAW00011263,1957-10-05,Male
NASAW00011264,1972-08-06,Female
NASAW00011265,1984-05-26,Female
NASAW00011266,1981-02-10,Female
NASAW00011267,1984-04-10,Male
NASAW00011268,1983-10-05,Female
NASAW00011269,1947-04-28,Male
NASAW00011270,2005-04-25,Male
NASAW00011271,1960-09-19,Female
NASAW00011272,1969-12-15,Female
NASAW00011273,2001-12-13,Male
NASAW00011274,1987-03-03,Female
NASAW00011275,1973-10-21,Male
NASAW00011276,1974-08-04,Female
NASAW00011277,1970-11-10,Female
NASAW00011278,1994-05-09,Male
NASAW00011279,1973-03-21,Male
NASAW00011280,1981-04-06,Male
NASAW00011281,2004-01-02,Female
NASAW00011282,1982-01-28,Female
NASAW00011283,2000-11-10,Female
NASAW00011284,1949-08-19,Male
NASAW00011285,1970-11-04,Female
NASAW00011286,1955-11-23,female
NASAW00011287,1999-08-17,Male
NASAW00011288,1972-11-17,Female
NASAW00011289,1953-05-13,Male
NASAW00011290,1986-05-26,Male
NASAW00011291,1989-09-17,Female
NASAW00011292,1990-08-27,Female
NASAW00011293,1988-04-15,Male
NASAW00011294,1985-12-24,Female
NASAW00011295,1962-02-06,Male
NASAW00011296,1951-04-07,Female
NASAW00011297,1975-06-30,Female
NASAW00011298,1945-03-26,Female
NASAW00011299,1997-08-28,Female
NASAW00011300,1958-05-02,Female
NASAW00011301,1975-12-19,Female
NASAW00011302,1985-11-07,Male
NASAW00011303,1966-06-05,Male
NASAW00011304,1981-11-08,Female
NASAW00011305,1979-03-16,Male
NASAW00011306,1989-06-09,Male
NASAW00011307,1990-01-24,Female
NASAW00011308,1954-01-02,Female
NASAW00011309,1953-12-12,Female
NASAW00011310,1946-05-18,Female
NASAW00011311,2003-09-29,Male
NASAW00011312,1987-02-14,Female
NASAW00011313,1975-05-17,Female
NASAW00011314,2003-04-20,Female
NASAW00011315,2005-07-02,Female
NASAW00011316,1973-05-30,Female
NASAW00011317,1993-07-16,Male
NASAW00011318,1966-01-23,Female
NASAW00011319,1965-05-30,Female
NASAW00011320,1953-10-31,Male
NASAW00011321,1984-10-21,Female
NASAW00011322,,Male
NASAW00011323,1971-04-28,Female
NASAW00011324,1958-01-23,Female
NASAW00011325,1995-10-10,Male
NASAW00011326,1960-04-02,Female
NASAW00011327,2000-08-06,Female
NASAW00011328,1997-04-26,Female
NASAW00011329,2002-03-25,Female
NASAW00011330,2004-10-29,
NASAW00011331,1986-09-28,Male
NASAW00011332,1951-08-18,Female
NASAW00011333,1997-09-18,Female
NASAW00011334,2006-12-07,Female
NASAW00011335,1962-11-15,Female
NASAW00011336,1954-07-27,Female
NASAW00011337,1996-07-27,Female
NASAW00011338,1946-12-20,Female
NASAW00011339,1969-08-17,
NASAW00011340,2006-07-12,Male
NASAW00011341,1999-05-28,Female
NASAW00011342,1965-08-24,Female
NASAW00011343,1964-08-25,Female
NASAW00011344,2005-10-21,Male
NASAW00011345,2001-05-13,Male
NASAW00011346,1972-09-19,Male
NASAW00011347,1996-12-30,Male
NASAW00011348,1953-02-01,Female
NASAW00011349,1982-04-12,Male
NASAW00011350,1993-05-24,Female
NASAW00011351,1992-08-16,Female
NASAW00011352,1959-10-06,Female
NASAW00011353,1971-06-25,Female
NASAW00011354,1955-05-02,Male
NASAW00011355,1957-08-18,Male
NASAW00011356,2005-09-04,Female
NASAW00011357,1995-01-01,Female
NASAW00011358,1946-04-02,Male
NASAW00011359,1985-10-20,Female
NASAW00011360,1997-06-11,Female
NASAW00011361,1954-09-21,Female
NASAW00011362,1947-04-01,Female
NASAW00011363,1999-09-26,Male
NASAW00011364,2002-01-02,Female
NASAW00011365,2003-04-01,Male
NASAW00011366,1949-01-25,Female
NASAW00011367,1989-03-13,Male
NASAW00011368,1993-03-24,Female
NASAW00011369,1978-04-15,Female
NASAW00011370,1997-09-10,Male
NASAW00011371,1982-03-22,Female
NASAW00011372,2000-03-26,Female
NASAW00011373,1947-12-09,Male
NASAW00011374,1984-10-11,Male
NASAW00011375,1977-07-16,Female
NASAW00011376,1993-11-06,Female
NASAW00011377,1950-06-08,Male
NASAW00011378,1955-12-17,Female
NASAW00011379,1953-03-23,Male
NASAW00011380,1949-07-16,Male
NASAW00011381,1956-04-19,Male
NASAW00011382,1951-02-27,Male
NASAW00011383,1997-08-10,Male
NASAW00011384,1974-06-24,Male
NASAW00011385,1969-11-16,Male
NASAW00011386,1956-08-30,Male
NASAW00011387,1954-11-12,Male
NASAW00011388,1956-10-28,
NASAW00011389,1966-05-07,Male
NASAW00011390,1960-08-19,Male
NASAW00011391,1982-10-08,Male
NASAW00011392,1987-09-23,Female
NASAW00011393,1991-01-17,Female
NASAW00011394,1990-03-15,Male
NASAW00011395,2004-02-11,Female
NASAW00011396,2002-09-19,Male
NASAW00011397,1987-12-22,Female
NASAW00011398,2006-07-22,Female
NASAW00011399,1951-08-06,Female
NASAW00011400,1999-07-29,Male
NASAW00011401,1969-09-03,Female
NASAW00011402,1979-03-05,Female
NASAW00011403,1985-09-15,Female
NASAW00011404,1953-11-24,Male
NASAW00011405,2003-09-27,Male
NASAW00011406,1983-08-02,Male
NASAW00011407,1982-02-15,Female
NASAW00011408,1980-10-09,Male
NASAW00011409,,Female
NASAW00011410,1978-08-01,Female
NASAW00011411,1951-01-09,Male
NASAW00011412,1953-05-13,Female
NASAW00011413,1956-09-03,Female
NASAW00011414,2005-02-09,Female
NASAW00011415,2004-09-09,Female
NASAW00011416,1949-08-13,Female
NASAW00011417,1976-07-19,Male
NASAW00011418,1958-11-19,Male
NASAW00011419,1954-09-17,Female
NASAW00011420,1955-04-23,Male
NASAW00011421,1983-07-02,Male
NASAW00011422,1999-08-21,Female
NASAW00011423,1947-08-07,Female
NASAW00011424,1975-06-28,Male
NASAW00011425,1957-11-08,Female
NASAW00011426,1951-03-31,Male
NASAW00011427,1953-03-26,Male
NASAW00011428,1978-10-02,Female
NASAW00011429,1959-02-14,Female
NASAW00011430,1995-12-03,Male
NASAW00011431,1958-12-17,Male
NASAW00011432,2005-06-19,Female
NASAW00011433,2004-05-21,Female
NASAW00011434,1982-02-27,Male
NASAW00011435,1975-12-20,Female
NASAW00011436,2005-11-05,Female
NASAW00011437,1992-04-10,Male
NASAW00011438,1964-10-13,Male
NASAW00011439,1945-09-09,Male
NASAW00011440,1957-04-24,Female
NASAW00011441,1974-06-09,Female
NASAW00011442,1983-08-21,Female
NASAW00011443,1992-10-12,Female
NASAW00011444,1951-06-20,Male
NASAW00011445,1984-02-20,Male
NASAW00011446,1973-02-01,Female
NASAW00011447,2002-06-07,Male
NASAW00011448,1981-05-04,M
NASAW00011449,1960-06-02,Female
NASAW00011450,2006-11-14,Male
NASAW00011451,1984-03-07,Male
NASAW00011452,1984-02-02,Male
NASAW00011453,1980-07-04,Female
NASAW00011454,1964-11-17,Male
NASAW00011455,1951-11-08,Male
NASAW00011456,1992-08-08,Female
NASAW00011457,1976-07-01,Male
NASAW00011458,1966-03-14,Female
NASAW00011459,1962-09-13,Male
NASAW00011460,2003-10-23,Female
NASAW00011461,1986-08-16,Female
NASAW00011462,2006-02-09,Female
NASAW00011463,2001-04-09,Female
NASAW00011464,1951-02-16,Female
NASAW00011465,1969-08-23,Female
NASAW00011466,1990-07-08,Female
NASAW00011467,1985-07-18,M
NASAW00011468,1970-10-03,Male
NASAW00011469,2000-03-05,Female
NASAW00011470,1986-07-07,Male
NASAW00011471,1985-05-07,Male
NASAW00011472,1973-11-05,Male
NASAW00011473,1950-07-21,Female
NASAW00011474,1952-07-26,Male
NASAW00011475,1948-07-06,Female
NASAW00011476,1984-06-03,Male
NASAW00011477,1977-08-25,Female
NASAW00011478,1979-10-04,Female
NASAW00011479,2005-11-28,Female
NASAW00011480,1950-11-30,Female
NASAW00011481,1970-06-29,Male
NASAW00011482,1974-11-28,Male
NASAW00011483,1976-05-20,Female
NASAW00011484,1956-07-27,Male
NASAW00011485,1972-10-10,Female
NASAW00011486,1956-06-19,Male
NASAW00011487,2002-12-16,Female
NASAW00011488,1946-08-21,Male
NASAW00011489,1964-03-20,Female
NASAW00011490,1962-03-24,Male
NASAW00011491,1958-11-26,Male
NASAW00011492,1990-07-19,Male
NASAW00011493,2004-05-21,Male
NASAW00011494,1998-08-01,Male
NASAW00011495,1961-03-23,Male
NASAW00011496,1984-04-07,Female
NASAW00011497,2005-09-06,Female
NASAW00011498,1999-10-12,Female
NASAW00011499,1965-12-29,Female
NASAW00011500,1987-01-29,Male
NASAW00011501,1978-01-01,Female
NASAW00011502,1986-06-03,Female
NASAW00011503,1990-02-13,Male
NASAW00011504,1962-12-01,Male
NASAW00011505,1967-06-07,Female
NASAW00011506,1978-04-21,Male
NASAW00011507,1991-04-15,Female
NASAW00011508,1952-07-11,Female
NASAW00011509,1985-04-24,Male
NASAW00011510,1984-04-01,Male
NASAW00011511,1985-06-22,Male
NASAW00011512,1982-03-23,Female
NASAW00011513,1966-02-25,Male
NASAW00011514,1978-08-21,Female
NASAW00011515,1953-11-21,Female
NASAW00011516,1958-02-07,Female
NASAW00011517,1987-05-22,Male
NASAW00011518,1987-02-01,Male
NASAW00011519,1952-02-10,Female
NASAW00011520,1958-06-01,Female
NASAW00011521,1954-12-23,Male
NASAW00011522,1972-01-08,Male
NASAW00011523,1982-08-31,Female
NASAW00011524,1950-08-21,Female
NASAW00011525,1998-07-15,Male
NASAW00011526,1957-11-18,Male
NASAW00011527,2000-02-28,Female
NASAW00011528,1961-10-21,Male
NASAW00011529,1991-12-19,Male
NASAW00011530,1992-03-12,Male
NASAW00011531,1980-01-12,Male
NASAW00011532,2002-01-11,Female
NASAW00011533,1967-10-04,Female
NASAW00011534,1951-01-23,Male
NASAW00011535,1997-03-16,Female
NASAW00011536,1956-12-20,Female
NASAW00011537,2002-09-02,Female
NASAW00011538,1987-12-07,Male
NASAW00011539,1950-08-30,Female
NASAW00011540,1948-04-26,Male
NASAW00011541,1962-11-24,Female
NASAW00011542,1972-10-26,Female
NASAW00011543,1967-09-23,female
NASAW00011544,1962-02-23,Male
NASAW00011545,2003-10-31,Male
NASAW00011546,1978-01-07,Female
NASAW00011547,1984-06-14,Female
NASAW00011548,1975-06-02,Female
NASAW00011549,1989-08-20,Female
NASAW00011550,1952-05-31,Male
NASAW00011551,1983-08-20,Male
NASAW00011552,1993-12-09,Male
NASAW00011553,1952-03-08,Female
NASAW00011554,1972-07-01,Female
NASAW00011555,1959-12-14,Female
NASAW00011556,1985-02-11,Female
NASAW00011557,2000-02-29,Female
NASAW00011558,2002-05-16,Male
NASAW00011559,1951-09-25,Female
NASAW00011560,1977-08-05,Male
NASAW00011561,1947-10-18,Female
NASAW00011562,1948-02-15,Male
NASAW00011563,2002-11-18,Female
NASAW00011564,1995-11-22,Female
NASAW00011565,2005-12-03,Female
NASAW00011566,1978-05-18,Male
NASAW00011567,1996-06-28,Female
NASAW00011568,1980-09-16,Female
NASAW00011569,1967-05-25,Male
NASAW00011570,1961-09-10,Female
NASAW00011571,1995-05-23,Female
NASAW00011572,1985-01-14,Female
NASAW00011573,1989-01-25,Male
NASAW00011574,1951-08-24,Female
NASAW00011575,1952-11-16,Female
NASAW00011576,2004-11-30,Male
NASAW00011577,1994-05-06,Female
NASAW00011578,1959-02-18,Male
NASAW00011579,1977-06-07,Male
NASAW00011580,1963-01-12,Male
NASAW00011581,1989-04-28,male
NASAW00011582,1996-05-05,Male
NASAW00011583,1999-11-26,Male
NASAW00011584,1972-09-30,Female
NASAW00011585,1992-02-29,Female
NASAW00011586,1996-07-30,Female
NASAW00011587,2002-08-18,Female
NASAW00011588,2006-01-06,Male
NASAW00011589,1994-06-18,Male
NASAW00011590,1956-07-30,Male
NASAW00011591,1956-02-21,Female
NASAW00011592,1959-10-10,Male
NASAW00011593,1976-01-17,Female
NASAW00011594,1952-01-29,Female
NASAW00011595,1956-03-25,Male
NASAW00011596,1990-02-02,Male
NASAW00011597,1960-05-11,Female
NASAW00011598,1995-07-26,Male
NASAW00011599,1952-04-15,Female
NASAW00011600,2003-06-02,Female
NASAW00011601,2000-06-15,Female
NASAW00011602,2001-04-07,Female
NASAW00011603,1988-04-30,Female
NASAW00011604,1971-09-08,Male
NASAW00011605,1959-03-08,Female
NASAW00011606,1986-09-01,Male
NASAW00011607,1973-01-16,Female
NASAW00011608,1975-12-27,Male
NASAW00011609,1978-03-30,Male
NASAW00011610,1973-08-18,Male
NASAW00011611,1968-12-30,Male
NASAW00011612,1953-09-08,Female
NASAW00011613,2000-03-17,Male
NASAW00011614,1974-05-18,Female
NASAW00011615,1962-01-12,Female
NASAW00011616,1991-03-07,Female
NASAW00011617,1989-08-15,F
NASAW00011618,1990-05-07,Male
NASAW00011619,1964-04-20,Male
NASAW00011620,1949-07-15,Female
NASAW00011621,1970-08-21,Male
NASAW00011622,1983-08-30,Female
NASAW00011623,1977-10-25,Female
NASAW00011624,1949-01-22,Male
NASAW00011625,1977-07-11,Male
NASAW00011626,1979-08-30,Female
NASAW00011627,2000-11-30,Male
NASAW00011628,1956-07-18,Female
NASAW00011629,1978-06-25,Female
NASAW00011630,1995-01-18,Male
NASAW00011631,1962-11-10,Female
NASAW00011632,1989-11-12,Male
NASAW00011633,1957-04-18,Female
NASAW00011634,1991-08-05,Male
NASAW00011635,1974-06-04,Female
NASAW00011636,1959-07-31,Female
NASAW00011637,1998-04-08,Female
NASAW00011638,1995-07-03,Male
NASAW00011639,1978-01-18,Male
NASAW00011640,1982-05-16,Male
NASAW00011641,1998-07-21,Male
NASAW00011642,1949-08-10,Male
NASAW00011643,1992-01-13,Female
NASAW00011644,1958-04-05,Male
NASAW00011645,1947-11-01,Male
NASAW00011646,1962-02-12,M
NASAW00011647,1982-07-28,Male
NASAW00011648,1981-10-26,Female
NASAW00011649,1950-08-03,Male
NASAW00011650,1995-04-28,Female
NASAW00011651,1992-02-22,Male
NASAW00011652,1986-03-29,Female
NASAW00011653,1994-01-04,Female
NASAW00011654,1999-09-25,Male
NASAW00011655,1970-01-12,Male
NASAW00011656,1971-09-14,Male
NASAW00011657,2006-12-04,Female
NASAW00011658,1988-01-18,Female
NASAW00011659,1970-10-27,Female
NASAW00011660,1980-05-25,Male
NASAW00011661,1971-01-22,Male
NASAW00011662,1976-01-28,Female
NASAW00011663,1987-12-25,Female
NASAW00011664,1995-06-04,Male
NASAW00011665,1954-10-20,Male
NASAW00011666,1966-10-02,Male
NASAW00011667,2002-03-27,Male
NASAW00011668,1982-01-30,Female
NASAW00011669,1954-01-08,Male
NASAW00011670,1945-06-19,Male
NASAW00011671,1981-07-04,Female
NASAW00011672,1987-11-02,Female
NASAW00011673,1973-10-25,Male
NASAW00011674,1953-01-10,Male
NASAW00011675,1993-01-04,Male
NASAW00011676,1960-09-15,Male
NASAW00011677,1948-04-05,Female
NASAW00011678,1989-06-11,Female
NASAW00011679,1948-05-12,male
NASAW00011680,1999-01-29,Female
NASAW00011681,1970-07-13,Female
NASAW00011682,1957-01-15,Female
NASAW00011683,1969-06-24,Male
NASAW00011684,1974-09-01,Female
NASAW00011685,2003-03-01,Male
NASAW00011686,1946-04-07,Female
NASAW00011687,1995-12-10,Male
NASAW00011688,1960-09-29,Female
NASAW00011689,1983-05-16,Male
NASAW00011690,1980-12-17,Male
NASAW00011691,1957-08-13,Male
NASAW00011692,1945-08-12,Male
NASAW00011693,1985-01-29,Female
NASAW00011694,1972-02-03,Male
NASAW00011695,1968-06-19,Male
NASAW00011696,1950-07-29,Female
NASAW00011697,1972-07-11,Female
NASAW00011698,2006-12-06,Female
NASAW00011699,1977-12-22,Male
NASAW00011700,1956-12-25,Female
NASAW00011701,1999-05-06,Female
NASAW00011702,1993-03-23,Male
NASAW00011703,1967-03-15,Male
NASAW00011704,1992-02-23,Female
NASAW00011705,1952-01-04,Male
NASAW00011706,1950-07-17,Male
NASAW00011707,1996-05-19,Male
NASAW00011708,1974-06-09,Female
NASAW00011709,1955-06-06,Female
NASAW00011710,1953-02-27,Female
NASAW00011711,1949-12-29,Female
NASAW00011712,1985-12-25,Female
NASAW00011713,2005-05-11,Male
NASAW00011714,1980-07-10,Male
NASAW00011715,1964-07-20,Male
NASAW00011716,1983-01-05,Male
NASAW00011717,1993-07-20,Male
NASAW00011718,1987-05-09,F
NASAW00011719,1961-02-23,Female
NASAW00011720,1978-08-06,Female
NASAW00011721,1985-03-29,Female
NASAW00011722,1978-09-14,Male
NASAW00011723,2003-08-20,Male
NASAW00011724,1961-01-05,Female
NASAW00011725,1992-06-12,Male
NASAW00011726,1945-04-24,Female
NASAW00011727,1986-07-16,Female
NASAW00011728,1992-09-21,Male
NASAW00011729,1967-03-17,Male
NASAW00011730,1969-09-24,Male
NASAW00011731,1947-11-22,Female
NASAW00011732,2000-03-02,Male
NASAW00011733,1966-08-05,Male
NASAW00011734,1998-04-15,male
NASAW00011735,2005-04-16,Male
NASAW00011736,1966-12-16,Female
NASAW00011737,1984-05-19,Male
NASAW00011738,1950-01-24,Female
NASAW00011739,1966-01-04,Female
NASAW00011740,1996-10-22,Female
NASAW00011741,1966-04-03,Male
NASAW00011742,2004-03-25,Female
NASAW00011743,1971-12-17,Male
NASAW00011744,2001-02-28,Female
NASAW00011745,1949-03-17,Female
NASAW00011746,1992-01-20,Female
NASAW00011747,1981-08-17,Female
NASAW00011748,1961-07-01,Female
NASAW00011749,1966-08-15,Female
NASAW00011750,1957-12-14,Male
NASAW00011751,1995-06-16,Female
NASAW00011752,1994-12-31,Female
NASAW00011753,1966-10-15,Female
NASAW00011754,2003-01-08,Female
NASAW00011755,1978-04-17,Male
NASAW00011756,1949-08-16,Male
NASAW00011757,1951-07-13,Male
NASAW00011758,1988-01-04,Female
NASAW00011759,1972-03-14,Male
NASAW00011760,1964-01-02,Male
NASAW00011761,1987-12-20,Male
NASAW00011762,1980-08-01,Female
NASAW00011763,1970-05-25,Female
NASAW00011764,1972-09-02,Female
NASAW00011765,1986-10-23,Female
NASAW00011766,1973-09-24,Female
NASAW00011767,1973-01-27,Male
NASAW00011768,1958-02-03,male
NASAW00011769,1997-05-25,Female
NASAW00011770,1971-06-26,Female
NASAW00011771,1965-08-21,Male
NASAW00011772,1989-10-18,Female
NASAW00011773,1968-02-02,Female
NASAW00011774,2002-07-28,Female
NASAW00011775,1960-02-04,Female
NASAW00011776,1960-03-09,Female
NASAW00011777,1961-07-06,Male
NASAW00011778,1992-01-03,
NASAW00011779,1951-09-02,Male
NASAW00011780,1945-07-29,Male
NASAW00011781,1951-02-06,Male
NASAW00011782,1964-08-16,Female
NASAW00011783,1950-06-04,Female
NASAW00011784,2004-02-24,Male
NASAW00011785,1992-09-30,Male
NASAW00011786,1946-07-03,Female
NASAW00011787,1993-01-24,Male
NASAW00011788,1990-01-21,Female
NASAW00011789,1961-01-31,Male
NASAW00011790,1992-01-18,Male
NASAW00011791,2000-08-08,Female
NASAW00011792,1968-12-25,Male
NASAW00011793,1978-06-21,Female
NASAW00011794,1995-09-09,Male
NASAW00011795,1971-11-30,Male
NASAW00011796,2003-08-26,Male
NASAW00011797,1953-05-22,Female
NASAW00011798,1994-08-02,Male
NASAW00011799,1960-05-17,Female
NASAW00011800,2002-11-10,Male
NASAW00011801,1992-05-20,Male
NASAW00011802,1963-12-20,Female
NASAW00011803,1969-04-28,Male
NASAW00011804,2006-05-28,Male
NASAW00011805,1961-02-03,Female
NASAW00011806,1946-05-29,Male
NASAW00011807,1980-09-25,Female
NASAW00011808,1959-07-30,Female
NASAW00011809,2005-09-28,Female
NASAW00011810,1979-06-09,Male
NASAW00011811,2006-11-04,Female
NASAW00011812,1949-10-26,Male
NASAW00011813,1951-10-27,Female
NASAW00011814,1974-04-13,M
NASAW00011815,1985-06-03,Female
NASAW00011816,1994-08-13,Female
NASAW00011817,1961-08-31,Female
NASAW00011818,1952-09-09,Female
NASAW00011819,1967-02-10,Male
NASAW00011820,1969-01-15,Male
NASAW00011821,1979-12-16,Male
NASAW00011822,1953-03-18,M
NASAW00011823,1984-11-25,Female
NASAW00011824,1954-03-04,Male
NASAW00011825,1983-09-01,Female
NASAW00011826,1954-04-08,M
NASAW00011827,1994-09-21,Female
NASAW00011828,1979-07-25,F
NASAW00011829,1979-10-17,Male
NASAW00011830,1996-04-24,Female
NASAW00011831,1960-03-17,Female
NASAW00011832,1969-01-30,Male
NASAW00011833,1960-01-02,Female
NASAW00011834,1971-11-23,Male
NASAW00011835,1977-05-26,Male
NASAW00011836,2001-01-28,Male
NASAW00011837,1986-01-29,Female
NASAW00011838,1945-08-10,Female
NASAW00011839,2000-08-22,Female
NASAW00011840,1984-06-30,Male
NASAW00011841,1971-12-15,Male
NASAW00011842,1987-12-23,Female
NASAW00011843,1973-08-19,Female
NASAW00011844,1996-08-31,Female
NASAW00011845,1978-09-27,Female
NASAW00011846,1977-09-30,Male
NASAW00011847,1998-02-18,Male
NASAW00011848,2006-02-28,Male
NASAW00011849,1986-06-01,Male
NASAW00011850,1984-05-03,Male
NASAW00011851,1981-09-15,Male
NASAW00011852,2001-10-27,Female
NASAW00011853,2004-02-04,Female
NASAW00011854,1978-10-28,Female
NASAW00011855,1997-03-27,Female
NASAW00011856,1993-10-10,M
NASAW00011857,1993-03-03,Male
NASAW00011858,1954-10-24,Female
NASAW00011859,1959-12-04,Male
NASAW00011860,1995-07-13,Female
NASAW00011861,1974-10-01,Female
NASAW00011862,1954-07-04,M
NASAW00011863,1964-12-01,Male
NASAW00011864,1984-12-29,Female
NASAW00011865,2005-12-19,Male
NASAW00011866,1975-12-13,Female
NASAW00011867,1954-05-19,Male
NASAW00011868,1955-06-01,Male
NASAW00011869,1976-04-02,Female
NASAW00011870,1963-07-24,Female
NASAW00011871,1987-09-20,Female
NASAW00011872,1973-08-12,Male
NASAW00011873,1955-04-30,M
NASAW00011874,2003-02-18,Male
NASAW00011875,1966-11-19,Male
NASAW00011876,1974-09-11,Female
NASAW00011877,1965-10-20,Male
NASAW00011878,1961-09-21,Female
NASAW00011879,1980-06-28,male
NASAW00011880,1962-09-14,Female
NASAW00011881,1979-11-20,Female
NASAW00011882,1963-06-19,Male
NASAW00011883,1996-10-18,Male
NASAW00011884,1977-10-26,Female
NASAW00011885,1955-03-24,Female
NASAW00011886,1992-05-06,Female
NASAW00011887,1998-07-23,Female
NASAW00011888,1997-08-30,Female
NASAW00011889,1986-01-29,Female
NASAW00011890,2000-02-17,Male
NASAW00011891,1973-02-05,Female
NASAW00011892,1955-06-30,Male
NASAW00011893,1990-10-30,Male
NASAW00011894,1996-07-27,Male
NASAW00011895,1988-08-30,Male
NASAW00011896,1994-10-14,Female
NASAW00011897,1957-08-03,Female
NASAW00011898,2000-07-27,Female
NASAW00011899,1945-11-11,Male
NASAW00011900,1979-06-13,Female
NASAW00011901,1981-09-15,Female
NASAW00011902,1984-10-27,Male
NASAW00011903,1995-09-22,
NASAW00011904,1964-10-14,Female
NASAW00011905,1965-03-04,Male
NASAW00011906,1986-01-11,Female
NASAW00011907,1994-04-27,Male
NASAW00011908,1969-01-13,Female
NASAW00011909,1993-08-18,Male
NASAW00011910,1984-08-06,Female
NASAW00011911,1954-03-10,Male
NASAW00011912,1971-09-17,Male
NASAW00011913,1985-05-07,Male
NASAW00011914,1984-05-23,Male
NASAW00011915,1966-04-05,Female
NASAW00011916,1999-10-02,Male
NASAW00011917,2000-04-12,Male
NASAW00011918,1963-07-27,Female
NASAW00011919,1992-10-02,Male
NASAW00011920,1974-01-14,Female
NASAW00011921,1970-12-16,Male
NASAW00011922,1957-03-01,Female
NASAW00011923,1950-04-27,Male
NASAW00011924,1956-11-27,Female
NASAW00011925,1967-03-18,Female
NASAW00011926,1988-11-29,Female
NASAW00011927,2001-04-29,Female
NASAW00011928,1951-10-11,Male
NASAW00011929,1981-02-21,Female
NASAW00011930,1978-02-10,Female
NASAW00011931,1974-05-13,Male
NASAW00011932,1986-02-17,Female
NASAW00011933,1950-09-07,Female
NASAW00011934,1964-07-17,Male
NASAW00011935,1989-05-20,Female
NASAW00011936,1975-04-21,Male
NASAW00011937,1995-10-17,Female
NASAW00011938,2006-03-27,Male
NASAW00011939,1953-12-07,Female
NASAW00011940,1946-06-18,Male
NASAW00011941,1984-08-04,Female
NASAW00011942,1963-02-25,Male
NASAW00011943,2003-04-26,Female
NASAW00011944,1953-05-17,Female
NASAW00011945,1952-05-24,Male
NASAW00011946,1949-08-24,Female
NASAW00011947,1966-01-03,Male
NASAW00011948,1953-07-16,F
NASAW00011949,1951-12-29,Male
NASAW00011950,1991-08-09,Male
NASAW00011951,1945-09-22,Male
NASAW00011952,1982-11-21,Female
NASAW00011953,1951-05-10,Male
NASAW00011954,1954-03-11,Female
NASAW00011955,1971-11-06,Male
NASAW00011956,2002-07-24,Male
NASAW00011957,1951-02-20,Male
NASAW00011958,1999-10-03,Female
NASAW00011959,1976-07-04,Male
NASAW00011960,1981-12-08,Female
NASAW00011961,1964-06-28,Male
NASAW00011962,1957-07-24,Female
NASAW00011963,1976-07-16,Female
NASAW00011964,1957-07-18,Male
NASAW00011965,1967-04-07,Female
NASAW00011966,2006-12-12,
NASAW00011967,2004-01-26,Male
NASAW00011968,1991-06-14,Male
NASAW00011969,1980-02-23,Male
NASAW00011970,1966-06-22,Male
NASAW00011971,1966-08-18,Male
NASAW00011972,1992-05-24,Male
NASAW00011973,1977-05-25,Male
NASAW00011974,1979-09-15,Female
NASAW00011975,1977-10-13,Male
NASAW00011976,1987-04-05,Male
NASAW00011977,1946-07-01,Male
NASAW00011978,1968-07-10,Male
NASAW00011979,1980-09-14,Female
NASAW00011980,1983-01-01,Male
NASAW00011981,2002-06-20,Male
NASAW00011982,1969-11-23,Male
NASAW00011983,1990-11-15,Male
NASAW00011984,1993-02-14,Male
NASAW00011985,1972-10-29,Male
NASAW00011986,1950-03-13,Female
NASAW00011987,1955-05-29,Male
NASAW00011988,1972-09-30,Male
NASAW00011989,1955-09-19,Female
NASAW00011990,1946-01-07,Female
NASAW00011991,1991-12-03,Female
NASAW00011992,1959-12-25,Female
NASAW00011993,1955-08-05,Male
NASAW00011994,1975-01-21,Female
NASAW00011995,1991-12-31,Male
NASAW00011996,1989-07-06,Female
NASAW00011997,1949-12-22,Male
NASAW00011998,1977-12-27,Male
NASAW00011999,1996-06-27,Male
NASAW00012000,1965-06-29,Male
NASAW00012001,1948-12-14,Male
NASAW00012002,1966-12-10,Female
NASAW00012003,1979-05-12,Male
NASAW00012004,1948-03-04,Female
NASAW00012005,1965-02-21,Female
NASAW00012006,1973-09-14,Male
NASAW00012007,1996-04-11,Male
NASAW00012008,1961-02-02,Male
NASAW00012009,1980-12-20,Female
NASAW00012010,1970-04-30,Female
NASAW00012011,1974-05-13,Female
NASAW00012012,1945-09-19,Female
NASAW00012013,1995-08-01,Male
NASAW00012014,1986-08-15,Female
NASAW00012015,1962-07-14,Male
NASAW00012016,1958-07-05,F
NASAW00012017,1947-02-23,Female
NASAW00012018,2002-01-20,Male
NASAW00012019,1975-01-21,female
NASAW00012020,1978-10-04,Female
NASAW00012021,1954-04-30,Male
NASAW00012022,1982-08-31,Male
NASAW00012023,1957-10-10,Male
NASAW00012024,1948-12-09,Female
NASAW00012025,1978-06-02,Male
NASAW00012026,1997-02-07,Male
NASAW00012027,2002-03-03,Male
NASAW00012028,1998-02-07,Female
NASAW00012029,2004-06-06,Male
NASAW00012030,1971-03-03,Female
NASAW00012031,1980-04-03,Female
NASAW00012032,1973-07-15,Male
NASAW00012033,1951-09-14,Male
NASAW00012034,1997-06-16,Male
NASAW00012035,1959-10-01,Female
NASAW00012036,1981-06-21,Female
NASAW00012037,1963-08-18,Female
NASAW00012038,1968-10-10,Male
NASAW00012039,1959-02-21,Female
NASAW00012040,1999-02-16,Female
NASAW00012041,1958-04-23,Male
NASAW00012042,1976-11-30,Male
NASAW00012043,2005-10-02,Male
NASAW00012044,1947-10-16,Female
NASAW00012045,1994-11-17,Male
NASAW00012046,1953-07-01,Male
NASAW00012047,1955-11-24,
NASAW00012048,1964-12-10,Female
NASAW00012049,1978-05-25,Male
NASAW00012050,1997-03-30,Male
NASAW00012051,1946-12-16,Male
NASAW00012052,2002-12-15,Male
NASAW00012053,1953-04-02,Female
NASAW00012054,1955-12-29,Female
NASAW00012055,1949-07-18,Female
NASAW00012056,1980-06-09,Female
NASAW00012057,2006-04-18,Female
NASAW00012058,1964-04-06,Female
NASAW00012059,1970-02-09,Male
NASAW00012060,1948-02-10,Male
NASAW00012061,2003-01-27,Female
NASAW00012062,1994-05-28,Male
NASAW00012063,1970-02-06,Female
NASAW00012064,1962-11-23,Male
NASAW00012065,2001-08-03,Male
NASAW00012066,1979-04-26,Female
NASAW00012067,1988-01-14,Female
NASAW00012068,1975-11-13,Female
NASAW00012069,1979-11-05,Male
NASAW00012070,1973-08-10,Male
NASAW00012071,1970-03-16,Female
NASAW00012072,1992-07-01,Male
NASAW00012073,1959-04-28,Male
NASAW00012074,1968-11-29,Male
NASAW00012075,1964-09-07,Female
NASAW00012076,1976-10-31,Male
NASAW00012077,1960-10-19,Female
NASAW00012078,1977-03-10,Male
NASAW00012079,1976-07-20,Male
NASAW00012080,1995-07-09,Female
NASAW00012081,1993-08-21,Female
NASAW00012082,1948-05-28,Male
NASAW00012083,1998-12-24,Female
NASAW00012084,1945-01-23,Male
NASAW00012085,1956-09-15,Male
NASAW00012086,1974-01-12,Male
NASAW00012087,1997-08-18,Male
NASAW00012088,1954-12-14,Female
NASAW00012089,1951-07-05,Female
NASAW00012090,1997-07-29,Female
NASAW00012091,1973-12-11,Male
NASAW00012092,1984-03-12,Female
NASAW00012093,2003-03-30,Female
NASAW00012094,1965-01-11,Male
NASAW00012095,1978-12-12,Female
NASAW00012096,1956-06-04,Male
NASAW00012097,1996-05-23,Male
NASAW00012098,1961-05-03,Male
NASAW00012099,2002-05-21,Female
NASAW00012100,1957-08-14,Male
NASAW00012101,1966-05-09,Female
NASAW00012102,1960-01-24,Male
NASAW00012103,2005-02-10,Female
NASAW00012104,1985-01-26,Female
NASAW00012105,1967-05-22,Female
NASAW00012106,1968-01-11,Male
NASAW00012107,1949-04-27,Female
NASAW00012108,1959-12-04,Female
NASAW00012109,1978-12-23,Female
NASAW00012110,1954-02-06,Male
NASAW00012111,1959-08-05,Male
NASAW00012112,1971-06-17,M
NASAW00012113,1954-05-25,Male
NASAW00012114,1978-09-08,Male
NASAW00012115,1994-01-29,Male
NASAW00012116,1975-04-27,Female
NASAW00012117,1947-10-13,Male
NASAW00012118,1999-06-27,Male
NASAW00012119,1949-10-21,Male
NASAW00012120,1962-01-17,Female
NASAW00012121,2004-04-07,Male
NASAW00012122,1953-08-09,Female
NASAW00012123,1958-10-12,Male
NASAW00012124,1983-05-13,Female
NASAW00012125,1962-11-30,Male
NASAW00012126,1960-04-29,Male
NASAW00012127,1987-06-27,Female
NASAW00012128,1980-08-29,Female
NASAW00012129,1953-03-06,Female
NASAW00012130,1961-08-03,Female
NASAW00012131,1978-02-21,Male
NASAW00012132,1968-08-15,Female
NASAW00012133,1965-04-19,Male
NASAW00012134,1958-07-24,Male
NASAW00012135,1952-09-09,Female
NASAW00012136,1997-11-28,Male
NASAW00012137,1979-09-24,Female
NASAW00012138,1993-01-16,Female
NASAW00012139,1996-05-19,Female
NASAW00012140,1971-10-24,Male
NASAW00012141,1990-01-17,Male
NASAW00012142,1955-10-17,Female
NASAW00012143,1960-07-05,Male
NASAW00012144,1964-01-05,Male
NASAW00012145,1948-10-30,Female
NASAW00012146,1963-02-12,Male
NASAW00012147,1998-05-21,Male
NASAW00012148,1952-10-22,Female
NASAW00012149,1994-07-12,Female
NASAW00012150,1991-08-17,Male
NASAW00012151,2000-11-24,Female
NASAW00012152,1955-02-05,Male
NASAW00012153,1995-11-01,Male
NASAW00012154,1954-06-24,Male
NASAW00012155,1970-09-01,Female
NASAW00012156,1981-11-12,Female
NASAW00012157,,Male
NASAW00012158,1960-06-13,Male
NASAW00012159,2000-06-19,Female
NASAW00012160,1948-06-24,Female
NASAW00012161,2006-12-13,Female
NASAW00012162,1969-02-04,Male
NASAW00012163,1975-04-25,Female
NASAW00012164,1972-11-24,Female
NASAW00012165,2006-06-11,Male
NASAW00012166,1957-01-21,Female
NASAW00012167,1973-10-15,Female
NASAW00012168,1999-04-11,Male
NASAW00012169,1984-08-18,Female
NASAW00012170,1988-06-18,Female
NASAW00012171,1950-01-16,Male
NASAW00012172,1950-11-21,Female
NASAW00012173,1957-03-03,Male
NASAW00012174,1960-08-03,Male
NASAW00012175,1950-03-04,Female
NASAW00012176,1949-07-15,Male
NASAW00012177,1969-07-31,Female
NASAW00012178,1990-04-26,Male
NASAW00012179,2006-02-10,M
NASAW00012180,1988-11-07,Male
NASAW00012181,1987-07-31,Female
NASAW00012182,1975-11-20,Female
NASAW00012183,2006-10-20,Male
NASAW00012184,1979-09-06,Male
NASAW00012185,1964-11-10,Male
NASAW00012186,1969-02-21,Male
NASAW00012187,2006-03-16,Female
NASAW00012188,2003-01-30,Male
NASAW00012189,1965-01-28,Female
NASAW00012190,2002-08-31,Female
NASAW00012191,1976-04-14,Male
NASAW00012192,1986-11-14,Female
NASAW00012193,1997-06-09,Female
NASAW00012194,1995-05-16,Female
NASAW00012195,1971-10-12,Female
NASAW00012196,1950-09-23,Female
NASAW00012197,2002-06-22,Female
NASAW00012198,1968-06-06,Female
NASAW00012199,1961-11-25,Male
NASAW00012200,1950-02-04,Female
NASAW00012201,2004-04-05,Male
NASAW00012202,1947-04-15,Female
NASAW00012203,1968-04-10,Female
NASAW00012204,1979-11-01,Male
NASAW00012205,1975-10-15,Male
NASAW00012206,2006-07-29,Female
NASAW00012207,2005-04-11,Female
NASAW00012208,1960-04-02,Male
NASAW00012209,1971-05-11,Male
NASAW00012210,1968-03-16,Male
NASAW00012211,2005-12-24,Male
NASAW00012212,1964-12-09,Female
NASAW00012213,1982-09-22,Female
NASAW00012214,1978-05-07,Female
NASAW00012215,1986-08-10,Female
NASAW00012216,1949-10-25,Male
NASAW00012217,1987-05-14,Male
NASAW00012218,2006-01-26,Female
NASAW00012219,1982-01-23,Male
NASAW00012220,1957-04-29,Female
NASAW00012221,1981-09-17,Female
NASAW00012222,1957-11-07,Male
NASAW00012223,1952-04-02,Male
NASAW00012224,1973-02-12,Male
NASAW00012225,1985-07-22,Male
NASAW00012226,1996-09-13,Female
NASAW00012227,1952-11-24,Female
NASAW00012228,2001-11-01,Female
NASAW00012229,1987-10-31,Male
NASAW00012230,1992-11-20,Female
NASAW00012231,1946-04-07,Male
NASAW00012232,1946-08-11,Male
NASAW00012233,1965-04-20,Female
NASAW00012234,1972-12-31,Female
NASAW00012235,1990-02-27,Male
NASAW00012236,1950-11-10,Female
NASAW00012237,1971-02-03,Female
NASAW00012238,1983-11-28,Male
NASAW00012239,1975-10-01,Female
NASAW00012240,1977-03-25,Male
NASAW00012241,1981-03-11,Female
NASAW00012242,1956-10-09,Male
NASAW00012243,1997-11-27,Male
NASAW00012244,1977-11-21,Male
NASAW00012245,1978-08-30,Female
NASAW00012246,1992-12-22,Male
NASAW00012247,2004-05-22,Male
NASAW00012248,1949-04-30,Female
NASAW00012249,1984-11-11,Female
NASAW00012250,1987-07-25,Male
NASAW00012251,2006-07-10,Female
NASAW00012252,1982-10-05,Female
NASAW00012253,2000-11-15,Male
NASAW00012254,1982-07-30,Male
NASAW00012255,1990-11-24,Male
NASAW00012256,1970-05-13,Male
NASAW00012257,1989-08-27,Male
NASAW00012258,1968-08-05,Male
NASAW00012259,1977-02-10,Female
NASAW00012260,1959-05-23,F
NASAW00012261,1963-08-20,Female
NASAW00012262,1974-08-30,Male
NASAW00012263,2005-04-04,Male
NASAW00012264,1996-07-05,Male
NASAW00012265,1953-01-30,Male
NASAW00012266,1954-02-02,Male
NASAW00012267,1985-12-23,Female
NASAW00012268,1968-09-11,Male
NASAW00012269,1960-09-03,Female
NASAW00012270,1977-04-26,Female
NASAW00012271,1983-03-22,Male
NASAW00012272,1949-02-12,Female
NASAW00012273,2004-07-06,Female
NASAW00012274,1977-01-28,Female
NASAW00012275,1953-05-04,Female
NASAW00012276,1961-05-29,Female
NASAW00012277,1985-12-16,Female
NASAW00012278,2006-11-23,Female
NASAW00012279,2003-03-19,Male
NASAW00012280,1955-02-22,Male
NASAW00012281,1959-04-21,Female
NASAW00012282,1996-01-17,Male
NASAW00012283,1999-11-05,Female
NASAW00012284,1999-11-06,female
NASAW00012285,1956-09-21,Female
NASAW00012286,1955-02-18,Female
NASAW00012287,1949-02-15,Female
NASAW00012288,1946-02-10,Male
NASAW00012289,2005-02-04,Male
NASAW00012290,1983-11-01,Male
NASAW00012291,1988-03-27,Female
NASAW00012292,1958-05-04,Male
NASAW00012293,1946-01-17,Male
NASAW00012294,1990-05-11,Female
NASAW00012295,1959-11-03,Female
NASAW00012296,1973-10-07,Female
NASAW00012297,1949-07-08,Female
NASAW00012298,1981-03-07,Male
NASAW00012299,1986-03-10,Female
NASAW00012300,1952-11-24,Female
NASAW00012301,1973-05-10,Female
NASAW00012302,2003-08-14,F
NASAW00012303,1981-12-29,male
NASAW00012304,1945-01-06,Female
NASAW00012305,1990-08-10,Female
NASAW00012306,1975-08-01,Male
NASAW00012307,1964-12-31,Female
NASAW00012308,1995-04-04,Female
NASAW00012309,2003-12-17,Female
NASAW00012310,1955-03-26,Male
NASAW00012311,1945-03-13,Female
NASAW00012312,1994-02-19,Male
NASAW00012313,1949-02-09,Female
NASAW00012314,1957-08-08,Female
NASAW00012315,1954-08-06,Male
NASAW00012316,1961-10-29,Female
NASAW00012317,1964-05-05,Male
NASAW00012318,1975-04-27,Female
NASAW00012319,1949-03-04,Male
NASAW00012320,1985-06-02,Male
NASAW00012321,1989-10-02,female
NASAW00012322,1949-05-11,Female
NASAW00012323,,Male
NASAW00012324,1996-11-27,Male
NASAW00012325,1954-04-17,Female
NASAW00012326,1990-03-24,Female
NASAW00012327,1999-08-21,Male
NASAW00012328,1969-07-19,Female
NASAW00012329,1971-05-24,Male
NASAW00012330,1957-05-25,Female
NASAW00012331,1994-02-23,Male
NASAW00012332,1963-01-09,Female
NASAW00012333,2006-08-07,Male
NASAW00012334,2003-04-29,Male
NASAW00012335,1990-03-17,Female
NASAW00012336,1955-05-10,Female
NASAW00012337,1997-04-15,Female
NASAW00012338,2005-06-28,Female
NASAW00012339,1982-11-23,Male
NASAW00012340,1947-04-09,Male
NASAW00012341,2005-02-17,Female
NASAW00012342,1959-06-10,Female
NASAW00012343,1958-02-20,Female
NASAW00012344,1963-04-21,Male
NASAW00012345,1977-03-07,Male
NASAW00012346,2000-04-10,Male
NASAW00012347,2003-01-21,Male
NASAW00012348,1990-11-02,Female
NASAW00012349,2004-08-13,Female
NASAW00012350,1979-10-09,Female
NASAW00012351,1994-07-15,Female
NASAW00012352,1963-03-22,Female
NASAW00012353,1965-03-27,Female
NASAW00012354,1997-10-15,Male
NASAW00012355,1962-05-12,Male
NASAW00012356,2006-03-31,Male
NASAW00012357,1991-02-06,Male
NASAW00012358,1983-06-12,Female
NASAW00012359,1956-09-02,Female
NASAW00012360,1945-07-04,Male
NASAW00012361,1948-08-01,Female
NASAW00012362,1998-07-20,Female
NASAW00012363,1989-01-04,Female
NASAW00012364,1951-07-17,Female
NASAW00012365,1992-02-20,Male
NASAW00012366,1991-09-16,Male
NASAW00012367,1982-04-26,Female
NASAW00012368,1953-04-01,Male
NASAW00012369,2004-07-06,Female
NASAW00012370,1971-05-04,Female
NASAW00012371,1995-05-12,Male
NASAW00012372,1955-04-18,Female
NASAW00012373,1966-07-25,Male
NASAW00012374,1948-07-30,Female
NASAW00012375,1979-03-20,Male
NASAW00012376,1979-08-15,Female
NASAW00012377,1947-03-21,Female
NASAW00012378,1991-02-21,Female
NASAW00012379,1988-09-03,Male
NASAW00012380,1973-09-27,Male
NASAW00012381,1960-01-08,Male
NASAW00012382,2001-03-31,Male
NASAW00012383,2006-06-29,Male
NASAW00012384,1963-06-12,Female
NASAW00012385,2003-01-03,Male
NASAW00012386,2006-07-20,Female
NASAW00012387,1974-10-05,Male
NASAW00012388,1949-11-14,Female
NASAW00012389,1995-01-26,Male
NASAW00012390,1968-03-16,Female
NASAW00012391,2001-07-16,Female
NASAW00012392,1946-07-08,Male
NASAW00012393,1992-12-25,female
NASAW00012394,2000-06-23,Male
NASAW00012395,1951-07-07,Male
NASAW00012396,1900-01-01,Female
NASAW00012397,1999-06-02,Female
NASAW00012398,1979-03-22,Male
NASAW00012399,1987-07-11,Male
NASAW00012400,1957-03-27,Female
NASAW00012401,2001-11-19,Female
NASAW00012402,1946-01-01,Male
NASAW00012403,1956-01-22,Female
NASAW00012404,1993-03-11,Male
NASAW00012405,1972-05-03,Female
NASAW00012406,1963-12-31,Male
NASAW00012407,1959-06-11,Female
NASAW00012408,1962-06-08,Male
NASAW00012409,1994-03-29,Male
NASAW00012410,1971-01-29,Female
NASAW00012411,1953-10-23,Female
NASAW00012412,1974-09-07,Male
NASAW00012413,1953-12-23,Male
NASAW00012414,1962-05-12,Female
NASAW00012415,1974-06-17,Female
NASAW00012416,1997-05-30,Female
NASAW00012417,1973-05-19,Male
NASAW00012418,1945-06-08,Male
NASAW00012419,2002-06-29,Female
NASAW00012420,1957-01-18,Female
NASAW00012421,1988-01-23,Female
NASAW00012422,1972-05-28,Male
NASAW00012423,1960-10-08,Male
NASAW00012424,1970-03-06,Male
NASAW00012425,1993-04-28,Male
NASAW00012426,1951-10-07,Male
NASAW00012427,1997-03-16,Male
NASAW00012428,1948-04-16,Female
NASAW00012429,2003-09-01,Female
NASAW00012430,1980-03-19,Female
NASAW00012431,1957-01-05,Male
NASAW00012432,1980-08-06,Male
NASAW00012433,2004-06-14,Male
NASAW00012434,1991-02-16,Male
NASAW00012435,1961-01-27,Male
NASAW00012436,1988-05-18,Male
NASAW00012437,1964-08-19,Male
NASAW00012438,1950-08-22,Male
NASAW00012439,1948-11-03,Female
NASAW00012440,1979-10-27,Female
NASAW00012441,1949-03-02,female
NASAW00012442,1974-01-28,Female
NASAW00012443,1968-08-16,Male
NASAW00012444,1978-10-17,Female
NASAW00012445,1997-09-22,Male
NASAW00012446,1991-05-10,Male
NASAW00012447,1991-04-30,Female
NASAW00012448,1988-09-05,Male
NASAW00012449,1990-01-09,Female
NASAW00012450,1959-11-10,Female
NASAW00012451,1963-12-23,Male
NASAW00012452,1977-07-01,Male
NASAW00012453,2004-04-24,Female
NASAW00012454,1955-03-03,Female
NASAW00012455,1987-12-23,Male
NASAW00012456,2003-01-26,Male
NASAW00012457,1966-11-11,Male
NASAW00012458,1957-02-01,Male
NASAW00012459,1996-05-05,Male
NASAW00012460,1968-03-03,Female
NASAW00012461,1998-10-09,Male
NASAW00012462,2004-05-15,Male
NASAW00012463,1964-06-07,Female
NASAW00012464,1988-03-19,Female
NASAW00012465,1998-11-27,Male
NASAW00012466,2000-11-29,Female
NASAW00012467,1960-01-18,Female
NASAW00012468,1985-09-07,Male
NASAW00012469,1965-08-14,Male
NASAW00012470,1954-09-28,male
NASAW00012471,1990-04-01,Male
NASAW00012472,1999-04-29,Female
NASAW00012473,2000-02-26,Male
NASAW00012474,1953-05-12,Male
NASAW00012475,1999-02-21,Male
NASAW00012476,2005-11-17,Female
NASAW00012477,1978-03-25,Female
NASAW00012478,1965-08-03,Female
NASAW00012479,1979-03-16,Male
NASAW00012480,1983-03-05,Female
NASAW00012481,1965-11-10,Male
NASAW00012482,1970-06-01,Female
NASAW00012483,1968-02-17,Male
NASAW00012484,1996-11-08,Male
NASAW00012485,1978-08-24,Female
NASAW00012486,1981-09-06,Male
NASAW00012487,1983-03-24,Female
NASAW00012488,1968-06-11,Female
NASAW00012489,1995-08-30,Female
NASAW00012490,2006-01-23,Male
NASAW00012491,1982-01-27,Female
NASAW00012492,1961-01-13,Female
NASAW00012493,1967-10-08,Female
NASAW00012494,1980-09-19,Male
NASAW00012495,1965-08-13,Male
NASAW00012496,1953-12-30,Female
NASAW00012497,1975-05-13,Male
NASAW00012498,1959-06-04,Male
NASAW00012499,1953-03-04,Female
NASAW00012500,1998-11-07,Male
NASAW00012501,1968-08-08,Male
NASAW00012502,1999-08-22,F
NASAW00012503,1980-12-11,Female
NASAW00012504,1998-08-08,Male
NASAW00012505,2002-06-12,Male
NASAW00012506,1963-02-05,Female
NASAW00012507,1962-06-22,male
NASAW00012508,1990-10-21,Male
NASAW00012509,2000-03-11,Male
NASAW00012510,1977-04-10,Male
NASAW00012511,1959-02-16,Female
NASAW00012512,1980-11-01,Female
NASAW00012513,1981-05-17,Male
NASAW00012514,1951-02-27,Female
NASAW00012515,1995-03-01,Female
NASAW00012516,1976-03-05,Female
NASAW00012517,1965-04-21,Male
NASAW00012518,1985-10-19,Male
NASAW00012519,1968-06-04,Male
NASAW00012520,1995-02-13,Female
NASAW00012521,1975-07-03,Female
NASAW00012522,1993-04-05,Female
NASAW00012523,1984-09-21,Female
NASAW00012524,1966-10-29,Female
NASAW00012525,2006-02-24,Male
NASAW00012526,1988-03-29,Male
NASAW00012527,1979-05-02,Male
NASAW00012528,2005-09-24,Female
NASAW00012529,1982-01-01,Male
NASAW00012530,1968-08-17,Male
NASAW00012531,1980-10-16,Female
NASAW00012532,1951-10-28,Male
NASAW00012533,1987-10-03,Male
NASAW00012534,1996-06-21,Male
NASAW00012535,1989-10-08,Male
NASAW00012536,1966-09-19,Male
NASAW00012537,1965-07-25,Male
NASAW00012538,2000-07-01,Male
NASAW00012539,1955-10-04,Female
NASAW00012540,2000-01-26,
NASAW00012541,1993-07-31,Female
NASAW00012542,1978-04-21,Female
NASAW00012543,1996-07-17,Female
NASAW00012544,1961-05-29,Female
NASAW00012545,1980-09-11,Male
NASAW00012546,1949-11-10,Female
NASAW00012547,1987-11-30,Male
NASAW00012548,1990-01-30,Male
NASAW00012549,1986-01-07,Female
NASAW00012550,1973-04-27,Male
NASAW00012551,2005-06-24,Male
NASAW00012552,1974-03-13,Female
NASAW00012553,1961-10-16,Male
NASAW00012554,1969-03-03,Female
NASAW00012555,1977-10-30,Female
NASAW00012556,1963-11-21,Female
NASAW00012557,1977-10-02,Female
NASAW00012558,1985-06-09,Male
NASAW00012559,1996-08-31,Male
NASAW00012560,1969-03-21,Female
NASAW00012561,1979-03-04,Male
NASAW00012562,1987-06-08,Male
NASAW00012563,1982-10-26,Female
NASAW00012564,1988-08-28,Male
NASAW00012565,1980-09-28,Male
NASAW00012566,1950-05-22,Female
NASAW00012567,1987-10-03,Male
NASAW00012568,1985-05-11,Female
NASAW00012569,1977-05-21,Female
NASAW00012570,1975-11-16,Male
NASAW00012571,1976-07-01,Male
NASAW00012572,1996-10-02,Male
NASAW00012573,1970-07-15,Female
NASAW00012574,1985-02-05,Female
NASAW00012575,2000-01-21,Male
NASAW00012576,1960-01-14,Female
NASAW00012577,1982-11-05,Female
NASAW00012578,1951-05-27,Female
NASAW00012579,1965-06-23,Female
NASAW00012580,1968-12-30,Female
NASAW00012581,1969-05-03,Female
NASAW00012582,1997-08-28,Female
NASAW00012583,1982-02-21,Male
NASAW00012584,1956-03-21,Female
NASAW00012585,1952-03-08,Female
NASAW00012586,1954-03-30,Female
NASAW00012587,1994-03-16,Female
NASAW00012588,1992-01-04,Male
NASAW00012589,1954-04-29,Male
NASAW00012590,1952-07-25,Female
NASAW00012591,1972-10-03,Female
NASAW00012592,1984-10-04,Male
NASAW00012593,1992-04-04,Male
NASAW00012594,1948-02-26,Female
NASAW00012595,1987-09-20,Female
NASAW00012596,1994-03-19,Male
NASAW00012597,1998-01-03,Female
NASAW00012598,1991-12-18,Female
NASAW00012599,1976-02-24,Male
NASAW00012600,1953-01-13,Female
NASAW00012601,1981-12-25,Female
NASAW00012602,1945-12-12,
NASAW00012603,1957-03-25,Female
NASAW00012604,1993-01-03,F
NASAW00012605,1987-10-20,Female
NASAW00012606,1971-04-13,Male
NASAW00012607,1994-03-08,Female
NASAW00012608,1995-04-17,Male
NASAW00012609,1959-08-26,Female
NASAW00012610,1978-12-12,Male
NASAW00012611,1982-11-18,Female
NASAW00012612,1970-07-17,Female
NASAW00012613,1982-01-17,Male
NASAW00012614,1961-05-14,Male
NASAW00012615,2002-02-20,Female
NASAW00012616,1969-06-01,Female
NASAW00012617,1961-11-06,Male
NASAW00012618,1949-06-15,Male
NASAW00012619,1961-09-06,Female
NASAW00012620,1969-02-24,Female
NASAW00012621,1945-09-26,Male
NASAW00012622,1946-04-28,Female
NASAW00012623,1982-09-14,Female
NASAW00012624,1978-04-27,Male
NASAW00012625,1974-08-18,Male
NASAW00012626,1950-01-11,Female
NASAW00012627,1951-05-29,Male
NASAW00012628,1962-03-30,Female
NASAW00012629,1979-03-27,Male
NASAW00012630,1967-05-03,Female
NASAW00012631,1967-03-06,Male
NASAW00012632,1962-11-14,Male
NASAW00012633,1991-10-03,Male
NASAW00012634,1987-06-03,Female
NASAW00012635,1973-12-26,Male
NASAW00012636,1994-04-22,Female
NASAW00012637,1988-03-04,Male
NASAW00012638,1977-05-03,Male
NASAW00012639,1955-02-18,Female
NASAW00012640,1974-02-11,
NASAW00012641,1969-10-09,Female
NASAW00012642,1966-10-23,Male
NASAW00012643,1997-02-17,Female
NASAW00012644,2006-10-05,Female
NASAW00012645,1953-01-11,Female
NASAW00012646,1953-03-15,Female
NASAW00012647,2001-01-31,Female
NASAW00012648,2002-10-30,Male
NASAW00012649,1956-04-16,Female
NASAW00012650,1995-02-04,Female
NASAW00012651,1984-05-11,Male
NASAW00012652,2006-11-02,Male
NASAW00012653,1967-06-29,Female
NASAW00012654,1984-04-02,Female
NASAW00012655,1962-01-10,Female
NASAW00012656,1974-01-15,Female
NASAW00012657,1998-09-17,Male
NASAW00012658,1951-03-07,Female
NASAW00012659,1971-07-12,Female
NASAW00012660,1985-09-27,female
NASAW00012661,1990-05-24,Male
NASAW00012662,1946-09-06,Female
NASAW00012663,2000-08-22,Male
NASAW00012664,2004-01-22,Female
NASAW00012665,1962-01-13,Female
NASAW00012666,1994-06-23,Female
NASAW00012667,1973-12-10,Female
NASAW00012668,1954-11-29,Male
NASAW00012669,1948-12-05,Male
NASAW00012670,1961-01-10,Male
NASAW00012671,1954-08-09,Male
NASAW00012672,1947-11-09,Female
NASAW00012673,2004-01-10,Female
NASAW00012674,1949-05-28,Male
NASAW00012675,1946-03-05,Male
NASAW00012676,2003-10-31,Male
NASAW00012677,1986-12-29,Male
NASAW00012678,1977-05-19,Female
NASAW00012679,1978-02-10,Male
NASAW00012680,2000-05-07,Male
NASAW00012681,1951-04-26,Male
NASAW00012682,1964-05-15,Male
NASAW00012683,1954-01-30,Female
NASAW00012684,1961-12-31,Male
NASAW00012685,1996-02-21,Male
NASAW00012686,1995-02-06,Female
NASAW00012687,1954-06-20,Female
NASAW00012688,2005-07-06,Female
NASAW00012689,1954-05-05,Male
NASAW00012690,1994-05-05,Female
NASAW00012691,2003-12-29,Female
NASAW00012692,1976-08-10,Female
NASAW00012693,1978-05-08,Female
NASAW00012694,1974-01-07,Male
NASAW00012695,1978-08-26,Female
NASAW00012696,1977-04-19,Female
NASAW00012697,1980-08-16,Male
NASAW00012698,1970-07-10,Male
NASAW00012699,1972-01-30,Female
NASAW00012700,1964-04-10,Male
NASAW00012701,2006-11-17,Male
NASAW00012702,1953-06-17,M
NASAW00012703,1959-01-03,Female
NASAW00012704,1997-03-25,Female
NASAW00012705,2029-12-31,Female
NASAW00012706,1996-01-21,Male
NASAW00012707,1974-02-17,Male
NASAW00012708,1988-10-21,Male
NASAW00012709,1998-05-27,Male
NASAW00012710,1996-09-13,Male
NASAW00012711,1975-01-01,Female
NASAW00012712,1982-05-15,Male
NASAW00012713,1965-05-05,Male
NASAW00012714,2001-11-14,Female
NASAW00012715,1949-11-09,Male
NASAW00012716,1973-08-25,Male
NASAW00012717,1974-04-28,Male
NASAW00012718,1958-09-29,Female
NASAW00012719,1984-12-23,Male
NASAW00012720,1964-12-04,Female
NASAW00012721,1958-04-13,Male
NASAW00012722,1987-09-10,Male
NASAW00012723,1994-03-06,Male
NASAW00012724,1980-10-02,Male
NASAW00012725,1957-02-06,Male
NASAW00012726,1988-10-08,Male
NASAW00012727,1995-05-07,Male
NASAW00012728,1966-09-28,Female
NASAW00012729,1974-01-06,Male
NASAW00012730,1955-02-05,Female
NASAW00012731,1977-10-09,Female
NASAW00012732,1975-11-29,Male
NASAW00012733,1972-05-07,Female
NASAW00012734,2000-04-14,Female
NASAW00012735,2000-11-28,Male
NASAW00012736,1965-12-12,Female
NASAW00012737,1958-12-30,Male
NASAW00012738,1955-01-31,Male
NASAW00012739,2000-09-18,Female
NASAW00012740,1946-03-27,Male
NASAW00012741,1972-05-17,Male
NASAW00012742,1974-10-10,Male
NASAW00012743,1963-04-15,Female
NASAW00012744,1994-03-28,Male
NASAW00012745,2004-12-14,male
NASAW00012746,2004-07-12,Female
NASAW00012747,1960-04-13,Male
NASAW00012748,2000-06-10,Female
NASAW00012749,2003-09-29,Male
NASAW00012750,1979-11-14,Female
NASAW00012751,1954-09-06,
NASAW00012752,2003-04-06,Female
NASAW00012753,1990-08-16,Male
NASAW00012754,1973-04-20,Male
NASAW00012755,1961-09-22,Female
NASAW00012756,1995-04-21,Male
NASAW00012757,1948-07-26,Female
NASAW00012758,1974-12-05,Male
NASAW00012759,1946-08-26,Female
NASAW00012760,1976-11-19,Male
NASAW00012761,1989-12-21,Male
NASAW00012762,2001-02-21,Female
NASAW00012763,1947-08-24,Female
NASAW00012764,1965-03-28,Female
NASAW00012765,2003-12-09,Female
NASAW00012766,1991-09-19,Male
NASAW00012767,1982-06-11,Male
NASAW00012768,1983-04-06,Female
NASAW00012769,1985-04-19,Male
NASAW00012770,2003-07-16,Male
NASAW00012771,1957-05-23,Male
NASAW00012772,1983-08-02,Male
NASAW00012773,2003-11-16,Male
NASAW00012774,1973-06-26,Male
NASAW00012775,1961-07-09,Male
NASAW00012776,1947-08-25,Female
NASAW00012777,1981-11-23,Female
NASAW00012778,1958-08-20,Male
NASAW00012779,1956-10-20,Female
NASAW00012780,1999-05-02,Male
NASAW00012781,1998-07-03,Male
NASAW00012782,1977-03-26,Female
NASAW00012783,1957-01-11,Female
NASAW00012784,2003-04-12,Female
NASAW00012785,1989-02-02,Male
NASAW00012786,1962-05-04,Female
NASAW00012787,1946-05-07,Female
NASAW00012788,1964-12-19,Male
NASAW00012789,1963-05-10,Female
NASAW00012790,2000-05-11,Female
NASAW00012791,1986-01-18,Female
NASAW00012792,1981-04-28,Female
NASAW00012793,1973-01-27,Male
NASAW00012794,1991-09-17,Female
NASAW00012795,1948-10-21,Male
NASAW00012796,1991-07-15,Male
NASAW00012797,1995-01-13,Male
NASAW00012798,1962-01-13,Female
NASAW00012799,1972-04-28,Female
NASAW00012800,1986-05-23,Female
NASAW00012801,2000-01-04,Male
NASAW00012802,1986-08-04,Female
NASAW00012803,1953-02-11,Male
NASAW00012804,1961-02-16,Male
NASAW00012805,1980-04-07,Female
NASAW00012806,1947-03-28,Male
NASAW00012807,1985-10-17,Female
NASAW00012808,2003-03-10,Male
NASAW00012809,1956-02-01,Female
NASAW00012810,2001-11-20,Female
NASAW00012811,1990-11-27,Male
NASAW00012812,1978-12-22,Male
NASAW00012813,1960-05-01,Male
NASAW00012814,1959-07-19,Male
NASAW00012815,1949-08-09,Female
NASAW00012816,1985-01-13,Male
NASAW00012817,1955-07-20,Male
NASAW00012818,1945-04-26,Female
NASAW00012819,1946-02-05,Female
NASAW00012820,1993-10-05,Female
NASAW00012821,1966-05-05,Female
NASAW00012822,1985-09-16,Male
NASAW00012823,1998-12-09,Male
NASAW00012824,1994-02-08,Male
NASAW00012825,1949-05-22,Male
NASAW00012826,2003-08-11,Male
NASAW00012827,1947-11-29,Female
NASAW00012828,1974-09-15,Male
NASAW00012829,1954-10-09,Male
NASAW00012830,1959-06-23,Male
NASAW00012831,1985-11-07,Female
NASAW00012832,1948-03-20,Female
NASAW00012833,1973-12-18,Female
NASAW00012834,1951-01-27,Male
NASAW00012835,1971-04-10,Male
NASAW00012836,1969-08-15,Female
NASAW00012837,1992-01-26,Male
NASAW00012838,1999-11-29,Male
NASAW00012839,1988-05-23,Female
NASAW00012840,1983-04-25,Female
NASAW00012841,1968-04-18,Female
NASAW00012842,1956-08-21,Female
NASAW00012843,1991-08-17,Female
NASAW00012844,1989-03-09,Male
NASAW00012845,1971-01-23,Male
NASAW00012846,1955-08-10,female
NASAW00012847,1955-08-01,Male
NASAW00012848,2000-03-15,Female
NASAW00012849,1949-01-30,Male
NASAW00012850,1946-01-06,Female
NASAW00012851,1967-10-29,Female
NASAW00012852,1971-12-10,Female
NASAW00012853,1945-07-20,Female
NASAW00012854,1975-08-17,Male
NASAW00012855,1960-10-04,Female
NASAW00012856,2005-05-01,Female
NASAW00012857,1948-03-11,Female
NASAW00012858,1958-12-10,Female
NASAW00012859,1986-06-29,Female
NASAW00012860,1950-01-10,Female
NASAW00012861,1995-09-08,Female
NASAW00012862,1994-10-23,Male
NASAW00012863,1996-10-20,Female
NASAW00012864,1950-12-10,Female
NASAW00012865,1947-10-19,Female
NASAW00012866,2001-03-17,Male
NASAW00012867,1996-03-23,Male
NASAW00012868,1998-05-26,Female
NASAW00012869,1973-03-20,Female
NASAW00012870,1982-02-17,Male
NASAW00012871,1978-05-04,Female
NASAW00012872,1964-05-23,Male
NASAW00012873,1955-01-26,Male
NASAW00012874,1963-02-18,Female
NASAW00012875,1990-05-25,F
NASAW00012876,1989-11-11,Female
NASAW00012877,1988-05-17,Female
NASAW00012878,1974-05-15,Male
NASAW00012879,1991-04-23,Male
NASAW00012880,1963-05-30,Female
NASAW00012881,1979-10-10,Male
NASAW00012882,1945-05-15,Male
NASAW00012883,2006-08-22,Male
NASAW00012884,1974-11-26,Male
NASAW00012885,1954-04-02,Female
NASAW00012886,1947-01-07,Female
NASAW00012887,2002-04-25,Female
NASAW00012888,1962-12-29,Female
NASAW00012889,1992-10-02,Female
NASAW00012890,2005-03-18,Male
NASAW00012891,1959-02-17,Male
NASAW00012892,2000-11-20,Male
NASAW00012893,1963-07-15,Female
NASAW00012894,1969-04-26,Female
NASAW00012895,1996-07-03,Male
NASAW00012896,1972-12-08,Female
NASAW00012897,1993-07-01,Male
NASAW00012898,1947-08-09,Male
NASAW00012899,1954-07-04,Male
NASAW00012900,1983-04-06,Female
NASAW00012901,2000-04-17,Female
NASAW00012902,1962-10-11,Male
NASAW00012903,1986-10-12,Male
NASAW00012904,1987-01-05,Female
NASAW00012905,2006-05-29,Female
NASAW00012906,1987-03-20,Male
NASAW00012907,1957-11-23,Female
NASAW00012908,1977-08-10,Female
NASAW00012909,1974-02-19,Male
NASAW00012910,1950-11-12,Female
NASAW00012911,1987-12-11,Male
NASAW00012912,1970-04-29,Male
NASAW00012913,1990-07-28,Male
NASAW00012914,1974-03-28,Male
NASAW00012915,1972-02-08,Female
NASAW00012916,1997-12-24,Male
NASAW00012917,1994-02-28,Female
NASAW00012918,1979-06-08,Male
NASAW00012919,1998-01-07,Female
NASAW00012920,1995-11-21,Male
NASAW00012921,1960-07-12,Male
NASAW00012922,1996-07-07,Male
NASAW00012923,1998-02-16,Female
NASAW00012924,1994-10-20,Female
NASAW00012925,1960-10-21,Female
NASAW00012926,1951-03-31,Female
NASAW00012927,1974-05-17,Male
NASAW00012928,1953-02-14,Male
NASAW00012929,1997-02-07,Male
NASAW00012930,1958-03-01,Female
NASAW00012931,1992-08-30,Female
NASAW00012932,1962-07-22,Female
NASAW00012933,1971-11-22,Female
NASAW00012934,1984-01-02,Female
NASAW00012935,1953-01-04,Female
NASAW00012936,1956-06-11,Male
NASAW00012937,1978-02-15,Male
NASAW00012938,1945-01-28,Female
NASAW00012939,1954-11-04,Male
NASAW00012940,1966-02-08,Female
NASAW00012941,2001-02-03,Female
NASAW00012942,1981-06-05,Male
NASAW00012943,2004-06-08,Male
NASAW00012944,1961-11-20,Female
NASAW00012945,1982-06-07,Male
NASAW00012946,1957-01-18,female
NASAW00012947,1946-05-30,Female
NASAW00012948,2004-01-10,Male
NASAW00012949,1952-08-06,Female
NASAW00012950,1985-11-30,Female
NASAW00012951,2000-11-30,Female
NASAW00012952,1994-07-12,Female
NASAW00012953,1976-11-16,Female
NASAW00012954,1999-03-29,F
NASAW00012955,1966-03-29,Female
NASAW00012956,1981-11-10,Female
NASAW00012957,1948-01-02,Female
NASAW00012958,1978-01-25,Female
NASAW00012959,2006-12-13,Female
NASAW00012960,1986-09-18,Male
NASAW00012961,1967-01-01,Male
NASAW00012962,2006-05-16,Female
NASAW00012963,2000-01-01,Female
NASAW00012964,1992-12-31,Female
NASAW00012965,1985-09-25,Female
NASAW00012966,1996-06-29,Female
NASAW00012967,1976-08-30,Female
NASAW00012968,1970-12-12,Female
NASAW00012969,1995-07-29,Female
NASAW00012970,1996-11-13,Male
NASAW00012971,2003-11-19,Male
NASAW00012972,1970-09-25,Male
NASAW00012973,1990-05-12,Female
NASAW00012974,1967-08-13,Female
NASAW00012975,1969-09-10,Male
NASAW00012976,1955-01-04,Male
NASAW00012977,2004-02-20,Male
NASAW00012978,1968-06-09,Male
NASAW00012979,1988-07-03,Male
NASAW00012980,1975-10-05,Male
NASAW00012981,1998-06-06,Male
NASAW00012982,1989-06-30,Female
NASAW00012983,1979-05-18,Female
NASAW00012984,2002-03-15,Female
NASAW00012985,1949-11-16,Male
NASAW00012986,1949-09-18,Female
NASAW00012987,1987-09-23,Male
NASAW00012988,1979-01-28,Female
NASAW00012989,1987-07-31,Female
NASAW00012990,1946-01-24,Female
NASAW00012991,1979-04-10,Male
NASAW00012992,1953-09-26,Female
NASAW00012993,1983-09-27,Female
NASAW00012994,1975-01-20,Male
NASAW00012995,1967-11-29,Female
NASAW00012996,1986-05-15,Male
NASAW00012997,2005-04-12,Male
NASAW00012998,1991-08-25,Male
NASAW00012999,1973-02-08,Male
NASAW00013000,1951-02-05,Male
NASAW00013001,1992-02-15,Female
NASAW00013002,1976-07-15,Female
NASAW00013003,1967-08-08,Male
NASAW00013004,2000-07-27,Male
NASAW00013005,1998-10-10,Male
NASAW00013006,1952-10-01,Male
NASAW00013007,1978-09-24,Male
NASAW00013008,1954-12-12,Female
NASAW00013009,1971-06-06,Male
NASAW00013010,2002-04-23,Female
NASAW00013011,1983-04-23,Female
NASAW00013012,1968-02-02,Male
NASAW00013013,1969-11-17,Female
NASAW00013014,1979-11-12,Male
NASAW00013015,1968-03-02,Female
NASAW00013016,1960-12-18,Female
NASAW00013017,1963-01-02,Male
NASAW00013018,2002-11-29,Male
NASAW00013019,1993-07-03,Male
NASAW00013020,2000-01-31,Female
NASAW00013021,1968-03-27,Male
NASAW00013022,1951-04-27,Female
NASAW00013023,1985-01-01,F
NASAW00013024,1958-05-10,Male
NASAW00013025,1948-05-24,Female
NASAW00013026,1958-08-08,Female
NASAW00013027,1996-07-21,female
NASAW00013028,1989-01-08,Female
NASAW00013029,1951-04-17,Male
NASAW00013030,1979-06-28,Female
NASAW00013031,1955-11-16,Female
NASAW00013032,1974-12-01,Female
NASAW00013033,1949-12-14,Male
NASAW00013034,1977-10-11,Female
NASAW00013035,1952-03-21,Female
NASAW00013036,2003-02-12,Male
NASAW00013037,1979-06-20,Female
NASAW00013038,1979-12-31,Female
NASAW00013039,1988-08-24,Female
NASAW00013040,1961-12-31,Male
NASAW00013041,1947-04-12,Male
NASAW00013042,1988-11-22,Female
NASAW00013043,1989-10-30,Female
NASAW00013044,1946-06-22,Male
NASAW00013045,1975-04-20,Male
NASAW00013046,1981-05-19,Female
NASAW00013047,2005-11-01,Male
NASAW00013048,1996-12-23,Male
NASAW00013049,1948-04-23,Female
NASAW00013050,2003-08-29,male
NASAW00013051,1949-02-09,Male
NASAW00013052,1946-04-16,Male
NASAW00013053,1972-07-28,Male
NASAW00013054,1985-12-05,Male
NASAW00013055,1954-07-17,Male
NASAW00013056,1950-08-30,Female
NASAW00013057,1975-04-08,Female
NASAW00013058,1974-02-02,Male
NASAW00013059,1973-11-07,Male
NASAW00013060,1949-02-02,Female
NASAW00013061,1950-09-03,Male
NASAW00013062,1982-03-31,Female
NASAW00013063,1994-08-26,Male
NASAW00013064,1997-03-19,Male
NASAW00013065,2001-09-19,Male
NASAW00013066,1946-05-28,Male
NASAW00013067,1945-07-28,Male
NASAW00013068,2003-06-22,Female
NASAW00013069,1982-05-05,Female
NASAW00013070,1956-05-21,Female
NASAW00013071,1991-12-06,Male
NASAW00013072,1960-08-29,Male
NASAW00013073,1998-06-30,Female
NASAW00013074,1999-11-29,Female
NASAW00013075,1976-03-17,Male
NASAW00013076,1962-03-21,Male
NASAW00013077,2000-07-11,Male
NASAW00013078,1986-08-25,Male
NASAW00013079,1969-10-19,Male
NASAW00013080,1958-05-22,Female
NASAW00013081,1989-08-20,Male
NASAW00013082,1949-11-06,Female
NASAW00013083,1963-10-21,Female
NASAW00013084,2000-05-03,Female
NASAW00013085,1948-11-20,Male
NASAW00013086,1993-03-18,Male
NASAW00013087,1988-07-08,Male
NASAW00013088,1966-02-10,Female
NASAW00013089,1982-08-06,Female
NASAW00013090,1965-08-22,Female
NASAW00013091,1965-06-08,Female
NASAW00013092,1962-12-10,Male
NASAW00013093,1951-08-07,Female
NASAW00013094,1949-11-16,Male
NASAW00013095,1964-05-24,Female
NASAW00013096,1960-12-22,Male
NASAW00013097,1986-01-25,Female
NASAW00013098,1969-03-13,Male
NASAW00013099,1947-11-18,Male
NASAW00013100,1970-03-05,Female
NASAW00013101,1986-02-21,Female
NASAW00013102,1964-09-22,Male
NASAW00013103,2002-03-28,Male
NASAW00013104,1996-11-12,Male
NASAW00013105,1952-10-04,Female
NASAW00013106,1964-06-02,Female
NASAW00013107,1970-01-17,F
NASAW00013108,1967-02-17,Female
NASAW00013109,1996-12-26,Male
NASAW00013110,1996-06-21,Female
NASAW00013111,1948-12-20,Female
NASAW00013112,1990-03-28,male
NASAW00013113,1980-05-18,Male
NASAW00013114,1985-08-04,Male
NASAW00013115,1995-02-08,Female
NASAW00013116,1964-07-23,Female
NASAW00013117,1966-06-13,Male
NASAW00013118,1946-06-06,Female
NASAW00013119,1959-07-08,Male
NASAW00013120,1985-10-22,Male
NASAW00013121,1981-05-14,Female
NASAW00013122,2001-03-27,Male
NASAW00013123,2001-04-12,Female
NASAW00013124,1992-08-19,F
NASAW00013125,1969-03-16,Male
NASAW00013126,2006-06-05,Female
NASAW00013127,1949-12-02,Female
NASAW00013128,1949-08-17,Female
NASAW00013129,1986-10-01,Female
NASAW00013130,1977-11-16,Male
NASAW00013131,1995-04-23,Male
NASAW00013132,1957-06-02,Male
NASAW00013133,1993-05-31,Female
NASAW00013134,1997-01-17,Male
NASAW00013135,1965-03-24,Female
NASAW00013136,1990-03-06,Female
NASAW00013137,1949-11-20,Female
NASAW00013138,1985-08-03,Male
NASAW00013139,1987-03-08,Female
NASAW00013140,1985-07-20,Male
NASAW00013141,1961-11-24,Female
NASAW00013142,1952-10-31,Male
NASAW00013143,1970-11-15,Male
NASAW00013144,1954-10-24,Male
NASAW00013145,1958-04-11,Male
NASAW00013146,1991-09-18,Male
NASAW00013147,1971-04-21,Male
NASAW00013148,1987-07-08,Female
NASAW00013149,2002-11-03,Female
NASAW00013150,1950-08-25,
NASAW00013151,1965-11-04,Female
NASAW00013152,1981-12-08,Female
NASAW00013153,1988-08-13,Female
NASAW00013154,1986-02-02,Male
NASAW00013155,1972-07-01,Female
NASAW00013156,1965-05-07,Female
NASAW00013157,1949-03-31,Female
NASAW00013158,1985-11-26,Male
NASAW00013159,1993-01-10,Male
NASAW00013160,2004-10-13,Male
NASAW00013161,1966-05-06,Female
NASAW00013162,1996-07-18,Female
NASAW00013163,1978-03-02,Male
NASAW00013164,2004-09-16,Female
NASAW00013165,1958-04-10,Male
NASAW00013166,1992-11-16,Male
NASAW00013167,1981-04-18,Male
NASAW00013168,1986-02-04,Male
NASAW00013169,1945-05-21,Female
NASAW00013170,2003-01-25,Female
NASAW00013171,1971-01-02,Male
NASAW00013172,1995-09-17,Female
NASAW00013173,1975-05-22,Female
NASAW00013174,1948-08-06,Male
NASAW00013175,1972-08-22,male
NASAW00013176,1964-10-08,Male
NASAW00013177,1974-04-13,Male
NASAW00013178,1997-05-05,Female
NASAW00013179,1962-07-24,male
NASAW00013180,1984-12-18,Male
NASAW00013181,1990-12-01,Female
NASAW00013182,1973-07-05,Male
NASAW00013183,2004-10-26,Male
NASAW00013184,1983-05-14,Female
NASAW00013185,1946-02-04,Female
NASAW00013186,1972-08-22,Male
NASAW00013187,1964-05-08,Female
NASAW00013188,1982-04-15,Female
NASAW00013189,1959-09-12,Female
NASAW00013190,1982-02-28,Male
NASAW00013191,1957-11-20,Female
NASAW00013192,1992-02-17,Male
NASAW00013193,1997-12-29,Male
NASAW00013194,1945-08-05,Female
NASAW00013195,1982-03-10,Female
NASAW00013196,1995-12-14,Male
NASAW00013197,1962-11-17,Female
NASAW00013198,1970-12-21,Male
NASAW00013199,1972-02-04,Female
NASAW00013200,1989-04-30,Female
NASAW00013201,1965-02-22,Male
NASAW00013202,1958-10-27,Female
NASAW00013203,1956-02-22,Female
NASAW00013204,1982-06-05,Male
NASAW00013205,1947-07-22,Female
NASAW00013206,1989-03-27,Male
NASAW00013207,1998-09-24,Female
NASAW00013208,1995-09-28,Female
NASAW00013209,2001-05-05,Male
NASAW00013210,1978-06-26,Male
NASAW00013211,1968-04-14,Male
NASAW00013212,1958-02-10,Male
NASAW00013213,1977-01-23,Female
NASAW00013214,1977-05-27,Female
NASAW00013215,1949-05-16,Male
NASAW00013216,1991-02-07,Male
NASAW00013217,1953-06-24,Male
NASAW00013218,1993-10-12,Female
NASAW00013219,2006-06-15,Female
NASAW00013220,2006-06-30,Female
NASAW00013221,1953-08-07,Female
NASAW00013222,1957-11-23,male
NASAW00013223,1970-04-01,Female
NASAW00013224,1981-12-18,Male
NASAW00013225,1954-03-11,Male
NASAW00013226,1961-11-27,Male
NASAW00013227,1982-06-11,Male
NASAW00013228,1955-06-17,Male
NASAW00013229,1988-01-08,Female
NASAW00013230,1957-06-22,Female
NASAW00013231,1960-06-13,Male
NASAW00013232,1955-08-23,Male
NASAW00013233,2006-09-23,Male
NASAW00013234,1963-10-30,Male
NASAW00013235,1983-02-11,Male
NASAW00013236,1951-12-23,F
NASAW00013237,1983-09-10,Male
NASAW00013238,1947-12-11,Male
NASAW00013239,1987-01-31,Female
NASAW00013240,1948-11-19,Male
NASAW00013241,1953-08-29,Male
NASAW00013242,1997-09-19,Male
NASAW00013243,2005-03-01,Male
NASAW00013244,1958-01-22,Female
NASAW00013245,1997-01-05,Male
NASAW00013246,1989-11-30,Male
NASAW00013247,1990-04-19,Male
NASAW00013248,1996-11-13,Male
NASAW00013249,1962-03-09,Male
NASAW00013250,1993-03-10,female
NASAW00013251,1953-11-08,Female
NASAW00013252,1977-11-17,Male
NASAW00013253,1984-06-11,Male
NASAW00013254,1961-03-24,Female
NASAW00013255,1983-01-18,Male
NASAW00013256,1981-07-26,Female
NASAW00013257,1956-02-03,Male
NASAW00013258,1989-06-25,Female
NASAW00013259,1994-12-26,Male
NASAW00013260,1974-06-09,Female
NASAW00013261,1970-06-12,Female
NASAW00013262,2006-08-22,Female
NASAW00013263,1965-04-07,Female
NASAW00013264,1983-05-25,Male
NASAW00013265,1987-09-04,Female
NASAW00013266,1961-02-01,female
NASAW00013267,1989-02-09,Female
NASAW00013268,1984-04-20,Male
NASAW00013269,1955-09-12,Female
NASAW00013270,1997-12-25,Male
NASAW00013271,1950-10-22,Male
NASAW00013272,1975-05-20,Female
NASAW00013273,1956-01-06,Female
NASAW00013274,1989-10-11,Female
NASAW00013275,2002-10-06,Female
NASAW00013276,1987-09-09,Female
NASAW00013277,1988-06-21,Male
NASAW00013278,1985-10-15,Female
NASAW00013279,1988-11-25,Male
NASAW00013280,1947-09-01,Male
NASAW00013281,1951-02-14,Male
NASAW00013282,1961-01-25,Female
NASAW00013283,1958-09-14,Male
NASAW00013284,1951-11-13,Female
NASAW00013285,1986-10-23,Female
NASAW00013286,1988-12-25,Female
NASAW00013287,1993-06-30,Male
NASAW00013288,1983-08-13,Male
NASAW00013289,1979-06-02,Female
NASAW00013290,1984-09-14,Male
NASAW00013291,1960-11-13,Female
NASAW00013292,1959-09-23,Male
NASAW00013293,1973-01-12,Female
NASAW00013294,1954-10-25,Female
NASAW00013295,2004-03-21,Female
NASAW00013296,1987-09-12,Male
NASAW00013297,1990-06-17,Female
NASAW00013298,1989-05-20,Female
NASAW00013299,2000-05-07,Female
NASAW00013300,1973-10-02,Male
NASAW00013301,1956-07-02,Female
NASAW00013302,1997-05-23,female
NASAW00013303,1975-08-14,Female
NASAW00013304,1975-12-19,Female
NASAW00013305,1976-07-07,Male
NASAW00013306,1967-03-20,Female
NASAW00013307,1998-02-28,Male
NASAW00013308,1972-05-10,Male
NASAW00013309,1946-10-08,Male
NASAW00013310,1986-05-09,Female
NASAW00013311,1995-12-18,Female
NASAW00013312,1968-12-02,F
NASAW00013313,1997-10-02,M
NASAW00013314,1978-11-21,Female
NASAW00013315,1996-05-13,Female
NASAW00013316,1953-12-23,Male
NASAW00013317,1975-02-21,Female
NASAW00013318,1959-12-14,Female
NASAW00013319,1984-02-12,Male
NASAW00013320,1993-01-27,Female
NASAW00013321,1949-04-07,Female
NASAW00013322,1965-04-07,Male
NASAW00013323,1996-11-15,Female
NASAW00013324,1969-07-11,Female
NASAW00013325,1983-04-27,Male
NASAW00013326,2003-06-15,Female
NASAW00013327,1983-11-03,Female
NASAW00013328,1962-12-14,Female
NASAW00013329,2001-01-25,Male
NASAW00013330,1946-09-02,Male
NASAW00013331,1996-10-02,Female
NASAW00013332,1969-01-14,Female
NASAW00013333,1995-10-16,Male
NASAW00013334,1991-11-09,Female
NASAW00013335,1958-04-04,Female
NASAW00013336,1984-01-23,Male
NASAW00013337,2001-11-15,Female
NASAW00013338,1968-12-12,Male
NASAW00013339,1968-01-04,Male
NASAW00013340,1981-05-31,Male
NASAW00013341,1962-03-21,
NASAW00013342,1972-11-10,Female
NASAW00013343,1982-11-11,Male
NASAW00013344,1963-02-14,Male
NASAW00013345,1947-08-13,Female
NASAW00013346,2004-02-04,Male
NASAW00013347,1988-08-03,Male
NASAW00013348,1952-07-13,Female
NASAW00013349,1950-09-15,Female
NASAW00013350,1977-08-10,Male
NASAW00013351,1980-08-10,Male
NASAW00013352,1966-03-06,Male
NASAW00013353,1991-10-30,Female
NASAW00013354,1989-07-16,Male
NASAW00013355,1998-10-24,Female
NASAW00013356,1974-07-18,Female
NASAW00013357,1966-03-03,Male
NASAW00013358,1957-12-11,Male
NASAW00013359,1969-08-19,Female
NASAW00013360,1997-11-20,Female
NASAW00013361,1955-02-19,Female
NASAW00013362,1987-08-09,Female
NASAW00013363,1958-01-01,Female
NASAW00013364,1972-08-25,male
NASAW00013365,1948-02-15,Male
NASAW00013366,2006-12-19,Male
NASAW00013367,1967-09-12,Female
NASAW00013368,2002-04-29,Female
NASAW00013369,2006-06-24,Male
NASAW00013370,1984-09-09,Female
NASAW00013371,1967-12-05,Male
NASAW00013372,1971-09-07,Male
NASAW00013373,1984-05-16,Female
NASAW00013374,1948-01-16,Male
NASAW00013375,1989-02-10,Female
NASAW00013376,1974-11-07,Male
NASAW00013377,1959-05-22,Male
NASAW00013378,1976-07-26,Female
NASAW00013379,1985-08-31,Male
NASAW00013380,2002-07-17,Female
NASAW00013381,2002-07-08,Female
NASAW00013382,1962-12-14,Female
NASAW00013383,1996-08-29,Male
NASAW00013384,1967-05-25,Male
NASAW00013385,1998-04-17,Female
NASAW00013386,1985-07-04,Male
NASAW00013387,1968-05-21,Female
NASAW00013388,1970-04-13,Female
NASAW00013389,1977-12-24,Female
NASAW00013390,1996-03-04,Male
NASAW00013391,1995-02-09,Male
NASAW00013392,1952-12-25,Male
NASAW00013393,1968-06-27,Male
NASAW00013394,1949-06-20,Female
NASAW00013395,1998-11-12,Male
NASAW00013396,1978-01-04,Male
NASAW00013397,1946-04-08,Female
NASAW00013398,1985-09-15,Female
NASAW00013399,1955-08-20,Male
NASAW00013400,1962-02-04,Female
NASAW00013401,1970-11-01,Female
NASAW00013402,1956-09-06,Male
NASAW00013403,1998-11-02,Female
NASAW00013404,2005-10-03,Male
NASAW00013405,1981-08-26,Male
NASAW00013406,1971-01-14,Male
NASAW00013407,2000-06-01,Male
NASAW00013408,1978-03-01,Female
NASAW00013409,1952-09-10,Female
NASAW00013410,1974-01-01,Female
NASAW00013411,2006-08-15,Female
NASAW00013412,1982-12-23,Female
NASAW00013413,1951-07-22,Male
NASAW00013414,1949-09-04,Male
NASAW00013415,1987-04-02,Male
NASAW00013416,1945-06-25,Female
NASAW00013417,1972-02-21,Female
NASAW00013418,1956-11-12,Male
NASAW00013419,1997-01-29,Male
NASAW00013420,1990-03-12,Female
NASAW00013421,1986-12-30,Female
NASAW00013422,1992-08-02,Female
NASAW00013423,1955-06-26,Male
NASAW00013424,1989-10-15,Female
NASAW00013425,1977-05-08,Female
NASAW00013426,1968-08-13,Female
NASAW00013427,1991-05-20,Male
NASAW00013428,1973-04-23,Female
NASAW00013429,1958-07-28,Female
NASAW00013430,1949-10-10,Male
NASAW00013431,1965-08-16,Female
NASAW00013432,1968-05-07,Female
NASAW00013433,1984-02-26,Female
NASAW00013434,1948-08-29,Female
NASAW00013435,1986-01-25,Male
NASAW00013436,1956-02-04,Male
NASAW00013437,1970-06-28,Male
NASAW00013438,1990-08-23,Male
NASAW00013439,1997-05-09,Male
NASAW00013440,1992-03-11,Male
NASAW00013441,1982-05-12,Male
NASAW00013442,1989-09-09,Female
NASAW00013443,1947-05-01,Male
NASAW00013444,1980-05-13,Male
NASAW00013445,1974-01-10,Male
NASAW00013446,1986-04-16,Female
NASAW00013447,1985-09-26,Female
NASAW00013448,1998-04-23,Female
NASAW00013449,1948-12-07,Female
NASAW00013450,1974-02-24,Male
NASAW00013451,1963-12-19,Female
NASAW00013452,1973-12-29,Male
NASAW00013453,1994-02-02,Female
NASAW00013454,1953-04-21,Male
NASAW00013455,1966-07-16,Female
NASAW00013456,1953-01-01,Female
NASAW00013457,1959-08-15,Female
NASAW00013458,1970-07-25,Male
NASAW00013459,1955-10-27,Female
NASAW00013460,1972-10-27,Male
NASAW00013461,1977-03-19,Female
NASAW00013462,1990-12-29,Female
NASAW00013463,1979-10-26,Female
NASAW00013464,1953-02-04,Female
NASAW00013465,2000-01-28,Female
NASAW00013466,1953-05-04,Female
NASAW00013467,1986-08-02,Male
NASAW00013468,1989-06-09,Male
NASAW00013469,1971-01-30,Male
NASAW00013470,1987-11-07,Male
NASAW00013471,2006-05-24,Male
NASAW00013472,1991-12-06,Male
NASAW00013473,1994-06-07,Male
NASAW00013474,1991-01-23,Female
NASAW00013475,1982-01-20,Female
NASAW00013476,1976-11-21,Male
NASAW00013477,1990-03-02,female
NASAW00013478,2004-05-09,Male
NASAW00013479,1980-04-03,Female
NASAW00013480,1971-09-15,Female
NASAW00013481,2005-02-18,Female
NASAW00013482,1975-08-16,Male
NASAW00013483,1963-12-09,Female
NASAW00013484,2005-06-01,Male
NASAW00013485,1945-07-11,Male
NASAW00013486,1960-05-29,Female
NASAW00013487,1981-05-06,Female
NASAW00013488,1972-03-02,Female
NASAW00013489,2006-12-18,Female
NASAW00013490,1972-02-26,Male
NASAW00013491,1946-03-31,Male
NASAW00013492,1961-11-20,Male
NASAW00013493,1988-03-01,Male
NASAW00013494,1984-02-05,Male
NASAW00013495,1952-09-22,Female
NASAW00013496,1958-04-18,Male
NASAW00013497,1955-06-14,Male
NASAW00013498,1984-12-12,Female
NASAW00013499,1946-10-06,Male
NASAW00013500,1963-01-24,Female
NASAW00013501,1949-07-27,Male
NASAW00013502,2001-07-23,Female
NASAW00013503,1982-04-18,Female
NASAW00013504,1948-04-27,Female
NASAW00013505,1991-01-21,Female
NASAW00013506,1965-10-22,Male
NASAW00013507,1982-11-11,Male
NASAW00013508,1969-01-11,Female
NASAW00013509,1987-06-20,Female
NASAW00013510,1985-03-22,Male
NASAW00013511,1959-06-23,Male
NASAW00013512,1987-02-06,Male
NASAW00013513,1990-07-18,Female
NASAW00013514,1999-01-07,Female
NASAW00013515,1956-10-07,Female
NASAW00013516,1982-05-26,Female
NASAW00013517,1987-05-18,Male
NASAW00013518,2000-10-15,Male
NASAW00013519,2004-11-05,Male
NASAW00013520,1962-11-24,Female
NASAW00013521,1954-01-20,Female
NASAW00013522,1972-03-30,Male
NASAW00013523,1946-08-18,Female
NASAW00013524,1977-01-12,Male
NASAW00013525,1990-03-03,Male
NASAW00013526,1975-04-20,Male
NASAW00013527,1955-10-30,Female
NASAW00013528,1968-02-18,Female
NASAW00013529,1949-03-10,Female
NASAW00013530,1958-07-25,Male
NASAW00013531,1949-07-11,Female
NASAW00013532,1986-01-05,Male
NASAW00013533,1954-07-02,Male
NASAW00013534,,Male
NASAW00013535,1959-12-27,Male
NASAW00013536,1977-06-12,Female
NASAW00013537,1984-08-11,Female
NASAW00013538,1953-11-28,Female
NASAW00013539,1975-01-08,Male
NASAW00013540,1963-02-11,Female
NASAW00013541,1945-08-04,Female
NASAW00013542,1975-08-16,Male
NASAW00013543,1952-08-24,Female
NASAW00013544,1977-05-10,Male
NASAW00013545,1958-08-08,Female
NASAW00013546,1965-06-22,Female
NASAW00013547,1982-02-02,Female
NASAW00013548,1991-04-23,Female
NASAW00013549,1947-09-03,Male
NASAW00013550,1991-06-01,Male
NASAW00013551,1975-05-09,Male
NASAW00013552,1983-12-11,Male
NASAW00013553,2004-03-24,Male
NASAW00013554,1996-07-19,Female
NASAW00013555,1982-08-14,Female
NASAW00013556,1973-02-22,Male
NASAW00013557,1970-02-06,Male
NASAW00013558,1981-03-29,Male
NASAW00013559,1993-11-04,Female
NASAW00013560,1975-12-23,Female
NASAW00013561,1962-09-13,Male
NASAW00013562,1948-04-26,Female
NASAW00013563,1956-04-21,Female
NASAW00013564,1964-03-05,Female
NASAW00013565,1991-10-10,Male
NASAW00013566,1947-02-07,
NASAW00013567,1993-06-10,Male
NASAW00013568,1972-04-08,Male
NASAW00013569,1950-05-19,Female
NASAW00013570,2001-04-02,Male
NASAW00013571,1949-04-14,Male
NASAW00013572,1985-04-05,Male
NASAW00013573,1985-08-27,Male
NASAW00013574,1997-03-06,Male
NASAW00013575,1976-06-06,Male
NASAW00013576,1978-11-19,Male
NASAW00013577,1954-06-11,Male
NASAW00013578,1977-05-31,Male
NASAW00013579,1983-03-12,Male
NASAW00013580,1953-04-11,Male
NASAW00013581,1987-09-23,Male
NASAW00013582,1978-02-18,Female
NASAW00013583,1997-10-10,Female
NASAW00013584,1968-08-28,Female
NASAW00013585,1984-06-25,Female
NASAW00013586,1982-05-28,Male
NASAW00013587,1990-05-18,Female
NASAW00013588,1956-08-10,Male
NASAW00013589,1964-01-29,Male
NASAW00013590,1959-01-27,Female
NASAW00013591,1955-08-28,Female
NASAW00013592,1954-11-25,Female
NASAW00013593,1948-08-12,Male
NASAW00013594,1978-04-30,Female
NASAW00013595,1972-03-17,Male
NASAW00013596,1957-10-26,Female
NASAW00013597,1949-05-14,Female
NASAW00013598,1970-06-08,Female
NASAW00013599,1945-03-10,Female
NASAW00013600,1951-01-23,Female
NASAW00013601,1988-03-03,Female
NASAW00013602,1975-04-23,Female
NASAW00013603,1999-05-05,Male
NASAW00013604,1990-04-15,Female
NASAW00013605,2004-11-10,Female
NASAW00013606,1953-01-05,Female
NASAW00013607,1979-09-28,Female
NASAW00013608,1975-06-01,Female
NASAW00013609,1969-11-20,Male
NASAW00013610,1947-03-24,Female
NASAW00013611,1995-05-03,Male
NASAW00013612,1962-04-07,Male
NASAW00013613,1996-02-28,Female
NASAW00013614,1990-02-04,Male
NASAW00013615,2004-01-21,Male
NASAW00013616,1946-09-14,Male
NASAW00013617,1967-01-03,Female
NASAW00013618,1952-08-05,Female
NASAW00013619,1981-01-18,Female
NASAW00013620,1947-02-02,Male
NASAW00013621,1982-03-24,male
NASAW00013622,1973-06-22,Male
NASAW00013623,1955-04-15,Male
NASAW00013624,1970-08-08,Female
NASAW00013625,1953-01-15,Female
NASAW00013626,2005-11-18,Female
NASAW00013627,1961-04-13,Male
NASAW00013628,1971-09-27,Female
NASAW00013629,1957-10-13,Female
NASAW00013630,1968-02-21,Male
NASAW00013631,1949-08-27,Male
NASAW00013632,1989-03-24,Female
NASAW00013633,1955-04-29,Female
NASAW00013634,1986-09-14,Male
NASAW00013635,1988-06-09,female
NASAW00013636,1965-12-21,Male
NASAW00013637,1969-02-23,Male
NASAW00013638,1967-02-06,Male
NASAW00013639,1972-04-30,Female
NASAW00013640,1952-07-12,Male
NASAW00013641,1957-10-10,Male
NASAW00013642,1966-12-30,Female
NASAW00013643,1994-10-22,Male
NASAW00013644,1986-09-08,Female
NASAW00013645,2003-08-04,Male
NASAW00013646,1950-05-26,Female
NASAW00013647,1969-07-09,Female
NASAW00013648,1976-07-12,Male
NASAW00013649,1997-07-01,Female
NASAW00013650,1949-01-30,Male
NASAW00013651,1971-12-22,Male
NASAW00013652,1957-07-13,Female
NASAW00013653,1983-10-03,Female
NASAW00013654,2006-03-13,Female
NASAW00013655,1985-08-13,Female
NASAW00013656,1975-08-26,Female
NASAW00013657,1946-06-05,Male
NASAW00013658,2002-12-30,Female
NASAW00013659,1945-05-21,Male
NASAW00013660,1982-01-25,Female
NASAW00013661,1980-03-28,Male
NASAW00013662,1993-04-29,
NASAW00013663,2005-04-03,Male
NASAW00013664,1976-09-01,Female
NASAW00013665,1998-12-12,Male
NASAW00013666,1945-10-04,Female
NASAW00013667,1962-04-25,Male
NASAW00013668,1946-10-11,Female
NASAW00013669,1962-03-08,Female
NASAW00013670,1964-11-03,Female
NASAW00013671,1977-07-26,F
NASAW00013672,1999-05-16,Male
NASAW00013673,2002-04-12,Female
NASAW00013674,1996-01-22,Male
NASAW00013675,1994-07-03,Male
NASAW00013676,1950-11-12,Male
NASAW00013677,1956-06-07,Male
NASAW00013678,1991-12-06,Female
NASAW00013679,1962-03-19,Male
NASAW00013680,2005-10-21,Female
NASAW00013681,2006-01-25,Female
NASAW00013682,1945-03-06,Male
NASAW00013683,1973-12-24,Female
NASAW00013684,1969-08-02,Female
NASAW00013685,1989-06-17,Male
NASAW00013686,1965-02-22,Female
NASAW00013687,1992-10-07,Male
NASAW00013688,1980-02-27,Male
NASAW00013689,1996-04-20,Male
NASAW00013690,2006-11-12,Male
NASAW00013691,1967-06-06,Female
NASAW00013692,1972-11-19,Male
NASAW00013693,1947-07-03,Male
NASAW00013694,1998-02-28,Female
NASAW00013695,1967-06-20,Female
NASAW00013696,1966-05-21,Male
NASAW00013697,1974-12-06,Male
NASAW00013698,1951-07-18,Female
NASAW00013699,1953-08-01,Male
NASAW00013700,1952-09-03,Male
NASAW00013701,1978-11-10,Male
NASAW00013702,1956-06-11,Female
NASAW00013703,1949-12-01,Female
NASAW00013704,1950-11-26,Male
NASAW00013705,1995-03-05,Female
NASAW00013706,1981-01-14,Female
NASAW00013707,1965-11-30,Male
NASAW00013708,1985-09-05,Female
NASAW00013709,2000-08-23,Female
NASAW00013710,2003-05-26,Male
NASAW00013711,1985-09-27,Male
NASAW00013712,1954-09-10,Male
NASAW00013713,1998-03-11,Male
NASAW00013714,1996-06-05,Female
NASAW00013715,1976-11-19,Female
NASAW00013716,1961-09-06,Male
NASAW00013717,1950-06-06,Female
NASAW00013718,1991-01-14,Female
NASAW00013719,1972-12-02,Male
NASAW00013720,1958-03-24,Female
NASAW00013721,1971-02-11,Male
NASAW00013722,1991-06-12,Male
NASAW00013723,1950-02-22,Male
NASAW00013724,1982-11-13,Male
NASAW00013725,2002-06-20,Male
NASAW00013726,1975-08-23,Female
NASAW00013727,1986-12-07,Female
NASAW00013728,1996-11-22,Female
NASAW00013729,2000-04-10,Female
NASAW00013730,1959-07-24,Male
NASAW00013731,1989-06-29,Male
NASAW00013732,2002-04-23,Male
NASAW00013733,1986-11-09,Male
NASAW00013734,1988-02-18,Female
NASAW00013735,1978-09-22,Male
NASAW00013736,1945-08-09,Male
NASAW00013737,1977-02-09,Male
NASAW00013738,1957-10-11,Male
NASAW00013739,2001-08-22,Female
NASAW00013740,1948-12-09,Male
NASAW00013741,1962-10-01,Male
NASAW00013742,1968-07-04,Female
NASAW00013743,1994-10-01,Male
NASAW00013744,1946-12-06,Female
NASAW00013745,1954-01-29,female
NASAW00013746,1957-04-25,Male
NASAW00013747,1975-05-12,Female
NASAW00013748,1985-12-05,Female
NASAW00013749,2004-04-17,Female
NASAW00013750,1950-11-13,Male
NASAW00013751,1962-01-06,Female
NASAW00013752,1978-07-30,Female
NASAW00013753,2002-01-27,Male
NASAW00013754,2000-04-08,Female
NASAW00013755,1958-05-01,Male
NASAW00013756,2001-06-22,Male
NASAW00013757,1990-08-07,Female
NASAW00013758,1963-10-10,Female
NASAW00013759,2004-07-11,Male
NASAW00013760,1990-08-19,Female
NASAW00013761,1989-09-24,Male
NASAW00013762,1973-11-15,Female
NASAW00013763,1989-05-23,Female
NASAW00013764,2002-04-01,Male
NASAW00013765,1963-08-04,Male
NASAW00013766,1985-07-23,Female
NASAW00013767,1964-08-11,Female
NASAW00013768,1996-04-05,Female
NASAW00013769,1967-11-02,Male
NASAW00013770,1952-07-16,Female
NASAW00013771,1965-08-26,Female
NASAW00013772,1990-12-16,Female
NASAW00013773,1985-06-23,Female
NASAW00013774,1977-12-21,Female
NASAW00013775,1969-06-30,Male
NASAW00013776,1984-08-17,Male
NASAW00013777,1977-03-20,Female
NASAW00013778,1990-01-06,Male
NASAW00013779,1969-10-19,Male
NASAW00013780,1955-08-22,Male
NASAW00013781,1993-12-27,Male
NASAW00013782,2005-07-26,Female
NASAW00013783,2006-04-29,Male
NASAW00013784,1999-03-11,Female
NASAW00013785,1945-10-07,Female
NASAW00013786,1976-02-06,Female
NASAW00013787,1981-05-27,Male
NASAW00013788,1987-05-07,Male
NASAW00013789,1980-08-30,Male
NASAW00013790,1987-07-26,Female
NASAW00013791,1986-05-25,Male
NASAW00013792,1973-02-01,Female
NASAW00013793,1982-06-22,Female
NASAW00013794,1995-02-07,Female
NASAW00013795,1996-10-23,Female
NASAW00013796,1945-11-14,Female
NASAW00013797,1975-06-28,Female
NASAW00013798,2006-07-11,Female
NASAW00013799,1974-04-03,Male
NASAW00013800,1957-06-26,Female
NASAW00013801,1995-12-23,Female
NASAW00013802,1979-03-19,Female
NASAW00013803,1950-09-19,Male
NASAW00013804,1987-08-06,Female
NASAW00013805,2002-04-30,Male
NASAW00013806,1960-05-19,Male
NASAW00013807,1947-11-17,Female
NASAW00013808,1947-05-30,Male
NASAW00013809,1979-08-15,Male
NASAW00013810,1971-02-12,Male
NASAW00013811,1985-10-16,Male
NASAW00013812,2029-12-31,Female
NASAW00013813,1980-02-02,Male
NASAW00013814,1956-08-02,Female
NASAW00013815,1951-03-04,Male
NASAW00013816,1956-08-28,Female
NASAW00013817,1983-10-11,Female
NASAW00013818,1959-03-31,Female
NASAW00013819,1997-09-15,Female
NASAW00013820,1969-09-17,Male
NASAW00013821,1984-12-27,Female
NASAW00013822,1999-04-07,Female
NASAW00013823,1996-01-26,Female
NASAW00013824,1986-07-06,Male
NASAW00013825,1970-10-31,Female
NASAW00013826,1976-02-11,Female
NASAW00013827,1980-02-02,Male
NASAW00013828,1982-03-28,Female
NASAW00013829,1986-01-28,Male
NASAW00013830,1996-01-06,Male
NASAW00013831,1966-07-04,Male
NASAW00013832,1969-07-25,Female
NASAW00013833,2004-10-23,Male
NASAW00013834,1989-04-10,Male
NASAW00013835,1978-01-30,Male
NASAW00013836,1990-04-03,Female
NASAW00013837,1981-10-17,Female
NASAW00013838,1963-08-10,Female
NASAW00013839,1947-05-26,Female
NASAW00013840,1979-03-13,Female
NASAW00013841,1962-06-11,Male
NASAW00013842,1967-06-26,Male
NASAW00013843,1974-05-07,Female
NASAW00013844,1988-06-28,Male
NASAW00013845,1994-03-15,Female
NASAW00013846,1957-08-01,Female
NASAW00013847,1959-06-24,Male
NASAW00013848,1999-06-16,Female
NASAW00013849,1956-02-21,Female
NASAW00013850,1960-02-11,Male
NASAW00013851,2005-10-09,Female
NASAW00013852,1977-02-15,Male
NASAW00013853,2005-07-24,Female
NASAW00013854,1949-04-14,Male
NASAW00013855,1980-01-17,Female
NASAW00013856,1949-09-14,Male
NASAW00013857,1978-11-10,Male
NASAW00013858,1978-08-12,Male
NASAW00013859,1953-03-14,Male
NASAW00013860,1946-04-23,Male
NASAW00013861,2006-01-01,Male
NASAW00013862,1953-09-01,Male
NASAW00013863,1959-12-27,Male
NASAW00013864,1974-05-08,Male
NASAW00013865,2001-01-16,Female
NASAW00013866,1983-05-22,Male
NASAW00013867,1954-07-02,Male
NASAW00013868,1946-05-07,Female
NASAW00013869,1946-01-28,Female
NASAW00013870,1964-09-30,Female
NASAW00013871,2003-04-24,Male
NASAW00013872,1951-01-16,Female
NASAW00013873,1972-01-20,Female
NASAW00013874,1954-02-19,Male
NASAW00013875,1967-08-09,Female
NASAW00013876,2001-08-07,Male
NASAW00013877,1974-10-16,Female
NASAW00013878,2004-10-13,Female
NASAW00013879,1946-08-02,Female
NASAW00013880,1979-04-22,Male
NASAW00013881,1990-03-02,Male
NASAW00013882,1965-11-14,
NASAW00013883,1956-02-18,Female
NASAW00013884,1966-11-07,Male
NASAW00013885,1957-05-05,Female
NASAW00013886,1963-02-15,Male
NASAW00013887,2002-08-08,female
NASAW00013888,1998-08-28,Female
NASAW00013889,1974-06-28,Female
NASAW00013890,2002-09-28,Male
NASAW00013891,1991-09-24,Female
NASAW00013892,2003-02-21,Male
NASAW00013893,1965-07-19,Female
NASAW00013894,1975-10-01,Male
NASAW00013895,2004-08-29,Male
NASAW00013896,1999-07-22,Female
NASAW00013897,1961-06-20,Male
NASAW00013898,1950-10-19,Male
NASAW00013899,1962-04-08,Male
NASAW00013900,1963-04-28,Male
NASAW00013901,1998-03-03,Male
NASAW00013902,1966-03-15,Female
NASAW00013903,1986-11-27,Male
NASAW00013904,1966-12-22,Male
NASAW00013905,1972-03-12,Female
NASAW00013906,2002-01-09,Female
NASAW00013907,1952-03-06,Female
NASAW00013908,1980-09-23,Female
NASAW00013909,1984-08-07,Female
NASAW00013910,1958-12-26,Female
NASAW00013911,1946-10-12,Female
NASAW00013912,1952-06-20,Female
NASAW00013913,1998-05-25,Male
NASAW00013914,1968-01-31,Female
NASAW00013915,1985-09-11,Female
NASAW00013916,1951-06-16,Female
NASAW00013917,1962-07-24,Male
NASAW00013918,1945-05-17,male
NASAW00013919,1978-07-30,Female
NASAW00013920,1980-05-28,Female
NASAW00013921,1979-06-16,Male
NASAW00013922,1981-09-04,Male
NASAW00013923,1979-07-11,Male
NASAW00013924,1962-06-05,Female
NASAW00013925,1976-04-10,Female
NASAW00013926,2001-12-20,Male
NASAW00013927,2003-05-25,Female
NASAW00013928,1967-02-21,Male
NASAW00013929,1977-06-04,Male
NASAW00013930,2004-09-20,Female
NASAW00013931,1999-04-26,Male
NASAW00013932,1967-10-25,Male
NASAW00013933,1946-02-09,Male
NASAW00013934,2002-10-24,Female
NASAW00013935,1980-09-04,Male
NASAW00013936,1991-07-10,Female
NASAW00013937,1959-11-17,Female
NASAW00013938,1972-02-12,Female
NASAW00013939,1997-07-31,Female
NASAW00013940,1952-12-22,Female
NASAW00013941,1957-10-21,Male
NASAW00013942,1980-09-14,Male
NASAW00013943,1960-02-10,Male
NASAW00013944,1953-09-10,Female
NASAW00013945,1992-02-05,Female
NASAW00013946,1983-08-31,Female
NASAW00013947,1961-09-21,Male
NASAW00013948,1988-08-23,Male
NASAW00013949,1985-06-07,Male
NASAW00013950,1961-08-27,Male
NASAW00013951,1962-03-20,Female
NASAW00013952,1984-07-16,Male
NASAW00013953,2002-02-05,Female
NASAW00013954,1952-09-09,Female
NASAW00013955,1950-10-07,Male
NASAW00013956,1987-11-16,Male
NASAW00013957,1945-11-08,Male
NASAW00013958,2004-09-09,Male
NASAW00013959,1953-09-09,Male
NASAW00013960,1978-09-14,Female
NASAW00013961,1988-08-05,Female
NASAW00013962,1999-03-23,Female
NASAW00013963,2006-03-05,Female
NASAW00013964,1966-07-01,Female
NASAW00013965,1978-12-14,Female
NASAW00013966,1974-08-18,Male
NASAW00013967,1985-12-29,Female
NASAW00013968,1957-06-17,Male
NASAW00013969,1992-08-09,Male
NASAW00013970,1978-01-20,Female
NASAW00013971,1991-03-13,Male
NASAW00013972,1945-04-13,Female
NASAW00013973,1946-06-29,Male
NASAW00013974,1974-03-16,Male
NASAW00013975,1999-06-09,Male
NASAW00013976,1976-04-02,Female
NASAW00013977,2004-01-24,Male
NASAW00013978,1979-07-13,Male
NASAW00013979,1957-11-05,Male
NASAW00013980,1956-06-21,Male
NASAW00013981,1972-01-14,Female
NASAW00013982,1960-01-29,Male
NASAW00013983,1988-04-04,Male
NASAW00013984,1966-11-01,Male
NASAW00013985,1954-06-19,Male
NASAW00013986,1959-05-18,Female
NASAW00013987,1979-05-29,Male
NASAW00013988,1968-02-11,Male
NASAW00013989,2004-09-14,Female
NASAW00013990,1953-02-11,Female
NASAW00013991,1965-01-29,Male
NASAW00013992,2002-10-11,Female
NASAW00013993,2003-09-01,Female
NASAW00013994,1965-12-08,Male
NASAW00013995,1971-02-08,Male
NASAW00013996,1975-07-11,Male
NASAW00013997,1955-06-02,Male
NASAW00013998,1973-02-11,Male
NASAW00013999,1972-11-19,Male
NASAW00014000,1979-10-28,Female
NASAW00014001,1977-10-01,Male
NASAW00014002,1991-08-19,Male
NASAW00014003,1954-07-25,Female
NASAW00014004,1973-05-06,Female
NASAW00014005,1964-08-22,Female
NASAW00014006,1958-03-24,Male
NASAW00014007,2004-09-10,Male
NASAW00014008,1998-09-24,Male
NASAW00014009,1969-07-14,Female
NASAW00014010,2001-08-14,Female
NASAW00014011,1971-02-25,Female
NASAW00014012,1950-04-12,Female
NASAW00014013,1958-09-13,Male
NASAW00014014,1965-03-12,Male
NASAW00014015,1961-01-23,Female
NASAW00014016,1971-11-01,Male
NASAW00014017,1946-12-08,Female
NASAW00014018,1982-11-25,Female
NASAW00014019,1980-02-11,Female
NASAW00014020,1970-05-02,Male
NASAW00014021,1994-03-02,Male
NASAW00014022,1974-01-06,Male
NASAW00014023,1972-04-12,Male
NASAW00014024,1996-10-12,Female
NASAW00014025,1971-02-12,Male
NASAW00014026,1964-07-27,Male
NASAW00014027,2003-06-05,female
NASAW00014028,1996-08-24,Male
NASAW00014029,1978-10-13,Female
NASAW00014030,2005-12-16,Male
NASAW00014031,1953-08-14,Female
NASAW00014032,1961-02-12,Male
NASAW00014033,1991-03-30,Female
NASAW00014034,1958-05-01,Female
NASAW00014035,1966-12-25,Female
NASAW00014036,1980-08-02,Male
NASAW00014037,2003-07-26,Male
NASAW00014038,1986-08-07,Female
NASAW00014039,1969-09-10,Female
NASAW00014040,1977-12-15,Male
NASAW00014041,1952-05-31,Male
NASAW00014042,1947-01-25,Female
NASAW00014043,1969-07-23,Male
NASAW00014044,1998-03-11,Female
NASAW00014045,2002-10-31,Female
NASAW00014046,1996-04-07,Female
NASAW00014047,1950-09-12,Male
NASAW00014048,1981-05-13,Male
NASAW00014049,1980-04-30,Female
NASAW00014050,1950-09-26,Male
NASAW00014051,1963-08-13,Male
NASAW00014052,1961-03-18,Male
NASAW00014053,1945-06-24,Female
NASAW00014054,1956-01-15,male
NASAW00014055,1963-07-03,Male
NASAW00014056,1995-06-19,Male
NASAW00014057,1952-08-04,Female
NASAW00014058,1977-08-14,Male
NASAW00014059,1982-12-15,Male
NASAW00014060,1967-04-13,Female
NASAW00014061,2004-02-20,Male
NASAW00014062,1996-10-09,Female
NASAW00014063,1991-11-22,Female
NASAW00014064,1999-05-21,Male
NASAW00014065,2006-09-20,Male
NASAW00014066,1966-04-10,Female
NASAW00014067,1971-11-21,Male
NASAW00014068,1957-01-15,Male
NASAW00014069,1998-02-03,Male
NASAW00014070,2000-10-30,Female
NASAW00014071,1968-05-21,Male
NASAW00014072,1980-11-22,Female
NASAW00014073,2005-09-11,Male
NASAW00014074,1993-01-29,Female
NASAW00014075,2001-10-20,Male
NASAW00014076,1978-05-22,Male
NASAW00014077,1982-08-27,Female
NASAW00014078,1983-11-27,Male
NASAW00014079,1951-12-16,Male
NASAW00014080,2006-05-13,Male
NASAW00014081,1974-07-20,Female
NASAW00014082,1974-12-03,Male
NASAW00014083,1965-04-03,Male
NASAW00014084,1978-11-02,Male
NASAW00014085,1978-12-21,Male
NASAW00014086,1960-10-07,Female
NASAW00014087,1997-10-29,Female
NASAW00014088,1953-07-28,Female
NASAW00014089,1994-06-25,Male
NASAW00014090,1949-04-21,Female
NASAW00014091,1961-03-18,Female
NASAW00014092,1987-10-13,Female
NASAW00014093,1945-11-08,Male
NASAW00014094,2003-12-30,Female
NASAW00014095,1995-12-02,Male
NASAW00014096,2002-05-07,Male
NASAW00014097,2005-11-05,Female
NASAW00014098,1961-06-05,Female
NASAW00014099,1987-01-18,Female
NASAW00014100,1983-05-19,Male
NASAW00014101,1972-05-19,Male
NASAW00014102,1972-06-03,Female
NASAW00014103,1953-02-01,Male
NASAW00014104,1966-07-15,Male
NASAW00014105,1996-08-12,Female
NASAW00014106,1994-09-19,Male
NASAW00014107,1983-01-15,Male
NASAW00014108,1988-01-13,Male
NASAW00014109,1981-05-18,Female
NASAW00014110,1945-08-27,Female
NASAW00014111,1966-11-29,Male
NASAW00014112,1999-06-29,Male
NASAW00014113,2005-07-07,Male
NASAW00014114,1960-09-07,Male
NASAW00014115,1991-02-01,Male
NASAW00014116,1982-12-04,Male
NASAW00014117,1978-06-28,Female
NASAW00014118,2005-12-03,Male
NASAW00014119,1971-01-09,Female
NASAW00014120,1968-10-02,Female
NASAW00014121,1964-07-05,Male
NASAW00014122,1986-07-18,Female
NASAW00014123,1950-02-28,Female
NASAW00014124,1974-06-23,Male
NASAW00014125,1945-06-18,Male
NASAW00014126,1981-01-26,Male
NASAW00014127,1983-08-26,Male
NASAW00014128,1992-06-20,Male
NASAW00014129,1981-11-06,Female
NASAW00014130,1945-08-15,Female
NASAW00014131,1965-04-14,Female
NASAW00014132,1971-11-07,Male
NASAW00014133,1993-02-15,Male
NASAW00014134,1984-05-07,Female
NASAW00014135,1959-07-09,Female
NASAW00014136,1945-07-10,Male
NASAW00014137,1954-12-06,Male
NASAW00014138,1956-12-29,Female
NASAW00014139,1947-11-02,Male
NASAW00014140,1988-01-01,Female
NASAW00014141,1955-08-29,Female
NASAW00014142,2006-03-01,Female
NASAW00014143,1980-11-16,Female
NASAW00014144,1956-10-16,Male
NASAW00014145,1946-11-25,Female
NASAW00014146,1989-11-10,female
NASAW00014147,1966-03-21,Female
NASAW00014148,1983-07-20,Male
NASAW00014149,1983-12-20,Female
NASAW00014150,1988-08-05,Female
NASAW00014151,1967-03-25,Male
NASAW00014152,1967-05-20,Male
NASAW00014153,1968-08-23,Male
NASAW00014154,2004-10-12,Male
NASAW00014155,1987-07-08,Male
NASAW00014156,1990-01-25,Male
NASAW00014157,1998-01-15,Male
NASAW00014158,1965-07-31,Female
NASAW00014159,1948-06-11,Male
NASAW00014160,1958-02-12,Male
NASAW00014161,1953-02-27,Female
NASAW00014162,1981-07-17,Male
NASAW00014163,1964-11-24,Female
NASAW00014164,1950-07-04,Male
NASAW00014165,1972-04-19,Female
NASAW00014166,1970-03-04,Female
NASAW00014167,1967-02-27,Male
NASAW00014168,1961-04-22,Male
NASAW00014169,2004-04-01,Male
NASAW00014170,1970-08-07,Male
NASAW00014171,1983-08-29,Female
NASAW00014172,1977-08-14,Male
NASAW00014173,1953-09-10,Male
NASAW00014174,1974-09-19,Female
NASAW00014175,1997-11-01,Female
NASAW00014176,1966-05-18,Male
NASAW00014177,1997-06-04,Male
NASAW00014178,1956-09-15,Male
NASAW00014179,1948-09-06,Male
NASAW00014180,1962-04-23,Male
NASAW00014181,1900-01-01,Female
NASAW00014182,1972-01-18,Male
NASAW00014183,1992-11-13,Male
NASAW00014184,1956-06-20,Female
NASAW00014185,1995-04-10,Female
NASAW00014186,1985-03-27,Male
NASAW00014187,1984-02-16,Female
NASAW00014188,1991-12-28,Male
NASAW00014189,1959-12-24,Male
NASAW00014190,1970-12-27,Male
NASAW00014191,1962-01-24,Female
NASAW00014192,1989-05-31,Male
NASAW00014193,1959-11-07,Female
NASAW00014194,1995-06-19,Female
NASAW00014195,1999-06-24,Male
NASAW00014196,1945-04-28,Male
NASAW00014197,1998-02-14,Female
NASAW00014198,1990-03-15,Female
NASAW00014199,1972-03-22,Female
NASAW00014200,1969-02-02,Male
NASAW00014201,1965-02-02,Male
NASAW00014202,1971-03-09,Female
NASAW00014203,1969-12-02,Female
NASAW00014204,1949-08-16,Male
NASAW00014205,1963-11-03,Male
NASAW00014206,2003-03-12,Female
NASAW00014207,1974-02-13,Female
NASAW00014208,1956-12-27,Female
NASAW00014209,1974-02-15,Male
NASAW00014210,1976-11-22,Female
NASAW00014211,1960-11-09,Male
NASAW00014212,1993-03-19,Male
NASAW00014213,2006-09-26,Female
NASAW00014214,2001-03-08,Male
NASAW00014215,1984-09-02,Female
NASAW00014216,1963-04-19,Female
NASAW00014217,1958-12-19,Female
NASAW00014218,1978-01-27,Female
NASAW00014219,1953-05-29,Female
NASAW00014220,1961-08-07,Male
NASAW00014221,1961-12-11,Male
NASAW00014222,2003-02-05,Female
NASAW00014223,1959-08-14,Female
NASAW00014224,2006-09-01,Male
NASAW00014225,1957-11-16,Male
NASAW00014226,1985-10-28,Female
NASAW00014227,1953-12-29,Male
NASAW00014228,1946-01-22,Female
NASAW00014229,1979-06-14,
NASAW00014230,1946-03-21,Male
NASAW00014231,1956-11-10,Male
NASAW00014232,1969-01-05,Male
NASAW00014233,1945-11-04,Male
NASAW00014234,1993-08-29,Female
NASAW00014235,1952-08-16,Female
NASAW00014236,1995-07-01,Male
NASAW00014237,1972-07-30,Male
NASAW00014238,1966-11-16,Female
NASAW00014239,2001-04-18,Male
NASAW00014240,1948-12-30,Female
NASAW00014241,1954-03-15,Female
NASAW00014242,1957-09-22,Female
NASAW00014243,1947-02-26,Female
NASAW00014244,1958-03-23,Female
NASAW00014245,1965-04-07,Female
NASAW00014246,2006-08-12,Male
NASAW00014247,1989-02-14,Male
NASAW00014248,1965-02-22,Female
NASAW00014249,1977-01-21,Female
NASAW00014250,1955-08-15,Male
NASAW00014251,1948-11-21,Male
NASAW00014252,1983-06-16,Male
NASAW00014253,2005-12-15,Female
NASAW00014254,2001-01-19,Female
NASAW00014255,1954-04-29,Female
NASAW00014256,2004-05-14,Female
NASAW00014257,1951-11-08,Male
NASAW00014258,2003-11-04,Male
NASAW00014259,1980-01-17,Female
NASAW00014260,1951-01-15,Female
NASAW00014261,1969-12-26,Female
NASAW00014262,1956-06-11,Female
NASAW00014263,1976-08-20,Female
NASAW00014264,1988-03-06,Female
NASAW00014265,1998-12-26,Female
NASAW00014266,1957-05-27,Male
NASAW00014267,1979-05-19,Female
NASAW00014268,1993-05-02,Male
NASAW00014269,1979-07-05,Female
NASAW00014270,1992-04-10,Male
NASAW00014271,1952-10-30,Male
NASAW00014272,1963-03-29,Male
NASAW00014273,1977-07-07,Male
NASAW00014274,1954-11-19,Female
NASAW00014275,1977-05-17,Male
NASAW00014276,1971-06-10,Female
NASAW00014277,1966-10-04,Male
NASAW00014278,1950-01-05,Male
NASAW00014279,1957-11-02,Male
NASAW00014280,1983-02-07,Male
NASAW00014281,2004-06-16,Female
NASAW00014282,1998-04-14,Male
NASAW00014283,1958-03-07,Male
NASAW00014284,1966-12-26,Female
NASAW00014285,1958-06-07,Female
NASAW00014286,1957-07-28,Female
NASAW00014287,1987-03-09,Female
NASAW00014288,1984-10-31,Male
NASAW00014289,1970-09-23,Male
NASAW00014290,2002-08-21,
NASAW00014291,1960-07-28,Male
NASAW00014292,1980-07-24,Female
NASAW00014293,1994-09-19,Female
NASAW00014294,1996-04-28,Male
NASAW00014295,1983-01-04,Female
NASAW00014296,1953-04-01,Male
NASAW00014297,1964-01-04,Male
NASAW00014298,1964-08-22,Male
NASAW00014299,1987-01-10,Female
NASAW00014300,1979-02-19,Female
NASAW00014301,2003-01-06,Female
NASAW00014302,1954-09-23,Female
NASAW00014303,1999-02-12,Female
NASAW00014304,1947-07-09,Male
NASAW00014305,1993-08-03,Male
NASAW00014306,1998-07-28,M
NASAW00014307,1961-11-04,Male
NASAW00014308,1966-07-25,Male
NASAW00014309,1995-07-30,Female
NASAW00014310,1949-02-05,Male
NASAW00014311,1972-09-08,M
NASAW00014312,1970-05-03,Male
NASAW00014313,1973-03-19,Female
NASAW00014314,1956-08-15,Male
NASAW00014315,1974-09-22,Male
NASAW00014316,1990-01-20,Male
NASAW00014317,1947-02-16,Female
NASAW00014318,1987-10-16,Male
NASAW00014319,1971-01-11,Female
NASAW00014320,1952-01-25,Male
NASAW00014321,1965-10-11,Male
NASAW00014322,1959-06-14,Female
NASAW00014323,1985-02-23,Female
NASAW00014324,1971-02-04,Female
NASAW00014325,1948-08-04,Female
NASAW00014326,1966-06-15,Male
NASAW00014327,1958-09-03,Female
NASAW00014328,1953-09-27,Male
NASAW00014329,1972-10-09,Male
NASAW00014330,1989-10-05,Female
NASAW00014331,1960-03-24,Male
NASAW00014332,1951-02-12,Female
NASAW00014333,1976-09-14,Male
NASAW00014334,1986-05-03,Female
NASAW00014335,1967-12-21,Female
NASAW00014336,2003-05-05,Male
NASAW00014337,1996-01-10,Female
NASAW00014338,1970-09-19,Male
NASAW00014339,1984-07-20,Female
NASAW00014340,1978-07-11,Female
NASAW00014341,1990-05-23,Male
NASAW00014342,2000-09-05,Male
NASAW00014343,1966-12-19,Male
NASAW00014344,1958-11-13,Female
NASAW00014345,1978-09-19,Female
NASAW00014346,1951-07-20,Female
NASAW00014347,2005-01-12,Female
NASAW00014348,1987-01-12,Female
NASAW00014349,1954-10-16,Male
NASAW00014350,1980-08-12,Male
NASAW00014351,1981-01-09,Female
NASAW00014352,1975-09-21,Female
NASAW00014353,1964-01-29,Female
NASAW00014354,1955-04-05,Male
NASAW00014355,1993-11-26,Female
NASAW00014356,1958-01-21,Female
NASAW00014357,1995-12-23,male
NASAW00014358,1979-02-13,Female
NASAW00014359,1983-08-03,Male
NASAW00014360,1949-11-08,Male
NASAW00014361,2006-05-03,Female
NASAW00014362,2002-01-12,Male
NASAW00014363,1951-03-20,Male
NASAW00014364,1971-10-07,Female
NASAW00014365,1982-08-28,Female
NASAW00014366,1961-07-07,Male
NASAW00014367,1983-06-13,Female
NASAW00014368,1959-10-06,Female
NASAW00014369,1988-03-17,Male
NASAW00014370,1984-03-09,Female
NASAW00014371,1945-11-22,Male
NASAW00014372,1951-12-25,Male
NASAW00014373,1974-01-17,Female
NASAW00014374,1946-04-10,Female
NASAW00014375,1958-03-26,Female
NASAW00014376,1955-03-12,Female
NASAW00014377,1968-07-30,Male
NASAW00014378,1985-06-03,Male
NASAW00014379,2001-11-27,Male
NASAW00014380,1948-04-10,Male
NASAW00014381,1982-09-12,Male
NASAW00014382,1998-11-30,Female
NASAW00014383,1963-10-27,Male
NASAW00014384,1978-03-21,Male
NASAW00014385,1972-02-03,Male
NASAW00014386,1989-10-12,Female
NASAW00014387,1982-02-23,Female
NASAW00014388,1993-09-01,Female
NASAW00014389,1955-03-05,Female
NASAW00014390,1983-06-08,Male
NASAW00014391,1993-09-11,Female
NASAW00014392,2004-03-05,Female
NASAW00014393,2001-11-21,Male
NASAW00014394,1952-11-11,Male
NASAW00014395,1953-01-16,Female
NASAW00014396,1954-04-21,Male
NASAW00014397,2001-11-02,Male
NASAW00014398,2004-11-26,Female
NASAW00014399,1964-01-04,Female
NASAW00014400,1994-06-27,Male
NASAW00014401,1987-02-17,Female
NASAW00014402,1986-08-16,Female
NASAW00014403,1945-09-07,Male
NASAW00014404,1990-07-15,Female
NASAW00014405,1972-07-30,Female
NASAW00014406,2005-05-28,Female
NASAW00014407,1947-12-07,Female
NASAW00014408,1978-08-04,Female
NASAW00014409,1975-01-24,Female
NASAW00014410,1966-09-12,Female
NASAW00014411,1962-04-15,Female
NASAW00014412,1949-08-18,Female
NASAW00014413,1956-07-24,Female
NASAW00014414,1960-08-02,Female
NASAW00014415,1991-05-30,Male
NASAW00014416,1953-12-07,Male
NASAW00014417,1990-03-29,Female
NASAW00014418,2001-04-12,Male
NASAW00014419,1973-12-04,Male
NASAW00014420,1947-04-21,Male
NASAW00014421,1947-07-01,Male
NASAW00014422,1996-04-19,Male
NASAW00014423,1985-09-15,Female
NASAW00014424,1961-09-27,Male
NASAW00014425,1971-08-22,Male
NASAW00014426,1978-12-03,Male
NASAW00014427,1969-09-02,Male
NASAW00014428,2001-04-16,male
NASAW00014429,1954-04-12,Male
NASAW00014430,1954-08-10,Female
NASAW00014431,1961-03-16,Female
NASAW00014432,1977-06-04,Male
NASAW00014433,1980-01-23,Male
NASAW00014434,1982-02-13,Male
NASAW00014435,1963-11-13,Female
NASAW00014436,1973-02-18,Female
NASAW00014437,1959-06-16,Male
NASAW00014438,1961-01-11,Male
NASAW00014439,1955-07-08,Female
NASAW00014440,1988-05-31,Male
NASAW00014441,1959-03-19,Female
NASAW00014442,1955-11-29,Male
NASAW00014443,1993-01-31,male
NASAW00014444,1958-09-02,Female
NASAW00014445,1955-04-20,Male
NASAW00014446,1974-05-21,Male
NASAW00014447,1956-05-10,Female
NASAW00014448,1962-11-16,Female
NASAW00014449,1994-06-24,Female
NASAW00014450,1989-06-25,Female
NASAW00014451,1962-04-28,Male
NASAW00014452,2006-08-22,Female
NASAW00014453,1980-03-30,Female
NASAW00014454,1959-11-12,Female
NASAW00014455,1983-11-21,Female
NASAW00014456,1998-07-02,Female
NASAW00014457,2000-11-19,Female
NASAW00014458,1983-07-08,Female
NASAW00014459,1978-07-20,Male
NASAW00014460,1985-04-27,Male
NASAW00014461,1990-11-17,Female
NASAW00014462,1971-05-01,Female
NASAW00014463,1980-09-25,Female
NASAW00014464,1973-12-13,Male
NASAW00014465,1977-02-04,Male
NASAW00014466,2003-12-10,Male
NASAW00014467,1973-03-18,Female
NASAW00014468,2006-10-01,M
NASAW00014469,1964-03-06,Female
NASAW00014470,1965-11-15,Female
NASAW00014471,1970-06-12,Male
NASAW00014472,1954-03-27,Male
NASAW00014473,1996-06-29,Female
NASAW00014474,2006-03-14,Female
NASAW00014475,1973-09-20,Male
NASAW00014476,1989-04-25,Female
NASAW00014477,1982-10-17,Female
NASAW00014478,1960-05-09,Female
NASAW00014479,1966-03-19,Female
NASAW00014480,1946-08-08,Male
NASAW00014481,1986-06-06,Female
NASAW00014482,1948-04-27,Male
NASAW00014483,1975-04-09,Male
NASAW00014484,1987-02-27,Female
NASAW00014485,1972-01-03,Female
NASAW00014486,1980-12-01,Female
NASAW00014487,1989-04-21,Female
NASAW00014488,1971-10-11,Female
NASAW00014489,1989-04-05,Male
NASAW00014490,1978-07-19,Male
NASAW00014491,1947-08-18,Male
NASAW00014492,1957-06-13,Female
NASAW00014493,2006-09-09,Male
NASAW00014494,1960-04-08,Female
NASAW00014495,1993-03-24,Male
NASAW00014496,1968-04-19,Male
NASAW00014497,1954-12-10,Female
NASAW00014498,1951-09-25,Female
NASAW00014499,1969-03-20,Male
NASAW00014500,1997-05-06,Male
NASAW00014501,1973-08-25,Female
NASAW00014502,2002-02-21,Male
NASAW00014503,1991-10-24,Female
NASAW00014504,2004-04-29,Female
NASAW00014505,1973-11-18,Female
NASAW00014506,1965-04-06,Female
NASAW00014507,1952-06-06,Male
NASAW00014508,2004-03-01,Male
NASAW00014509,1952-01-01,Female
NASAW00014510,1950-05-29,Male
NASAW00014511,1987-01-01,Male
NASAW00014512,1988-10-01,Male
NASAW00014513,1997-12-24,Female
NASAW00014514,1972-12-22,Male
NASAW00014515,1990-04-06,Male
NASAW00014516,1964-08-18,Female
NASAW00014517,1985-08-04,Male
NASAW00014518,1980-11-26,Female
NASAW00014519,1982-12-16,Female
NASAW00014520,1996-10-15,Male
NASAW00014521,1986-05-10,Male
NASAW00014522,1966-08-01,F
NASAW00014523,1961-10-12,Female
NASAW00014524,2004-05-19,Female
NASAW00014525,1968-10-29,Male
NASAW00014526,1976-10-18,Male
NASAW00014527,1980-08-11,Female
NASAW00014528,1949-10-08,Female
NASAW00014529,1953-10-11,Female
NASAW00014530,1982-11-30,Male
NASAW00014531,1981-02-16,Female
NASAW00014532,1992-07-05,Female
NASAW00014533,1954-10-18,Male
NASAW00014534,1954-12-19,Male
NASAW00014535,1948-03-15,Male
NASAW00014536,1950-11-28,Female
NASAW00014537,1965-04-26,Female
NASAW00014538,1980-02-29,Male
NASAW00014539,1969-01-25,Male
NASAW00014540,1963-04-07,Female
NASAW00014541,1998-07-01,Male
NASAW00014542,1953-06-16,Female
NASAW00014543,1972-05-23,Male
NASAW00014544,1960-04-10,Male
NASAW00014545,1959-12-14,Female
NASAW00014546,1957-09-22,Female
NASAW00014547,1983-05-24,Male
NASAW00014548,1968-09-02,Male
NASAW00014549,2005-12-08,Male
NASAW00014550,1998-04-17,Female
NASAW00014551,1997-04-26,
NASAW00014552,1967-03-17,Male
NASAW00014553,1946-07-24,Female
NASAW00014554,1965-06-25,Male
NASAW00014555,1958-02-25,Male
NASAW00014556,1972-04-30,Female
NASAW00014557,1985-08-10,Female
NASAW00014558,1993-12-16,Female
NASAW00014559,1967-09-30,Male
NASAW00014560,1976-08-20,Female
NASAW00014561,1991-06-17,Female
NASAW00014562,1955-02-12,Male
NASAW00014563,1958-04-09,Male
NASAW00014564,2004-02-27,Female
NASAW00014565,1989-08-30,male
NASAW00014566,1983-08-23,Male
NASAW00014567,1962-05-23,Female
NASAW00014568,2002-04-22,Female
NASAW00014569,2001-03-29,Female
NASAW00014570,1992-04-09,Female
NASAW00014571,1974-09-18,Female
NASAW00014572,1969-10-14,Male
NASAW00014573,1996-12-28,Female
NASAW00014574,1999-12-10,Female
NASAW00014575,1995-11-03,Female
NASAW00014576,1970-11-16,Male
NASAW00014577,1989-10-05,Male
NASAW00014578,1986-11-02,Female
NASAW00014579,2000-12-18,Male
NASAW00014580,1972-03-29,Male
NASAW00014581,1971-06-11,Male
NASAW00014582,1964-07-01,Male
NASAW00014583,1949-10-10,Male
NASAW00014584,1983-08-10,Male
NASAW00014585,1949-06-24,Female
NASAW00014586,1970-06-01,Male
NASAW00014587,1952-09-19,Male
NASAW00014588,1962-08-26,Male
NASAW00014589,1971-02-03,Female
NASAW00014590,1976-10-25,Female
NASAW00014591,1982-11-29,Male
NASAW00014592,1968-06-09,Female
NASAW00014593,1960-07-19,Female
NASAW00014594,1996-11-14,Male
NASAW00014595,1967-06-07,Male
NASAW00014596,1972-01-05,Female
NASAW00014597,1995-11-03,Female
NASAW00014598,1993-12-20,Female
NASAW00014599,1953-08-14,Female
NASAW00014600,1973-02-07,Female
NASAW00014601,1987-01-08,Female
NASAW00014602,1982-09-23,Female
NASAW00014603,1947-06-26,Male
NASAW00014604,1982-10-06,Male
NASAW00014605,2000-03-12,Male
NASAW00014606,1997-01-24,Male
NASAW00014607,2000-09-14,Female
NASAW00014608,1949-10-21,Female
NASAW00014609,1956-04-19,Male
NASAW00014610,1986-07-10,Female
NASAW00014611,1949-11-16,Female
NASAW00014612,2003-04-22,Male
NASAW00014613,1971-01-26,Female
NASAW00014614,1950-06-18,Male
NASAW00014615,1963-05-26,Female
NASAW00014616,1957-03-28,Male
NASAW00014617,1971-12-30,Male
NASAW00014618,1988-07-05,Male
NASAW00014619,1955-04-17,Male
NASAW00014620,1999-03-04,Male
NASAW00014621,1967-03-07,Female
NASAW00014622,1947-03-19,Female
NASAW00014623,1980-01-20,Male
NASAW00014624,1971-11-28,Male
NASAW00014625,1966-01-29,Female
NASAW00014626,1999-12-22,Male
NASAW00014627,1983-10-16,Male
NASAW00014628,1961-07-31,Male
NASAW00014629,1960-04-27,Male
NASAW00014630,1987-09-20,Female
NASAW00014631,2004-11-20,Female
NASAW00014632,1977-12-15,Female
NASAW00014633,1979-08-13,Male
NASAW00014634,1986-08-17,Female
NASAW00014635,1958-04-18,F
NASAW00014636,1955-10-12,Male
NASAW00014637,1997-01-31,Female
NASAW00014638,1948-10-28,Female
NASAW00014639,1957-07-01,Female
NASAW00014640,1969-11-04,Female
NASAW00014641,1977-02-04,Male
NASAW00014642,1976-04-18,Female
NASAW00014643,1991-01-11,Male
NASAW00014644,1976-07-26,Female
NASAW00014645,1986-03-23,Male
NASAW00014646,1969-12-21,Female
NASAW00014647,1980-05-05,Female
NASAW00014648,1978-10-12,Male
NASAW00014649,1996-09-05,Female
NASAW00014650,1956-08-11,Female
NASAW00014651,1997-06-09,Female
NASAW00014652,1951-01-24,Male
NASAW00014653,1965-10-15,Male
NASAW00014654,1989-10-22,Female
NASAW00014655,1974-01-14,Male
NASAW00014656,1954-06-17,Male
NASAW00014657,1979-06-17,Female
NASAW00014658,1950-10-11,Female
NASAW00014659,1955-04-10,female
NASAW00014660,1951-07-17,Female
NASAW00014661,1999-06-01,Male
NASAW00014662,1960-08-13,Female
NASAW00014663,1978-11-18,Male
NASAW00014664,1962-07-24,Female
NASAW00014665,2005-11-26,Male
NASAW00014666,1959-07-18,Male
NASAW00014667,1952-09-19,Male
NASAW00014668,1963-04-06,Female
NASAW00014669,1945-06-21,Female
NASAW00014670,1995-12-26,Male
NASAW00014671,1975-07-27,Female
NASAW00014672,1962-01-22,Female
NASAW00014673,1989-12-07,Male
NASAW00014674,1951-01-10,Female
NASAW00014675,1951-05-12,Male
NASAW00014676,1991-05-29,Male
NASAW00014677,1989-09-28,Female
NASAW00014678,1947-01-09,Female
NASAW00014679,1967-07-22,Female
NASAW00014680,1951-02-05,Male
NASAW00014681,1970-11-05,Male
NASAW00014682,1991-06-14,Female
NASAW00014683,1980-10-25,Male
NASAW00014684,1997-04-14,Female
NASAW00014685,2003-08-10,M
NASAW00014686,1982-10-22,Female
NASAW00014687,1950-05-01,Female
NASAW00014688,2004-07-06,Male
NASAW00014689,1966-02-20,Male
NASAW00014690,1976-01-11,Female
NASAW00014691,1998-08-31,Male
NASAW00014692,1994-06-22,Male
NASAW00014693,1969-04-09,Male
NASAW00014694,1948-03-12,Male
NASAW00014695,2003-05-07,Female
NASAW00014696,1972-03-22,Male
NASAW00014697,1946-12-04,Male
NASAW00014698,1962-08-08,Female
NASAW00014699,2006-03-07,Male
NASAW00014700,1994-07-27,Female
NASAW00014701,1978-11-05,Female
NASAW00014702,1983-04-18,Male
NASAW00014703,1984-04-16,Female
NASAW00014704,1976-07-24,Female
NASAW00014705,1950-03-14,Male
NASAW00014706,1997-10-22,F
NASAW00014707,1993-02-08,Male
NASAW00014708,1967-06-04,Male
NASAW00014709,1950-01-31,Male
NASAW00014710,1970-05-10,Female
NASAW00014711,1999-01-17,Male
NASAW00014712,1971-03-27,Female
NASAW00014713,1987-12-13,Male
NASAW00014714,1951-11-08,Male
NASAW00014715,1989-05-27,Female
NASAW00014716,1964-10-06,Female
NASAW00014717,1977-12-02,Female
NASAW00014718,2003-08-23,Female
NASAW00014719,1973-08-10,Male
NASAW00014720,1949-11-05,Female
NASAW00014721,2000-10-16,Male
NASAW00014722,1963-04-07,Male
NASAW00014723,1972-05-11,Male
NASAW00014724,1956-01-06,Male
NASAW00014725,1948-03-21,Female
NASAW00014726,2003-04-23,Male
NASAW00014727,1946-11-29,Male
NASAW00014728,1969-04-02,Female
NASAW00014729,1971-12-14,Male
NASAW00014730,1950-05-11,Female
NASAW00014731,1989-06-10,F
NASAW00014732,1979-07-06,Male
NASAW00014733,1963-06-17,Female
NASAW00014734,1992-10-09,Female
NASAW00014735,1947-10-23,Female
NASAW00014736,1947-05-02,Female
NASAW00014737,1968-07-21,Male
NASAW00014738,1947-06-16,Female
NASAW00014739,1983-05-11,Male
NASAW00014740,1954-10-19,Female
NASAW00014741,1992-12-23,Female
NASAW00014742,1959-08-02,Female
NASAW00014743,1966-05-17,Male
NASAW00014744,1970-03-08,Female
NASAW00014745,1952-09-03,Female
NASAW00014746,1975-04-14,Male
NASAW00014747,2000-03-23,Female
NASAW00014748,2004-02-22,Male
NASAW00014749,1956-02-26,Female
NASAW00014750,1968-09-24,Female
NASAW00014751,1986-07-07,Male
NASAW00014752,1986-11-06,M
NASAW00014753,1988-01-31,Male
NASAW00014754,1981-08-29,Male
NASAW00014755,1969-10-20,Female
NASAW00014756,1950-09-30,Female
NASAW00014757,1969-10-10,Female
NASAW00014758,1956-05-31,Male
NASAW00014759,1958-03-07,Male
NASAW00014760,1965-11-16,Male
NASAW00014761,1961-07-13,Female
NASAW00014762,1997-01-09,Male
NASAW00014763,1950-06-16,Female
NASAW00014764,1968-02-05,
NASAW00014765,1976-09-13,Male
NASAW00014766,1998-11-18,Male
NASAW00014767,1951-12-14,Male
NASAW00014768,1990-11-06,Male
NASAW00014769,1974-03-25,Female
NASAW00014770,1951-05-29,Female
NASAW00014771,1957-11-02,male
NASAW00014772,1977-04-28,Female
NASAW00014773,2003-06-30,Female
NASAW00014774,2000-10-17,M
NASAW00014775,1949-01-01,Male
NASAW00014776,1998-01-16,male
NASAW00014777,1963-12-22,Female
NASAW00014778,1964-04-11,Male
NASAW00014779,2003-12-13,Female
NASAW00014780,2003-03-31,Male
NASAW00014781,1965-02-24,Female
NASAW00014782,1993-05-09,Male
NASAW00014783,1999-06-20,Female
NASAW00014784,1973-06-08,Female
NASAW00014785,1966-11-23,Female
NASAW00014786,1965-09-18,Male
NASAW00014787,1966-08-17,Female
NASAW00014788,1977-06-20,Male
NASAW00014789,1977-07-03,Male
NASAW00014790,1985-04-12,Male
NASAW00014791,1996-01-30,Male
NASAW00014792,1993-03-26,Female
NASAW00014793,2005-06-24,Male
NASAW00014794,1999-04-30,Female
NASAW00014795,1975-08-24,Male
NASAW00014796,1981-08-25,Male
NASAW00014797,1996-09-04,Male
NASAW00014798,1961-02-21,Male
NASAW00014799,1959-12-18,Female
NASAW00014800,1994-10-03,Female
NASAW00014801,1954-01-23,Male
NASAW00014802,1983-09-15,Female
NASAW00014803,1951-07-21,Female
NASAW00014804,1982-11-22,Female
NASAW00014805,1994-12-19,Female
NASAW00014806,1955-09-06,Female
NASAW00014807,1998-01-24,Male
NASAW00014808,1949-01-22,Female
NASAW00014809,1985-04-10,Female
NASAW00014810,1984-02-02,Female
NASAW00014811,1957-01-28,Male
NASAW00014812,1958-08-30,Female
NASAW00014813,2005-06-17,Female
NASAW00014814,1973-10-01,Female
NASAW00014815,1953-09-11,Female
NASAW00014816,1975-08-09,Female
NASAW00014817,1970-08-05,Female
NASAW00014818,1961-01-03,Male
NASAW00014819,1963-11-26,Female
NASAW00014820,1996-08-07,Female
NASAW00014821,1953-12-04,Male
NASAW00014822,1955-08-21,Female
NASAW00014823,1984-05-18,Male
NASAW00014824,1970-11-18,Female
NASAW00014825,1999-05-20,Male
NASAW00014826,2004-10-15,Male
NASAW00014827,1963-07-23,Male
NASAW00014828,1947-06-16,Male
NASAW00014829,1993-06-07,Male
NASAW00014830,1945-08-07,Male
NASAW00014831,1978-02-26,Female
NASAW00014832,1984-11-28,Female
NASAW00014833,1971-06-18,Male
NASAW00014834,1984-11-14,Female
NASAW00014835,1968-08-07,Male
NASAW00014836,1969-12-25,Male
NASAW00014837,1976-09-25,Male
NASAW00014838,1951-09-03,Female
NASAW00014839,1969-10-09,Male
NASAW00014840,2006-09-20,Male
NASAW00014841,1983-11-18,Female
NASAW00014842,1962-01-30,Male
NASAW00014843,2001-12-04,Male
NASAW00014844,1957-04-13,Male
NASAW00014845,2005-05-30,Female
NASAW00014846,1958-08-03,Male
NASAW00014847,1989-07-25,Male
NASAW00014848,2001-12-13,Male
NASAW00014849,1945-04-15,Female
NASAW00014850,1995-01-14,Male
NASAW00014851,1948-06-25,Female
NASAW00014852,2000-01-12,Male
NASAW00014853,2002-03-19,Male
NASAW00014854,1971-12-04,Female
NASAW00014855,2004-12-05,Female
NASAW00014856,1998-08-21,Female
NASAW00014857,1971-07-04,Male
NASAW00014858,1970-10-10,Female
NASAW00014859,1974-03-12,Female
NASAW00014860,1955-05-24,Female
NASAW00014861,2004-04-07,Female
NASAW00014862,1956-06-28,Female
NASAW00014863,1988-11-20,Male
NASAW00014864,1947-08-08,Male
NASAW00014865,1981-09-11,Female
NASAW00014866,1968-06-21,Female
NASAW00014867,1980-02-11,Female
NASAW00014868,1980-10-07,Male
NASAW00014869,1969-01-27,Male
NASAW00014870,1975-06-28,Male
NASAW00014871,1972-09-05,Male
NASAW00014872,1996-05-12,Male
NASAW00014873,2001-02-05,Female
NASAW00014874,1956-08-05,Male
NASAW00014875,1946-11-23,Male
NASAW00014876,1974-11-26,Male
NASAW00014877,2003-10-04,Male
NASAW00014878,1977-06-27,Male
NASAW00014879,1993-01-22,Male
NASAW00014880,1971-01-13,Female
NASAW00014881,1974-09-28,Male
NASAW00014882,1946-03-23,Male
NASAW00014883,1992-03-29,Female
NASAW00014884,1988-07-03,Female
NASAW00014885,1972-01-18,female
NASAW00014886,2006-09-24,Female
NASAW00014887,1956-02-04,Female
NASAW00014888,2003-10-16,Female
NASAW00014889,1952-08-14,Female
NASAW00014890,1946-10-23,
NASAW00014891,1993-08-07,Male
NASAW00014892,1953-07-29,Female
NASAW00014893,1962-06-07,Female
NASAW00014894,1974-01-16,Male
NASAW00014895,1972-02-09,Male
NASAW00014896,1953-12-11,Female
NASAW00014897,1978-10-14,Male
NASAW00014898,1964-12-09,Female
NASAW00014899,1988-05-13,Male
NASAW00014900,1979-04-23,F
NASAW00014901,1980-04-25,Male
NASAW00014902,1985-07-29,Male
NASAW00014903,1980-08-25,Female
NASAW00014904,1978-03-07,Male
NASAW00014905,2002-09-02,Male
NASAW00014906,2001-07-07,Male
NASAW00014907,1995-04-28,Female
NASAW00014908,1998-03-28,Male
NASAW00014909,1981-03-04,Female
NASAW00014910,1991-12-16,Male
NASAW00014911,1950-04-16,Female
NASAW00014912,1981-12-13,Female
NASAW00014913,1958-07-07,female
NASAW00014914,1995-09-20,Male
NASAW00014915,1969-01-21,Female
NASAW00014916,1993-12-12,Male
NASAW00014917,1973-11-15,Female
NASAW00014918,1991-02-25,Male
NASAW00014919,1954-06-05,Male
NASAW00014920,1978-09-15,Male
NASAW00014921,1959-07-18,Male
NASAW00014922,1959-11-29,Male
NASAW00014923,1948-07-03,Female
NASAW00014924,1960-04-26,Female
NASAW00014925,1957-07-20,Female
NASAW00014926,1980-10-31,Male
NASAW00014927,1984-01-26,Female
NASAW00014928,1991-11-16,Female
NASAW00014929,1995-08-01,Male
NASAW00014930,1971-01-14,Male
NASAW00014931,2000-02-01,Female
NASAW00014932,1991-08-07,Female
NASAW00014933,1986-07-12,Female
NASAW00014934,1957-02-21,Female
NASAW00014935,1945-11-18,Male
NASAW00014936,1958-06-28,Male
NASAW00014937,1972-12-23,Male
NASAW00014938,1953-06-03,Female
NASAW00014939,1953-07-01,Female
NASAW00014940,1998-05-02,Female
NASAW00014941,2002-02-02,Male
NASAW00014942,1975-12-13,Male
NASAW00014943,1969-08-20,Female
NASAW00014944,1997-06-08,Female
NASAW00014945,2001-01-10,Female
NASAW00014946,1995-05-05,Male
NASAW00014947,1951-12-14,Male
NASAW00014948,1964-06-02,Female
NASAW00014949,1995-07-28,Female
NASAW00014950,1974-08-15,Female
NASAW00014951,2000-04-03,Female
NASAW00014952,1963-10-12,Male
NASAW00014953,1964-06-02,Male
NASAW00014954,1957-11-10,Male
NASAW00014955,1974-01-04,Male
NASAW00014956,1957-04-16,Female
NASAW00014957,1983-03-02,Female
NASAW00014958,1972-02-23,Male
NASAW00014959,1966-08-08,Female
NASAW00014960,1979-08-04,Female
NASAW00014961,1972-12-20,Female
NASAW00014962,1992-08-11,Male
NASAW00014963,1959-11-27,Female
NASAW00014964,1957-10-27,Female
NASAW00014965,1988-12-20,Female
NASAW00014966,2006-06-28,Female
NASAW00014967,2003-07-03,Male
NASAW00014968,1977-10-22,Female
NASAW00014969,1983-01-18,Male
NASAW00014970,1979-04-25,Male
NASAW00014971,1962-07-28,Male
NASAW00014972,1945-07-03,Female
NASAW00014973,1953-06-11,Female
NASAW00014974,1990-02-09,Female
NASAW00014975,1948-01-04,Female
NASAW00014976,1980-09-25,Female
NASAW00014977,1969-08-07,Male
NASAW00014978,1987-03-29,Female
NASAW00014979,1988-12-27,Male
NASAW00014980,1948-06-05,Male
NASAW00014981,1960-11-14,Male
NASAW00014982,1952-06-06,Male
NASAW00014983,1950-01-11,Male
NASAW00014984,1973-03-11,Female
NASAW00014985,1962-06-03,Male
NASAW00014986,1974-11-05,Female
NASAW00014987,1960-03-07,Female
NASAW00014988,1991-04-29,female
NASAW00014989,1981-03-04,Male
NASAW00014990,1950-10-30,Male
NASAW00014991,1968-12-03,Female
NASAW00014992,1948-12-29,Male
NASAW00014993,2006-10-15,Male
NASAW00014994,2001-12-30,Male
NASAW00014995,,Female
NASAW00014996,1955-07-25,Male
NASAW00014997,1995-10-18,Male
NASAW00014998,1955-06-07,Male
NASAW00014999,1952-10-02,Male
NASAW00015000,1960-03-11,Male
NASAW00015001,2002-03-27,Male
NASAW00015002,1967-02-19,Male
NASAW00015003,1956-11-28,Female
NASAW00015004,1970-10-03,Male
NASAW00015005,1995-09-11,Male
NASAW00015006,1961-11-21,Male
NASAW00015007,1960-11-21,Female
NASAW00015008,1984-06-09,Female
NASAW00015009,1976-11-11,Female
NASAW00015010,2002-08-01,Male
NASAW00015011,1948-04-18,Female
NASAW00015012,1958-12-21,Male
NASAW00015013,1983-12-04,Female
NASAW00015014,1963-08-12,Female
NASAW00015015,1953-02-21,Male
NASAW00015016,1968-03-02,Female
NASAW00015017,1947-10-28,Male
NASAW00015018,1987-08-20,Female
NASAW00015019,1978-05-26,Male
NASAW00015020,1973-12-03,Female
NASAW00015021,1945-09-16,Female
NASAW00015022,1975-01-11,Male
NASAW00015023,1961-10-15,Female
NASAW00015024,1959-08-08,Male
NASAW00015025,1946-12-14,Female
NASAW00015026,1998-04-03,Female
NASAW00015027,1980-10-29,Male
NASAW00015028,1967-08-30,Female
NASAW00015029,1988-04-17,Female
NASAW00015030,1948-08-07,Male
NASAW00015031,1990-06-26,Female
NASAW00015032,1969-03-02,Female
NASAW00015033,1998-03-17,male
NASAW00015034,1959-12-06,Male
NASAW00015035,1995-12-16,Male
NASAW00015036,2004-07-08,Male
NASAW00015037,1953-02-10,Male
NASAW00015038,1976-01-20,Male
NASAW00015039,1986-04-28,Female
NASAW00015040,1962-12-24,Female
NASAW00015041,1972-08-04,Male
NASAW00015042,1963-03-30,Male
NASAW00015043,1958-10-30,Female
NASAW00015044,1945-06-12,Female
NASAW00015045,1953-12-18,Female
NASAW00015046,1964-01-24,Female
NASAW00015047,1986-08-01,Male
NASAW00015048,1979-10-10,Male
NASAW00015049,1980-11-16,Female
NASAW00015050,2005-07-15,Female
NASAW00015051,1998-07-22,Male
NASAW00015052,1976-02-14,Male
NASAW00015053,1964-11-21,Male
NASAW00015054,1966-02-05,Female
NASAW00015055,1989-12-27,Female
NASAW00015056,1951-12-07,Male
NASAW00015057,1989-11-08,Male
NASAW00015058,1972-02-02,Female
NASAW00015059,1979-06-17,Female
NASAW00015060,1958-07-11,Female
NASAW00015061,2005-08-01,Male
NASAW00015062,1968-06-02,Female
NASAW00015063,1961-02-08,Male
NASAW00015064,1986-09-17,Female
NASAW00015065,2006-07-20,Female
NASAW00015066,1946-02-05,Male
NASAW00015067,1996-07-23,Female
NASAW00015068,1946-01-15,Female
NASAW00015069,1982-11-26,Female
NASAW00015070,1983-02-16,Male
NASAW00015071,1999-02-26,Female
NASAW00015072,1990-01-16,Female
NASAW00015073,1975-01-23,Female
NASAW00015074,1955-01-08,Female
NASAW00015075,1992-09-14,Male
NASAW00015076,1958-06-29,female
NASAW00015077,1997-12-12,Female
NASAW00015078,1984-01-07,Female
NASAW00015079,1948-07-29,Female
NASAW00015080,1986-04-17,Female
NASAW00015081,1967-08-22,Female
NASAW00015082,1947-02-11,Male
NASAW00015083,1971-04-23,Male
NASAW00015084,1985-01-30,Male
NASAW00015085,1998-06-14,Male
NASAW00015086,1992-08-30,Male
NASAW00015087,1960-09-21,Male
NASAW00015088,1956-04-23,Female
NASAW00015089,1983-09-05,Female
NASAW00015090,1986-02-03,Male
NASAW00015091,1991-12-21,Male
NASAW00015092,1951-11-13,Male
NASAW00015093,1958-03-02,Male
NASAW00015094,1979-04-07,Male
NASAW00015095,1975-04-22,Female
NASAW00015096,1982-11-28,Male
NASAW00015097,1968-01-17,Male
NASAW00015098,1983-11-20,Male
NASAW00015099,1996-03-21,Female
NASAW00015100,2000-03-24,Male
NASAW00015101,1949-05-20,Female
NASAW00015102,1964-04-22,Female
NASAW00015103,1969-08-27,Male
NASAW00015104,1969-11-02,Male
NASAW00015105,,Male
NASAW00015106,2005-11-05,Male
NASAW00015107,1981-07-13,Female
NASAW00015108,2003-12-18,Female
NASAW00015109,1986-06-28,Female
NASAW00015110,1953-09-19,Male
NASAW00015111,1974-02-14,Female
NASAW00015112,1999-09-01,Female
NASAW00015113,2001-12-13,Female
NASAW00015114,1987-09-02,Male
NASAW00015115,1975-10-08,Female
NASAW00015116,1984-11-13,Female
NASAW00015117,1963-11-25,Male
NASAW00015118,2005-05-18,Female
NASAW00015119,1947-11-24,Male
NASAW00015120,2001-08-24,Female
NASAW00015121,1952-06-15,Female
NASAW00015122,1972-04-11,Female
NASAW00015123,1985-07-04,Male
NASAW00015124,1958-12-27,Male
NASAW00015125,2001-01-02,Female
NASAW00015126,1982-04-08,Male
NASAW00015127,1970-06-21,Female
NASAW00015128,1966-01-22,Male
NASAW00015129,1978-12-14,Male
NASAW00015130,1953-09-13,Male
NASAW00015131,1954-12-05,Male
NASAW00015132,1959-04-11,Female
NASAW00015133,1994-05-08,Male
NASAW00015134,1982-07-08,Female
NASAW00015135,1973-08-28,Male
NASAW00015136,2004-08-04,Female
NASAW00015137,1990-01-24,Female
NASAW00015138,1965-03-13,Female
NASAW00015139,1986-08-15,Female
NASAW00015140,1959-01-31,Male
NASAW00015141,1980-11-21,Female
NASAW00015142,1986-08-19,Male
NASAW00015143,1979-05-24,Female
NASAW00015144,1982-07-11,Male
NASAW00015145,2000-07-10,Male
NASAW00015146,1998-10-16,Female
NASAW00015147,1947-01-19,Male
NASAW00015148,1959-12-08,Female
NASAW00015149,2006-05-26,Female
NASAW00015150,1947-01-15,Female
NASAW00015151,1994-07-12,Male
NASAW00015152,1959-06-25,Male
NASAW00015153,1960-09-20,Male
NASAW00015154,1973-12-15,Male
NASAW00015155,1947-10-10,Female
NASAW00015156,1986-03-13,Female
NASAW00015157,1966-09-14,Female
NASAW00015158,1989-11-17,Female
NASAW00015159,1959-04-16,Male
NASAW00015160,1945-08-14,Female
NASAW00015161,1991-08-19,Female
NASAW00015162,1951-04-25,Female
NASAW00015163,1993-03-17,Male
NASAW00015164,1984-05-05,Male
NASAW00015165,1971-04-14,Male
NASAW00015166,1977-08-08,Female
NASAW00015167,1983-06-14,Male
NASAW00015168,1958-02-05,Male
NASAW00015169,1960-02-28,Female
NASAW00015170,1957-09-26,Female
NASAW00015171,1963-11-07,Female
NASAW00015172,2002-08-08,Female
NASAW00015173,1989-02-06,Female
NASAW00015174,1975-09-22,Female
NASAW00015175,1974-09-01,Female
NASAW00015176,1995-12-24,Male
NASAW00015177,1957-07-25,Female
NASAW00015178,1947-05-01,Female
NASAW00015179,1995-07-24,Female
NASAW00015180,1972-07-06,Male
NASAW00015181,1995-12-05,Female
NASAW00015182,1984-06-18,Male
NASAW00015183,1956-07-14,Female
NASAW00015184,1979-06-22,Male
NASAW00015185,1947-07-07,Female
NASAW00015186,1958-04-24,Female
NASAW00015187,1977-09-02,Female
NASAW00015188,1987-10-17,Male
NASAW00015189,1975-11-19,Female
NASAW00015190,1991-12-14,Female
NASAW00015191,2003-03-04,Female
NASAW00015192,1960-09-26,Female
NASAW00015193,1946-04-12,Male
NASAW00015194,1975-09-19,Male
NASAW00015195,1965-02-15,Male
NASAW00015196,2003-04-26,Female
NASAW00015197,1986-03-18,Male
NASAW00015198,1992-01-09,Male
NASAW00015199,1977-08-14,Female
NASAW00015200,2001-03-13,Female
NASAW00015201,1990-07-11,Male
NASAW00015202,1950-01-09,Male
NASAW00015203,1966-12-15,Male
NASAW00015204,2006-11-17,Male
NASAW00015205,1965-06-27,Female
NASAW00015206,1960-12-02,Female
NASAW00015207,1994-07-10,Male
NASAW00015208,1950-09-18,Male
NASAW00015209,1991-11-19,Male
NASAW00015210,1965-06-02,Female
NASAW00015211,1986-08-27,Male
NASAW00015212,1973-08-10,Male
NASAW00015213,1962-08-16,Female
NASAW00015214,1952-06-25,Male
NASAW00015215,1993-08-29,Female
NASAW00015216,1971-11-30,Female
NASAW00015217,1955-01-03,Female
NASAW00015218,2002-08-27,Female
NASAW00015219,1945-01-17,Female
NASAW00015220,1998-12-14,Male
NASAW00015221,1974-06-26,Female
NASAW00015222,2002-11-22,Male
NASAW00015223,1975-08-10,Female
NASAW00015224,2001-02-26,Male
NASAW00015225,1988-09-29,male
NASAW00015226,1987-03-19,Male
NASAW00015227,1950-11-19,Female
NASAW00015228,1953-06-26,Female
NASAW00015229,1975-09-21,Male
NASAW00015230,1962-05-15,Male
NASAW00015231,1964-02-17,Female
NASAW00015232,1973-09-17,Female
NASAW00015233,1954-03-27,Male
NASAW00015234,1996-03-24,Female
NASAW00015235,1959-01-12,Female
NASAW00015236,1960-05-30,Male
NASAW00015237,1974-03-21,Female
NASAW00015238,2003-08-18,Female
NASAW00015239,1969-03-03,Female
NASAW00015240,1987-05-06,Female
NASAW00015241,1978-04-08,Female
NASAW00015242,1976-10-02,Female
NASAW00015243,1985-05-07,Female
NASAW00015244,1982-06-04,F
NASAW00015245,1949-12-18,Female
NASAW00015246,2002-12-09,Female
NASAW00015247,1969-08-08,female
NASAW00015248,1963-02-22,Female
NASAW00015249,1971-06-13,Male
NASAW00015250,1973-11-16,Female
NASAW00015251,1974-03-22,Male
NASAW00015252,1964-04-15,Female
NASAW00015253,1969-07-31,Male
NASAW00015254,1959-05-24,Female
NASAW00015255,1998-03-13,Male
NASAW00015256,2004-02-28,Female
NASAW00015257,1967-06-01,Female
NASAW00015258,1950-04-28,Female
NASAW00015259,1969-10-07,Female
NASAW00015260,1970-07-02,Male
NASAW00015261,1951-08-22,Female
NASAW00015262,1958-08-14,Female
NASAW00015263,1996-07-03,Male
NASAW00015264,1984-04-26,Female
NASAW00015265,1994-12-11,Female
NASAW00015266,2006-11-12,
NASAW00015267,1951-02-07,Female
NASAW00015268,1977-05-29,Female
NASAW00015269,1964-04-09,Female
NASAW00015270,1965-06-05,Female
NASAW00015271,1962-11-08,Female
NASAW00015272,1967-11-29,Male
NASAW00015273,1957-08-02,Female
NASAW00015274,1983-05-04,Female
NASAW00015275,1949-04-23,Male
NASAW00015276,1990-12-16,Female
NASAW00015277,1947-11-18,Female
NASAW00015278,1993-05-04,Female
NASAW00015279,2001-11-30,Male
NASAW00015280,1995-09-19,Male
NASAW00015281,1992-09-15,Male
NASAW00015282,1996-06-28,Male
NASAW00015283,1951-07-23,Female
NASAW00015284,1969-11-03,Male
NASAW00015285,2003-05-10,Male
NASAW00015286,2003-02-14,Female
NASAW00015287,1992-05-06,Female
NASAW00015288,1946-12-05,Female
NASAW00015289,1945-07-28,Female
NASAW00015290,1946-09-11,M
NASAW00015291,1983-04-28,Male
NASAW00015292,1997-06-05,Female
NASAW00015293,1992-10-05,Male
NASAW00015294,1996-07-15,Male
NASAW00015295,1961-12-11,Male
NASAW00015296,1972-09-04,Male
NASAW00015297,1992-11-09,Male
NASAW00015298,1956-06-04,Male
NASAW00015299,1974-05-19,Male
NASAW00015300,2004-01-18,Female
NASAW00015301,1959-08-26,Female
NASAW00015302,1965-11-26,Male
NASAW00015303,1976-11-17,F
NASAW00015304,1956-01-18,Female
NASAW00015305,1947-04-14,Male
NASAW00015306,1979-02-17,Female
NASAW00015307,1980-10-24,Female
NASAW00015308,1997-12-14,Male
NASAW00015309,1960-09-16,Male
NASAW00015310,1959-08-13,Male
NASAW00015311,1988-11-18,Female
NASAW00015312,1973-06-06,Male
NASAW00015313,1953-02-23,Female
NASAW00015314,1987-11-19,Male
NASAW00015315,1985-12-30,F
NASAW00015316,1982-09-07,Male
NASAW00015317,1976-10-27,Female
NASAW00015318,1950-11-10,Female
NASAW00015319,1965-07-30,Male
NASAW00015320,2003-05-10,Female
NASAW00015321,1987-04-16,M
NASAW00015322,2003-01-29,Male
NASAW00015323,1957-08-17,Male
NASAW00015324,1995-08-27,male
NASAW00015325,1958-12-22,Female
NASAW00015326,1948-07-01,Male
NASAW00015327,2004-04-19,Female
NASAW00015328,1959-02-17,Male
NASAW00015329,1991-07-12,Male
NASAW00015330,1977-10-02,Male
NASAW00015331,1959-07-27,Female
NASAW00015332,1972-06-17,Female
NASAW00015333,1968-10-16,Male
NASAW00015334,1947-04-27,Female
NASAW00015335,1948-01-27,Male
NASAW00015336,1981-07-29,Female
NASAW00015337,1998-09-11,Male
NASAW00015338,1959-03-11,Female
NASAW00015339,1964-12-24,Male
NASAW00015340,1955-02-01,Female
NASAW00015341,1982-03-29,Female
NASAW00015342,1957-01-22,Male
NASAW00015343,1972-12-09,Female
NASAW00015344,1956-07-02,Female
NASAW00015345,2000-01-19,Male
NASAW00015346,1987-11-13,Male
NASAW00015347,1956-04-16,Male
NASAW00015348,1957-10-17,Male
NASAW00015349,1953-07-04,Female
NASAW00015350,2000-03-05,Male
NASAW00015351,1967-06-28,Female
NASAW00015352,1974-06-26,Female
NASAW00015353,2004-12-17,Female
NASAW00015354,1956-10-25,Female
NASAW00015355,2004-04-27,Male
NASAW00015356,1979-07-18,Male
NASAW00015357,1961-05-06,female
NASAW00015358,1948-01-23,Male
NASAW00015359,1959-07-11,Male
NASAW00015360,1996-04-29,Female
NASAW00015361,1961-11-05,Female
NASAW00015362,1985-07-24,Female
NASAW00015363,2000-09-28,Female
NASAW00015364,1955-07-28,Female
NASAW00015365,1975-04-05,Male
NASAW00015366,1967-11-27,Female
NASAW00015367,1994-03-31,Male
NASAW00015368,2004-12-06,Female
NASAW00015369,1950-08-31,Female
NASAW00015370,2002-08-16,male
NASAW00015371,1956-04-29,Female
NASAW00015372,1954-12-21,Female
NASAW00015373,1956-05-01,Female
NASAW00015374,1985-08-08,Male
NASAW00015375,1990-04-13,Male
NASAW00015376,1957-09-18,Male
NASAW00015377,1946-07-02,Female
NASAW00015378,1992-02-26,Male
NASAW00015379,1995-07-02,Male
NASAW00015380,1992-10-31,Male
NASAW00015381,1992-08-17,Male
NASAW00015382,1953-12-26,Male
NASAW00015383,1958-08-23,Female
NASAW00015384,1963-02-21,Female
NASAW00015385,1971-08-08,Female
NASAW00015386,1987-10-03,Male
NASAW00015387,1971-12-01,M
NASAW00015388,1994-11-11,Male
NASAW00015389,2000-01-03,Male
NASAW00015390,1950-04-25,Male
NASAW00015391,1957-11-25,Male
NASAW00015392,1966-10-03,Male
NASAW00015393,2002-12-18,Male
NASAW00015394,1967-04-21,Male
NASAW00015395,1965-04-21,Female
NASAW00015396,1957-08-07,Male
NASAW00015397,1997-07-26,Male
NASAW00015398,1963-06-20,Female
NASAW00015399,1974-05-19,Male
NASAW00015400,1991-09-16,Male
NASAW00015401,2001-05-23,Male
NASAW00015402,2004-04-01,Male
NASAW00015403,1993-07-23,Female
NASAW00015404,1958-10-15,Female
NASAW00015405,1969-05-31,Male
NASAW00015406,1979-03-25,Female
NASAW00015407,1955-02-15,Female
NASAW00015408,1997-06-25,Female
NASAW00015409,1971-02-12,Male
NASAW00015410,1952-12-12,Female
NASAW00015411,1966-08-25,Female
NASAW00015412,1983-10-20,Male
NASAW00015413,1970-02-20,Female
NASAW00015414,1967-07-31,Female
NASAW00015415,1982-08-25,Female
NASAW00015416,1976-12-31,Male
NASAW00015417,1988-07-24,Female
NASAW00015418,1964-11-11,Female
NASAW00015419,1954-04-30,Female
NASAW00015420,1995-04-21,Female
NASAW00015421,1999-06-04,Female
NASAW00015422,1948-10-11,Male
NASAW00015423,1996-08-23,Male
NASAW00015424,1977-05-12,Female
NASAW00015425,1980-04-29,Male
NASAW00015426,1976-02-28,Female
NASAW00015427,1986-05-03,Male
NASAW00015428,1980-10-08,Female
NASAW00015429,2005-01-10,Male
NASAW00015430,1995-11-12,Female
NASAW00015431,1953-11-12,Female
NASAW00015432,1947-07-19,Female
NASAW00015433,1977-03-04,Female
NASAW00015434,1976-08-12,Male
NASAW00015435,1969-10-26,Male
NASAW00015436,1974-02-11,Female
NASAW00015437,1959-05-30,Female
NASAW00015438,1981-01-02,Male
NASAW00015439,1989-11-04,Female
NASAW00015440,1976-07-24,Male
NASAW00015441,1900-01-01,Male
NASAW00015442,1953-02-11,Female
NASAW00015443,2000-10-14,Male
NASAW00015444,1979-05-03,Female
NASAW00015445,1976-06-15,Female
NASAW00015446,1977-06-06,Male
NASAW00015447,1973-12-16,Female
NASAW00015448,1997-03-14,Female
NASAW00015449,1995-03-27,Female
NASAW00015450,2000-06-27,Male
NASAW00015451,1953-05-18,Female
NASAW00015452,1968-08-18,Female
NASAW00015453,1992-10-20,Male
NASAW00015454,1979-07-25,Female
NASAW00015455,2000-01-13,Male
NASAW00015456,1974-01-20,Female
NASAW00015457,1948-08-29,Male
NASAW00015458,2004-11-20,Male
NASAW00015459,1989-05-13,Male
NASAW00015460,1967-01-05,Female
NASAW00015461,2003-02-16,Male
NASAW00015462,1946-02-11,Male
NASAW00015463,1999-12-05,Female
NASAW00015464,1982-03-11,Male
NASAW00015465,1981-12-29,Female
NASAW00015466,2001-04-10,Female
NASAW00015467,1968-06-17,Female
NASAW00015468,1968-08-24,Female
NASAW00015469,1966-01-21,Female
NASAW00015470,1951-11-30,Male
NASAW00015471,1973-11-10,Male
NASAW00015472,1993-04-17,Male
NASAW00015473,1990-07-12,Female
NASAW00015474,1954-05-28,Male
NASAW00015475,1976-04-02,Male
NASAW00015476,1986-09-29,Male
NASAW00015477,1986-04-17,Female
NASAW00015478,1998-01-10,Male
NASAW00015479,1946-12-26,Male
NASAW00015480,1976-03-09,Male
NASAW00015481,1950-09-21,Male
NASAW00015482,1969-10-08,Male
NASAW00015483,1998-08-17,Male
NASAW00015484,,Female
NASAW00015485,1972-10-18,Female
NASAW00015486,1974-08-27,Female
NASAW00015487,1957-12-10,Female
NASAW00015488,1945-08-11,Male
NASAW00015489,1977-02-24,Male
NASAW00015490,2000-01-27,Female
NASAW00015491,1959-06-19,Male
NASAW00015492,1998-12-19,Male
NASAW00015493,1961-04-05,F
NASAW00015494,1955-09-21,Male
NASAW00015495,1981-03-16,Female
NASAW00015496,1981-07-26,Female
NASAW00015497,1957-06-05,Male
NASAW00015498,1953-08-08,Male
NASAW00015499,1983-08-12,Female
NASAW00015500,1953-02-21,Female
NASAW00015501,1962-12-31,Male
NASAW00015502,1975-06-24,Male
NASAW00015503,1992-01-01,Male
NASAW00015504,1994-12-25,Female
NASAW00015505,1953-07-27,Male
NASAW00015506,1945-06-02,Female
NASAW00015507,1947-06-26,Female
NASAW00015508,1951-03-24,Male
NASAW00015509,2002-02-07,Male
NASAW00015510,1993-01-06,Female
NASAW00015511,1953-09-13,Male
NASAW00015512,1998-10-21,Male
NASAW00015513,1984-07-15,Male
NASAW00015514,1990-07-08,Female
NASAW00015515,1947-09-22,Male
NASAW00015516,1972-12-17,Male
NASAW00015517,1976-04-25,Male
NASAW00015518,1953-12-12,Male
NASAW00015519,2000-01-06,Female
NASAW00015520,2004-01-29,Female
NASAW00015521,1985-03-09,Male
NASAW00015522,1975-05-10,Male
NASAW00015523,1966-06-26,Female
NASAW00015524,1961-11-24,Male
NASAW00015525,1977-02-23,Female
NASAW00015526,2004-03-07,Male
NASAW00015527,1991-08-22,Female
NASAW00015528,1992-04-23,Female
NASAW00015529,1994-01-07,Female
NASAW00015530,1973-09-27,Male
NASAW00015531,1971-04-14,Female
NASAW00015532,1981-04-08,Male
NASAW00015533,1989-01-01,Male
NASAW00015534,1973-11-05,Female
NASAW00015535,1972-06-11,Female
NASAW00015536,2006-05-16,Male
NASAW00015537,1961-11-15,Female
NASAW00015538,1997-09-15,Male
NASAW00015539,2002-07-03,Male
NASAW00015540,1992-12-07,M
NASAW00015541,1979-07-14,Male
NASAW00015542,2006-05-19,Male
NASAW00015543,1990-08-23,Male
NASAW00015544,1964-03-30,Male
NASAW00015545,1964-11-17,Male
NASAW00015546,1963-04-08,Male
NASAW00015547,1949-01-22,Male
NASAW00015548,2006-11-06,Female
NASAW00015549,1945-06-05,Female
NASAW00015550,1960-11-19,Male
NASAW00015551,1978-05-10,Female
NASAW00015552,1949-01-06,Male
NASAW00015553,2000-10-12,Female
NASAW00015554,2006-01-16,Female
NASAW00015555,1963-05-20,Female
NASAW00015556,1981-09-17,Female
NASAW00015557,1982-02-10,Male
NASAW00015558,1988-10-19,Male
NASAW00015559,2001-03-18,Male
NASAW00015560,1985-04-18,Male
NASAW00015561,1951-04-30,Male
NASAW00015562,1959-04-05,Female
NASAW00015563,1950-12-20,Female
NASAW00015564,1960-01-07,Female
NASAW00015565,2006-02-01,Female
NASAW00015566,1970-07-21,Female
NASAW00015567,1996-02-24,Male
NASAW00015568,1980-06-06,Male
NASAW00015569,1952-10-05,Female
NASAW00015570,1963-01-06,Male
NASAW00015571,1987-01-27,Male
NASAW00015572,1965-07-07,F
NASAW00015573,1961-07-20,Male
NASAW00015574,1966-09-09,Female
NASAW00015575,1984-04-21,Female
NASAW00015576,1998-07-24,Male
NASAW00015577,1963-11-18,Male
NASAW00015578,1996-01-12,Female
NASAW00015579,1975-08-17,Female
NASAW00015580,1960-09-30,Male
NASAW00015581,2002-10-16,Female
NASAW00015582,1958-09-26,Male
NASAW00015583,1965-03-17,Male
NASAW00015584,1975-02-19,Female
NASAW00015585,1947-04-10,Male
NASAW00015586,1967-01-19,Female
NASAW00015587,1994-12-16,Female
NASAW00015588,1950-02-02,Male
NASAW00015589,1981-10-11,Male
NASAW00015590,2000-06-30,Female
NASAW00015591,1978-03-25,Male
NASAW00015592,2006-05-24,Female
NASAW00015593,1945-04-23,Female
NASAW00015594,1995-11-12,Male
NASAW00015595,2001-05-14,male
NASAW00015596,1951-08-20,
NASAW00015597,1987-09-29,Female
NASAW00015598,1970-05-05,Female
NASAW00015599,1985-05-05,Male
NASAW00015600,2006-04-07,Female
NASAW00015601,1975-12-19,Female
NASAW00015602,1987-12-27,Male
NASAW00015603,1985-10-01,Female
NASAW00015604,1965-01-30,Male
NASAW00015605,1979-11-07,Male
NASAW00015606,1978-01-09,Female
NASAW00015607,1971-11-26,Female
NASAW00015608,1981-10-26,Male
NASAW00015609,1981-02-01,Female
NASAW00015610,1963-09-03,Female
NASAW00015611,1982-06-24,Female
NASAW00015612,1984-10-28,Female
NASAW00015613,1977-08-14,Female
NASAW00015614,1956-12-10,Male
NASAW00015615,1967-01-27,Male
NASAW00015616,1995-12-29,Female
NASAW00015617,1986-07-28,Female
NASAW00015618,1978-08-17,Male
NASAW00015619,1980-03-30,Male
NASAW00015620,1993-09-13,Female
NASAW00015621,2000-12-11,Male
NASAW00015622,1964-06-26,Male
NASAW00015623,2004-03-07,Female
NASAW00015624,1961-03-06,Male
NASAW00015625,1963-07-11,Male
NASAW00015626,1969-07-10,Male
NASAW00015627,2002-07-13,Male
NASAW00015628,1958-07-09,Female
NASAW00015629,1967-01-17,Male
NASAW00015630,1988-08-30,Male
NASAW00015631,2005-08-31,Male
NASAW00015632,1952-09-10,
NASAW00015633,1949-09-25,Male
NASAW00015634,1973-02-09,Female
NASAW00015635,1963-03-20,Male
NASAW00015636,1972-08-05,Female
NASAW00015637,2000-11-30,Female
NASAW00015638,1987-08-16,Male
NASAW00015639,1970-12-30,Male
NASAW00015640,1958-08-22,Male
NASAW00015641,1992-10-03,Female
NASAW00015642,1959-03-15,Female
NASAW00015643,1970-03-26,Male
NASAW00015644,1955-03-04,Male
NASAW00015645,1984-11-30,Male
NASAW00015646,1957-03-02,Female
NASAW00015647,1979-01-14,Male
NASAW00015648,1997-08-03,Female
NASAW00015649,1984-07-23,Male
NASAW00015650,1985-02-18,Female
NASAW00015651,2005-04-08,Female
NASAW00015652,1952-08-17,Male
NASAW00015653,1960-11-25,Female
NASAW00015654,2005-10-09,Male
NASAW00015655,1954-12-16,Male
NASAW00015656,2001-11-25,Male
NASAW00015657,1976-10-28,Female
NASAW00015658,1946-06-07,Female
NASAW00015659,1960-03-02,Female
NASAW00015660,1962-03-25,Male
NASAW00015661,1988-12-04,Male
NASAW00015662,1949-09-01,Female
NASAW00015663,1968-08-09,Female
NASAW00015664,1975-04-13,Female
NASAW00015665,2004-02-28,Male
NASAW00015666,1956-09-21,Male
NASAW00015667,1996-06-19,F
NASAW00015668,1962-11-29,Female
NASAW00015669,1979-11-05,female
NASAW00015670,1969-04-01,Female
NASAW00015671,1977-11-28,Female
NASAW00015672,1981-07-13,Male
NASAW00015673,1976-01-24,Male
NASAW00015674,1988-11-08,Male
NASAW00015675,1985-05-12,Male
NASAW00015676,2004-10-08,Male
NASAW00015677,1947-01-24,Male
NASAW00015678,1966-10-19,Female
NASAW00015679,1950-10-30,Male
NASAW00015680,1952-11-03,Male
NASAW00015681,1946-03-17,Female
NASAW00015682,2000-05-24,Female
NASAW00015683,2001-08-11,Male
NASAW00015684,1999-12-16,Male
NASAW00015685,1962-11-25,Male
NASAW00015686,1961-08-25,Male
NASAW00015687,1945-05-06,Male
NASAW00015688,1963-11-11,Male
NASAW00015689,1979-09-17,Male
NASAW00015690,1987-09-17,Female
NASAW00015691,1999-04-27,Female
NASAW00015692,1970-11-05,Male
NASAW00015693,1984-09-13,Male
NASAW00015694,1952-02-20,Male
NASAW00015695,1968-08-14,Male
NASAW00015696,1956-02-16,Male
NASAW00015697,1961-11-19,Female
NASAW00015698,1965-06-06,Female
NASAW00015699,1998-12-20,Female
NASAW00015700,1964-07-31,Female
NASAW00015701,1966-08-08,Female
NASAW00015702,1970-04-02,Male
NASAW00015703,1950-07-13,Female
NASAW00015704,1950-06-03,Female
NASAW00015705,1952-03-04,Female
NASAW00015706,1946-01-29,Male
NASAW00015707,1973-07-26,Female
NASAW00015708,2006-02-07,Male
NASAW00015709,1996-01-25,Female
NASAW00015710,1985-06-11,Female
NASAW00015711,1978-03-27,Female
NASAW00015712,1973-02-14,Male
NASAW00015713,1965-06-19,Male
NASAW00015714,2006-12-25,Female
NASAW00015715,1986-06-02,Female
NASAW00015716,1986-08-06,Female
NASAW00015717,1985-07-26,Female
NASAW00015718,1982-08-24,Male
NASAW00015719,1973-06-01,Male
NASAW00015720,1980-11-01,Female
NASAW00015721,2004-05-15,Male
NASAW00015722,1998-03-13,Male
NASAW00015723,1953-07-05,F
NASAW00015724,1958-06-13,Male
NASAW00015725,1946-12-12,Male
NASAW00015726,1972-03-25,Female
NASAW00015727,1965-06-07,Female
NASAW00015728,1983-11-01,Male
NASAW00015729,1988-09-21,Male
NASAW00015730,1976-09-14,Male
NASAW00015731,1974-01-02,Female
NASAW00015732,1957-09-10,Female
NASAW00015733,1964-06-01,Male
NASAW00015734,1972-08-19,Female
NASAW00015735,2001-07-24,Female
NASAW00015736,1999-11-15,Male
NASAW00015737,1992-07-08,Female
NASAW00015738,2006-10-09,Female
NASAW00015739,1995-09-20,Male
NASAW00015740,1946-08-04,Female
NASAW00015741,1967-01-30,Female
NASAW00015742,2006-10-01,Female
NASAW00015743,2001-11-13,Female
NASAW00015744,1970-03-03,Female
NASAW00015745,1962-06-10,Female
NASAW00015746,2001-10-05,Male
NASAW00015747,1998-03-10,Male
NASAW00015748,1988-11-01,Male
NASAW00015749,1973-02-14,Male
NASAW00015750,1979-06-19,Female
NASAW00015751,1952-04-18,Female
NASAW00015752,1999-01-23,Female
NASAW00015753,1951-01-03,Male
NASAW00015754,1969-10-12,Female
NASAW00015755,1950-04-19,Male
NASAW00015756,2001-10-18,M
NASAW00015757,2000-09-06,Male
NASAW00015758,1969-06-21,Female
NASAW00015759,1973-03-09,Male
NASAW00015760,2002-12-10,Male
NASAW00015761,1971-07-10,Male
NASAW00015762,1991-12-20,Female
NASAW00015763,1967-04-09,Female
NASAW00015764,1945-12-24,Male
NASAW00015765,1957-12-04,Male
NASAW00015766,2003-06-18,Female
NASAW00015767,1952-01-24,Male
NASAW00015768,1985-01-27,Male
NASAW00015769,1998-04-12,Female
NASAW00015770,1954-09-01,Female
NASAW00015771,1969-10-04,Female
NASAW00015772,1970-07-20,Male
NASAW00015773,1973-12-17,Male
NASAW00015774,1949-09-14,Female
NASAW00015775,1978-02-02,Female
NASAW00015776,1994-05-10,F
NASAW00015777,2002-12-26,Male
NASAW00015778,1974-04-21,Male
NASAW00015779,2002-09-29,Male
NASAW00015780,1990-11-28,Male
NASAW00015781,1989-07-24,Male
NASAW00015782,1957-07-21,Male
NASAW00015783,1966-01-31,Female
NASAW00015784,1977-01-13,Female
NASAW00015785,1975-10-29,Female
NASAW00015786,1980-12-08,Female
NASAW00015787,2002-08-01,Male
NASAW00015788,1994-03-05,Male
NASAW00015789,1985-03-28,Female
NASAW00015790,1965-05-27,Male
NASAW00015791,1949-09-16,Male
NASAW00015792,1987-12-12,Male
NASAW00015793,1965-11-15,Male
NASAW00015794,1989-11-29,Female
NASAW00015795,2001-11-28,Male
NASAW00015796,1990-10-11,Female
NASAW00015797,1947-02-10,Female
NASAW00015798,1994-05-07,Male
NASAW00015799,1997-11-26,Female
NASAW00015800,1997-04-13,Female
NASAW00015801,1952-03-26,Female
NASAW00015802,1990-09-05,Male
NASAW00015803,1980-08-19,Male
NASAW00015804,2001-04-24,Female
NASAW00015805,1968-10-31,Female
NASAW00015806,1959-05-06,Female
NASAW00015807,1975-01-04,Female
NASAW00015808,1980-03-23,Female
NASAW00015809,1985-07-09,male
NASAW00015810,2003-06-11,Female
NASAW00015811,1963-05-11,Male
NASAW00015812,1979-10-06,Male
NASAW00015813,1962-12-16,Female
NASAW00015814,2006-11-18,Female
NASAW00015815,1977-05-20,Male
NASAW00015816,1995-11-09,Female
NASAW00015817,1964-06-14,Female
NASAW00015818,1946-02-10,Male
NASAW00015819,1974-12-17,Female
NASAW00015820,1974-05-15,Female
NASAW00015821,1998-12-29,Female
NASAW00015822,1988-01-30,Female
NASAW00015823,2004-11-04,Male
NASAW00015824,1951-12-21,Male
NASAW00015825,1947-10-20,Male
NASAW00015826,1969-08-09,Female
NASAW00015827,1984-12-05,Male
NASAW00015828,1953-09-22,Male
NASAW00015829,2002-12-08,Female
NASAW00015830,1978-06-13,Female
NASAW00015831,2003-08-23,
NASAW00015832,1948-02-21,Female
NASAW00015833,1957-09-22,Male
NASAW00015834,1955-10-18,Male
NASAW00015835,1987-10-02,Male
NASAW00015836,1952-09-22,Female
NASAW00015837,1997-01-06,Female
NASAW00015838,1969-03-25,male
NASAW00015839,1988-01-15,Male
NASAW00015840,1964-05-01,Female
NASAW00015841,1947-09-07,F
NASAW00015842,1986-10-13,Male
NASAW00015843,1996-09-29,Male
NASAW00015844,1970-03-13,Female
NASAW00015845,1963-03-10,Male
NASAW00015846,2005-03-22,Male
NASAW00015847,1966-01-25,Male
NASAW00015848,2003-05-02,Female
NASAW00015849,1995-02-23,Female
NASAW00015850,1965-10-09,Male
NASAW00015851,1970-09-15,Female
NASAW00015852,1985-12-07,Male
NASAW00015853,1978-06-28,Female
NASAW00015854,1994-06-08,Female
NASAW00015855,2002-05-11,Male
NASAW00015856,1997-01-20,Female
NASAW00015857,1976-03-03,Male
NASAW00015858,2005-05-07,Female
NASAW00015859,2005-08-15,Female
NASAW00015860,1983-09-25,Female
NASAW00015861,1957-05-08,Female
NASAW00015862,2002-11-28,Male
NASAW00015863,1948-11-02,Male
NASAW00015864,1998-09-21,Male
NASAW00015865,1996-06-20,Male
NASAW00015866,1980-07-23,Female
NASAW00015867,1955-01-15,Male
NASAW00015868,1991-08-13,Male
NASAW00015869,1967-11-08,Male
NASAW00015870,1965-05-07,Female
NASAW00015871,1988-11-20,Female
NASAW00015872,1994-03-16,Female
NASAW00015873,1964-08-27,Female
NASAW00015874,2006-09-15,Male
NASAW00015875,1965-04-05,Female
NASAW00015876,1958-12-21,Male
NASAW00015877,1945-01-20,Male
NASAW00015878,1989-06-05,Male
NASAW00015879,1972-07-03,Female
NASAW00015880,1972-03-04,Male
NASAW00015881,1962-02-19,Male
NASAW00015882,1971-07-16,Male
NASAW00015883,2006-01-19,Female
NASAW00015884,1985-08-09,Female
NASAW00015885,1977-01-28,Male
NASAW00015886,1998-08-11,Female
NASAW00015887,1978-08-21,Female
NASAW00015888,2000-07-22,Female
NASAW00015889,2001-12-27,Male
NASAW00015890,2005-12-05,Male
NASAW00015891,1989-11-09,Male
NASAW00015892,1967-12-13,Female
NASAW00015893,1993-05-11,Female
NASAW00015894,2006-10-11,Female
NASAW00015895,2006-06-11,Male
NASAW00015896,1979-02-02,F
NASAW00015897,1952-10-16,Male
NASAW00015898,1952-06-11,Male
NASAW00015899,1985-10-17,Female
NASAW00015900,1966-08-28,Female
NASAW00015901,1948-01-31,Female
NASAW00015902,1964-06-06,Male
NASAW00015903,1945-12-04,Male
NASAW00015904,1990-06-04,Male
NASAW00015905,1986-07-22,Female
NASAW00015906,1993-01-21,Male
NASAW00015907,1967-09-19,Female
NASAW00015908,1960-08-08,Female
NASAW00015909,1959-08-08,male
NASAW00015910,1974-09-25,Male
NASAW00015911,1951-11-23,Female
NASAW00015912,1967-05-06,
NASAW00015913,2003-08-31,Female
NASAW00015914,1948-12-08,Male
NASAW00015915,1975-07-06,Female
NASAW00015916,1965-07-10,Male
NASAW00015917,1954-02-10,Male
NASAW00015918,1999-04-19,Female
NASAW00015919,1989-07-06,Female
NASAW00015920,1946-11-04,Female
NASAW00015921,2001-12-15,Female
NASAW00015922,1987-06-30,F
NASAW00015923,1994-12-31,Male
NASAW00015924,1950-11-06,Female
NASAW00015925,1987-08-01,Male
NASAW00015926,1957-05-04,Male
NASAW00015927,1952-10-01,Male
NASAW00015928,1985-01-08,Female
NASAW00015929,1995-01-02,Male
NASAW00015930,2003-11-17,Female
NASAW00015931,1955-05-25,Male
NASAW00015932,1963-03-01,Male
NASAW00015933,1980-01-20,Male
NASAW00015934,1990-10-10,Male
NASAW00015935,1992-01-23,Male
NASAW00015936,,Male
NASAW00015937,1973-09-01,Female
NASAW00015938,1964-02-28,Female
NASAW00015939,1987-11-29,Male
NASAW00015940,1960-06-20,Male
NASAW00015941,1958-02-09,Male
NASAW00015942,1951-02-07,Male
NASAW00015943,1995-10-17,Female
NASAW00015944,2001-02-16,Male
NASAW00015945,1968-07-19,Female
NASAW00015946,1948-11-07,Female
NASAW00015947,1947-06-26,Female
NASAW00015948,1980-01-22,Male
NASAW00015949,1956-06-04,Female
NASAW00015950,2002-12-17,Male
NASAW00015951,1966-08-27,Female
NASAW00015952,1989-08-08,Female
NASAW00015953,1998-10-24,Male
NASAW00015954,1995-05-24,Male
NASAW00015955,2002-07-18,M
NASAW00015956,1980-04-13,Female
NASAW00015957,1972-03-24,Female
NASAW00015958,1972-08-24,Female
NASAW00015959,1990-11-19,Male
NASAW00015960,1987-02-08,Female
NASAW00015961,1975-09-21,Male
NASAW00015962,1967-07-29,Female
NASAW00015963,1970-12-04,Male
NASAW00015964,1973-02-01,Female
NASAW00015965,1966-06-25,Female
NASAW00015966,1972-06-26,Female
NASAW00015967,1991-06-12,Female
NASAW00015968,1968-09-04,Male
NASAW00015969,2000-01-01,Male
NASAW00015970,2006-10-03,Female
NASAW00015971,1993-09-11,Male
NASAW00015972,1986-07-06,Male
NASAW00015973,1955-07-08,Female
NASAW00015974,2002-04-17,Female
NASAW00015975,1961-06-05,Female
NASAW00015976,1978-08-23,Female
NASAW00015977,1969-04-16,Female
NASAW00015978,1993-03-19,Female
NASAW00015979,1999-05-14,Male
NASAW00015980,1978-10-14,Female
NASAW00015981,1945-04-18,Female
NASAW00015982,1989-05-31,Female
NASAW00015983,1990-11-09,Male
NASAW00015984,1968-11-02,Female
NASAW00015985,2001-05-08,Male
NASAW00015986,1987-09-27,Female
NASAW00015987,1955-09-19,Male
NASAW00015988,1977-06-02,Male
NASAW00015989,1948-09-06,Female
NASAW00015990,1954-08-23,Female
NASAW00015991,1956-06-07,Female
NASAW00015992,1963-05-20,female
NASAW00015993,1995-10-31,Male
NASAW00015994,1975-04-16,Female
NASAW00015995,1970-07-01,Male
NASAW00015996,1964-10-11,Female
NASAW00015997,1994-07-31,Male
NASAW00015998,1958-08-12,male
NASAW00015999,1973-06-01,Male
NASAW00016000,1979-05-22,Male
NASAW00016001,1959-05-23,Female
NASAW00016002,1988-08-16,Male
NASAW00016003,1981-06-17,Female
NASAW00016004,1999-09-10,Male
NASAW00016005,1964-10-08,Male
NASAW00016006,1966-06-04,Female
NASAW00016007,1997-01-01,Female
NASAW00016008,1985-01-10,Male
NASAW00016009,1952-05-10,Female
NASAW00016010,1984-09-13,Female
NASAW00016011,2000-03-07,Male
NASAW00016012,1993-07-24,Male
NASAW00016013,2005-05-29,Female
NASAW00016014,1973-11-23,male
NASAW00016015,2000-03-26,Female
NASAW00016016,1999-06-02,Male
NASAW00016017,1951-12-10,Female
NASAW00016018,1960-02-09,Male
NASAW00016019,1964-07-21,Female
NASAW00016020,1969-08-06,Female
NASAW00016021,1965-09-18,Female
NASAW00016022,1947-03-07,Male
NASAW00016023,2002-11-28,Female
NASAW00016024,1946-12-18,Female
NASAW00016025,1977-04-03,Female
NASAW00016026,1984-02-22,Female
NASAW00016027,1953-01-10,Female
NASAW00016028,1965-07-04,Female
NASAW00016029,1987-12-07,Male
NASAW00016030,1997-07-12,Male
NASAW00016031,1948-04-04,Female
NASAW00016032,1949-04-22,Male
NASAW00016033,1959-03-31,Male
NASAW00016034,1967-06-19,Female
NASAW00016035,1985-08-26,Male
NASAW00016036,1984-02-09,Male
NASAW00016037,1965-07-21,Male
NASAW00016038,1991-09-13,Male
NASAW00016039,2000-09-16,Male
NASAW00016040,1970-11-11,Female
NASAW00016041,1960-01-25,Male
NASAW00016042,1999-01-25,Male
NASAW00016043,1954-02-09,Male
NASAW00016044,1992-11-26,Female
NASAW00016045,1994-08-27,Male
NASAW00016046,1958-09-14,Male
NASAW00016047,1967-01-15,Female
NASAW00016048,1960-05-31,Male
NASAW00016049,1989-12-09,Male
NASAW00016050,1980-05-01,Male
NASAW00016051,1987-01-31,Male
NASAW00016052,1966-09-15,Female
NASAW00016053,1996-06-26,Female
NASAW00016054,1967-01-20,Male
NASAW00016055,1967-04-09,Male
NASAW00016056,1951-01-07,Male
NASAW00016057,1945-01-19,Female
NASAW00016058,2005-10-14,Female
NASAW00016059,1992-02-08,Female
NASAW00016060,1999-04-29,Female
NASAW00016061,1967-07-23,Female
NASAW00016062,1959-12-22,Female
NASAW00016063,1956-04-29,Male
NASAW00016064,1951-08-03,Female
NASAW00016065,1971-10-11,Female
NASAW00016066,1979-04-29,Female
NASAW00016067,1947-02-22,Male
NASAW00016068,1946-06-10,Male
NASAW00016069,1985-05-14,Male
NASAW00016070,2003-03-26,Female
NASAW00016071,1966-12-08,Male
NASAW00016072,1984-05-22,Female
NASAW00016073,1986-11-03,Female
NASAW00016074,1963-05-14,Female
NASAW00016075,1949-08-10,Male
NASAW00016076,2002-06-03,Female
NASAW00016077,1978-07-23,Female
NASAW00016078,1979-09-06,Female
NASAW00016079,1952-01-04,Female
NASAW00016080,1990-12-26,Male
NASAW00016081,1988-01-06,Female
NASAW00016082,1962-05-11,Male
NASAW00016083,1945-12-29,Male
NASAW00016084,1995-05-21,Male
NASAW00016085,1990-09-17,Female
NASAW00016086,1947-03-03,Female
NASAW00016087,1999-12-28,Female
NASAW00016088,1970-07-25,Male
NASAW00016089,1984-05-01,Female
NASAW00016090,1991-02-10,
NASAW00016091,1994-03-01,Male
NASAW00016092,1958-10-04,Female
NASAW00016093,1974-08-15,Female
NASAW00016094,2001-12-27,Male
NASAW00016095,1962-08-13,Female
NASAW00016096,1969-09-28,Male
NASAW00016097,1948-12-13,Male
NASAW00016098,1962-06-14,Male
NASAW00016099,1982-06-19,Male
NASAW00016100,1983-04-21,Female
NASAW00016101,1963-11-24,Male
NASAW00016102,1959-08-30,Female
NASAW00016103,1988-04-20,Male
NASAW00016104,1987-01-06,Male
NASAW00016105,2005-05-06,Male
NASAW00016106,2005-01-21,Female
NASAW00016107,2000-05-03,Female
NASAW00016108,1987-01-26,Female
NASAW00016109,1996-10-08,Female
NASAW00016110,2001-08-28,Male
NASAW00016111,2004-11-27,Female
NASAW00016112,1998-04-12,Male
NASAW00016113,1965-04-18,Female
NASAW00016114,1988-05-14,Female
NASAW00016115,1989-10-04,Female
NASAW00016116,1949-08-08,Female
NASAW00016117,1968-02-12,Male
NASAW00016118,1994-10-17,Male
NASAW00016119,1967-04-26,Male
NASAW00016120,1953-11-05,Female
NASAW00016121,1982-01-08,Female
NASAW00016122,1995-10-31,Male
NASAW00016123,1966-10-04,Female
NASAW00016124,2004-06-21,Female
NASAW00016125,1950-02-08,Female
NASAW00016126,1958-10-27,Male
NASAW00016127,1974-12-12,Male
NASAW00016128,1972-08-19,Female
NASAW00016129,1980-07-23,Female
NASAW00016130,1983-08-03,Female
NASAW00016131,1966-10-28,Male
NASAW00016132,1975-02-26,Female
NASAW00016133,1998-03-30,Male
NASAW00016134,1954-01-12,Male
NASAW00016135,1958-06-18,Female
NASAW00016136,1953-04-13,Male
NASAW00016137,1949-08-10,Female
NASAW00016138,1947-12-08,Female
NASAW00016139,2005-11-22,Female
NASAW00016140,2004-10-03,Male
NASAW00016141,1959-10-28,Female
NASAW00016142,1953-12-20,male
NASAW00016143,1952-05-22,Male
NASAW00016144,1962-04-01,Female
NASAW00016145,1988-12-29,Female
NASAW00016146,2000-03-19,Male
NASAW00016147,1999-12-22,Male
NASAW00016148,1986-06-24,Female
NASAW00016149,1959-02-14,Male
NASAW00016150,1989-07-15,Female
NASAW00016151,1947-11-16,Female
NASAW00016152,2004-08-30,Female
NASAW00016153,1985-08-06,Female
NASAW00016154,1971-05-07,Female
NASAW00016155,1982-07-02,Male
NASAW00016156,1972-10-01,Male
NASAW00016157,1966-08-05,Male
NASAW00016158,1948-04-20,Male
NASAW00016159,1958-04-02,Female
NASAW00016160,1956-04-25,Male
NASAW00016161,1970-05-06,Female
NASAW00016162,1996-12-20,Female
NASAW00016163,1984-01-22,Female
NASAW00016164,1963-10-27,Male
NASAW00016165,1977-09-04,Male
NASAW00016166,1975-12-17,Male
NASAW00016167,1967-08-17,Female
NASAW00016168,1986-08-02,Female
NASAW00016169,1974-01-12,Female
NASAW00016170,1982-11-22,Male
NASAW00016171,1945-09-01,Male
NASAW00016172,1967-06-26,Female
NASAW00016173,1975-01-06,Male
NASAW00016174,1966-07-15,Female
NASAW00016175,1969-12-05,Male
NASAW00016176,1982-06-28,Male
NASAW00016177,2001-08-29,Female
NASAW00016178,2000-03-01,Male
NASAW00016179,1954-05-21,Male
NASAW00016180,1963-12-09,Female
NASAW00016181,1992-08-17,Male
NASAW00016182,1984-01-09,Male
NASAW00016183,1985-10-25,Female
NASAW00016184,1993-05-04,Female
NASAW00016185,1948-12-29,Male
NASAW00016186,1981-07-18,Male
NASAW00016187,1987-07-28,Female
NASAW00016188,1986-08-03,Male
NASAW00016189,1973-04-11,Male
NASAW00016190,1985-04-22,Male
NASAW00016191,1965-08-03,Female
NASAW00016192,1980-06-03,Male
NASAW00016193,1948-08-21,Female
NASAW00016194,1966-06-10,Female
NASAW00016195,1949-04-15,Female
NASAW00016196,1993-01-08,Female
NASAW00016197,1946-06-20,Female
NASAW00016198,1998-11-07,Female
NASAW00016199,1997-01-19,Female
NASAW00016200,1955-05-25,Female
NASAW00016201,1995-04-23,Male
NASAW00016202,1993-11-25,Male
NASAW00016203,2006-06-18,Female
NASAW00016204,2003-01-12,Female
NASAW00016205,1946-11-09,Female
NASAW00016206,1960-03-01,Female
NASAW00016207,1982-04-14,Female
NASAW00016208,1963-04-24,Female
NASAW00016209,1953-10-04,Female
NASAW00016210,1972-10-07,Male
NASAW00016211,1951-11-03,Male
NASAW00016212,1945-04-20,Male
NASAW00016213,1969-03-25,Male
NASAW00016214,1985-06-27,Female
NASAW00016215,1990-10-29,Female
NASAW00016216,1952-06-21,Male
NASAW00016217,1976-09-09,Male
NASAW00016218,1993-12-03,Male
NASAW00016219,2000-08-27,Male
NASAW00016220,1950-09-10,Female
NASAW00016221,1959-05-22,Male
NASAW00016222,1987-12-12,Female
NASAW00016223,1947-09-04,Female
NASAW00016224,1983-10-17,Female
NASAW00016225,1964-01-20,Female
NASAW00016226,1997-08-09,Male
NASAW00016227,1965-05-06,Female
NASAW00016228,1995-01-05,Female
NASAW00016229,1973-11-28,Male
NASAW00016230,1948-10-07,Female
NASAW00016231,1945-05-02,Male
NASAW00016232,2004-08-15,Female
NASAW00016233,1982-04-13,Male
NASAW00016234,1973-04-11,Male
NASAW00016235,1957-01-11,Male
NASAW00016236,1998-03-11,Female
NASAW00016237,1994-08-31,Female
NASAW00016238,1955-09-30,Male
NASAW00016239,2002-03-31,Female
NASAW00016240,1993-03-09,Female
NASAW00016241,1948-06-29,Male
NASAW00016242,1971-12-08,Male
NASAW00016243,1968-03-04,Male
NASAW00016244,1970-03-07,Female
NASAW00016245,1951-09-04,Female
NASAW00016246,1951-09-28,Female
NASAW00016247,1981-07-03,M
NASAW00016248,1974-05-28,Male
NASAW00016249,1957-05-01,Male
NASAW00016250,1977-07-11,Female
NASAW00016251,1974-12-12,Male
NASAW00016252,1961-05-21,Male
NASAW00016253,1965-10-09,Female
NASAW00016254,1994-05-13,Male
NASAW00016255,1994-04-01,Female
NASAW00016256,1994-07-22,Male
NASAW00016257,1981-03-19,Male
NASAW00016258,1972-12-25,Female
NASAW00016259,1953-05-05,Female
NASAW00016260,1949-09-02,Male
NASAW00016261,1997-10-12,F
NASAW00016262,1948-10-25,Female
NASAW00016263,1981-06-04,Female
NASAW00016264,1959-04-01,Male
NASAW00016265,1952-05-11,Male
NASAW00016266,2003-03-07,Male
NASAW00016267,2001-08-06,Female
NASAW00016268,1964-08-06,Male
NASAW00016269,1960-03-12,Male
NASAW00016270,1981-08-06,male
NASAW00016271,1969-07-09,Male
NASAW00016272,1989-03-14,Male
NASAW00016273,1983-07-22,Female
NASAW00016274,1962-04-08,Female
NASAW00016275,1975-11-20,Female
NASAW00016276,1996-11-19,Male
NASAW00016277,2000-04-19,Male
NASAW00016278,1982-09-13,Female
NASAW00016279,1945-02-17,Female
NASAW00016280,1997-12-31,Female
NASAW00016281,1956-07-02,Male
NASAW00016282,2005-03-15,Male
NASAW00016283,1965-09-17,Male
NASAW00016284,1951-06-24,Male
NASAW00016285,1964-07-27,Male
NASAW00016286,1996-07-19,Female
NASAW00016287,1954-12-09,Male
NASAW00016288,1982-01-31,Male
NASAW00016289,1985-02-09,Male
NASAW00016290,1978-01-31,Female
NASAW00016291,1978-12-24,Female
NASAW00016292,1984-10-12,Male
NASAW00016293,1963-07-21,Male
NASAW00016294,2004-09-26,Male
NASAW00016295,1988-12-14,Female
NASAW00016296,1984-03-31,Male
NASAW00016297,1983-11-16,Male
NASAW00016298,1950-05-07,Female
NASAW00016299,1963-04-16,Female
NASAW00016300,1957-08-16,Male
NASAW00016301,1983-03-27,Female
NASAW00016302,1992-07-06,Female
NASAW00016303,1976-03-17,Male
NASAW00016304,1985-04-25,Female
NASAW00016305,1987-10-12,Female
NASAW00016306,1959-05-25,Female
NASAW00016307,1956-12-23,Female
NASAW00016308,2002-11-20,Male
NASAW00016309,1994-07-02,Male
NASAW00016310,1954-11-08,Female
NASAW00016311,1991-11-01,Male
NASAW00016312,1969-05-21,Female
NASAW00016313,1981-03-21,male
NASAW00016314,1954-08-12,Female
NASAW00016315,1967-08-14,Male
NASAW00016316,2001-04-19,Male
NASAW00016317,1958-05-18,Female
NASAW00016318,2006-11-15,Female
NASAW00016319,1995-12-15,Female
NASAW00016320,1962-05-09,Female
NASAW00016321,1983-02-12,Female
NASAW00016322,1997-08-04,Female
NASAW00016323,2005-02-04,Female
NASAW00016324,1953-08-15,Male
NASAW00016325,1966-12-21,Female
NASAW00016326,1977-01-07,Male
NASAW00016327,1992-10-09,Male
NASAW00016328,1983-08-27,Male
NASAW00016329,2006-11-18,Male
NASAW00016330,1965-10-02,Male
NASAW00016331,1963-05-23,Male
NASAW00016332,1954-03-17,Female
NASAW00016333,1957-03-06,Male
NASAW00016334,1964-08-07,Male
NASAW00016335,1968-01-04,male
NASAW00016336,1981-09-15,Female
NASAW00016337,2002-09-09,Female
NASAW00016338,1963-10-05,Male
NASAW00016339,1999-11-20,Female
NASAW00016340,1998-09-05,Male
NASAW00016341,1948-12-18,Female
NASAW00016342,1993-07-17,Male
NASAW00016343,1988-12-02,Male
NASAW00016344,1981-12-12,Male
NASAW00016345,1952-12-16,Male
NASAW00016346,1996-08-24,Female
NASAW00016347,1976-04-22,Female
NASAW00016348,1994-11-28,Male
NASAW00016349,1953-10-01,Male
NASAW00016350,2004-11-13,Male
NASAW00016351,1959-01-31,Male
NASAW00016352,1961-02-04,Male
NASAW00016353,1962-09-25,Female
NASAW00016354,1950-07-01,Male
NASAW00016355,2000-07-02,Male
NASAW00016356,1963-04-27,Female
NASAW00016357,2006-08-12,Male
NASAW00016358,1959-04-10,Male
NASAW00016359,1960-05-17,Male
NASAW00016360,2006-05-28,Female
NASAW00016361,1954-09-27,Male
NASAW00016362,1964-01-01,Female
NASAW00016363,1954-09-24,Male
NASAW00016364,1968-11-16,Female
NASAW00016365,1985-08-24,Male
NASAW00016366,1985-04-15,Female
NASAW00016367,1970-01-18,Male
NASAW00016368,1946-10-19,Female
NASAW00016369,1978-09-10,Female
NASAW00016370,1953-03-02,Male
NASAW00016371,1956-05-17,Male
NASAW00016372,1992-11-13,Male
NASAW00016373,1995-04-01,Male
NASAW00016374,1949-09-28,Male
NASAW00016375,1956-05-05,Male
NASAW00016376,1990-08-12,Male
NASAW00016377,1966-09-01,Male
NASAW00016378,1975-06-05,Male
NASAW00016379,1968-04-18,Male
NASAW00016380,1960-12-30,Female
NASAW00016381,1963-06-03,Male
NASAW00016382,2002-01-30,Male
NASAW00016383,2001-01-21,Female
NASAW00016384,2001-11-13,Female
NASAW00016385,1986-05-08,Female
NASAW00016386,1975-04-19,
NASAW00016387,1946-01-13,Male
NASAW00016388,1947-09-22,Male
NASAW00016389,2002-02-25,Male
NASAW00016390,2006-09-20,Male
NASAW00016391,1984-05-20,Female
NASAW00016392,1950-02-19,Male
NASAW00016393,1958-06-09,Female
NASAW00016394,1979-01-03,Female
NASAW00016395,1971-03-18,Male
NASAW00016396,1993-12-18,Female
NASAW00016397,1970-10-07,Male
NASAW00016398,1958-07-06,Female
NASAW00016399,1989-12-26,Male
NASAW00016400,1973-03-07,Male
NASAW00016401,1990-07-02,Male
NASAW00016402,1948-12-17,Male
NASAW00016403,2004-05-24,Male
NASAW00016404,1978-11-26,Female
NASAW00016405,1952-12-16,Female
NASAW00016406,1992-07-21,Female
NASAW00016407,1995-07-06,Female
NASAW00016408,1958-05-24,Male
NASAW00016409,1973-11-09,Male
NASAW00016410,1977-11-08,Male
NASAW00016411,1996-10-01,Male
NASAW00016412,1994-07-28,Female
NASAW00016413,1949-10-04,Male
NASAW00016414,1981-10-19,Female
NASAW00016415,2000-06-14,Male
NASAW00016416,2001-01-07,Male
NASAW00016417,1956-04-14,Female
NASAW00016418,1949-03-20,Female
NASAW00016419,1967-09-07,Male
NASAW00016420,1994-11-12,Male
NASAW00016421,1968-06-21,Female
NASAW00016422,2002-10-04,Female
NASAW00016423,1989-09-20,Male
NASAW00016424,1991-04-07,Male
NASAW00016425,1992-05-26,Female
NASAW00016426,1969-01-10,Male
NASAW00016427,1957-09-11,Female
NASAW00016428,1960-05-01,Female
NASAW00016429,1981-07-28,Male
NASAW00016430,1966-10-11,Male
NASAW00016431,1978-01-15,Female
NASAW00016432,1964-03-10,Female
NASAW00016433,1952-05-16,Male
NASAW00016434,1980-01-03,Female
NASAW00016435,1959-01-21,Female
NASAW00016436,1971-01-27,Male
NASAW00016437,1961-09-28,Male
NASAW00016438,2005-08-17,Male
NASAW00016439,1971-05-13,Male
NASAW00016440,2004-12-27,Female
NASAW00016441,1972-08-10,Female
NASAW00016442,1971-01-27,Male
NASAW00016443,1965-04-07,Female
NASAW00016444,1966-08-30,Male
NASAW00016445,1969-09-17,Male
NASAW00016446,1986-10-12,Male
NASAW00016447,2005-06-10,Male
NASAW00016448,1970-12-28,Male
NASAW00016449,1971-02-21,Male
NASAW00016450,1963-09-30,Female
NASAW00016451,1962-06-08,Female
NASAW00016452,1997-09-03,Male
NASAW00016453,1980-05-31,Male
NASAW00016454,1954-03-03,Female
NASAW00016455,1992-03-17,Male
NASAW00016456,1993-11-03,Male
NASAW00016457,1966-08-19,Male
NASAW00016458,1989-03-11,Female
NASAW00016459,2002-10-12,Male
NASAW00016460,1948-07-08,Male
NASAW00016461,1951-11-23,Female
NASAW00016462,1974-05-18,Male
NASAW00016463,1986-06-04,Female
NASAW00016464,1994-07-28,Male
NASAW00016465,1945-12-16,Male
NASAW00016466,1947-05-21,Male
NASAW00016467,1997-08-01,Female
NASAW00016468,1955-01-19,Male
NASAW00016469,1966-12-05,Female
NASAW00016470,1987-05-16,Female
NASAW00016471,1968-09-04,Male
NASAW00016472,1982-04-12,Male
NASAW00016473,1980-02-24,Female
NASAW00016474,1957-01-06,Male
NASAW00016475,1972-12-03,Male
NASAW00016476,1992-03-09,Female
NASAW00016477,1954-10-07,Male
NASAW00016478,1965-10-03,Female
NASAW00016479,1975-10-08,Male
NASAW00016480,1981-07-16,Male
NASAW00016481,1964-05-05,Male
NASAW00016482,1951-08-06,Female
NASAW00016483,1975-01-27,Male
NASAW00016484,1953-04-11,Male
NASAW00016485,1971-05-17,Female
NASAW00016486,1948-11-05,Male
NASAW00016487,1975-04-12,Female
NASAW00016488,1983-06-17,Male
NASAW00016489,1991-08-05,Male
NASAW00016490,1956-07-22,Male
NASAW00016491,1948-10-13,Male
NASAW00016492,1991-09-04,Female
NASAW00016493,1980-01-16,Male
NASAW00016494,1947-06-13,Female
NASAW00016495,1951-07-10,Male
NASAW00016496,1953-12-20,Male
NASAW00016497,1967-10-16,Female
NASAW00016498,1949-09-02,Male
NASAW00016499,1984-02-20,Female
NASAW00016500,2001-03-13,Female
NASAW00016501,1995-05-14,Male
NASAW00016502,2000-09-23,Female
NASAW00016503,1971-01-20,Male
NASAW00016504,1955-05-24,Male
NASAW00016505,1992-05-09,Male
NASAW00016506,1975-09-27,Female
NASAW00016507,2004-11-06,Male
NASAW00016508,1981-07-22,Male
NASAW00016509,2002-11-17,Male
NASAW00016510,1949-10-16,Female
NASAW00016511,1985-07-05,Male
NASAW00016512,1999-05-04,Female
NASAW00016513,1995-08-23,Male
NASAW00016514,1970-12-17,Male
NASAW00016515,1946-06-01,Female
NASAW00016516,1967-11-25,Male
NASAW00016517,1981-02-21,Female
NASAW00016518,2001-01-10,Female
NASAW00016519,2003-12-04,Female
NASAW00016520,1953-01-16,Female
NASAW00016521,1958-01-10,Female
NASAW00016522,1996-12-20,Male
NASAW00016523,1958-03-08,Male
NASAW00016524,1971-06-01,male
NASAW00016525,1972-10-10,Male
NASAW00016526,1960-09-17,Male
NASAW00016527,1961-08-05,Male
NASAW00016528,1971-06-01,Female
NASAW00016529,1981-04-07,Male
NASAW00016530,1981-08-03,Male
NASAW00016531,1995-01-20,Female
NASAW00016532,2002-06-10,Female
NASAW00016533,1947-09-28,Male
NASAW00016534,1964-05-15,Male
NASAW00016535,1991-08-27,Female
NASAW00016536,2005-02-14,Female
NASAW00016537,2003-05-02,Male
NASAW00016538,2003-12-20,Male
NASAW00016539,1970-07-18,Female
NASAW00016540,1981-07-23,Male
NASAW00016541,1957-10-13,Female
NASAW00016542,1975-08-17,
NASAW00016543,1958-03-18,Female
NASAW00016544,1993-11-07,Female
NASAW00016545,2004-04-17,Female
NASAW00016546,1996-05-26,Female
NASAW00016547,2001-07-21,Male
NASAW00016548,1946-05-05,Female
NASAW00016549,1953-10-25,Male
NASAW00016550,1962-01-27,Female
NASAW00016551,1996-04-10,Male
NASAW00016552,1967-08-09,Female
NASAW00016553,1980-10-07,Male
NASAW00016554,1997-09-19,Female
NASAW00016555,1990-09-01,Male
NASAW00016556,1947-08-24,Male
NASAW00016557,1987-12-03,Male
NASAW00016558,1945-08-02,Female
NASAW00016559,1998-11-12,Female
NASAW00016560,1950-08-14,Male
NASAW00016561,1979-09-27,Male
NASAW00016562,1952-04-15,Female
NASAW00016563,1947-04-16,Male
NASAW00016564,1978-08-30,Female
NASAW00016565,1952-03-09,Male
NASAW00016566,1973-11-01,Female
NASAW00016567,1960-11-24,Male
NASAW00016568,1997-04-04,Female
NASAW00016569,2001-04-01,Female
NASAW00016570,1964-10-13,Female
NASAW00016571,1946-07-06,Female
NASAW00016572,1984-09-19,Female
NASAW00016573,1959-07-25,Female
NASAW00016574,1957-07-15,Female
NASAW00016575,2005-03-27,Male
NASAW00016576,1975-11-30,
NASAW00016577,1953-04-05,Female
NASAW00016578,2001-02-08,Female
NASAW00016579,1949-04-12,Male
NASAW00016580,1968-08-23,male
NASAW00016581,2005-07-11,Male
NASAW00016582,1962-07-09,Female
NASAW00016583,1965-10-28,Male
NASAW00016584,1973-03-10,Male
NASAW00016585,1963-03-07,Female
NASAW00016586,1954-10-03,Male
NASAW00016587,1986-08-26,
NASAW00016588,1959-09-27,Male
NASAW00016589,1999-02-03,Female
NASAW00016590,1955-02-08,Female
NASAW00016591,1966-05-08,Female
NASAW00016592,1956-11-16,Female
NASAW00016593,1978-09-25,Male
NASAW00016594,1985-02-23,Female
NASAW00016595,1972-07-20,Male
NASAW00016596,1960-02-19,Female
NASAW00016597,1949-04-15,Female
NASAW00016598,1971-05-19,Male
NASAW00016599,1983-09-07,Male
NASAW00016600,1966-03-21,Female
NASAW00016601,1954-02-12,Male
NASAW00016602,1957-09-20,Female
NASAW00016603,2004-11-12,Male
NASAW00016604,1951-09-30,Female
NASAW00016605,2002-05-02,Female
NASAW00016606,1997-11-04,Male
NASAW00016607,1954-03-08,Female
NASAW00016608,1991-08-08,Female
NASAW00016609,1960-05-25,Female
NASAW00016610,1989-01-29,Female
NASAW00016611,1965-12-25,Male
NASAW00016612,1993-05-22,Male
NASAW00016613,1991-03-26,Female
NASAW00016614,1981-08-23,Female
NASAW00016615,1996-05-10,Male
NASAW00016616,1989-03-19,Female
NASAW00016617,1981-02-19,Male
NASAW00016618,1985-09-10,Male
NASAW00016619,1981-02-15,Female
NASAW00016620,1966-03-03,Male
NASAW00016621,1946-05-22,Male
NASAW00016622,1978-09-29,Male
NASAW00016623,2004-02-12,Male
NASAW00016624,1965-02-02,Female
NASAW00016625,2005-06-16,Female
NASAW00016626,2005-11-23,Female
NASAW00016627,1946-05-02,Female
NASAW00016628,1954-05-31,Female
NASAW00016629,1996-02-02,Male
NASAW00016630,1991-11-28,Male
NASAW00016631,1951-07-12,Male
NASAW00016632,1974-05-16,Female
NASAW00016633,1998-04-22,Female
NASAW00016634,1966-02-07,Female
NASAW00016635,1994-01-19,Male
NASAW00016636,1956-05-20,Male
NASAW00016637,1974-09-08,Male
NASAW00016638,2004-06-02,Female
NASAW00016639,1998-09-02,Female
NASAW00016640,1990-07-09,Male
NASAW00016641,1971-10-01,Female
NASAW00016642,1999-09-14,Male
NASAW00016643,2003-01-26,Female
NASAW00016644,1985-07-16,Female
NASAW00016645,1948-03-19,Female
NASAW00016646,1953-03-23,Male
NASAW00016647,1966-02-09,Female
NASAW00016648,1985-02-26,Male
NASAW00016649,1993-05-19,Male
NASAW00016650,1947-05-10,Female
NASAW00016651,1969-08-30,Male
NASAW00016652,2000-02-02,Female
NASAW00016653,1989-05-26,Female
NASAW00016654,1979-06-30,Female
NASAW00016655,1990-05-19,Male
NASAW00016656,1956-08-14,Male
NASAW00016657,1989-04-24,Male
NASAW00016658,2002-09-18,Male
NASAW00016659,1980-10-05,Male
NASAW00016660,1978-01-28,Female
NASAW00016661,1947-09-07,Female
NASAW00016662,1980-01-02,Female
NASAW00016663,2006-07-06,Male
NASAW00016664,1947-10-01,Male
NASAW00016665,1970-01-31,Male
NASAW00016666,1975-09-28,Female
NASAW00016667,1967-07-16,Female
NASAW00016668,1986-05-01,Male
NASAW00016669,1957-08-05,Female
NASAW00016670,1961-08-29,Male
NASAW00016671,2006-04-28,Female
NASAW00016672,1980-02-11,Male
NASAW00016673,1962-06-16,Male
NASAW00016674,1975-07-10,Female
NASAW00016675,1952-02-22,Female
NASAW00016676,1961-09-28,Female
NASAW00016677,1988-05-11,Female
NASAW00016678,1979-11-28,Male
NASAW00016679,1981-03-19,Male
NASAW00016680,1964-12-10,Female
NASAW00016681,1954-03-04,Male
NASAW00016682,1995-03-27,Female
NASAW00016683,1977-10-26,female
NASAW00016684,1988-12-05,Female
NASAW00016685,1995-02-14,Female
NASAW00016686,1988-10-05,Female
NASAW00016687,1968-06-24,Male
NASAW00016688,1972-07-05,Male
NASAW00016689,2005-08-06,Male
NASAW00016690,1955-02-27,Female
NASAW00016691,1959-10-15,Female
NASAW00016692,1997-03-19,Male
NASAW00016693,1952-09-19,Male
NASAW00016694,1980-05-24,Female
NASAW00016695,1971-05-07,Female
NASAW00016696,1974-05-29,Male
NASAW00016697,1960-07-26,Male
NASAW00016698,1982-08-20,Male
NASAW00016699,1966-05-14,Female
NASAW00016700,1973-06-20,Female
NASAW00016701,1958-06-06,Male
NASAW00016702,1970-06-08,Male
NASAW00016703,1948-02-28,Male
NASAW00016704,1985-12-19,Male
NASAW00016705,1998-02-01,Male
NASAW00016706,1999-04-14,Male
NASAW00016707,1987-11-20,M
NASAW00016708,1956-08-23,Female
NASAW00016709,1981-01-31,Male
NASAW00016710,1974-09-08,Female
NASAW00016711,1982-05-01,Female
NASAW00016712,1997-05-10,Female
NASAW00016713,1993-05-08,Female
NASAW00016714,1960-01-14,Female
NASAW00016715,1990-10-10,Female
NASAW00016716,1993-07-26,Female
NASAW00016717,1977-08-19,Female
NASAW00016718,2000-01-21,Male
NASAW00016719,1972-04-28,Male
NASAW00016720,1952-06-12,Female
NASAW00016721,1974-10-24,
NASAW00016722,1945-07-25,Male
NASAW00016723,1958-12-28,Female
NASAW00016724,2002-05-06,Male
NASAW00016725,1951-07-12,Male
NASAW00016726,2002-08-28,Male
NASAW00016727,1974-03-31,Male
NASAW00016728,1963-09-11,M
NASAW00016729,1988-02-10,Female
NASAW00016730,2001-10-29,Male
NASAW00016731,2006-03-09,Female
NASAW00016732,1970-07-07,Female
NASAW00016733,1979-08-13,Female
NASAW00016734,1957-12-04,Male
NASAW00016735,1982-12-16,Female
NASAW00016736,1971-04-05,Male
NASAW00016737,1945-07-28,Male
NASAW00016738,1978-02-02,Male
NASAW00016739,1992-03-05,Male
NASAW00016740,1993-09-30,Male
NASAW00016741,1956-12-30,Male
NASAW00016742,1956-05-01,Male
NASAW00016743,2002-11-18,M
NASAW00016744,2000-12-27,Female
NASAW00016745,1945-09-23,Male
NASAW00016746,1982-04-07,Male
NASAW00016747,1963-04-20,Female
NASAW00016748,1975-12-15,Female
NASAW00016749,1987-04-26,Male
NASAW00016750,2004-09-03,Male
NASAW00016751,1976-05-29,Female
NASAW00016752,1968-05-10,Female
NASAW00016753,1995-06-04,Female
NASAW00016754,1957-03-04,Male
NASAW00016755,1974-03-13,Male
NASAW00016756,1990-11-03,Female
NASAW00016757,1979-04-23,Male
NASAW00016758,1954-03-05,Male
NASAW00016759,1984-06-07,Female
NASAW00016760,1960-10-01,Male
NASAW00016761,1962-10-17,Male
NASAW00016762,1995-08-24,Male
NASAW00016763,1900-01-01,Male
NASAW00016764,1958-12-04,Male
NASAW00016765,1981-12-16,Male
NASAW00016766,1983-04-27,Male
NASAW00016767,2002-06-14,Male
NASAW00016768,1966-03-20,Female
NASAW00016769,2003-08-12,Male
NASAW00016770,1996-10-26,Male
NASAW00016771,1973-09-23,Female
NASAW00016772,1968-12-07,Female
NASAW00016773,2002-10-31,Female
NASAW00016774,1964-08-20,Female
NASAW00016775,1971-01-02,Male
NASAW00016776,1996-03-25,Female
NASAW00016777,1996-10-27,Female
NASAW00016778,1999-11-02,Male
NASAW00016779,1961-03-11,Female
NASAW00016780,1945-03-30,Male
NASAW00016781,1984-06-27,Male
NASAW00016782,1974-09-15,Female
NASAW00016783,1992-04-12,Male
NASAW00016784,1964-03-22,Female
NASAW00016785,1957-05-29,Male
NASAW00016786,1956-09-21,Male
NASAW00016787,1957-02-01,Female
NASAW00016788,1949-11-14,Male
NASAW00016789,1948-05-18,Female
NASAW00016790,1994-09-21,Female
NASAW00016791,1991-07-13,Female
NASAW00016792,1976-05-04,Female
NASAW00016793,2004-11-14,Male
NASAW00016794,1966-03-31,Female
NASAW00016795,1950-06-18,Male
NASAW00016796,1963-02-14,M
NASAW00016797,1966-03-14,Male
NASAW00016798,1996-05-18,Female
NASAW00016799,1954-10-28,Female
NASAW00016800,1959-08-17,Male
NASAW00016801,1947-01-19,Male
NASAW00016802,1997-08-26,Male
NASAW00016803,1953-04-19,Female
NASAW00016804,1969-11-13,Male
NASAW00016805,1950-02-01,Male
NASAW00016806,1945-06-10,Female
NASAW00016807,1952-06-01,Female
NASAW00016808,1953-05-04,Male
NASAW00016809,1958-01-10,Male
NASAW00016810,1958-08-14,Male
NASAW00016811,1955-08-06,Female
NASAW00016812,1981-10-17,Male
NASAW00016813,1949-10-20,Male
NASAW00016814,1955-05-27,Female
NASAW00016815,1954-05-18,Male
NASAW00016816,1948-10-03,Male
NASAW00016817,1985-01-21,Female
NASAW00016818,2004-05-14,Female
NASAW00016819,1967-04-24,Male
NASAW00016820,1948-04-28,Male
NASAW00016821,1983-09-16,Male
NASAW00016822,1993-02-06,Female
NASAW00016823,1985-11-07,Female
NASAW00016824,1991-09-28,Female
NASAW00016825,1960-10-20,Female
NASAW00016826,1947-01-15,Female
NASAW00016827,2001-02-07,Female
NASAW00016828,1945-10-14,Female
NASAW00016829,1957-01-29,Female
NASAW00016830,1978-09-11,Male
NASAW00016831,1977-11-25,Female
NASAW00016832,1979-02-20,Male
NASAW00016833,2003-10-12,Female
NASAW00016834,2004-11-01,Female
NASAW00016835,1956-07-02,Female
NASAW00016836,1946-07-14,Male
NASAW00016837,1985-09-15,Female
NASAW00016838,1962-02-11,Female
NASAW00016839,1994-04-26,Female
NASAW00016840,1979-10-03,Male
NASAW00016841,1964-01-09,Female
NASAW00016842,1951-09-22,Male
NASAW00016843,1947-04-21,Female
NASAW00016844,1949-10-30,Female
NASAW00016845,2000-02-09,Male
NASAW00016846,1995-01-08,Male
NASAW00016847,1959-12-05,Male
NASAW00016848,1984-10-02,Male
NASAW00016849,1983-09-09,Male
NASAW00016850,1981-12-29,Male
NASAW00016851,1970-03-31,Male
NASAW00016852,1975-09-20,Male
NASAW00016853,2006-05-29,Male
NASAW00016854,1964-11-26,Female
NASAW00016855,1947-11-28,Male
NASAW00016856,1946-07-07,Female
NASAW00016857,1989-07-14,Female
NASAW00016858,1978-01-25,Female
NASAW00016859,2000-11-19,Female
NASAW00016860,1997-12-11,Female
NASAW00016861,1978-05-16,Male
NASAW00016862,1967-01-30,Male
NASAW00016863,1957-04-12,Female
NASAW00016864,1986-06-05,Male
NASAW00016865,1948-12-16,Male
NASAW00016866,1991-02-17,Male
NASAW00016867,1947-05-24,Female
NASAW00016868,1994-09-09,Female
NASAW00016869,1980-10-06,Male
NASAW00016870,1988-11-14,Male
NASAW00016871,1993-11-03,Male
NASAW00016872,2005-02-15,Male
NASAW00016873,1958-04-16,Male
NASAW00016874,1975-10-01,Female
NASAW00016875,1952-07-29,Male
NASAW00016876,1981-08-28,Male
NASAW00016877,1949-11-01,Male
NASAW00016878,1974-10-19,Male
NASAW00016879,1970-10-25,Female
NASAW00016880,1989-02-21,Female
NASAW00016881,1960-09-12,Male
NASAW00016882,1947-03-24,F
NASAW00016883,1961-04-21,Female
NASAW00016884,1985-02-01,Female
NASAW00016885,1998-06-26,Male
NASAW00016886,1963-05-10,Male
NASAW00016887,1974-12-11,Male
NASAW00016888,1999-06-15,Female
NASAW00016889,1967-10-23,Female
NASAW00016890,1984-03-10,Male
NASAW00016891,1976-09-09,Male
NASAW00016892,1957-05-27,Female
NASAW00016893,1946-09-14,M
NASAW00016894,1981-02-25,Male
NASAW00016895,1972-11-12,Male
NASAW00016896,1951-02-01,Male
NASAW00016897,1985-02-05,Female
NASAW00016898,1956-02-26,Male
NASAW00016899,1946-10-06,Female
NASAW00016900,1997-07-14,Male
NASAW00016901,1995-07-03,Female
NASAW00016902,1996-07-06,Female
NASAW00016903,2004-11-26,Male
NASAW00016904,1973-05-30,Male
NASAW00016905,1967-12-04,Male
NASAW00016906,1997-11-25,Female
NASAW00016907,1980-06-09,Female
NASAW00016908,2002-04-26,Male
NASAW00016909,1962-10-28,Female
NASAW00016910,2006-06-21,Female
NASAW00016911,1979-04-17,Female
NASAW00016912,1954-02-27,Female
NASAW00016913,1953-12-07,Female
NASAW00016914,1970-09-20,Female
NASAW00016915,1988-01-21,Male
NASAW00016916,1965-12-06,Female
NASAW00016917,1984-03-13,Female
NASAW00016918,1997-04-17,Male
NASAW00016919,1999-10-11,Male
NASAW00016920,1951-01-05,Female
NASAW00016921,1959-10-26,Male
NASAW00016922,1947-05-13,Male
NASAW00016923,1991-04-04,Male
NASAW00016924,1954-06-26,Male
NASAW00016925,1959-03-18,Male
NASAW00016926,2001-08-05,Female
NASAW00016927,1953-07-13,Male
NASAW00016928,,Female
NASAW00016929,1958-02-25,Male
NASAW00016930,1984-11-15,Female
NASAW00016931,2004-05-06,Male
NASAW00016932,1994-01-15,Female
NASAW00016933,1972-04-14,Male
NASAW00016934,1955-10-16,Female
NASAW00016935,1991-10-30,Male
NASAW00016936,1996-03-27,Female
NASAW00016937,1984-04-07,Male
NASAW00016938,1950-07-16,Female
NASAW00016939,1993-06-15,Female
NASAW00016940,1973-09-23,Male
NASAW00016941,1961-02-18,Female
NASAW00016942,1995-07-20,Female
NASAW00016943,1953-03-18,Male
NASAW00016944,1959-02-28,Female
NASAW00016945,2005-07-01,Female
NASAW00016946,1959-11-02,Female
NASAW00016947,1995-03-19,Male
NASAW00016948,1986-07-28,Female
NASAW00016949,1996-11-28,Female
NASAW00016950,2004-08-16,Female
NASAW00016951,1948-11-14,Male
NASAW00016952,1955-07-31,Male
NASAW00016953,1997-02-14,Female
NASAW00016954,1983-04-28,Male
NASAW00016955,1960-11-18,Male
NASAW00016956,1974-11-26,Female
NASAW00016957,1954-08-08,Female
NASAW00016958,1997-02-16,Female
NASAW00016959,1961-04-21,Male
NASAW00016960,1999-04-04,Female
NASAW00016961,1999-09-17,Male
NASAW00016962,1968-10-04,Female
NASAW00016963,1947-04-20,Female
NASAW00016964,1958-08-11,Male
NASAW00016965,1958-09-21,Male
NASAW00016966,1979-08-17,Female
NASAW00016967,1997-01-13,Female
NASAW00016968,1969-09-10,Male
NASAW00016969,1945-01-12,Male
NASAW00016970,1968-11-09,Male
NASAW00016971,2000-02-04,Female
NASAW00016972,1957-05-02,Female
NASAW00016973,1988-01-09,Female
NASAW00016974,1999-01-02,Female
NASAW00016975,1946-12-24,Male
NASAW00016976,1953-01-01,Male
NASAW00016977,1955-02-19,Male
NASAW00016978,1977-02-04,Male
NASAW00016979,1963-05-10,Male
NASAW00016980,1965-11-15,Female
NASAW00016981,1945-01-14,Male
NASAW00016982,1948-12-05,Female
NASAW00016983,1994-11-28,Female
NASAW00016984,1974-10-29,Male
NASAW00016985,1959-11-09,Female
NASAW00016986,1972-02-07,Female
NASAW00016987,1956-03-05,Female
NASAW00016988,1973-07-09,Male
NASAW00016989,1970-12-10,Female
NASAW00016990,1981-01-26,Female
NASAW00016991,1988-06-11,Male
NASAW00016992,1991-04-11,Female
NASAW00016993,1998-05-05,Male
NASAW00016994,1994-01-18,Male
NASAW00016995,1980-12-13,Male
NASAW00016996,,Female
NASAW00016997,1969-04-20,Male
NASAW00016998,1965-04-27,Male
NASAW00016999,1980-05-24,Female
NASAW00017000,1993-12-23,Male
NASAW00017001,1997-03-12,Female
NASAW00017002,1972-12-16,Female
NASAW00017003,1995-11-21,Male
NASAW00017004,1974-05-14,Female
NASAW00017005,1973-02-17,Male
NASAW00017006,1954-12-05,Male
NASAW00017007,1998-10-01,Male
NASAW00017008,2006-09-04,Female
NASAW00017009,1967-02-08,Female
NASAW00017010,1948-12-28,Male
NASAW00017011,1987-07-27,Male
NASAW00017012,1965-05-16,Female
NASAW00017013,1963-08-02,Male
NASAW00017014,1981-11-08,Male
NASAW00017015,1953-12-22,Female
NASAW00017016,1974-05-25,Male
NASAW00017017,1979-01-01,Male
NASAW00017018,1947-03-23,Female
NASAW00017019,1957-03-11,Female
NASAW00017020,1961-01-20,Female
NASAW00017021,1978-08-25,Female
NASAW00017022,1994-12-13,Female
NASAW00017023,1989-08-20,Female
NASAW00017024,1984-02-06,Male
NASAW00017025,1972-11-17,Female
NASAW00017026,1988-12-18,Female
NASAW00017027,1993-03-23,Female
NASAW00017028,1972-09-05,Male
NASAW00017029,1962-04-02,Male
NASAW00017030,1983-02-22,Female
NASAW00017031,1968-02-27,Female
NASAW00017032,1956-09-26,Male
NASAW00017033,1982-07-27,Female
NASAW00017034,1949-11-11,Female
NASAW00017035,1999-02-27,Male
NASAW00017036,1949-10-26,female
NASAW00017037,1983-03-05,Male
NASAW00017038,1955-08-17,Female
NASAW00017039,1961-03-30,Female
NASAW00017040,1983-06-01,Female
NASAW00017041,2003-11-29,Female
NASAW00017042,1957-01-19,Male
NASAW00017043,1980-01-02,Male
NASAW00017044,1960-11-13,Male
NASAW00017045,1953-04-13,Female
NASAW00017046,1992-11-08,Female
NASAW00017047,1950-05-20,male
NASAW00017048,1946-05-07,Female
NASAW00017049,1988-03-03,Male
NASAW00017050,1962-07-29,Male
NASAW00017051,1996-11-03,Female
NASAW00017052,1984-11-03,Male
NASAW00017053,1969-07-06,Female
NASAW00017054,1968-08-09,Female
NASAW00017055,1951-10-31,Male
NASAW00017056,1959-10-09,Female
NASAW00017057,1965-07-12,Female
NASAW00017058,1975-09-12,Female
NASAW00017059,1997-10-26,Male
NASAW00017060,1986-05-18,Male
NASAW00017061,1978-01-22,Male
NASAW00017062,1972-10-16,Male
NASAW00017063,1990-03-03,Female
NASAW00017064,1977-06-24,Female
NASAW00017065,1949-03-25,F
NASAW00017066,1967-10-31,Female
NASAW00017067,1970-08-03,Female
NASAW00017068,1958-01-25,Male
NASAW00017069,1954-12-30,Male
NASAW00017070,1958-10-31,Female
NASAW00017071,1970-08-12,Female
NASAW00017072,2006-03-15,Male
NASAW00017073,1985-06-10,Female
NASAW00017074,1963-07-05,Female
NASAW00017075,2002-11-15,Male
NASAW00017076,1988-11-23,Male
NASAW00017077,1994-10-20,Male
NASAW00017078,1951-07-13,Female
NASAW00017079,1946-02-18,Male
NASAW00017080,1951-01-14,Female
NASAW00017081,1967-02-26,Female
NASAW00017082,1974-07-07,Male
NASAW00017083,1947-12-24,Male
NASAW00017084,1974-02-27,Male
NASAW00017085,1968-12-07,Male
NASAW00017086,1974-09-12,Female
NASAW00017087,1946-01-23,
NASAW00017088,2001-11-30,Male
NASAW00017089,1980-07-23,Female
NASAW00017090,1991-02-17,Female
NASAW00017091,1975-12-26,Female
NASAW00017092,1967-10-19,Female
NASAW00017093,1968-06-22,Male
NASAW00017094,1992-09-14,Female
NASAW00017095,2006-10-06,Male
NASAW00017096,1985-05-27,Male
NASAW00017097,1946-05-26,Female
NASAW00017098,1966-08-13,Male
NASAW00017099,1958-03-13,Female
NASAW00017100,1993-05-06,Female
NASAW00017101,1997-08-08,Male
NASAW00017102,2006-12-16,Female
NASAW00017103,1973-03-20,Male
NASAW00017104,1988-01-03,Female
NASAW00017105,2006-02-05,Female
NASAW00017106,1965-11-12,Male
NASAW00017107,1998-09-02,Female
NASAW00017108,1967-09-01,Male
NASAW00017109,1963-04-12,Male
NASAW00017110,1998-02-23,Male
NASAW00017111,1966-05-18,Male
NASAW00017112,1958-07-18,Female
NASAW00017113,1947-09-13,Male
NASAW00017114,1995-10-31,Male
NASAW00017115,1991-05-23,Male
NASAW00017116,1996-11-11,Male
NASAW00017117,1960-01-20,Male
NASAW00017118,1955-06-30,Female
NASAW00017119,1960-10-07,Male
NASAW00017120,1950-08-28,Female
NASAW00017121,1986-05-22,Male
NASAW00017122,1949-01-24,Female
NASAW00017123,1979-08-27,Male
NASAW00017124,1971-07-06,Female
NASAW00017125,1953-05-04,Male
NASAW00017126,1994-08-13,Female
NASAW00017127,2003-04-22,Male
NASAW00017128,1997-11-25,Male
NASAW00017129,1988-04-18,Male
NASAW00017130,1962-06-30,Female
NASAW00017131,1997-10-25,Male
NASAW00017132,1948-02-17,female
NASAW00017133,1946-07-08,Female
NASAW00017134,1961-05-13,
NASAW00017135,1970-01-10,Female
NASAW00017136,1984-04-03,Female
NASAW00017137,1946-10-03,Male
NASAW00017138,1984-02-09,Female
NASAW00017139,1982-11-13,Male
NASAW00017140,1946-03-04,Female
NASAW00017141,1978-04-13,Male
NASAW00017142,1953-02-06,Male
NASAW00017143,1970-04-26,F
NASAW00017144,1993-08-05,Female
NASAW00017145,2000-02-05,Female
NASAW00017146,2000-07-01,Male
NASAW00017147,1977-12-14,Male
NASAW00017148,1983-07-27,Male
NASAW00017149,1971-05-25,Female
NASAW00017150,1992-12-07,Female
NASAW00017151,1959-04-18,Female
NASAW00017152,1946-05-21,Female
NASAW00017153,1995-01-24,Male
NASAW00017154,1987-05-23,Female
NASAW00017155,2000-02-13,Male
NASAW00017156,1978-04-14,Female
NASAW00017157,1961-03-16,Male
NASAW00017158,1996-01-30,Female
NASAW00017159,1947-02-05,Male
NASAW00017160,1956-05-08,Male
NASAW00017161,1956-11-27,Female
NASAW00017162,1985-10-12,Male
NASAW00017163,1979-02-08,Male
NASAW00017164,1994-08-22,Female
NASAW00017165,1957-06-28,Female
NASAW00017166,1977-05-29,Female
NASAW00017167,1955-07-27,Female
NASAW00017168,1971-02-02,Male
NASAW00017169,1988-10-21,Male
NASAW00017170,1951-09-12,Male
NASAW00017171,1970-02-24,Female
NASAW00017172,1957-05-12,Male
NASAW00017173,1959-08-07,Female
NASAW00017174,1974-12-28,Male
NASAW00017175,1985-04-22,Female
NASAW00017176,1977-11-16,Male
NASAW00017177,1954-06-11,Female
NASAW00017178,2006-02-05,Female
NASAW00017179,1949-01-26,Male
NASAW00017180,1945-04-05,Male
NASAW00017181,1956-05-02,Female
NASAW00017182,1989-08-01,Male
NASAW00017183,1949-06-20,Female
NASAW00017184,1964-09-12,Female
NASAW00017185,1981-10-14,Male
NASAW00017186,1986-03-19,Male
NASAW00017187,1969-12-25,Female
NASAW00017188,1960-12-08,Female
NASAW00017189,1970-02-13,Male
NASAW00017190,1988-07-22,Male
NASAW00017191,1959-06-09,Female
NASAW00017192,1966-07-26,Female
NASAW00017193,1951-07-04,Female
NASAW00017194,1945-07-24,Male
NASAW00017195,1976-07-12,Male
NASAW00017196,1953-03-17,Female
NASAW00017197,1945-02-03,Female
NASAW00017198,1954-10-19,Male
NASAW00017199,1973-04-05,Male
NASAW00017200,1948-11-30,Male
NASAW00017201,1984-07-12,Male
NASAW00017202,1962-11-28,Female
NASAW00017203,1951-05-12,Female
NASAW00017204,2006-01-19,F
NASAW00017205,1968-01-03,Male
NASAW00017206,1990-03-26,Female
NASAW00017207,1995-05-27,Female
NASAW00017208,1965-05-14,Male
NASAW00017209,1995-11-30,Female
NASAW00017210,1998-03-18,Male
NASAW00017211,1981-12-22,Female
NASAW00017212,1970-01-13,Male
NASAW00017213,1982-02-02,Male
NASAW00017214,2001-01-07,Male
NASAW00017215,1987-07-16,Female
NASAW00017216,1993-04-21,Male
NASAW00017217,1948-03-09,Male
NASAW00017218,1958-10-17,Female
NASAW00017219,1964-11-24,Male
NASAW00017220,1987-01-05,Male
NASAW00017221,1977-04-17,Male
NASAW00017222,1975-04-09,Male
NASAW00017223,1982-09-28,Female
NASAW00017224,1969-06-29,Female
NASAW00017225,1948-06-29,Female
NASAW00017226,1962-05-21,Male
NASAW00017227,1967-07-21,Male
NASAW00017228,1994-02-02,Male
NASAW00017229,1973-07-10,Female
NASAW00017230,2001-07-30,Female
NASAW00017231,1981-06-01,Male
NASAW00017232,1974-09-07,Female
NASAW00017233,1984-11-11,Male
NASAW00017234,1980-04-20,Female
NASAW00017235,1976-08-14,Female
NASAW00017236,1959-04-23,Male
NASAW00017237,1945-11-15,Female
NASAW00017238,1974-02-12,Female
NASAW00017239,2001-06-05,Male
NASAW00017240,2004-10-04,Male
NASAW00017241,1965-12-15,Male
NASAW00017242,1953-12-25,Female
NASAW00017243,1953-07-02,Male
NASAW00017244,1957-10-08,Female
NASAW00017245,1984-12-09,Male
NASAW00017246,2006-08-12,Male
NASAW00017247,2001-11-12,female
NASAW00017248,2000-09-17,Male
NASAW00017249,1973-04-10,Female
NASAW00017250,1952-06-17,Male
NASAW00017251,1952-06-02,Male
NASAW00017252,1984-04-09,Female
NASAW00017253,1950-05-05,
NASAW00017254,1982-06-22,Male
NASAW00017255,1952-01-31,Female
NASAW00017256,1964-04-02,Male
NASAW00017257,1976-02-19,Female
NASAW00017258,1984-06-27,Female
NASAW00017259,1947-11-15,Male
NASAW00017260,1989-03-03,Female
NASAW00017261,1962-02-28,Female
NASAW00017262,1998-05-18,Female
NASAW00017263,1997-12-03,Male
NASAW00017264,1965-09-09,Male
NASAW00017265,1949-04-27,F
NASAW00017266,1970-10-29,Male
NASAW00017267,1972-04-12,Male
NASAW00017268,1963-03-28,Male
NASAW00017269,1945-04-09,Male
NASAW00017270,1947-10-27,Female
NASAW00017271,1949-02-03,Female
NASAW00017272,1950-10-12,Female
NASAW00017273,2001-03-28,Male
NASAW00017274,1964-11-11,Female
NASAW00017275,2000-03-17,Male
NASAW00017276,1993-12-08,Male
NASAW00017277,1978-07-15,Female
NASAW00017278,1958-02-22,Female
NASAW00017279,1951-05-05,F
NASAW00017280,1988-09-06,Male
NASAW00017281,2002-10-15,male
NASAW00017282,1983-06-11,Male
NASAW00017283,1951-08-12,Female
NASAW00017284,1987-11-03,Male
NASAW00017285,1987-12-22,Male
NASAW00017286,1964-07-17,Female
NASAW00017287,1972-07-09,Female
NASAW00017288,1965-03-10,F
NASAW00017289,1989-01-11,Male
NASAW00017290,1974-12-25,Male
NASAW00017291,1959-06-02,Male
NASAW00017292,1951-07-17,Female
NASAW00017293,1973-02-02,Female
NASAW00017294,1961-06-23,Female
NASAW00017295,1993-03-14,Male
NASAW00017296,2001-04-26,Male
NASAW00017297,1964-08-19,Female
NASAW00017298,1974-09-13,Male
NASAW00017299,1946-05-15,Male
NASAW00017300,1996-04-03,F
NASAW00017301,2005-09-19,Male
NASAW00017302,1945-07-04,Female
NASAW00017303,1990-10-17,Male
NASAW00017304,1958-08-04,Male
NASAW00017305,1952-12-06,Female
NASAW00017306,1964-09-25,Male
NASAW00017307,1970-04-07,Female
NASAW00017308,1985-12-16,Female
NASAW00017309,1974-01-02,Male
NASAW00017310,1952-11-14,Female
NASAW00017311,1972-12-18,Male
NASAW00017312,1965-09-20,Male
NASAW00017313,1982-08-07,Male
NASAW00017314,1945-10-05,Male
NASAW00017315,1986-01-19,Male
NASAW00017316,1951-12-23,Female
NASAW00017317,1947-03-20,Male
NASAW00017318,1945-02-05,Male
NASAW00017319,1953-02-24,Male
NASAW00017320,1965-03-31,Male
NASAW00017321,1961-03-26,Male
NASAW00017322,1953-11-18,Male
NASAW00017323,1951-01-22,Male
NASAW00017324,1991-11-09,Female
NASAW00017325,1945-05-21,Male
NASAW00017326,1983-11-30,Male
NASAW00017327,1990-02-20,Female
NASAW00017328,1974-10-25,Male
NASAW00017329,1997-10-20,Female
NASAW00017330,2006-12-05,Male
NASAW00017331,2006-12-20,Male
NASAW00017332,1949-07-08,Female
NASAW00017333,1966-03-16,Male
NASAW00017334,1951-01-10,Female
NASAW00017335,1999-08-10,Female
NASAW00017336,1960-06-19,Female
NASAW00017337,1974-10-05,Female
NASAW00017338,1949-10-17,Male
NASAW00017339,1960-02-01,Female
NASAW00017340,1959-08-01,Female
NASAW00017341,1994-06-14,Female
NASAW00017342,1993-02-23,Male
NASAW00017343,1957-02-19,Male
NASAW00017344,1950-04-23,Female
NASAW00017345,1970-01-03,Female
NASAW00017346,2003-10-01,Male
NASAW00017347,1992-02-03,Male
NASAW00017348,1982-10-24,Female
NASAW00017349,1996-10-16,Male
NASAW00017350,1945-12-01,Male
NASAW00017351,1956-06-12,Female
NASAW00017352,1949-07-20,Male
NASAW00017353,1964-08-25,Male
NASAW00017354,1984-05-18,Male
NASAW00017355,1954-04-06,Male
NASAW00017356,1948-09-19,Male
NASAW00017357,1990-02-27,Female
NASAW00017358,1949-03-22,Female
NASAW00017359,1962-09-05,
NASAW00017360,1950-02-26,Male
NASAW00017361,1984-06-21,Female
NASAW00017362,1980-09-11,Male
NASAW00017363,1999-10-29,Male
NASAW00017364,1951-05-17,Male
NASAW00017365,1998-09-02,Male
NASAW00017366,1987-02-20,Male
NASAW00017367,1959-04-12,Male
NASAW00017368,1955-09-16,Male
NASAW00017369,1968-08-27,Female
NASAW00017370,1951-01-01,Female
NASAW00017371,1959-07-22,Male
NASAW00017372,1963-03-20,Female
NASAW00017373,1988-09-05,Male
NASAW00017374,1977-12-01,Female
NASAW00017375,1982-06-22,Female
NASAW00017376,1986-04-25,Male
NASAW00017377,1979-05-18,Female
NASAW00017378,1958-09-22,Female
NASAW00017379,1977-06-25,Female
NASAW00017380,1997-02-22,Female
NASAW00017381,1971-12-17,Female
NASAW00017382,1983-09-17,Male
NASAW00017383,2006-06-11,Male
NASAW00017384,1965-02-28,Female
NASAW00017385,1945-10-07,Female
NASAW00017386,1960-01-04,Male
NASAW00017387,1960-02-27,Female
NASAW00017388,1955-07-17,Male
NASAW00017389,1967-12-11,Female
NASAW00017390,2004-09-13,Female
NASAW00017391,2003-09-22,Female
NASAW00017392,1968-11-30,Male
NASAW00017393,2005-12-07,Male
NASAW00017394,1992-11-21,Male
NASAW00017395,2000-11-15,Male
NASAW00017396,2002-05-16,Female
NASAW00017397,1952-08-05,Female
NASAW00017398,1968-08-27,Female
NASAW00017399,1966-06-25,Female
NASAW00017400,1986-05-09,Male
NASAW00017401,1977-10-21,Female
NASAW00017402,1992-09-11,Male
NASAW00017403,1968-05-23,Male
NASAW00017404,2006-11-11,Male
NASAW00017405,1977-10-27,Female
NASAW00017406,1981-05-24,female
NASAW00017407,1968-12-17,Female
NASAW00017408,1980-01-10,Female
NASAW00017409,1989-10-20,Female
NASAW00017410,1981-01-04,Female
NASAW00017411,2002-01-13,Male
NASAW00017412,1977-05-05,Female
NASAW00017413,1978-04-05,Female
NASAW00017414,1980-04-05,Female
NASAW00017415,1950-09-15,Female
NASAW00017416,1956-05-07,Female
NASAW00017417,1970-08-14,Male
NASAW00017418,1996-05-18,Female
NASAW00017419,1990-07-31,Female
NASAW00017420,1961-08-19,Male
NASAW00017421,1973-12-27,Female
NASAW00017422,1996-08-26,Female
NASAW00017423,1985-01-27,Male
NASAW00017424,1946-03-20,Female
NASAW00017425,1957-04-07,Male
NASAW00017426,1968-11-02,Male
NASAW00017427,1970-08-26,Female
NASAW00017428,2003-05-17,Male
NASAW00017429,1967-03-27,Male
NASAW00017430,1982-04-10,Female
NASAW00017431,1973-06-01,Male
NASAW00017432,1950-01-04,Female
NASAW00017433,1964-09-27,Female
NASAW00017434,1965-04-11,Male
NASAW00017435,1947-09-10,Male
NASAW00017436,1989-06-21,Female
NASAW00017437,1959-12-26,Male
NASAW00017438,1952-02-15,Female
NASAW00017439,1953-04-16,Female
NASAW00017440,1973-07-24,Female
NASAW00017441,2004-01-11,Male
NASAW00017442,1983-11-04,Female
NASAW00017443,1968-04-21,Female
NASAW00017444,1949-05-12,Male
NASAW00017445,2002-09-02,Male
NASAW00017446,1992-06-18,Female
NASAW00017447,1958-03-30,Female
NASAW00017448,1986-07-10,Female
NASAW00017449,1980-11-30,Female
NASAW00017450,1961-11-23,Male
NASAW00017451,1955-01-01,Male
NASAW00017452,2002-12-06,Female
NASAW00017453,1958-09-07,Male
NASAW00017454,1947-03-17,Female
NASAW00017455,1974-03-15,Male
NASAW00017456,1948-04-06,Female
NASAW00017457,1988-05-29,Male
NASAW00017458,1956-06-27,Male
NASAW00017459,1973-09-09,Male
NASAW00017460,1955-10-05,Female
NASAW00017461,1965-05-04,Male
NASAW00017462,1964-07-10,Male
NASAW00017463,1989-05-09,Male
NASAW00017464,1962-10-22,Female
NASAW00017465,2000-11-03,Male
NASAW00017466,1991-06-26,Male
NASAW00017467,1947-05-28,Male
NASAW00017468,1996-08-22,Female
NASAW00017469,1967-01-31,Female
NASAW00017470,2000-03-17,Male
NASAW00017471,1966-01-19,Male
NASAW00017472,2002-05-31,Female
NASAW00017473,1965-05-09,Male
NASAW00017474,1991-11-07,Male
NASAW00017475,1945-02-16,Female
NASAW00017476,1964-12-03,Male
NASAW00017477,1956-08-04,Female
NASAW00017478,1952-10-25,Male
NASAW00017479,1987-02-15,Male
NASAW00017480,1994-06-15,Male
NASAW00017481,1990-11-20,Female
NASAW00017482,1955-11-03,Male
NASAW00017483,1962-12-08,Male
NASAW00017484,1946-04-09,Male
NASAW00017485,1980-07-26,Male
NASAW00017486,1995-02-01,Male
NASAW00017487,1953-01-16,Female
NASAW00017488,2004-10-08,Female
NASAW00017489,1968-07-08,Female
NASAW00017490,1981-02-11,Female
NASAW00017491,1984-09-16,Male
NASAW00017492,1958-01-09,Male
NASAW00017493,2006-12-24,Male
NASAW00017494,1959-06-25,Male
NASAW00017495,2001-12-12,Female
NASAW00017496,1967-10-08,Female
NASAW00017497,1995-04-06,Male
NASAW00017498,2004-08-29,Male
NASAW00017499,1961-01-10,Female
NASAW00017500,1981-05-03,Male
NASAW00017501,2000-06-09,Female
NASAW00017502,1963-12-09,Male
NASAW00017503,1979-12-15,Female
NASAW00017504,1966-12-13,Male
NASAW00017505,1992-09-09,Female
NASAW00017506,2006-05-03,Female
NASAW00017507,1954-05-19,Male
NASAW00017508,1988-07-25,Male
NASAW00017509,1995-02-21,Male
NASAW00017510,2003-08-09,Male
NASAW00017511,1946-03-21,Male
NASAW00017512,1964-09-18,Male
NASAW00017513,1981-01-01,Female
NASAW00017514,2004-07-26,Female
NASAW00017515,2003-12-06,Male
NASAW00017516,1973-02-26,Female
NASAW00017517,1949-01-15,Female
NASAW00017518,1996-01-08,Male
NASAW00017519,2001-03-07,Female
NASAW00017520,1952-10-04,Female
NASAW00017521,1951-06-18,Female
NASAW00017522,1974-08-08,Male
NASAW00017523,1996-02-06,Male
NASAW00017524,1996-09-11,Male
NASAW00017525,1998-01-06,Female
NASAW00017526,1977-02-04,Male
NASAW00017527,1987-10-23,Male
NASAW00017528,1946-08-19,Female
NASAW00017529,1959-03-16,Male
NASAW00017530,2000-11-14,Female
NASAW00017531,1953-08-15,Male
NASAW00017532,1958-06-06,Male
NASAW00017533,1996-04-12,Female
NASAW00017534,2000-08-26,Female
NASAW00017535,1981-06-04,male
NASAW00017536,1987-07-30,Male
NASAW00017537,1983-04-03,Female
NASAW00017538,1965-10-03,Male
NASAW00017539,1956-10-30,Female
NASAW00017540,2005-07-21,Female
NASAW00017541,1975-06-05,Female
NASAW00017542,2003-03-16,Female
NASAW00017543,1966-04-14,Male
NASAW00017544,2001-08-10,Female
NASAW00017545,1963-03-20,Male
NASAW00017546,2001-07-08,Female
NASAW00017547,1972-09-13,Female
NASAW00017548,1961-04-20,Male
NASAW00017549,1949-02-05,Male
NASAW00017550,1976-07-30,Female
NASAW00017551,1988-08-17,Female
NASAW00017552,1970-05-16,Female
NASAW00017553,1970-06-28,Male
NASAW00017554,1945-02-09,Female
NASAW00017555,1980-06-30,Female
NASAW00017556,1989-07-15,Female
NASAW00017557,1998-03-18,Female
NASAW00017558,1952-12-27,Male
NASAW00017559,1979-08-08,Female
NASAW00017560,2006-12-17,Female
NASAW00017561,1974-08-30,F
NASAW00017562,1966-12-01,Male
NASAW00017563,1987-03-11,Female
NASAW00017564,1969-06-09,Male
NASAW00017565,1986-08-31,Male
NASAW00017566,2001-12-20,Female
NASAW00017567,1957-04-28,Female
NASAW00017568,1964-12-25,Male
NASAW00017569,1978-04-13,Male
NASAW00017570,1961-01-30,Male
NASAW00017571,1959-06-29,Female
NASAW00017572,1982-02-06,Female
NASAW00017573,1971-11-21,Male
NASAW00017574,1973-03-04,Female
NASAW00017575,1999-11-18,Female
NASAW00017576,1982-02-20,Male
NASAW00017577,1971-10-14,Female
NASAW00017578,1971-03-19,Female
NASAW00017579,1968-02-04,Female
NASAW00017580,1999-11-27,Male
NASAW00017581,1999-07-02,Female
NASAW00017582,1969-09-29,Female
NASAW00017583,1965-04-25,Female
NASAW00017584,1981-10-11,Male
NASAW00017585,1958-02-09,Female
NASAW00017586,1989-11-26,Female
NASAW00017587,1964-08-09,Female
NASAW00017588,1953-12-13,Male
NASAW00017589,1945-09-19,Female
NASAW00017590,1956-07-31,Male
NASAW00017591,1955-05-02,Male
NASAW00017592,1987-12-20,Female
NASAW00017593,1962-04-16,Female
NASAW00017594,1978-03-30,Male
NASAW00017595,1956-04-10,Male
NASAW00017596,1948-11-07,Female
NASAW00017597,1972-04-23,Male
NASAW00017598,1958-04-25,Male
NASAW00017599,1995-10-31,Male
NASAW00017600,1957-09-09,Female
NASAW00017601,1954-07-27,Male
NASAW00017602,1963-04-22,Female
NASAW00017603,1974-11-27,Female
NASAW00017604,1992-06-09,Female
NASAW00017605,1962-01-28,Female
NASAW00017606,2001-05-05,Female
NASAW00017607,1945-03-17,Female
NASAW00017608,1952-01-29,Male
NASAW00017609,1951-03-04,Female
NASAW00017610,1994-07-28,Female
NASAW00017611,1974-05-12,Male
NASAW00017612,1952-08-05,Female
NASAW00017613,1949-04-24,Female
NASAW00017614,1961-06-21,Female
NASAW00017615,1959-02-20,Male
NASAW00017616,1948-01-03,Male
NASAW00017617,1972-10-24,Male
NASAW00017618,1968-10-14,Male
NASAW00017619,1946-09-06,Female
NASAW00017620,1996-12-26,Female
NASAW00017621,1993-06-21,Male
NASAW00017622,1994-07-16,Female
NASAW00017623,1957-08-21,Female
NASAW00017624,1979-03-22,Male
NASAW00017625,1958-09-23,Male
NASAW00017626,2003-01-05,Female
NASAW00017627,1984-04-23,Male
NASAW00017628,1986-10-16,Male
NASAW00017629,1972-02-08,Female
NASAW00017630,1950-03-31,Female
NASAW00017631,1949-03-18,Female
NASAW00017632,1982-11-15,Male
NASAW00017633,1985-03-26,Male
NASAW00017634,1962-11-07,Male
NASAW00017635,2000-12-12,Male
NASAW00017636,1957-03-25,M
NASAW00017637,1980-12-31,Male
NASAW00017638,1964-05-03,Male
NASAW00017639,1965-08-11,Female
NASAW00017640,1967-10-04,Female
NASAW00017641,1951-01-29,Male
NASAW00017642,2005-02-20,Female
NASAW00017643,1977-10-06,Male
NASAW00017644,1984-04-03,Male
NASAW00017645,1987-12-02,Female
NASAW00017646,1973-04-12,Male
NASAW00017647,1960-07-28,Female
NASAW00017648,1963-11-24,Male
NASAW00017649,1965-09-16,Female
NASAW00017650,1988-09-30,Male
NASAW00017651,1964-06-13,Male
NASAW00017652,1949-03-10,Female
NASAW00017653,1986-02-17,Male
NASAW00017654,1953-02-25,Male
NASAW00017655,1959-08-30,Male
NASAW00017656,1971-04-05,Female
NASAW00017657,1950-04-01,Female
NASAW00017658,1968-03-26,Female
NASAW00017659,1954-02-11,Female
NASAW00017660,2002-08-13,Female
NASAW00017661,1973-10-23,Female
NASAW00017662,1954-07-02,Male
NASAW00017663,1968-08-29,Female
NASAW00017664,2002-05-27,Female
NASAW00017665,1958-10-29,Female
NASAW00017666,2001-06-04,Male
NASAW00017667,1961-02-20,Male
NASAW00017668,1997-06-24,Female
NASAW00017669,1979-07-26,Female
NASAW00017670,1967-11-08,Male
NASAW00017671,1967-03-13,Male
NASAW00017672,1985-06-30,Male
NASAW00017673,1961-09-18,Male
NASAW00017674,1952-09-17,Male
NASAW00017675,1992-08-19,Male
NASAW00017676,1966-02-23,Female
NASAW00017677,2000-02-07,Male
NASAW00017678,1985-10-08,Female
NASAW00017679,1971-02-20,Male
NASAW00017680,1998-09-03,Male
NASAW00017681,1997-09-24,Female
NASAW00017682,1976-11-05,Female
NASAW00017683,1954-10-25,Male
NASAW00017684,1960-09-29,Female
NASAW00017685,1979-10-17,Male
NASAW00017686,1964-10-07,Male
NASAW00017687,1959-09-04,
NASAW00017688,1970-12-14,Male
NASAW00017689,1978-09-15,Female
NASAW00017690,2006-06-19,Female
NASAW00017691,1962-04-05,Male
NASAW00017692,1993-05-29,Male
NASAW00017693,1971-01-04,Female
NASAW00017694,1946-08-30,Female
NASAW00017695,1990-08-17,Female
NASAW00017696,1946-01-20,Male
NASAW00017697,1959-11-30,M
NASAW00017698,2000-01-27,Female
NASAW00017699,1951-05-28,Female
NASAW00017700,1961-12-31,Female
NASAW00017701,1989-07-29,Male
NASAW00017702,1980-08-22,Male
NASAW00017703,1959-05-09,Female
NASAW00017704,1982-02-25,Male
NASAW00017705,1985-08-01,Female
NASAW00017706,1973-08-11,Male
NASAW00017707,1977-03-07,Male
NASAW00017708,1982-07-14,Female
NASAW00017709,1976-05-03,Male
NASAW00017710,1999-03-30,Female
NASAW00017711,1996-05-19,Male
NASAW00017712,1958-07-16,Male
NASAW00017713,1951-05-27,Female
NASAW00017714,1964-08-04,Female
NASAW00017715,1973-05-02,Female
NASAW00017716,1965-11-13,Female
NASAW00017717,2004-12-18,Male
NASAW00017718,2002-12-08,Female
NASAW00017719,2004-07-30,Male
NASAW00017720,1948-11-01,Male
NASAW00017721,1975-01-28,Male
NASAW00017722,2002-12-26,Female
NASAW00017723,1953-09-17,Male
NASAW00017724,1965-01-04,Male
NASAW00017725,1948-11-29,Male
NASAW00017726,1959-02-02,Male
NASAW00017727,1960-11-10,Male
NASAW00017728,1960-07-06,Female
NASAW00017729,1971-07-25,Male
NASAW00017730,1978-06-02,Female
NASAW00017731,1993-10-03,Female
NASAW00017732,1981-01-07,Male
NASAW00017733,1954-05-01,Male
NASAW00017734,1992-08-16,Male
NASAW00017735,1979-12-10,Female
NASAW00017736,1956-12-25,Male
NASAW00017737,1948-10-27,Male
NASAW00017738,1996-02-21,Female
NASAW00017739,1984-09-04,Female
NASAW00017740,1966-12-10,Female
NASAW00017741,1979-10-14,Female
NASAW00017742,1980-10-28,Male
NASAW00017743,1998-06-14,Male
NASAW00017744,1964-07-13,Male
NASAW00017745,1955-01-12,Female
NASAW00017746,1957-12-29,Male
NASAW00017747,1961-06-03,female
NASAW00017748,1950-09-27,Male
NASAW00017749,1999-11-19,Male
NASAW00017750,1955-02-13,Female
NASAW00017751,1990-11-08,Male
NASAW00017752,1953-01-29,Female
NASAW00017753,1958-10-07,Female
NASAW00017754,1997-10-06,Female
NASAW00017755,1996-08-14,Male
NASAW00017756,2003-06-20,Male
NASAW00017757,1954-12-13,Male
NASAW00017758,1950-02-12,Female
NASAW00017759,1982-11-19,Male
NASAW00017760,1945-03-11,Female
NASAW00017761,1962-08-25,Female
NASAW00017762,1962-05-09,Male
NASAW00017763,1953-08-24,female
NASAW00017764,1949-03-01,Male
NASAW00017765,1969-03-28,Male
NASAW00017766,1994-04-30,Female
NASAW00017767,1994-08-17,Female
NASAW00017768,2000-04-05,Male
NASAW00017769,1950-05-09,Female
NASAW00017770,1959-09-19,Female
NASAW00017771,1966-11-24,Male
NASAW00017772,1994-11-12,Male
NASAW00017773,1990-01-01,Female
NASAW00017774,2005-05-24,Male
NASAW00017775,1964-03-30,Female
NASAW00017776,1952-06-22,Male
NASAW00017777,2001-08-15,Female
NASAW00017778,1960-11-19,Male
NASAW00017779,1967-03-27,Female
NASAW00017780,1954-10-01,Male
NASAW00017781,1962-01-13,Male
NASAW00017782,1963-01-17,Male
NASAW00017783,1953-11-23,Male
NASAW00017784,1976-05-04,Female
NASAW00017785,1998-11-02,Male
NASAW00017786,1992-05-27,Male
NASAW00017787,1981-06-06,Female
NASAW00017788,1989-03-25,Male
NASAW00017789,1982-11-27,Female
NASAW00017790,1997-03-20,Male
NASAW00017791,2003-09-10,Male
NASAW00017792,1951-09-26,Female
NASAW00017793,1999-06-07,Female
NASAW00017794,1955-06-24,Male
NASAW00017795,1976-08-11,Female
NASAW00017796,1996-12-29,Male
NASAW00017797,1993-07-16,Female
NASAW00017798,2004-04-12,Male
NASAW00017799,1958-07-09,Female
NASAW00017800,1978-01-27,Female
NASAW00017801,1992-11-23,Male
NASAW00017802,1999-11-16,Male
NASAW00017803,1957-05-31,Male
NASAW00017804,1972-08-21,Male
NASAW00017805,1975-10-24,Female
NASAW00017806,2005-03-19,Male
NASAW00017807,1984-11-12,Male
NASAW00017808,1996-12-22,Male
NASAW00017809,1984-12-05,Female
NASAW00017810,1957-10-21,Female
NASAW00017811,1982-12-15,Female
NASAW00017812,1950-08-25,Female
NASAW00017813,1988-06-17,Male
NASAW00017814,1994-08-20,Female
NASAW00017815,1972-07-17,Female
NASAW00017816,1967-11-14,Female
NASAW00017817,1981-05-23,Male
NASAW00017818,1999-07-28,Female
NASAW00017819,1955-02-05,Male
NASAW00017820,1970-12-05,Female
NASAW00017821,1963-07-04,Male
NASAW00017822,1979-03-02,Male
NASAW00017823,1968-10-17,Male
NASAW00017824,1999-04-10,Female
NASAW00017825,1945-11-21,Male
NASAW00017826,1955-08-12,Male
NASAW00017827,1959-09-19,Female
NASAW00017828,1948-07-04,Female
NASAW00017829,1994-08-08,Male
NASAW00017830,1946-08-16,Male
NASAW00017831,1969-04-10,Female
NASAW00017832,1977-03-03,Male
NASAW00017833,1945-01-18,Male
NASAW00017834,2004-09-22,Female
NASAW00017835,,Male
NASAW00017836,2000-07-09,Female
NASAW00017837,1968-07-01,Male
NASAW00017838,1994-08-23,Male
NASAW00017839,1946-04-23,Female
NASAW00017840,1978-03-31,Male
NASAW00017841,1945-01-21,Female
NASAW00017842,1980-01-09,Female
NASAW00017843,1954-02-19,Female
NASAW00017844,2002-11-14,Female
NASAW00017845,1979-10-04,Female
NASAW00017846,1995-09-20,Female
NASAW00017847,1993-07-27,Female
NASAW00017848,1983-10-04,Male
NASAW00017849,1990-02-04,Male
NASAW00017850,2003-08-23,Female
NASAW00017851,1959-07-15,Male
NASAW00017852,1947-10-21,Male
NASAW00017853,1983-05-17,Male
NASAW00017854,1949-04-09,Female
NASAW00017855,1972-03-09,Female
NASAW00017856,1956-10-19,Male
NASAW00017857,1980-04-17,Female
NASAW00017858,1982-11-09,Female
NASAW00017859,1978-07-29,Male
NASAW00017860,1978-11-24,Male
NASAW00017861,1955-06-26,Female
NASAW00017862,1999-11-04,Female
NASAW00017863,1957-04-14,Female
NASAW00017864,1960-12-29,Male
NASAW00017865,1956-03-16,Female
NASAW00017866,1966-03-02,Female
NASAW00017867,1984-06-09,Female
NASAW00017868,1989-10-05,Female
NASAW00017869,1972-03-27,Female
NASAW00017870,1978-05-29,Female
NASAW00017871,1974-04-09,Male
NASAW00017872,1992-12-10,Male
NASAW00017873,1988-11-17,Male
NASAW00017874,1970-10-16,Female
NASAW00017875,1964-07-28,Male
NASAW00017876,1945-04-19,Female
NASAW00017877,1956-06-17,Male
NASAW00017878,1951-02-06,Female
NASAW00017879,1966-04-01,Male
NASAW00017880,2001-10-26,Female
NASAW00017881,1959-02-03,Female
NASAW00017882,1993-02-03,Male
NASAW00017883,2000-05-25,Female
NASAW00017884,2005-07-26,Female
NASAW00017885,1960-05-04,Female
NASAW00017886,1960-04-12,Female
NASAW00017887,1957-07-22,Female
NASAW00017888,1954-02-05,Female
NASAW00017889,1988-11-22,Male
NASAW00017890,1985-04-01,Female
NASAW00017891,1949-09-08,Male
NASAW00017892,1977-08-04,Male
NASAW00017893,1968-03-05,Female
NASAW00017894,1969-02-26,Female
NASAW00017895,2002-04-18,Male
NASAW00017896,1971-09-12,Female
NASAW00017897,1955-01-23,Female
NASAW00017898,1955-09-08,Female
NASAW00017899,1996-03-27,Female
NASAW00017900,1970-12-18,Male
NASAW00017901,1948-04-15,Female
NASAW00017902,1990-10-21,Male
NASAW00017903,1962-07-08,Male
NASAW00017904,1982-10-18,Male
NASAW00017905,2006-10-04,Male
NASAW00017906,1983-04-27,Female
NASAW00017907,1990-05-26,Male
NASAW00017908,1994-12-15,Male
NASAW00017909,1988-01-21,Male
NASAW00017910,1945-11-12,Female
NASAW00017911,1961-07-03,Male
NASAW00017912,1973-02-14,Female
NASAW00017913,1972-06-06,Male
NASAW00017914,1974-05-18,Female
NASAW00017915,1990-12-03,Male
NASAW00017916,1976-12-17,Female
NASAW00017917,1961-11-13,Female
NASAW00017918,1989-07-20,Female
NASAW00017919,1984-09-19,Male
NASAW00017920,1998-02-26,Male
NASAW00017921,1972-11-05,Female
NASAW00017922,1957-04-02,Female
NASAW00017923,1978-09-28,Female
NASAW00017924,1968-07-03,Female
NASAW00017925,1949-09-22,Male
NASAW00017926,2006-11-10,Male
NASAW00017927,1992-10-02,Female
NASAW00017928,1988-01-14,Male
NASAW00017929,1992-08-31,Female
NASAW00017930,1959-09-09,Male
NASAW00017931,1993-06-22,Female
NASAW00017932,1970-10-17,Female
NASAW00017933,1979-12-24,Female
NASAW00017934,2000-07-22,Female
NASAW00017935,1997-04-16,Male
NASAW00017936,1995-05-03,Female
NASAW00017937,1988-12-26,Female
NASAW00017938,1991-08-24,Male
NASAW00017939,1998-02-21,Male
NASAW00017940,1951-05-31,Female
NASAW00017941,1993-05-04,Male
NASAW00017942,1957-05-08,Male
NASAW00017943,2002-05-10,Female
NASAW00017944,1952-05-09,Female
NASAW00017945,1997-02-02,Female
NASAW00017946,1974-06-29,Female
NASAW00017947,1963-06-29,Male
NASAW00017948,1991-12-06,Male
NASAW00017949,1952-06-12,Male
NASAW00017950,2002-04-04,male
NASAW00017951,1990-02-09,Female
NASAW00017952,1993-02-13,Male
NASAW00017953,1996-11-12,Female
NASAW00017954,1993-05-03,Female
NASAW00017955,1996-09-18,
NASAW00017956,1947-01-13,Male
NASAW00017957,1954-06-15,Male
NASAW00017958,,Female
NASAW00017959,1982-12-12,Male
NASAW00017960,1978-07-11,Female
NASAW00017961,1990-04-09,Male
NASAW00017962,1986-09-09,Male
NASAW00017963,2005-01-05,Male
NASAW00017964,2005-05-29,Male
NASAW00017965,1955-12-08,Male
NASAW00017966,1945-12-08,Male
NASAW00017967,1996-06-14,Female
NASAW00017968,1957-01-22,Female
NASAW00017969,1976-05-12,Female
NASAW00017970,1948-10-16,Female
NASAW00017971,1992-12-31,Male
NASAW00017972,1948-10-31,Male
NASAW00017973,1957-03-03,Female
NASAW00017974,1963-07-15,Female
NASAW00017975,1992-08-19,Female
NASAW00017976,1981-01-26,Female
NASAW00017977,1952-01-29,Female
NASAW00017978,1990-09-22,Female
NASAW00017979,1995-12-28,Female
NASAW00017980,1966-09-17,Male
NASAW00017981,1945-08-22,Female
NASAW00017982,1983-08-06,Female
NASAW00017983,1985-05-28,Male
NASAW00017984,2003-05-17,Female
NASAW00017985,1978-09-11,Female
NASAW00017986,1995-12-20,Female
NASAW00017987,1955-05-19,Female
NASAW00017988,1967-01-30,Male
NASAW00017989,2004-03-19,Male
NASAW00017990,1987-04-22,Female
NASAW00017991,1947-07-13,Female
NASAW00017992,2003-05-01,Male
NASAW00017993,1975-10-14,Female
NASAW00017994,1960-11-20,Female
NASAW00017995,1967-11-14,Female
NASAW00017996,1951-11-14,Male
NASAW00017997,2000-12-07,Female
NASAW00017998,1974-01-03,Male
NASAW00017999,1975-01-13,Female
NASAW00018000,1981-09-30,Male
NASAW00018001,1978-06-29,Male
NASAW00018002,1961-12-13,Male
NASAW00018003,1957-02-22,Male
NASAW00018004,1945-09-29,Female
NASAW00018005,1982-08-27,Male
NASAW00018006,1990-09-04,Female
NASAW00018007,2001-11-10,Female
NASAW00018008,1985-09-01,Male
NASAW00018009,1998-02-09,Male
NASAW00018010,1946-12-10,Male
NASAW00018011,1982-07-15,Female
NASAW00018012,2004-02-24,Male
NASAW00018013,1996-02-09,Female
NASAW00018014,2000-01-21,Female
NASAW00018015,1973-09-13,Female
NASAW00018016,1955-01-15,Male
NASAW00018017,1974-06-27,Female
NASAW00018018,1957-03-08,Male
NASAW00018019,1985-09-08,Male
NASAW00018020,1946-11-29,Female
NASAW00018021,1994-08-06,Male
NASAW00018022,1954-06-25,Female
NASAW00018023,1948-02-25,Male
NASAW00018024,1997-12-28,Male
NASAW00018025,1990-07-05,Female
NASAW00018026,1984-10-05,Female
NASAW00018027,1990-12-07,Male
NASAW00018028,1964-03-29,Female
NASAW00018029,1985-04-30,M
NASAW00018030,1953-06-17,Male
NASAW00018031,1999-04-14,Male
NASAW00018032,1976-04-27,Female
NASAW00018033,1947-01-30,Male
NASAW00018034,1980-07-08,Female
NASAW00018035,1959-12-21,Female
NASAW00018036,1951-02-01,Male
NASAW00018037,1965-11-15,Male
NASAW00018038,2003-07-12,Female
NASAW00018039,1957-01-07,
NASAW00018040,1970-01-28,Male
NASAW00018041,2006-12-01,Female
NASAW00018042,1953-12-12,Male
NASAW00018043,1969-04-16,Male
NASAW00018044,1994-06-02,Male
NASAW00018045,2000-09-30,Female
NASAW00018046,1953-11-12,Male
NASAW00018047,1957-12-09,Female
NASAW00018048,1947-07-12,Female
NASAW00018049,1958-07-20,Female
NASAW00018050,1996-07-11,Male
NASAW00018051,1960-12-02,Female
NASAW00018052,1971-10-14,Male
NASAW00018053,1970-12-26,
NASAW00018054,2002-12-05,Male
NASAW00018055,1982-08-11,Male
NASAW00018056,1948-03-07,Female
NASAW00018057,1992-03-05,Female
NASAW00018058,1964-04-19,Male
NASAW00018059,1958-05-25,Female
NASAW00018060,2003-07-26,Male
NASAW00018061,1948-02-26,M
NASAW00018062,1966-03-19,Female
NASAW00018063,1957-02-28,Female
NASAW00018064,1962-08-21,Male
NASAW00018065,1945-11-23,Female
NASAW00018066,1999-04-09,Male
NASAW00018067,1953-08-05,Male
NASAW00018068,1974-12-04,Male
NASAW00018069,1947-05-02,Male
NASAW00018070,2000-03-16,Male
NASAW00018071,1948-02-09,Male
NASAW00018072,1959-05-18,Male
NASAW00018073,1993-06-30,Male
NASAW00018074,1990-09-11,Male
NASAW00018075,2003-10-09,Male
NASAW00018076,1961-08-27,Female
NASAW00018077,1973-05-15,Female
NASAW00018078,1981-07-24,Female
NASAW00018079,1954-12-15,Male
NASAW00018080,1987-07-10,Female
NASAW00018081,1968-01-16,Female
NASAW00018082,1949-10-29,Male
NASAW00018083,1965-03-28,Female
NASAW00018084,1956-10-27,Male
NASAW00018085,1953-05-01,Male
NASAW00018086,1957-12-04,Male
NASAW00018087,1997-09-23,Male
NASAW00018088,1957-09-25,Male
NASAW00018089,1997-05-02,Female
NASAW00018090,1987-07-27,Female
NASAW00018091,2000-05-10,female
NASAW00018092,1961-05-21,Female
NASAW00018093,1973-05-02,Male
NASAW00018094,1987-03-13,Female
NASAW00018095,1999-01-26,Male
NASAW00018096,2005-10-01,Female
NASAW00018097,1977-03-20,Female
NASAW00018098,1955-01-17,Male
NASAW00018099,1954-06-28,Male
NASAW00018100,1973-09-05,Male
NASAW00018101,1960-04-26,Female
NASAW00018102,1970-08-14,Female
NASAW00018103,1967-11-27,Female
NASAW00018104,1991-02-01,Male
NASAW00018105,1964-03-10,Male
NASAW00018106,1945-11-13,Female
NASAW00018107,1972-12-27,Male
NASAW00018108,1990-11-11,Female
NASAW00018109,2003-12-23,Male
NASAW00018110,1995-08-26,Male
NASAW00018111,1989-01-09,Male
NASAW00018112,1952-09-10,Male
NASAW00018113,1949-07-08,Male
NASAW00018114,1980-04-06,Male
NASAW00018115,1962-09-16,Male
NASAW00018116,1969-12-30,Female
NASAW00018117,1969-04-06,Male
NASAW00018118,1990-03-26,Male
NASAW00018119,1996-07-03,Female
NASAW00018120,1973-07-31,Male
NASAW00018121,1958-04-13,Male
NASAW00018122,1960-02-02,Male
NASAW00018123,1962-11-18,Female
NASAW00018124,2006-07-29,Male
NASAW00018125,1946-04-22,Female
NASAW00018126,1945-02-18,Male
NASAW00018127,1945-03-06,Male
NASAW00018128,1994-03-19,Male
NASAW00018129,1971-03-04,Female
NASAW00018130,1985-09-06,Male
NASAW00018131,1999-12-04,male
NASAW00018132,1991-10-02,Male
NASAW00018133,1955-11-20,Female
NASAW00018134,1945-03-28,
NASAW00018135,1953-04-14,Male
NASAW00018136,1966-02-03,Female
NASAW00018137,1963-01-31,Female
NASAW00018138,2000-06-04,Male
NASAW00018139,1993-08-09,Female
NASAW00018140,1971-12-08,Male
NASAW00018141,1994-02-17,Female
NASAW00018142,1979-11-09,Male
NASAW00018143,1947-01-26,Female
NASAW00018144,2006-05-24,Female
NASAW00018145,1955-08-27,Male
NASAW00018146,1984-12-25,Male
NASAW00018147,1991-12-16,Female
NASAW00018148,1953-04-18,Female
NASAW00018149,1968-04-01,Male
NASAW00018150,1996-06-08,Female
NASAW00018151,1958-06-19,Male
NASAW00018152,2002-01-19,Male
NASAW00018153,1951-02-20,Female
NASAW00018154,1966-06-17,Female
NASAW00018155,1947-09-10,Female
NASAW00018156,1996-07-25,Female
NASAW00018157,1970-06-04,Female
NASAW00018158,1981-04-14,Male
NASAW00018159,1949-10-25,Male
NASAW00018160,1968-12-14,Male
NASAW00018161,1957-06-30,Male
NASAW00018162,2006-10-15,Male
NASAW00018163,2003-07-20,Female
NASAW00018164,1998-07-06,Female
NASAW00018165,1945-02-06,Female
NASAW00018166,1957-08-17,M
NASAW00018167,1989-12-06,Female
NASAW00018168,1968-07-06,Male
NASAW00018169,1986-12-13,Female
NASAW00018170,2002-03-01,Female
NASAW00018171,1972-12-14,Male
NASAW00018172,1975-11-26,Male
NASAW00018173,1945-10-03,Male
NASAW00018174,2000-08-08,Male
NASAW00018175,1994-06-29,Male
NASAW00018176,1994-04-02,Female
NASAW00018177,1951-03-26,Female
NASAW00018178,1976-01-15,Female
NASAW00018179,2004-09-17,Female
NASAW00018180,1955-04-08,Male
NASAW00018181,1986-09-08,Male
NASAW00018182,1949-12-20,Female
NASAW00018183,1947-02-11,Male
NASAW00018184,1995-05-20,Male
NASAW00018185,1986-02-11,Male
NASAW00018186,1960-10-08,Male
NASAW00018187,1995-12-10,Female
NASAW00018188,1951-02-28,Male
NASAW00018189,1947-08-21,Female
NASAW00018190,1992-10-05,Male
NASAW00018191,1989-08-28,Female
NASAW00018192,1974-03-02,Female
NASAW00018193,1972-12-30,Male
NASAW00018194,1972-05-28,Male
NASAW00018195,1984-06-16,Male
NASAW00018196,2001-11-18,Male
NASAW00018197,1954-08-10,Female
NASAW00018198,1966-03-24,F
NASAW00018199,2001-02-26,Female
NASAW00018200,1989-02-14,Female
NASAW00018201,1966-01-27,Female
NASAW00018202,1952-06-15,Female
NASAW00018203,1992-12-22,Female
NASAW00018204,1954-02-10,Male
NASAW00018205,1986-03-02,Male
NASAW00018206,1980-05-15,Male
NASAW00018207,1990-09-13,Female
NASAW00018208,1979-10-05,Female
NASAW00018209,1958-09-11,Female
NASAW00018210,1951-11-15,Female
NASAW00018211,1981-09-03,Female
NASAW00018212,1990-10-24,Female
NASAW00018213,2000-12-10,Female
NASAW00018214,1952-03-23,Male
NASAW00018215,2002-05-04,Male
NASAW00018216,1948-04-11,Male
NASAW00018217,1990-10-12,Female
NASAW00018218,1972-01-14,Male
NASAW00018219,1966-02-10,Female
NASAW00018220,1963-10-18,Female
NASAW00018221,1982-08-13,Female
NASAW00018222,1994-02-19,Male
NASAW00018223,1958-07-13,Female
NASAW00018224,1967-09-06,Female
NASAW00018225,1959-09-06,Male
NASAW00018226,1946-07-18,Female
NASAW00018227,1970-05-25,Male
NASAW00018228,1956-02-07,Female
NASAW00018229,1962-07-19,Male
NASAW00018230,1992-08-28,Male
NASAW00018231,1945-03-24,Female
NASAW00018232,1965-12-13,Female
NASAW00018233,2005-10-02,Female
NASAW00018234,1989-11-24,Male
NASAW00018235,1950-10-24,Female
NASAW00018236,1997-08-20,Male
NASAW00018237,1981-05-08,Male
NASAW00018238,1976-02-28,Male
NASAW00018239,1948-12-04,Male
NASAW00018240,1978-04-17,Female
NASAW00018241,1952-05-19,Male
NASAW00018242,1967-03-05,Male
NASAW00018243,1981-01-06,Female
NASAW00018244,1945-05-18,Male
NASAW00018245,1989-07-23,Female
NASAW00018246,1949-09-29,Male
NASAW00018247,1959-08-22,Male
NASAW00018248,1954-06-04,Male
NASAW00018249,1952-03-12,Female
NASAW00018250,1947-11-29,Male
NASAW00018251,1971-09-20,Female
NASAW00018252,1955-06-24,Female
NASAW00018253,1953-11-15,Female
NASAW00018254,2003-07-08,Male
NASAW00018255,1954-06-02,Female
NASAW00018256,1958-12-17,Female
NASAW00018257,2006-05-05,Male
NASAW00018258,1990-07-08,Female
NASAW00018259,2002-01-26,Female
NASAW00018260,1977-09-19,Male
NASAW00018261,1951-11-30,Female
NASAW00018262,1975-07-27,Male
NASAW00018263,1955-09-17,Female
NASAW00018264,1995-01-27,Female
NASAW00018265,1991-11-20,Female
NASAW00018266,1957-05-06,Male
NASAW00018267,1965-05-04,Female
NASAW00018268,1954-06-29,Male
NASAW00018269,2000-03-23,Male
NASAW00018270,1956-08-23,Female
NASAW00018271,1967-07-20,Male
NASAW00018272,1993-01-15,Female
NASAW00018273,1965-05-04,Female
NASAW00018274,1995-03-18,Male
NASAW00018275,1961-05-02,Male
NASAW00018276,2005-06-11,Female
NASAW00018277,1976-07-27,Male
NASAW00018278,1946-04-28,Female
NASAW00018279,2005-01-12,Male
NASAW00018280,1957-02-09,Female
NASAW00018281,1961-09-16,Male
NASAW00018282,1980-01-20,Female
NASAW00018283,1999-01-19,Female
NASAW00018284,1994-06-24,Female
NASAW00018285,1968-04-15,Female
NASAW00018286,1946-10-15,Female
NASAW00018287,2006-03-17,Male
NASAW00018288,1984-03-14,Male
NASAW00018289,1967-01-23,Female
NASAW00018290,1957-09-29,Male
NASAW00018291,1955-05-11,Female
NASAW00018292,1958-01-10,Male
NASAW00018293,1988-02-04,Male
NASAW00018294,1962-09-24,Female
NASAW00018295,1959-01-17,Male
NASAW00018296,1955-02-04,Male
NASAW00018297,1996-11-05,Female
NASAW00018298,1990-03-01,Male
NASAW00018299,1945-12-01,Male
NASAW00018300,1983-02-20,Male
NASAW00018301,1946-05-22,Male
NASAW00018302,1949-03-16,Female
NASAW00018303,1951-05-25,Female
NASAW00018304,1994-05-08,Female
NASAW00018305,1981-04-09,Male
NASAW00018306,1965-09-25,Female
NASAW00018307,1965-11-16,Male
NASAW00018308,1953-05-21,Male
NASAW00018309,1955-08-19,Female
NASAW00018310,1989-09-27,Male
NASAW00018311,1989-01-05,Female
NASAW00018312,1955-12-21,Male
NASAW00018313,1994-07-04,Male
NASAW00018314,1957-04-11,Male
NASAW00018315,1985-04-15,Female
NASAW00018316,1953-11-02,Female
NASAW00018317,1995-06-29,Male
NASAW00018318,1975-08-17,Male
NASAW00018319,1978-10-08,Male
NASAW00018320,2005-03-28,Female
NASAW00018321,1959-06-05,Female
NASAW00018322,1946-09-11,Female
NASAW00018323,1984-01-15,Female
NASAW00018324,1900-01-01,Female
NASAW00018325,1987-01-14,Female
NASAW00018326,1950-10-20,Male
NASAW00018327,1986-05-01,Female
NASAW00018328,1955-12-29,Female
NASAW00018329,2003-07-11,Male
NASAW00018330,1988-03-02,Male
NASAW00018331,1964-06-04,Female
NASAW00018332,1972-07-14,Male
NASAW00018333,1961-08-30,Female
NASAW00018334,1951-07-17,Female
NASAW00018335,1986-03-08,Female
NASAW00018336,1949-06-21,Male
NASAW00018337,1974-10-25,Female
NASAW00018338,2006-06-24,Male
NASAW00018339,1985-06-14,Female
NASAW00018340,1949-02-06,Female
NASAW00018341,1967-06-29,Female
NASAW00018342,2003-07-23,Male
NASAW00018343,1957-11-26,Male
NASAW00018344,1963-07-13,Male
NASAW00018345,1994-03-17,Female
NASAW00018346,1987-09-11,Male
NASAW00018347,1977-02-17,Male
NASAW00018348,1992-06-17,Female
NASAW00018349,1999-06-29,Male
NASAW00018350,1968-08-14,Female
NASAW00018351,1998-01-19,Male
NASAW00018352,1950-03-01,Female
NASAW00018353,1966-02-10,Female
NASAW00018354,1947-04-13,Male
NASAW00018355,1987-07-20,Female
NASAW00018356,1952-07-09,Female
NASAW00018357,1998-06-27,Female
NASAW00018358,1968-02-03,Female
NASAW00018359,1962-03-19,Female
NASAW00018360,1981-12-01,Female
NASAW00018361,1989-11-16,Female
NASAW00018362,1989-11-03,Female
NASAW00018363,1967-11-07,Male
NASAW00018364,1997-08-20,Male
NASAW00018365,1966-08-23,Female
NASAW00018366,1958-03-16,Female
NASAW00018367,1963-11-06,Male
NASAW00018368,1985-11-10,Male
NASAW00018369,1950-05-09,Male
NASAW00018370,2002-09-24,Male
NASAW00018371,1954-07-20,Female
NASAW00018372,1978-04-14,Female
NASAW00018373,1983-03-19,Female
NASAW00018374,1954-07-26,Male
NASAW00018375,1971-06-05,Female
NASAW00018376,1955-03-26,Female
NASAW00018377,1996-10-11,Male
NASAW00018378,1978-08-17,Male
NASAW00018379,1983-02-11,Male
NASAW00018380,1963-08-08,Male
NASAW00018381,1961-10-17,Female
NASAW00018382,1982-01-27,Male
NASAW00018383,1953-08-01,Female
NASAW00018384,1961-07-17,Female
NASAW00018385,1989-06-14,Male
NASAW00018386,1982-11-21,Male
NASAW00018387,1985-06-04,Male
NASAW00018388,1964-05-20,Male
NASAW00018389,1980-11-22,Female
NASAW00018390,1948-07-13,Male
NASAW00018391,1947-12-15,Male
NASAW00018392,1963-09-21,Female
NASAW00018393,1961-06-20,Female
NASAW00018394,1978-10-19,Male
NASAW00018395,1984-07-11,Female
NASAW00018396,1984-10-18,Male
NASAW00018397,1994-10-24,Female
NASAW00018398,1995-06-30,F
NASAW00018399,1974-03-02,Male
NASAW00018400,1976-05-20,Female
NASAW00018401,1954-10-03,Male
NASAW00018402,1999-04-03,Female
NASAW00018403,1959-03-06,Female
NASAW00018404,1961-03-02,Male
NASAW00018405,1959-05-13,Male
NASAW00018406,1979-10-11,Male
NASAW00018407,1971-10-12,Female
NASAW00018408,1950-05-04,Female
NASAW00018409,1982-08-30,Female
NASAW00018410,1960-05-26,Male
NASAW00018411,1994-08-11,Female
NASAW00018412,1963-06-06,Female
NASAW00018413,2000-12-06,Female
NASAW00018414,1947-02-06,Male
NASAW00018415,1990-05-14,Female
NASAW00018416,1972-01-14,Female
NASAW00018417,1989-06-04,Female
NASAW00018418,1946-12-13,Male
NASAW00018419,2004-09-02,Male
NASAW00018420,1995-09-11,Male
NASAW00018421,1998-05-20,Male
NASAW00018422,1951-12-23,Female
NASAW00018423,1966-05-16,Female
NASAW00018424,1968-03-29,Male
NASAW00018425,1997-06-19,Male
NASAW00018426,1976-04-07,Male
NASAW00018427,1963-07-05,Male
NASAW00018428,1966-12-14,Male
NASAW00018429,1958-10-25,Female
NASAW00018430,1975-11-13,Male
NASAW00018431,1955-03-09,Male
NASAW00018432,1975-04-17,Male
NASAW00018433,1965-04-12,Female
NASAW00018434,1963-09-04,Male
NASAW00018435,1962-04-17,Female
NASAW00018436,1967-02-05,Male
NASAW00018437,1998-02-13,Male
NASAW00018438,1993-03-19,male
NASAW00018439,1993-04-20,Male
NASAW00018440,1955-12-27,Female
NASAW00018441,1969-03-30,Male
NASAW00018442,1984-11-11,Female
NASAW00018443,1973-02-01,Male
NASAW00018444,1950-01-24,Male
NASAW00018445,1989-07-15,Male
NASAW00018446,1988-03-01,Female
NASAW00018447,1969-12-05,Male
NASAW00018448,1979-06-12,Female
NASAW00018449,2002-07-02,Male
NASAW00018450,1985-03-16,Male
NASAW00018451,1997-07-27,Female
NASAW00018452,1985-01-16,Male
NASAW00018453,1953-12-17,Male
NASAW00018454,1980-12-15,Female
NASAW00018455,1969-08-03,Male
NASAW00018456,2004-11-28,Female
NASAW00018457,1967-08-07,Male
NASAW00018458,1947-04-13,Female
NASAW00018459,1955-10-23,Male
NASAW00018460,1947-05-17,male
NASAW00018461,1959-03-17,Female
NASAW00018462,1973-04-19,Female
NASAW00018463,1950-06-25,Male
NASAW00018464,1950-08-20,Male
NASAW00018465,1974-10-10,Female
NASAW00018466,1953-06-11,Male
NASAW00018467,1954-01-02,Male
NASAW00018468,1971-11-15,Male
NASAW00018469,1991-06-03,Female
NASAW00018470,1998-01-18,Male
NASAW00018471,1968-05-30,Male
NASAW00018472,1978-08-03,Female
NASAW00018473,1956-10-12,Male
NASAW00018474,1990-01-05,Female
NASAW00018475,2001-05-14,Female
NASAW00018476,1993-06-02,Male
NASAW00018477,1945-09-01,Female
NASAW00018478,1989-03-13,Female
NASAW00018479,2001-11-19,Male
NASAW00018480,1963-10-01,Male
NASAW00018481,1997-11-01,Female
NASAW00018482,1976-10-14,Male
NASAW00018483,1959-11-21,Female
NASAW00018484,1983-11-16,Female
NASAW00018485,2002-02-09,Female
NASAW00018486,1992-04-22,Male
NASAW00018487,1973-10-07,Female
NASAW00018488,1957-02-09,Male
NASAW00018489,1946-08-13,Female
NASAW00018490,1980-09-12,Male
NASAW00018491,1977-07-07,Male
NASAW00018492,2002-03-17,Female
NASAW00018493,1952-03-11,Female
NASAW00018494,1960-02-22,Male
NASAW00018495,1961-06-21,Male
NASAW00018496,1954-07-15,Female
NASAW00018497,2004-07-17,Female
NASAW00018498,1960-01-28,Female
NASAW00018499,1985-02-14,Female
NASAW00018500,1961-12-06,Female
NASAW00018501,1961-03-05,Male
NASAW00018502,1960-03-18,Male
NASAW00018503,1969-07-16,Male
NASAW00018504,1998-04-17,Male
NASAW00018505,1999-04-28,Female
NASAW00018506,1980-05-21,Female
NASAW00018507,1948-07-26,Female
NASAW00018508,1945-01-09,Female
NASAW00018509,1949-09-21,Female
NASAW00018510,1983-08-10,Male
NASAW00018511,1987-10-25,Male
NASAW00018512,1946-09-07,Male
NASAW00018513,1949-06-24,Male
NASAW00018514,1996-07-31,Female
NASAW00018515,1963-01-06,Male
NASAW00018516,1957-01-24,Female
NASAW00018517,1953-05-27,Male
NASAW00018518,1979-04-20,Male
NASAW00018519,1982-09-02,Male
NASAW00018520,1986-05-25,Male
NASAW00018521,1973-09-28,Female
NASAW00018522,1954-12-13,Female
NASAW00018523,1949-12-04,Female
NASAW00018524,1956-08-24,Male
NASAW00018525,1992-03-01,Female
NASAW00018526,1945-12-05,M
NASAW00018527,1965-06-24,Male
NASAW00018528,1969-05-07,Female
NASAW00018529,1983-03-09,Male
NASAW00018530,2005-05-28,Male
NASAW00018531,1981-10-25,Female
NASAW00018532,1970-05-27,Female
NASAW00018533,1971-11-20,Male
NASAW00018534,1953-11-23,Female
NASAW00018535,1970-10-24,Male
NASAW00018536,1986-04-01,Female
NASAW00018537,2004-01-29,Female
NASAW00018538,1987-10-05,Male
NASAW00018539,1982-11-10,Male
NASAW00018540,1967-07-10,Male
NASAW00018541,2000-12-14,Female
NASAW00018542,1983-06-14,Female
NASAW00018543,1974-05-30,Male
NASAW00018544,1990-11-25,Male
NASAW00018545,1952-10-06,Female
NASAW00018546,2000-08-07,Male
NASAW00018547,1960-06-21,Male
NASAW00018548,1948-09-11,Female
NASAW00018549,1995-04-10,Female
NASAW00018550,1968-12-02,Male
NASAW00018551,1989-07-08,Female
NASAW00018552,1975-12-26,Female
NASAW00018553,1962-08-14,Female
NASAW00018554,1996-05-15,Male
NASAW00018555,1900-01-01,Female
NASAW00018556,1993-02-03,Male
NASAW00018557,1978-12-16,Male
NASAW00018558,1982-07-03,Male
NASAW00018559,1970-03-14,Male
NASAW00018560,1962-10-02,Female
NASAW00018561,1950-09-03,Male
NASAW00018562,1998-06-09,Female
NASAW00018563,2001-02-22,Female
NASAW00018564,1969-01-14,Female
NASAW00018565,1969-12-27,Male
NASAW00018566,1947-12-02,Male
NASAW00018567,1987-10-16,Female
NASAW00018568,2005-04-14,Female
NASAW00018569,1988-11-05,Female
NASAW00018570,1953-06-03,Female
NASAW00018571,1990-04-29,Female
NASAW00018572,1969-09-29,Male
NASAW00018573,1980-07-18,Male
NASAW00018574,1993-08-24,Female
NASAW00018575,1982-04-16,Female
NASAW00018576,1986-12-06,Female
NASAW00018577,1965-12-24,Male
NASAW00018578,1977-12-29,Male
NASAW00018579,1991-08-09,Male
NASAW00018580,1950-05-14,Female
NASAW00018581,1959-12-24,Male
NASAW00018582,1945-12-30,Female
NASAW00018583,,Female
NASAW00018584,2003-04-20,Female
NASAW00018585,1946-11-01,Male
NASAW00018586,1977-08-06,Female
NASAW00018587,1947-12-27,Male
NASAW00018588,1965-06-12,Female
NASAW00018589,1968-12-15,Male
NASAW00018590,1963-12-16,F
NASAW00018591,2002-10-31,Male
NASAW00018592,1946-12-31,Female
NASAW00018593,1955-10-16,Male
NASAW00018594,1961-06-03,Female
NASAW00018595,1981-10-24,Female
NASAW00018596,1996-07-21,Male
NASAW00018597,2000-02-11,male
NASAW00018598,1985-07-25,Female
NASAW00018599,1974-07-11,Female
NASAW00018600,2005-09-02,Male
NASAW00018601,1979-09-28,Male
NASAW00018602,1996-05-17,Female
NASAW00018603,2005-12-25,Female
NASAW00018604,1980-11-13,
NASAW00018605,1973-04-03,Female
NASAW00018606,1946-12-19,Female
NASAW00018607,1996-03-24,Male
NASAW00018608,1985-11-09,Female
NASAW00018609,1951-12-23,Female
NASAW00018610,2006-04-04,Male
NASAW00018611,1981-07-11,Male
NASAW00018612,1950-06-29,Female
NASAW00018613,1959-08-12,Male
NASAW00018614,1987-07-30,Male
NASAW00018615,1990-08-30,Male
NASAW00018616,2005-05-15,Male
NASAW00018617,1989-01-03,Male
NASAW00018618,1982-07-25,Male
NASAW00018619,1965-12-09,Female
NASAW00018620,1945-07-19,Female
NASAW00018621,1999-10-17,Female
NASAW00018622,1997-09-10,Male
NASAW00018623,1963-07-04,Male
NASAW00018624,1952-10-25,Male
NASAW00018625,1974-04-28,Male
NASAW00018626,1955-02-19,Female
NASAW00018627,1985-05-04,F
NASAW00018628,1998-09-21,Female
NASAW00018629,1993-04-28,Male
NASAW00018630,1978-01-02,Male
NASAW00018631,1969-05-13,Female
NASAW00018632,2004-02-04,Male
NASAW00018633,1958-03-01,Male
NASAW00018634,1986-10-19,Male
NASAW00018635,1982-03-03,Male
NASAW00018636,1979-08-31,Female
NASAW00018637,2004-07-05,Male
NASAW00018638,1975-11-03,Male
NASAW00018639,1954-03-28,Female
NASAW00018640,1997-02-12,Male
NASAW00018641,2003-09-05,Female
NASAW00018642,1945-02-18,Female
NASAW00018643,1949-02-28,Male
NASAW00018644,1998-09-30,Female
NASAW00018645,2001-08-05,Female
NASAW00018646,1949-04-20,Male
NASAW00018647,1991-06-09,Male
NASAW00018648,1985-10-03,Male
NASAW00018649,1992-06-07,Female
NASAW00018650,1994-05-15,Female
NASAW00018651,1971-11-03,Female
NASAW00018652,1947-09-17,Male
NASAW00018653,1986-01-22,Female
NASAW00018654,1995-09-08,Female
NASAW00018655,2001-08-22,Male
NASAW00018656,1982-08-03,Female
NASAW00018657,1998-02-21,Female
NASAW00018658,1954-11-20,Female
NASAW00018659,1981-06-09,Male
NASAW00018660,1995-01-06,Female
NASAW00018661,1946-07-03,Male
NASAW00018662,1985-12-08,Male
NASAW00018663,1982-10-18,Female
NASAW00018664,1970-03-06,Female
NASAW00018665,1998-05-15,Male
NASAW00018666,2002-08-04,Female
NASAW00018667,1945-07-12,Male
NASAW00018668,1971-06-28,Male
NASAW00018669,1971-10-05,Female
NASAW00018670,1964-04-14,Male
NASAW00018671,1997-07-14,Male
NASAW00018672,1964-12-28,Male
NASAW00018673,1945-10-21,Female
NASAW00018674,1996-02-16,Male
NASAW00018675,1967-06-04,Female
NASAW00018676,1945-01-26,Female
NASAW00018677,1966-09-27,Male
NASAW00018678,2006-11-17,Female
NASAW00018679,1976-11-02,Female
NASAW00018680,1967-12-15,Male
NASAW00018681,1992-10-19,Female
NASAW00018682,1969-12-23,Male
NASAW00018683,1980-11-23,Female
NASAW00018684,1990-10-04,Male
NASAW00018685,1976-08-09,Female
NASAW00018686,1989-09-18,Female
NASAW00018687,1969-10-20,Female
NASAW00018688,1981-11-19,Male
NASAW00018689,1956-05-30,Male
NASAW00018690,1979-03-13,Female
NASAW00018691,1999-03-21,Female
NASAW00018692,1970-06-15,Male
NASAW00018693,1978-06-13,Female
NASAW00018694,2004-10-20,Male
NASAW00018695,1949-07-13,Male
NASAW00018696,1999-04-07,Male
NASAW00018697,1959-11-16,Male
NASAW00018698,1945-12-30,Female
NASAW00018699,1951-07-10,Female
NASAW00018700,1960-11-15,Female
NASAW00018701,1978-10-27,Male
NASAW00018702,1997-10-02,Male
NASAW00018703,1964-04-27,Female
NASAW00018704,1980-11-14,Female
NASAW00018705,1989-06-13,Male
NASAW00018706,1978-05-23,Female
NASAW00018707,1946-02-09,Male
NASAW00018708,1967-11-11,Male
NASAW00018709,1991-12-12,Female
NASAW00018710,1999-07-20,Male
NASAW00018711,1974-05-16,Male
NASAW00018712,1998-10-14,Male
NASAW00018713,1981-02-08,Male
NASAW00018714,1950-12-20,Male
NASAW00018715,2003-07-12,Female
NASAW00018716,1980-10-15,Male
NASAW00018717,1972-05-11,Male
NASAW00018718,1948-01-12,Male
NASAW00018719,1964-07-14,Male
NASAW00018720,1963-04-25,Female
NASAW00018721,1973-11-01,Female
NASAW00018722,1956-11-17,male
NASAW00018723,1993-06-17,Female
NASAW00018724,2005-03-26,Male
NASAW00018725,2004-11-07,Male
NASAW00018726,1971-08-20,Female
NASAW00018727,2000-09-20,Male
NASAW00018728,1949-12-28,Male
NASAW00018729,1975-03-22,Male
NASAW00018730,1996-02-28,Female
NASAW00018731,1983-05-30,Male
NASAW00018732,2000-11-02,Female
NASAW00018733,1956-03-23,Male
NASAW00018734,2003-03-25,Female
NASAW00018735,1981-02-03,Male
NASAW00018736,1952-08-23,Female
NASAW00018737,1967-01-27,Male
NASAW00018738,1985-03-30,Female
NASAW00018739,1954-01-07,Female
NASAW00018740,1996-04-22,Female
NASAW00018741,1958-09-21,Female
NASAW00018742,1945-08-09,Female
NASAW00018743,1989-01-10,Male
NASAW00018744,1973-07-12,Male
NASAW00018745,2003-11-30,Female
NASAW00018746,1981-04-23,Male
NASAW00018747,1989-07-08,Male
NASAW00018748,2002-08-18,Female
NASAW00018749,1976-05-14,Female
NASAW00018750,1952-09-24,Male
NASAW00018751,1949-01-14,Female
NASAW00018752,2000-10-21,Male
NASAW00018753,1998-01-01,Female
NASAW00018754,1962-05-08,Male
NASAW00018755,1962-01-13,Male
NASAW00018756,1971-05-16,Female
NASAW00018757,1969-09-05,Female
NASAW00018758,1994-05-04,Female
NASAW00018759,1989-04-07,Female
NASAW00018760,1992-12-15,Male
NASAW00018761,1965-03-25,Male
NASAW00018762,1945-06-18,Female
NASAW00018763,1982-02-06,Male
NASAW00018764,1987-04-11,Female
NASAW00018765,1953-01-22,Male
NASAW00018766,2003-12-25,Female
NASAW00018767,1952-01-15,Female
NASAW00018768,1962-04-12,Male
NASAW00018769,1999-04-13,Female
NASAW00018770,1990-08-28,M
NASAW00018771,1993-11-10,Male
NASAW00018772,1973-10-18,Female
NASAW00018773,1968-05-18,Female
NASAW00018774,2005-01-10,Male
NASAW00018775,1980-09-27,Female
NASAW00018776,1987-06-02,M
NASAW00018777,1946-01-06,Male
NASAW00018778,1972-12-11,Female
NASAW00018779,1955-07-09,Male
NASAW00018780,1967-04-23,Male
NASAW00018781,1960-12-27,Male
NASAW00018782,2006-02-04,Female
NASAW00018783,1980-04-26,Male
NASAW00018784,1966-05-27,Female
NASAW00018785,2006-05-30,Male
NASAW00018786,2004-03-21,Male
NASAW00018787,1958-08-07,Male
NASAW00018788,1999-07-22,Male
NASAW00018789,1979-04-14,Female
NASAW00018790,1998-11-10,Male
NASAW00018791,1966-03-29,Female
NASAW00018792,1956-11-09,Male
NASAW00018793,1999-04-09,Female
NASAW00018794,1968-08-27,Male
NASAW00018795,1983-10-04,Female
NASAW00018796,1948-10-26,Male
NASAW00018797,2005-12-17,Male
NASAW00018798,1993-07-10,Female
NASAW00018799,1964-12-13,Male
NASAW00018800,2006-01-27,Male
NASAW00018801,1979-12-21,Male
NASAW00018802,1975-01-30,Female
NASAW00018803,1995-04-27,Male
NASAW00018804,1980-10-29,Male
NASAW00018805,1954-12-31,Female
NASAW00018806,1947-11-26,Female
NASAW00018807,2006-05-05,Male
NASAW00018808,1958-03-02,Female
NASAW00018809,1998-11-20,Male
NASAW00018810,1987-09-17,Female
NASAW00018811,1977-08-07,Female
NASAW00018812,1988-02-01,Male
NASAW00018813,1992-09-17,Male
NASAW00018814,2002-06-21,Male
NASAW00018815,1984-10-25,Female
NASAW00018816,1980-01-10,Female
NASAW00018817,1966-11-18,Female
NASAW00018818,1988-08-05,Female
NASAW00018819,1956-11-13,Male
NASAW00018820,1967-04-08,Female
NASAW00018821,1945-04-01,Male
NASAW00018822,1957-05-15,Male
NASAW00018823,1992-12-18,Male
NASAW00018824,1978-07-21,Female
NASAW00018825,1945-07-14,Female
NASAW00018826,1991-05-18,Female
NASAW00018827,1949-08-26,Male
NASAW00018828,1980-07-19,Female
NASAW00018829,1945-10-02,Male
NASAW00018830,1992-08-18,Male
NASAW00018831,2003-01-17,Female
NASAW00018832,1945-09-20,Male
NASAW00018833,1945-12-25,Male
NASAW00018834,1998-02-22,Male
NASAW00018835,1950-04-08,Male
NASAW00018836,2002-05-03,M
NASAW00018837,1957-02-19,M
NASAW00018838,1975-05-31,Male
NASAW00018839,1986-04-11,Female
NASAW00018840,,Male
NASAW00018841,1996-07-16,Male
NASAW00018842,1980-03-16,Female
NASAW00018843,1948-11-09,Female
NASAW00018844,1976-04-18,Female
NASAW00018845,1971-06-29,Female
NASAW00018846,1969-07-11,Male
NASAW00018847,1948-12-07,Female
NASAW00018848,1970-08-07,Male
NASAW00018849,1991-02-05,Male
NASAW00018850,2001-07-30,Female
NASAW00018851,1976-03-17,Male
NASAW00018852,1970-06-05,Female
NASAW00018853,1974-08-16,Female
NASAW00018854,1959-01-29,Female
NASAW00018855,1958-05-28,Female
NASAW00018856,1949-09-11,Female
NASAW00018857,1979-01-31,
NASAW00018858,1981-08-22,Female
NASAW00018859,1957-07-09,Female
NASAW00018860,1947-09-26,Female
NASAW00018861,1985-04-10,Male
NASAW00018862,1982-10-28,Female
NASAW00018863,1946-06-10,Female
NASAW00018864,1950-08-23,Female
NASAW00018865,1947-06-10,Male
NASAW00018866,2006-02-01,F
NASAW00018867,1965-09-02,Male
NASAW00018868,1982-12-19,Male
NASAW00018869,1973-05-09,Female
NASAW00018870,1992-03-29,Male
NASAW00018871,1978-07-03,Female
NASAW00018872,1972-02-12,Male
NASAW00018873,1997-12-31,Female
NASAW00018874,1995-11-19,Female
NASAW00018875,1968-09-14,Female
NASAW00018876,1964-03-07,Female
NASAW00018877,1986-12-12,Female
NASAW00018878,1986-04-16,Male
NASAW00018879,2002-09-08,Female
NASAW00018880,1984-01-02,Female
NASAW00018881,1981-04-20,Female
NASAW00018882,1974-08-13,Male
NASAW00018883,1994-09-05,Female
NASAW00018884,1999-06-26,Female
NASAW00018885,1980-07-11,Male
NASAW00018886,1978-07-30,Male
NASAW00018887,1961-08-31,Female
NASAW00018888,1987-07-13,Male
NASAW00018889,1993-08-19,Male
NASAW00018890,2002-08-19,Male
NASAW00018891,1959-09-17,M
NASAW00018892,1983-10-20,Male
NASAW00018893,1962-01-06,Male
NASAW00018894,2006-12-03,Female
NASAW00018895,1964-01-31,Male
NASAW00018896,1963-11-15,Female
NASAW00018897,1970-12-09,Male
NASAW00018898,1995-04-21,Female
NASAW00018899,1966-07-16,Female
NASAW00018900,1986-04-15,Male
NASAW00018901,1968-03-04,Female
NASAW00018902,1966-03-30,Male
NASAW00018903,1965-01-30,Female
NASAW00018904,2003-06-21,Male
NASAW00018905,1966-05-19,Male
NASAW00018906,1996-08-10,Male
NASAW00018907,1950-11-09,Male
NASAW00018908,1965-06-14,Male
NASAW00018909,1991-04-26,Male
NASAW00018910,1964-01-22,Female
NASAW00018911,2004-03-13,Male
NASAW00018912,1999-07-23,female
NASAW00018913,1988-05-10,Female
NASAW00018914,1952-07-18,Female
NASAW00018915,2006-11-28,Female
NASAW00018916,1950-03-02,Female
NASAW00018917,1974-01-12,Male
NASAW00018918,1963-02-06,Male
NASAW00018919,1956-02-26,female
NASAW00018920,1980-04-16,Male
NASAW00018921,1964-02-25,Male
NASAW00018922,1983-10-21,Male
NASAW00018923,1956-07-05,Female
NASAW00018924,1986-11-20,Male
NASAW00018925,1982-02-27,Male
NASAW00018926,1980-09-29,Female
NASAW00018927,1987-11-24,
NASAW00018928,1984-09-27,male
NASAW00018929,1977-06-07,Female
NASAW00018930,1948-02-07,Female
NASAW00018931,1960-03-16,Female
NASAW00018932,1957-02-19,Male
NASAW00018933,1948-05-16,Female
NASAW00018934,1949-10-24,Female
NASAW00018935,1969-03-31,female
NASAW00018936,1983-12-20,Female
NASAW00018937,1990-06-05,Female
NASAW00018938,1982-09-14,Male
NASAW00018939,1983-07-21,Male
NASAW00018940,1948-08-04,Female
NASAW00018941,1962-02-16,Female
NASAW00018942,2001-11-27,Female
NASAW00018943,1968-07-16,Male
NASAW00018944,1970-05-14,Female
NASAW00018945,1973-04-07,Male
NASAW00018946,1954-05-17,Male
NASAW00018947,1997-09-02,Female
NASAW00018948,1996-07-11,Female
NASAW00018949,1998-08-31,Female
NASAW00018950,1998-09-19,Female
NASAW00018951,1948-02-01,Female
NASAW00018952,1973-02-18,M
NASAW00018953,1998-07-31,Male
NASAW00018954,1957-10-28,Female
NASAW00018955,1971-08-11,Male
NASAW00018956,1964-12-15,Female
NASAW00018957,1979-03-08,Male
NASAW00018958,1959-01-30,Male
NASAW00018959,2004-04-05,Male
NASAW00018960,1974-07-26,Female
NASAW00018961,1965-06-15,Male
NASAW00018962,1951-07-28,Female
NASAW00018963,1984-03-14,Male
NASAW00018964,1957-05-02,Female
NASAW00018965,1989-08-26,Male
NASAW00018966,1975-08-06,Female
NASAW00018967,1990-03-21,Male
NASAW00018968,1991-01-22,Male
NASAW00018969,1956-07-21,Female
NASAW00018970,1950-03-10,Female
NASAW00018971,1951-01-18,Male
NASAW00018972,1979-06-28,Male
NASAW00018973,1967-12-01,Female
NASAW00018974,1980-12-16,Female
NASAW00018975,1980-02-12,female
NASAW00018976,1974-02-13,Female
NASAW00018977,2000-12-09,Female
NASAW00018978,1962-04-19,Male
NASAW00018979,1945-05-02,Female
NASAW00018980,1958-10-31,Male
NASAW00018981,1949-07-20,Male
NASAW00018982,1996-06-28,Female
NASAW00018983,1952-07-04,Male
NASAW00018984,1945-08-31,Female
NASAW00018985,1976-12-20,Female
NASAW00018986,2006-05-26,Female
NASAW00018987,1974-08-28,Female
NASAW00018988,1973-12-06,Female
NASAW00018989,1989-04-12,Male
NASAW00018990,1967-11-10,Female
NASAW00018991,1945-07-07,F
NASAW00018992,1991-12-29,Female
NASAW00018993,1992-08-20,Female
NASAW00018994,2006-04-21,Male
NASAW00018995,1982-03-17,Female
NASAW00018996,1974-03-02,Male
NASAW00018997,1968-01-12,Female
NASAW00018998,1951-03-02,Female
NASAW00018999,1971-07-26,
NASAW00019000,1963-02-05,Female
NASAW00019001,1992-12-11,Male
NASAW00019002,1990-12-26,Female
NASAW00019003,1987-03-01,Male
NASAW00019004,1985-08-10,Female
NASAW00019005,1981-08-16,Female
NASAW00019006,1969-01-09,Male
NASAW00019007,1990-12-30,Male
NASAW00019008,1960-07-21,Female
NASAW00019009,1949-05-09,Male
NASAW00019010,1947-09-24,Female
NASAW00019011,1951-03-17,Male
NASAW00019012,1997-05-20,Male
NASAW00019013,1999-06-30,Female
NASAW00019014,1996-08-30,Male
NASAW00019015,1969-06-21,Male
NASAW00019016,1994-10-25,Male
NASAW00019017,1977-07-12,Female
NASAW00019018,1992-03-31,M
NASAW00019019,1948-10-16,Female
NASAW00019020,1978-11-18,Female
NASAW00019021,1971-11-03,Male
NASAW00019022,1996-05-30,Male
NASAW00019023,1996-05-30,Male
NASAW00019024,1975-03-20,Male
NASAW00019025,1957-08-05,Female
NASAW00019026,1945-02-05,Female
NASAW00019027,1969-04-01,Male
NASAW00019028,1965-12-05,Female
NASAW00019029,1992-08-03,Male
NASAW00019030,1974-10-19,Male
NASAW00019031,1987-01-17,Female
NASAW00019032,1958-10-12,Male
NASAW00019033,1995-07-23,Female
NASAW00019034,1987-04-10,Female
NASAW00019035,1986-04-18,Female
NASAW00019036,1955-03-15,Male
NASAW00019037,1991-01-25,Female
NASAW00019038,2006-08-11,Male
NASAW00019039,1963-01-28,male
NASAW00019040,1956-08-02,Female
NASAW00019041,2002-07-17,Female
NASAW00019042,1991-02-21,Female
NASAW00019043,1954-07-07,Male
NASAW00019044,1966-12-15,Male
NASAW00019045,1960-02-07,Female
NASAW00019046,1947-10-18,Female
NASAW00019047,1994-03-22,Female
NASAW00019048,1959-11-15,Female
NASAW00019049,1971-03-31,Male
NASAW00019050,1953-11-07,Female
NASAW00019051,1962-04-08,Female
NASAW00019052,1981-02-21,Male
NASAW00019053,2003-12-18,Male
NASAW00019054,1978-05-02,Male
NASAW00019055,1987-01-20,Male
NASAW00019056,1971-06-17,Female
NASAW00019057,1977-06-17,Female
NASAW00019058,1982-03-04,Male
NASAW00019059,1982-09-19,Male
NASAW00019060,1956-12-24,Male
NASAW00019061,1964-09-29,Male
NASAW00019062,1985-05-26,Male
NASAW00019063,1958-08-05,Male
NASAW00019064,1987-04-21,Male
NASAW00019065,1948-03-22,Female
NASAW00019066,1973-05-20,Female
NASAW00019067,1949-12-28,Female
NASAW00019068,1986-10-23,Female
NASAW00019069,1968-04-12,Female
NASAW00019070,1982-09-30,Female
NASAW00019071,1963-03-04,Male
NASAW00019072,1993-11-11,Male
NASAW00019073,1985-08-04,Female
NASAW00019074,1991-02-17,Male
NASAW00019075,1973-09-30,Male
NASAW00019076,1995-01-17,Female
NASAW00019077,1990-10-01,Female
NASAW00019078,1960-01-16,Male
NASAW00019079,1990-05-10,Female
NASAW00019080,1981-11-16,Male
NASAW00019081,1958-12-16,Female
NASAW00019082,1980-10-05,Male
NASAW00019083,1998-04-06,Male
NASAW00019084,1961-03-09,Male
NASAW00019085,2001-09-14,Male
NASAW00019086,1994-02-03,Male
NASAW00019087,1958-11-17,Female
NASAW00019088,2003-10-28,Male
NASAW00019089,1990-10-28,Male
NASAW00019090,2003-03-19,Male
NASAW00019091,1981-01-17,Male
NASAW00019092,1955-08-17,Male
NASAW00019093,1964-09-08,Male
NASAW00019094,1997-11-20,Female
NASAW00019095,1994-08-21,Male
NASAW00019096,1965-02-01,Female
NASAW00019097,2004-05-02,Female
NASAW00019098,1949-02-23,Female
NASAW00019099,1948-12-20,Female
NASAW00019100,1986-04-17,Female
NASAW00019101,1991-07-11,Male
NASAW00019102,1962-02-19,Female
NASAW00019103,1946-03-11,Female
NASAW00019104,1966-03-09,Male
NASAW00019105,2004-01-19,Male
NASAW00019106,1953-12-26,Female
NASAW00019107,2001-09-17,Female
NASAW00019108,1984-06-22,Male
NASAW00019109,1977-01-26,Male
NASAW00019110,1992-01-31,Male
NASAW00019111,1991-05-07,Female
NASAW00019112,1968-08-19,Female
NASAW00019113,1990-09-04,Male
NASAW00019114,1951-11-07,Female
NASAW00019115,1988-05-14,Male
NASAW00019116,1958-09-03,Female
NASAW00019117,1949-06-01,Female
NASAW00019118,1955-03-20,Female
NASAW00019119,1992-11-22,Male
NASAW00019120,1997-04-14,Female
NASAW00019121,2000-06-08,Male
NASAW00019122,1957-10-02,Female
NASAW00019123,2001-04-20,Female
NASAW00019124,1990-12-20,Female
NASAW00019125,1987-06-10,Female
NASAW00019126,1947-03-22,Male
NASAW00019127,1982-12-22,Female
NASAW00019128,1971-10-02,Male
NASAW00019129,1983-10-04,Male
NASAW00019130,2000-01-04,Male
NASAW00019131,1989-09-25,Male
NASAW00019132,1955-09-06,Female
NASAW00019133,1977-11-03,Male
NASAW00019134,1998-12-16,Male
NASAW00019135,2004-06-10,Male
NASAW00019136,1990-09-02,Male
NASAW00019137,1948-05-21,Male
NASAW00019138,1974-09-26,Female
NASAW00019139,2002-08-24,Male
NASAW00019140,1965-05-02,Male
NASAW00019141,1978-09-22,Female
NASAW00019142,1951-03-11,Female
NASAW00019143,1993-03-24,Female
NASAW00019144,1979-11-27,F
NASAW00019145,1963-08-07,Female
NASAW00019146,1987-04-02,Female
NASAW00019147,1960-11-07,Female
NASAW00019148,2001-09-19,Female
NASAW00019149,2003-05-06,Female
NASAW00019150,1969-01-08,Male
NASAW00019151,1983-02-07,Male
NASAW00019152,1975-03-17,Female
NASAW00019153,1959-11-09,Male
NASAW00019154,1981-04-16,Male
NASAW00019155,2002-11-30,Female
NASAW00019156,1953-11-15,Female
NASAW00019157,1969-07-14,Female
NASAW00019158,1950-04-04,Female
NASAW00019159,1995-06-18,Female
NASAW00019160,1985-05-08,Male
NASAW00019161,1998-01-24,Male
NASAW00019162,1993-02-02,Male
NASAW00019163,1963-01-22,Male
NASAW00019164,1958-08-07,Female
NASAW00019165,1947-08-27,Female
NASAW00019166,1961-10-17,Male
NASAW00019167,1982-04-15,Female
NASAW00019168,1956-01-18,Female
NASAW00019169,1982-04-11,Male
NASAW00019170,1945-02-19,Female
NASAW00019171,1980-05-12,Female
NASAW00019172,1960-08-08,Male
NASAW00019173,1957-01-22,Male
NASAW00019174,1956-12-28,Male
NASAW00019175,1969-02-07,Male
NASAW00019176,1951-06-30,Male
NASAW00019177,1984-04-09,Male
NASAW00019178,1982-10-08,Male
NASAW00019179,1953-06-01,Female
NASAW00019180,2000-02-10,Male
NASAW00019181,2002-01-11,Female
NASAW00019182,1955-10-17,Male
NASAW00019183,2000-05-02,Male
NASAW00019184,1976-06-10,Female
NASAW00019185,1980-06-24,Female
NASAW00019186,1972-07-23,Female
NASAW00019187,1949-09-18,Female
NASAW00019188,1967-02-06,Male
NASAW00019189,1979-01-22,Female
NASAW00019190,2002-09-03,Female
NASAW00019191,1976-12-09,Male
NASAW00019192,2002-05-12,Female
NASAW00019193,1978-09-13,Female
NASAW00019194,1953-04-25,Male
NASAW00019195,1947-05-13,Female
NASAW00019196,1945-03-23,Female
NASAW00019197,1975-10-19,Male
NASAW00019198,1969-04-27,Female
NASAW00019199,1994-04-14,Male
NASAW00019200,1961-03-14,Male
NASAW00019201,1996-05-18,F
NASAW00019202,1966-08-22,Male
NASAW00019203,1967-09-03,Female
NASAW00019204,1978-11-29,Male
NASAW00019205,1978-07-15,Female
NASAW00019206,1997-01-21,Male
NASAW00019207,1977-01-30,Female
NASAW00019208,1997-10-14,Female
NASAW00019209,1997-11-25,Male
NASAW00019210,1950-09-13,Male
NASAW00019211,1970-12-22,M
NASAW00019212,1970-08-10,Female
NASAW00019213,2003-05-16,Male
NASAW00019214,1991-02-06,Female
NASAW00019215,1990-01-16,Male
NASAW00019216,1993-01-29,Male
NASAW00019217,1952-09-11,Male
NASAW00019218,1974-02-13,Male
NASAW00019219,1967-06-12,Female
NASAW00019220,1992-12-26,Male
NASAW00019221,1946-04-30,Male
NASAW00019222,1994-03-27,Male
NASAW00019223,2000-03-09,Female
NASAW00019224,1982-12-21,Female
NASAW00019225,1985-09-29,Female
NASAW00019226,2002-08-17,Male
NASAW00019227,1957-10-23,Male
NASAW00019228,1966-12-05,Male
NASAW00019229,1978-05-27,Male
NASAW00019230,1962-08-08,Male
NASAW00019231,1949-09-26,Male
NASAW00019232,1961-08-07,Female
NASAW00019233,1975-01-29,Female
NASAW00019234,1946-09-11,Male
NASAW00019235,1960-02-03,Male
NASAW00019236,1953-08-07,Male
NASAW00019237,1947-06-14,Female
NASAW00019238,1948-04-16,Male
NASAW00019239,1967-12-23,Male
NASAW00019240,1946-09-18,Female
NASAW00019241,1983-01-29,Male
NASAW00019242,1991-08-04,Male
NASAW00019243,1957-04-05,Male
NASAW00019244,1973-08-31,Male
NASAW00019245,1961-07-11,Male
NASAW00019246,1978-06-01,Male
NASAW00019247,1953-07-30,Male
NASAW00019248,1951-10-11,Male
NASAW00019249,1967-12-21,Male
NASAW00019250,1965-01-23,Male
NASAW00019251,1965-06-10,Female
NASAW00019252,1961-04-15,Male
NASAW00019253,1964-04-05,Female
NASAW00019254,1975-02-07,Female
NASAW00019255,2005-12-10,Male
NASAW00019256,1964-06-06,Female
NASAW00019257,1971-10-10,Female
NASAW00019258,1999-09-04,Male
NASAW00019259,1960-07-18,Female
NASAW00019260,1983-07-11,Male
NASAW00019261,1949-11-22,Female
NASAW00019262,1967-03-17,Female
NASAW00019263,2002-02-12,Male
NASAW00019264,1969-10-29,Female
NASAW00019265,1960-11-29,Male
NASAW00019266,1976-12-16,Male
NASAW00019267,1975-01-08,Female
NASAW00019268,1981-04-09,Female
NASAW00019269,1995-06-27,Female
NASAW00019270,1988-10-10,Female
NASAW00019271,1959-02-24,Male
NASAW00019272,2002-05-19,Female
NASAW00019273,1982-05-14,Female
NASAW00019274,1987-05-31,Female
NASAW00019275,1964-08-30,Female
NASAW00019276,1959-04-16,Female
NASAW00019277,1969-04-18,Female
NASAW00019278,1983-12-19,Male
NASAW00019279,1975-05-01,Female
NASAW00019280,1956-06-02,Female
NASAW00019281,1967-06-01,Male
NASAW00019282,1979-11-01,Male
NASAW00019283,1971-09-20,Female
NASAW00019284,1952-05-04,Female
NASAW00019285,2002-11-08,Female
NASAW00019286,1962-08-19,Male
NASAW00019287,1974-01-25,Female
NASAW00019288,1981-11-09,Female
NASAW00019289,1967-02-07,Male
NASAW00019290,1982-01-18,Female
NASAW00019291,1993-04-21,Female
NASAW00019292,1997-12-14,Male
NASAW00019293,1982-04-04,Male
NASAW00019294,2005-06-14,Male
NASAW00019295,1954-02-09,Male
NASAW00019296,1986-06-10,Male
NASAW00019297,1947-01-28,Male
NASAW00019298,1987-07-11,Male
NASAW00019299,1987-04-22,Male
NASAW00019300,1953-07-24,Female
NASAW00019301,1988-03-29,Male
NASAW00019302,1994-11-16,Female
NASAW00019303,1969-09-06,Male
NASAW00019304,1956-10-29,Female
NASAW00019305,1980-09-23,Female
NASAW00019306,1984-08-28,Female
NASAW00019307,2002-08-21,Male
NASAW00019308,1996-11-13,Male
NASAW00019309,,Female
NASAW00019310,1975-11-27,Male
NASAW00019311,1962-02-28,Female
NASAW00019312,1957-06-11,Female
NASAW00019313,1946-01-07,Female
NASAW00019314,1990-05-13,Male
NASAW00019315,2004-11-28,Female
NASAW00019316,1979-05-21,Female
NASAW00019317,1952-12-07,Female
NASAW00019318,2005-04-23,female
NASAW00019319,1994-05-29,Female
NASAW00019320,1964-10-19,Male
NASAW00019321,1954-05-30,Male
NASAW00019322,1960-03-27,Male
NASAW00019323,1955-03-12,Male
NASAW00019324,1995-12-06,Male
NASAW00019325,1952-04-18,Male
NASAW00019326,1969-06-02,Male
NASAW00019327,1987-09-23,Female
NASAW00019328,1988-03-31,Male
NASAW00019329,2006-07-07,Male
NASAW00019330,1970-04-02,Female
NASAW00019331,1952-12-13,Male
NASAW00019332,1983-12-14,Male
NASAW00019333,1948-05-20,Female
NASAW00019334,1993-11-04,Female
NASAW00019335,1945-12-08,Male
NASAW00019336,1947-03-28,Female
NASAW00019337,2003-11-13,Male
NASAW00019338,1948-06-20,Female
NASAW00019339,1982-05-31,Female
NASAW00019340,1993-10-31,Male
NASAW00019341,2000-09-12,Male
NASAW00019342,1971-03-13,Male
NASAW00019343,1968-02-18,Female
NASAW00019344,1972-02-16,Male
NASAW00019345,1950-05-18,Male
NASAW00019346,1951-09-14,Female
NASAW00019347,1995-09-25,Male
NASAW00019348,1988-07-28,Male
NASAW00019349,1963-06-06,Female
NASAW00019350,1950-04-10,Female
NASAW00019351,1953-11-15,Male
NASAW00019352,1989-06-15,Male
NASAW00019353,1953-10-09,Female
NASAW00019354,1946-06-16,Female
NASAW00019355,1986-08-16,Male
NASAW00019356,1959-07-01,Male
NASAW00019357,1970-12-16,Male
NASAW00019358,1992-11-15,Female
NASAW00019359,1973-06-14,Female
NASAW00019360,1951-09-27,Male
NASAW00019361,1984-02-17,Female
NASAW00019362,1989-01-14,Female
NASAW00019363,1961-10-28,Male
NASAW00019364,1994-09-18,Male
NASAW00019365,1948-05-14,Female
NASAW00019366,1972-01-24,Male
NASAW00019367,2003-12-31,Male
NASAW00019368,1996-10-26,Male
NASAW00019369,1967-05-21,Male
NASAW00019370,1976-04-02,Male
NASAW00019371,1951-10-31,Male
NASAW00019372,1975-02-07,Male
NASAW00019373,1981-11-14,Female
NASAW00019374,2004-05-19,Male
NASAW00019375,1981-06-21,Female
NASAW00019376,1975-04-01,Female
NASAW00019377,1960-09-29,Female
NASAW00019378,1972-12-24,Male
NASAW00019379,1957-06-19,Female
NASAW00019380,1988-08-26,Male
NASAW00019381,1986-11-09,Female
NASAW00019382,1991-09-15,Female
NASAW00019383,1983-03-19,Female
NASAW00019384,1990-06-17,Male
NASAW00019385,1950-03-28,Male
NASAW00019386,1998-01-03,Female
NASAW00019387,1983-10-27,Female
NASAW00019388,1963-09-06,Female
NASAW00019389,1958-01-25,Male
NASAW00019390,1985-03-20,Male
NASAW00019391,1985-11-18,Female
NASAW00019392,1956-12-15,Female
NASAW00019393,1981-05-06,Female
NASAW00019394,1979-05-05,Female
NASAW00019395,1947-01-10,Male
NASAW00019396,1971-05-20,Female
NASAW00019397,1954-12-24,Male
NASAW00019398,1978-12-02,Female
NASAW00019399,1961-02-25,Female
NASAW00019400,1954-03-17,Male
NASAW00019401,2002-04-03,Female
NASAW00019402,1981-09-16,Male
NASAW00019403,2005-04-26,Male
NASAW00019404,1988-08-03,Male
NASAW00019405,1945-09-10,Male
NASAW00019406,1962-03-30,Male
NASAW00019407,1955-12-03,Male
NASAW00019408,1957-07-24,Male
NASAW00019409,1961-03-28,Male
NASAW00019410,1970-06-22,M
NASAW00019411,1987-04-06,Male
NASAW00019412,1992-03-11,Female
NASAW00019413,1947-11-13,Male
NASAW00019414,1948-07-02,Female
NASAW00019415,1985-08-02,Male
NASAW00019416,1965-06-21,Male
NASAW00019417,1955-05-12,Female
NASAW00019418,2004-11-03,
NASAW00019419,1973-03-17,Female
NASAW00019420,1958-01-24,Male
NASAW00019421,1945-09-08,Female
NASAW00019422,1970-12-14,Female
NASAW00019423,1988-11-26,Male
NASAW00019424,1998-09-21,Male
NASAW00019425,1947-08-16,Male
NASAW00019426,1951-07-14,M
NASAW00019427,1954-03-08,Female
NASAW00019428,1966-10-07,Female
NASAW00019429,1956-04-29,Male
NASAW00019430,2003-11-01,Female
NASAW00019431,1994-11-08,Female
NASAW00019432,1970-10-28,Male
NASAW00019433,1994-05-26,Male
NASAW00019434,2002-07-23,Male
NASAW00019435,1947-01-10,Female
NASAW00019436,1989-08-27,Male
NASAW00019437,2005-06-10,Female
NASAW00019438,1995-02-02,Male
NASAW00019439,2004-11-24,Male
NASAW00019440,2004-04-09,Female
NASAW00019441,1967-06-26,Male
NASAW00019442,1981-02-10,Male
NASAW00019443,1973-08-12,Female
NASAW00019444,1975-11-27,Female
NASAW00019445,1998-02-22,Male
NASAW00019446,1993-11-14,Male
NASAW00019447,1996-09-01,Male
NASAW00019448,1982-08-08,Female
NASAW00019449,1995-10-27,Female
NASAW00019450,1977-03-27,Female
NASAW00019451,1946-04-30,Male
NASAW00019452,1979-11-09,Female
NASAW00019453,1966-08-02,Female
NASAW00019454,1978-04-23,Male
NASAW00019455,1952-06-12,Male
NASAW00019456,1984-11-06,Male
NASAW00019457,1982-07-11,Male
NASAW00019458,1971-10-24,Male
NASAW00019459,1957-07-24,Male
NASAW00019460,1900-01-01,Female
NASAW00019461,1980-10-01,Male
NASAW00019462,2002-06-07,Female
NASAW00019463,1971-07-15,Female
NASAW00019464,1989-10-04,Male
NASAW00019465,1973-12-27,Male
NASAW00019466,1992-09-07,Male
NASAW00019467,1966-07-27,Female
NASAW00019468,1960-08-15,Male
NASAW00019469,1947-11-12,Female
NASAW00019470,1956-04-22,Female
NASAW00019471,1975-09-07,Female
NASAW00019472,1998-11-11,Female
NASAW00019473,1973-04-16,Male
NASAW00019474,1979-06-20,Female
NASAW00019475,1995-07-09,Male
NASAW00019476,1959-07-20,Female
NASAW00019477,1985-07-26,Male
NASAW00019478,1964-11-19,Female
NASAW00019479,2005-08-13,Female
NASAW00019480,1961-04-07,Male
NASAW00019481,1973-11-26,Male
NASAW00019482,1992-02-19,Male
NASAW00019483,1970-01-29,
NASAW00019484,1957-07-18,Female
NASAW00019485,1961-06-29,Male
NASAW00019486,1984-09-16,Female
NASAW00019487,1971-07-06,Male
NASAW00019488,1956-10-03,Male
NASAW00019489,1981-07-16,Male
NASAW00019490,1955-09-12,Male
NASAW00019491,1997-12-18,Female
NASAW00019492,1979-04-25,Female
NASAW00019493,1945-06-12,Male
NASAW00019494,1976-11-05,Male
NASAW00019495,1955-11-13,Male
NASAW00019496,1989-11-13,Female
NASAW00019497,1945-09-06,Male
NASAW00019498,1982-07-02,Male
NASAW00019499,1954-07-14,Male
NASAW00019500,1963-12-28,Male
NASAW00019501,1988-11-27,Male
NASAW00019502,1999-03-01,Male
NASAW00019503,2002-12-20,female
NASAW00019504,1997-03-12,Female
NASAW00019505,1953-12-03,Male
NASAW00019506,1975-07-20,Female
NASAW00019507,1989-02-28,Female
NASAW00019508,1976-10-01,Female
NASAW00019509,1945-03-22,Male
NASAW00019510,1965-05-11,
NASAW00019511,1975-11-16,Male
NASAW00019512,1957-04-07,Male
NASAW00019513,1979-07-19,Female
NASAW00019514,1986-10-05,Male
NASAW00019515,1970-07-23,Female
NASAW00019516,1984-07-28,Male
NASAW00019517,1984-10-29,female
NASAW00019518,1955-08-12,Female
NASAW00019519,1962-07-27,Male
NASAW00019520,1952-03-15,Female
NASAW00019521,1983-05-23,Female
NASAW00019522,1975-07-03,Male
NASAW00019523,2004-02-09,Female
NASAW00019524,1951-01-02,Male
NASAW00019525,1994-09-07,Female
NASAW00019526,1987-10-11,Female
NASAW00019527,2004-05-29,Male
NASAW00019528,1958-12-26,Male
NASAW00019529,2005-07-29,Female
NASAW00019530,1900-01-01,Female
NASAW00019531,1947-02-27,Female
NASAW00019532,2001-10-03,Female
NASAW00019533,1967-01-29,Male
NASAW00019534,2006-05-12,Female
NASAW00019535,1997-07-21,Male
NASAW00019536,1978-12-18,Female
NASAW00019537,2003-01-21,Female
NASAW00019538,1964-10-18,Male
NASAW00019539,1952-06-16,Male
NASAW00019540,1999-05-24,Male
NASAW00019541,1948-08-05,female
NASAW00019542,1966-12-19,Female
NASAW00019543,1967-01-15,Male
NASAW00019544,1966-10-30,Male
NASAW00019545,1963-08-03,Female
NASAW00019546,1975-12-01,Female
NASAW00019547,1979-02-03,Male
NASAW00019548,1987-12-14,Female
NASAW00019549,1954-04-08,Male
NASAW00019550,2006-04-11,Female
NASAW00019551,1996-02-24,Female
NASAW00019552,1963-11-14,Male
NASAW00019553,1948-09-13,Female
NASAW00019554,2004-11-13,Female
NASAW00019555,1976-09-05,Female
NASAW00019556,1980-04-02,Female
NASAW00019557,1984-12-07,Male
NASAW00019558,1978-02-01,Male
NASAW00019559,1988-10-07,Female
NASAW00019560,1973-05-06,Male
NASAW00019561,1967-05-02,Female
NASAW00019562,2005-05-07,Female
NASAW00019563,2000-01-19,Female
NASAW00019564,1968-05-05,Female
NASAW00019565,1997-10-24,Male
NASAW00019566,1970-01-01,Female
NASAW00019567,1977-12-24,Male
NASAW00019568,1972-07-12,Male
NASAW00019569,1973-04-02,F
NASAW00019570,1996-11-28,Female
NASAW00019571,1974-05-03,Female
NASAW00019572,1954-11-09,Male
NASAW00019573,1982-11-01,Female
NASAW00019574,1982-06-29,Male
NASAW00019575,1998-08-02,Female
NASAW00019576,1946-12-15,Male
NASAW00019577,1968-02-04,Female
NASAW00019578,1957-06-04,Male
NASAW00019579,1972-01-08,Female
NASAW00019580,1945-05-24,Male
NASAW00019581,1971-04-06,Female
NASAW00019582,1994-05-09,Male
NASAW00019583,1970-09-27,Female
NASAW00019584,1995-11-22,Male
NASAW00019585,1978-07-08,Female
NASAW00019586,2003-10-21,Male
NASAW00019587,1963-04-08,Male
NASAW00019588,1953-05-26,Male
NASAW00019589,1966-10-21,Male
NASAW00019590,1950-01-13,Female
NASAW00019591,1973-05-30,Female
NASAW00019592,1988-10-20,Female
NASAW00019593,1946-01-21,Female
NASAW00019594,2001-07-14,Male
NASAW00019595,1991-09-03,Male
NASAW00019596,1955-02-15,Male
NASAW00019597,1958-08-06,
NASAW00019598,1949-05-25,Female
NASAW00019599,1990-02-28,Male
NASAW00019600,1979-10-14,Male
NASAW00019601,1963-05-11,Male
NASAW00019602,1982-12-09,Female
NASAW00019603,1947-01-22,Male
NASAW00019604,1993-06-21,Female
NASAW00019605,2002-04-02,Male
NASAW00019606,1979-03-14,M
NASAW00019607,2002-06-06,Female
NASAW00019608,1984-01-06,Male
NASAW00019609,1947-02-27,Female
NASAW00019610,1982-08-14,Male
NASAW00019611,1955-03-16,Male
NASAW00019612,1968-06-19,Male
NASAW00019613,1995-08-05,Female
NASAW00019614,1949-06-24,Male
NASAW00019615,1951-12-13,Female
NASAW00019616,1971-03-06,Female
NASAW00019617,1975-12-14,Male
NASAW00019618,1993-07-11,Male
NASAW00019619,1992-01-02,Male
NASAW00019620,1970-08-24,Male
NASAW00019621,1950-07-01,Female
NASAW00019622,1966-09-17,Female
NASAW00019623,1979-07-16,Female
NASAW00019624,1951-10-22,Female
NASAW00019625,1962-02-17,Male
NASAW00019626,1969-08-15,Male
NASAW00019627,1987-10-28,Female
NASAW00019628,1976-08-08,Male
NASAW00019629,1948-10-10,Male
NASAW00019630,1954-04-02,Female
NASAW00019631,1979-03-22,Male
NASAW00019632,1988-09-11,Female
NASAW00019633,1994-03-31,Male
NASAW00019634,1999-07-26,F
NASAW00019635,2003-12-13,Male
NASAW00019636,1988-05-25,Female
NASAW00019637,1953-05-19,Female
NASAW00019638,1983-01-25,Female
NASAW00019639,1955-02-14,Female
NASAW00019640,1979-07-30,Male
NASAW00019641,2004-07-27,Female
NASAW00019642,1950-11-22,Male
NASAW00019643,1973-10-14,Female
NASAW00019644,1993-02-11,Male
NASAW00019645,1967-12-06,Male
NASAW00019646,1997-10-04,Female
NASAW00019647,1984-06-14,Female
NASAW00019648,1967-02-25,Male
NASAW00019649,1967-03-15,Male
NASAW00019650,1970-04-30,Female
NASAW00019651,,Female
NASAW00019652,1988-03-29,Male
NASAW00019653,1950-12-21,Female
NASAW00019654,1983-02-27,Female
NASAW00019655,1999-04-04,Male
NASAW00019656,1963-02-28,
NASAW00019657,1991-03-30,Male
NASAW00019658,1986-06-14,Female
NASAW00019659,1983-07-31,Male
NASAW00019660,1967-11-19,Female
NASAW00019661,1950-06-30,Male
NASAW00019662,1991-06-18,Female
NASAW00019663,1983-04-06,Male
NASAW00019664,1945-05-25,Female
NASAW00019665,1962-02-01,Male
NASAW00019666,1993-01-05,Female
NASAW00019667,1956-03-22,Male
NASAW00019668,2002-04-27,Male
NASAW00019669,1994-11-04,Male
NASAW00019670,1988-05-27,Female
NASAW00019671,1985-11-25,Male
NASAW00019672,1955-11-05,Female
NASAW00019673,1957-07-31,Female
NASAW00019674,2003-07-16,Female
NASAW00019675,1962-10-20,male
NASAW00019676,1950-07-08,Male
NASAW00019677,1958-02-20,Male
NASAW00019678,1970-01-01,Female
NASAW00019679,2005-07-27,Male
NASAW00019680,2005-10-23,Female
NASAW00019681,2004-02-03,Female
NASAW00019682,1987-02-19,Female
NASAW00019683,1955-10-18,Female
NASAW00019684,1954-09-20,Female
NASAW00019685,1976-05-22,Female
NASAW00019686,1985-11-04,Male
NASAW00019687,1999-06-25,Female
NASAW00019688,1992-01-05,Male
NASAW00019689,1970-10-20,Male
NASAW00019690,1946-07-27,Female
NASAW00019691,1958-09-01,Female
NASAW00019692,1957-06-02,Female
NASAW00019693,2006-03-14,Male
NASAW00019694,1986-03-04,Male
NASAW00019695,1956-05-30,Male
NASAW00019696,1968-03-07,Male
NASAW00019697,1986-02-24,female
NASAW00019698,1970-07-11,Male
NASAW00019699,1982-10-20,Male
NASAW00019700,1975-01-07,Male
NASAW00019701,1952-05-31,Female
NASAW00019702,1948-05-02,Male
NASAW00019703,1948-12-08,Male
NASAW00019704,1982-08-06,male
NASAW00019705,1947-12-08,Female
NASAW00019706,1995-04-16,Male
NASAW00019707,2005-01-21,Female
NASAW00019708,1975-03-03,Male
NASAW00019709,1964-10-18,Male
NASAW00019710,1977-02-18,Male
NASAW00019711,1998-11-03,Female
NASAW00019712,1996-03-06,Male
NASAW00019713,1967-08-16,Female
NASAW00019714,2001-11-03,Female
NASAW00019715,2005-11-24,Male
NASAW00019716,1947-01-22,Male
NASAW00019717,1989-05-25,Female
NASAW00019718,1982-12-23,Male
NASAW00019719,1972-11-05,Female
NASAW00019720,1968-09-03,Male
NASAW00019721,1989-09-07,Female
NASAW00019722,1945-03-27,Male
NASAW00019723,2006-10-31,Male
NASAW00019724,1946-11-13,Male
NASAW00019725,1952-09-30,Female
NASAW00019726,,Male
NASAW00019727,1995-03-12,Female
NASAW00019728,1963-09-15,Female
NASAW00019729,1955-04-12,Male
NASAW00019730,1950-02-12,Male
NASAW00019731,1966-01-14,Female
NASAW00019732,2003-10-21,Female
NASAW00019733,1998-09-04,Male
NASAW00019734,1946-02-26,Male
NASAW00019735,1950-02-07,Male
NASAW00019736,1992-03-21,Male
NASAW00019737,1950-12-02,Male
NASAW00019738,1945-04-27,Female
NASAW00019739,1992-09-13,Male
NASAW00019740,1992-04-03,Male
NASAW00019741,1975-02-20,Female
NASAW00019742,1950-10-14,Male
NASAW00019743,2001-01-26,Male
NASAW00019744,1949-06-06,Male
NASAW00019745,2001-10-27,Female
NASAW00019746,1952-12-10,Female
NASAW00019747,1980-05-04,Male
NASAW00019748,1990-12-03,Male
NASAW00019749,1957-08-04,Female
NASAW00019750,1991-08-24,Female
NASAW00019751,1986-03-03,Female
NASAW00019752,1986-02-02,Female
NASAW00019753,1964-10-06,Male
NASAW00019754,1948-04-05,Male
NASAW00019755,2005-07-01,Male
NASAW00019756,1945-10-02,Female
NASAW00019757,1989-08-10,Female
NASAW00019758,2000-07-05,Male
NASAW00019759,1953-06-29,Male
NASAW00019760,1972-09-02,Female
NASAW00019761,1999-05-28,Female
NASAW00019762,1976-12-08,Male
NASAW00019763,1981-05-20,Female
NASAW00019764,1987-12-20,Male
NASAW00019765,1990-09-03,Female
NASAW00019766,1956-03-28,Male
NASAW00019767,1981-09-16,Female
NASAW00019768,1993-11-15,Female
NASAW00019769,1947-03-17,Female
NASAW00019770,2002-05-29,Female
NASAW00019771,1960-06-03,Male
NASAW00019772,1983-02-21,Female
NASAW00019773,1991-03-07,Male
NASAW00019774,1996-02-16,Male
NASAW00019775,1985-02-25,Male
NASAW00019776,1980-06-15,Female
NASAW00019777,1960-03-01,Male
NASAW00019778,1986-08-11,Male
NASAW00019779,1973-07-12,Male
NASAW00019780,1957-03-01,Female
NASAW00019781,1988-02-02,Female
NASAW00019782,1973-12-14,Female
NASAW00019783,1979-02-09,Male
NASAW00019784,1994-12-23,Male
NASAW00019785,1973-06-13,Male
NASAW00019786,1971-02-06,Female
NASAW00019787,1954-10-24,Female
NASAW00019788,1974-07-30,Male
NASAW00019789,1996-04-15,Male
NASAW00019790,1997-12-14,Female
NASAW00019791,1980-07-27,Male
NASAW00019792,1992-12-10,Male
NASAW00019793,2003-03-01,Female
NASAW00019794,1992-02-26,Male
NASAW00019795,2003-06-13,Male
NASAW00019796,1945-05-23,Male
NASAW00019797,1968-06-30,Male
NASAW00019798,,Female
NASAW00019799,1976-05-13,Male
NASAW00019800,2001-03-15,Male
NASAW00019801,1957-09-04,Male
NASAW00019802,1956-01-30,Male
NASAW00019803,1975-06-30,Male
NASAW00019804,2002-10-03,Male
NASAW00019805,1989-04-07,Male
NASAW00019806,1981-01-08,Female
NASAW00019807,1958-05-23,Male
NASAW00019808,1965-05-16,Female
NASAW00019809,1999-04-03,Male
NASAW00019810,2001-11-17,Female
NASAW00019811,1960-02-01,Male
NASAW00019812,1989-09-21,Male
NASAW00019813,1957-03-18,Male
NASAW00019814,1979-07-14,Female
NASAW00019815,1957-06-18,Female
NASAW00019816,1977-08-11,Female
NASAW00019817,1947-03-27,Female
NASAW00019818,1989-05-24,Male
NASAW00019819,2002-08-07,Female
NASAW00019820,1980-01-31,Female
NASAW00019821,1981-08-09,Female
NASAW00019822,1967-12-11,Female
NASAW00019823,1993-09-10,Male
NASAW00019824,1977-06-20,Female
NASAW00019825,1978-06-08,Female
NASAW00019826,1950-11-20,Female
NASAW00019827,1994-04-02,Female
NASAW00019828,1976-10-02,Male
NASAW00019829,2004-10-09,Female
NASAW00019830,1990-06-16,Female
NASAW00019831,1995-05-20,Male
NASAW00019832,2004-05-02,Female
NASAW00019833,2003-10-04,Female
NASAW00019834,2001-07-09,Female
NASAW00019835,1989-05-14,Female
NASAW00019836,1971-11-22,Male
NASAW00019837,1958-11-03,female
NASAW00019838,1986-05-02,Female
NASAW00019839,1945-05-30,Female
NASAW00019840,1966-11-12,Female
NASAW00019841,1999-09-26,Female
NASAW00019842,1971-12-26,Female
NASAW00019843,1998-07-26,Male
NASAW00019844,1976-12-10,female
NASAW00019845,1972-06-01,Male
NASAW00019846,1977-05-28,Male
NASAW00019847,1998-06-17,Female
NASAW00019848,1980-12-19,Male
NASAW00019849,1949-08-03,Female
NASAW00019850,1960-06-14,Male
NASAW00019851,1995-11-19,Female
NASAW00019852,1985-02-01,Female
NASAW00019853,1957-09-24,Female
NASAW00019854,1969-03-11,Female
NASAW00019855,2004-11-01,Male
NASAW00019856,1966-09-07,Male
NASAW00019857,1950-09-10,Female
NASAW00019858,1995-02-28,Male
NASAW00019859,1976-10-16,Female
NASAW00019860,2006-10-29,Male
NASAW00019861,1971-11-28,Male
NASAW00019862,2004-01-11,Male
NASAW00019863,1972-12-17,Male
NASAW00019864,1950-10-23,Female
NASAW00019865,1998-07-12,Male
NASAW00019866,1965-01-29,Female
NASAW00019867,1961-11-16,Male
NASAW00019868,1955-01-08,Female
NASAW00019869,1996-09-07,
NASAW00019870,1959-12-21,Male
NASAW00019871,1986-05-02,Male
NASAW00019872,1994-06-19,Female
NASAW00019873,1961-06-08,Female
NASAW00019874,1954-12-17,Female
NASAW00019875,1989-06-28,Male
NASAW00019876,1994-09-14,Female
NASAW00019877,1976-04-09,Male
NASAW00019878,1968-04-14,Female
NASAW00019879,1948-09-04,Male
NASAW00019880,1997-06-13,Male
NASAW00019881,1952-01-13,Female
NASAW00019882,1975-11-12,Female
NASAW00019883,2006-05-22,Female
NASAW00019884,1947-10-22,Female
NASAW00019885,1957-03-06,Male
NASAW00019886,1982-04-19,Male
NASAW00019887,1984-09-05,Male
NASAW00019888,1957-08-06,Female
NASAW00019889,1987-09-03,Female
NASAW00019890,1959-12-19,Female
NASAW00019891,1954-02-09,Female
NASAW00019892,1947-07-31,Male
NASAW00019893,1990-11-10,Female
NASAW00019894,1980-03-11,Male
NASAW00019895,1983-01-12,Male
NASAW00019896,1999-02-22,Male
NASAW00019897,1946-10-24,Male
NASAW00019898,2000-06-26,Male
NASAW00019899,1984-02-07,Male
NASAW00019900,1972-11-18,Female
NASAW00019901,2000-03-23,Male
NASAW00019902,1956-03-21,Female
NASAW00019903,1984-07-16,Male
NASAW00019904,1960-07-17,Male
NASAW00019905,1970-02-27,Male
NASAW00019906,1972-09-07,Male
NASAW00019907,2003-12-30,Male
NASAW00019908,1950-02-17,Male
NASAW00019909,1980-12-14,Male
NASAW00019910,2005-12-18,Male
NASAW00019911,1966-04-24,Female
NASAW00019912,1956-11-21,Female
NASAW00019913,1984-08-13,Male
NASAW00019914,1999-05-27,Male
NASAW00019915,1974-09-19,Male
NASAW00019916,1970-08-04,Male
NASAW00019917,1952-08-19,Male
NASAW00019918,2003-01-14,Female
NASAW00019919,2000-03-06,Male
NASAW00019920,1948-06-03,Male
NASAW00019921,2004-08-12,Female
NASAW00019922,1988-05-23,Male
NASAW00019923,1973-10-09,Female
NASAW00019924,2006-04-22,Female
NASAW00019925,1999-04-11,Female
NASAW00019926,1950-10-06,Male
NASAW00019927,1959-07-06,Female
NASAW00019928,1957-09-03,Male
NASAW00019929,1949-10-22,Female
NASAW00019930,1965-07-05,Male
NASAW00019931,1959-01-23,Male
NASAW00019932,1980-08-16,Male
NASAW00019933,1973-11-29,Female
NASAW00019934,1984-01-15,Male
NASAW00019935,1947-06-01,Female
NASAW00019936,1988-09-20,female
NASAW00019937,1971-03-14,Male
NASAW00019938,1978-06-24,Male
NASAW00019939,1967-10-25,Male
NASAW00019940,1945-12-06,Male
NASAW00019941,1945-07-12,Female
NASAW00019942,1991-09-20,Female
NASAW00019943,1994-10-15,Male
NASAW00019944,1972-10-13,Male
NASAW00019945,1960-04-05,Female
NASAW00019946,1985-08-09,Male
NASAW00019947,1966-05-01,Male
NASAW00019948,1969-06-03,
NASAW00019949,1963-06-16,Female
NASAW00019950,2005-12-15,Male
NASAW00019951,1993-02-17,Male
NASAW00019952,1966-07-17,Male
NASAW00019953,1949-01-03,Male
NASAW00019954,1994-04-18,Female
NASAW00019955,1960-06-24,Female
NASAW00019956,1953-12-26,Female
NASAW00019957,1978-09-02,Female
NASAW00019958,1959-04-30,Male
NASAW00019959,1966-02-01,Male
NASAW00019960,1977-06-12,Male
NASAW00019961,1947-10-31,Male
NASAW00019962,2006-06-20,Female
NASAW00019963,1991-12-02,Female
NASAW00019964,1964-12-10,Male
NASAW00019965,1966-04-25,Male
NASAW00019966,2003-03-08,Female
NASAW00019967,1967-01-11,Male
NASAW00019968,1986-10-18,Female
NASAW00019969,2003-02-20,Female
NASAW00019970,1961-07-11,Male
NASAW00019971,1976-09-21,Female
NASAW00019972,1953-12-12,Female
NASAW00019973,1945-10-17,Female
NASAW00019974,1966-08-30,Female
NASAW00019975,1947-06-23,Female
NASAW00019976,1954-05-08,Female
NASAW00019977,1945-07-30,Male
NASAW00019978,1954-11-18,Male
NASAW00019979,2000-10-27,Female
NASAW00019980,1977-06-17,Female
NASAW00019981,1982-09-16,Male
NASAW00019982,2000-05-04,Female
NASAW00019983,1979-12-11,Male
NASAW00019984,1985-09-08,Male
NASAW00019985,1966-03-15,Male
NASAW00019986,2006-09-25,Female
NASAW00019987,1957-09-07,Male
NASAW00019988,1997-06-14,Male
NASAW00019989,1957-01-24,Female
NASAW00019990,1984-07-13,Male
NASAW00019991,1978-05-26,Male
NASAW00019992,1986-02-27,Female
NASAW00019993,1970-09-14,Male
NASAW00019994,1959-11-19,Male
NASAW00019995,2006-09-02,Female
NASAW00019996,2004-11-10,Male
NASAW00019997,1972-02-02,Female
NASAW00019998,1979-03-17,Female
NASAW00019999,1963-05-17,Male
NASAW00020000,1971-08-20,Male
NASAW00020001,1951-06-05,Female
NASAW00020002,1953-09-06,Male
NASAW00020003,2001-03-07,Female
NASAW00020004,1961-08-25,Male
NASAW00020005,1955-02-10,Female
NASAW00020006,1963-08-04,Female
NASAW00020007,1968-07-01,Female
NASAW00020008,1979-11-02,Female
NASAW00020009,1998-03-20,Female
NASAW00020010,1946-12-17,Male
NASAW00020011,1945-04-08,male
NASAW00020012,1964-09-23,Male
NASAW00020013,1981-01-10,Male
NASAW00020014,1975-11-29,Male
NASAW00020015,1958-01-03,Male
NASAW00020016,2004-05-01,Female
NASAW00020017,1950-03-05,Male
NASAW00020018,1970-02-19,Female
NASAW00020019,1949-06-23,Male
NASAW00020020,1996-12-11,Female
NASAW00020021,1960-04-13,Male
NASAW00020022,1970-03-11,Male
NASAW00020023,1946-11-01,Male
NASAW00020024,1985-01-16,Female
NASAW00020025,2003-06-30,Female
NASAW00020026,1975-01-10,Female
NASAW00020027,1996-09-22,Female
NASAW00020028,1997-03-08,Male
NASAW00020029,1973-04-29,Male
NASAW00020030,1954-07-21,Male
NASAW00020031,1970-01-17,Female
NASAW00020032,1975-02-14,Female
NASAW00020033,1991-05-13,Male
NASAW00020034,1945-11-05,Female
NASAW00020035,1963-12-15,Female
NASAW00020036,1981-06-17,Male
NASAW00020037,1981-08-07,Male
NASAW00020038,1960-02-02,Female
NASAW00020039,1976-08-13,Male
NASAW00020040,1982-03-07,Female
NASAW00020041,1999-08-15,Female
NASAW00020042,1995-04-17,Male
NASAW00020043,1996-06-29,Male
NASAW00020044,1992-02-25,Male
NASAW00020045,1980-03-01,Male
NASAW00020046,1949-04-01,Male
NASAW00020047,2002-09-08,Female
NASAW00020048,1951-11-24,Female
NASAW00020049,1976-03-24,Male
NASAW00020050,1955-04-24,Male
NASAW00020051,1982-10-28,Male
NASAW00020052,1951-11-25,Female
NASAW00020053,1969-01-08,Male
NASAW00020054,1972-11-08,Male
NASAW00020055,1966-10-09,Male
NASAW00020056,1998-12-14,Female
NASAW00020057,1978-05-03,Female
NASAW00020058,1990-03-05,Female
NASAW00020059,1966-01-12,Male
NASAW00020060,1958-09-28,Female
NASAW00020061,1964-07-17,Male
NASAW00020062,1958-01-20,Female
NASAW00020063,1954-07-01,Female
NASAW00020064,1951-04-05,Male
NASAW00020065,1973-12-13,Male
NASAW00020066,2001-06-18,Female
NASAW00020067,1989-04-12,Male
NASAW00020068,1954-07-16,Male
NASAW00020069,1961-11-09,Male
NASAW00020070,1955-11-26,Female
NASAW00020071,1965-12-05,Female
NASAW00020072,1977-02-13,Male
NASAW00020073,1994-10-12,Male
NASAW00020074,1953-06-02,Male
NASAW00020075,1949-09-24,Male
NASAW00020076,1987-03-12,Female
NASAW00020077,2000-10-12,Female
NASAW00020078,2004-05-10,Female
NASAW00020079,1957-03-02,Male
NASAW00020080,1995-06-16,Male
NASAW00020081,1954-08-28,Male
NASAW00020082,1974-06-26,Male
NASAW00020083,1982-07-20,Male
NASAW00020084,1950-12-21,Male
NASAW00020085,2000-10-10,Female
NASAW00020086,1985-08-17,female
NASAW00020087,1957-03-18,Male
NASAW00020088,1971-05-10,Male
NASAW00020089,1972-06-02,Male
NASAW00020090,2002-12-27,Female
NASAW00020091,1953-06-10,Male
NASAW00020092,1950-07-03,Male
NASAW00020093,1961-08-01,Female
NASAW00020094,1973-01-19,Male
NASAW00020095,1953-06-12,Male
NASAW00020096,2003-03-18,Female
NASAW00020097,1969-01-31,Female
NASAW00020098,1958-12-07,Male
NASAW00020099,1959-02-12,Male
NASAW00020100,1978-01-01,male
NASAW00020101,1972-08-08,Female
NASAW00020102,1953-02-25,Female
NASAW00020103,2003-12-23,Female
NASAW00020104,1982-05-15,Male
NASAW00020105,1999-12-20,Female
NASAW00020106,1954-03-31,Female
NASAW00020107,1962-04-06,Male
NASAW00020108,1962-04-10,Female
NASAW00020109,1972-11-27,Male
NASAW00020110,1971-12-04,Male
NASAW00020111,2006-05-26,Male
NASAW00020112,1990-08-17,Male
NASAW00020113,1979-08-04,Male
NASAW00020114,1947-06-10,Female
NASAW00020115,1979-05-23,Female
NASAW00020116,1961-04-05,Male
NASAW00020117,1948-02-29,Male
NASAW00020118,1966-09-13,Female
NASAW00020119,1983-10-30,Female
NASAW00020120,1998-10-29,Male
NASAW00020121,1996-02-15,Male
NASAW00020122,1993-03-14,Female
NASAW00020123,1953-05-02,Male
NASAW00020124,1999-08-16,Male
NASAW00020125,1972-05-31,Male
NASAW00020126,1971-05-20,F
NASAW00020127,2005-05-30,Male
NASAW00020128,1969-03-28,Male
NASAW00020129,1971-11-28,Male
NASAW00020130,1966-05-14,Female
NASAW00020131,1978-04-12,Female
NASAW00020132,1984-02-18,Female
NASAW00020133,1948-05-06,Female
NASAW00020134,1970-11-02,Male
NASAW00020135,1995-06-04,Male
NASAW00020136,1994-09-30,Male
NASAW00020137,1985-05-08,Female
NASAW00020138,1946-12-13,Female
NASAW00020139,1959-08-20,Female
NASAW00020140,1999-08-14,Female
NASAW00020141,2001-08-29,Male
NASAW00020142,1996-01-29,Female
NASAW00020143,1970-06-04,Female
NASAW00020144,1998-11-30,Female
NASAW00020145,1981-04-28,Female
NASAW00020146,1986-01-30,Male
NASAW00020147,1945-05-29,male
NASAW00020148,1997-10-25,Male
NASAW00020149,1994-05-22,Female
NASAW00020150,1964-01-17,Female
NASAW00020151,1999-10-10,Female
NASAW00020152,1991-04-29,Female
NASAW00020153,1985-05-15,Female
NASAW00020154,1985-12-31,female
NASAW00020155,1954-07-22,Male
NASAW00020156,1983-11-14,Male
NASAW00020157,1968-05-27,Male
NASAW00020158,1952-04-01,
NASAW00020159,1964-04-12,Female
NASAW00020160,1985-03-13,Female
NASAW00020161,1988-02-07,Female
NASAW00020162,1983-10-09,Male
NASAW00020163,2003-07-21,Female
NASAW00020164,1946-10-18,Female
NASAW00020165,1989-02-01,Female
NASAW00020166,1995-07-05,Male
NASAW00020167,1963-05-05,Male
NASAW00020168,1978-01-04,Female
NASAW00020169,1996-08-18,Male
NASAW00020170,1969-12-18,Male
NASAW00020171,2002-12-06,Female
NASAW00020172,1981-08-26,Male
NASAW00020173,1988-06-19,Male
NASAW00020174,1957-03-06,Female
NASAW00020175,1960-12-18,Female
NASAW00020176,1951-06-21,Male
NASAW00020177,1974-09-16,Male
NASAW00020178,1971-12-23,Male
NASAW00020179,1974-08-24,Male
NASAW00020180,1993-05-08,Female
NASAW00020181,1983-05-21,Female
NASAW00020182,1971-12-29,Male
NASAW00020183,2001-06-13,Male
NASAW00020184,1991-05-30,Male
NASAW00020185,1981-07-14,Male
NASAW00020186,2005-03-20,Female
NASAW00020187,1990-12-13,Male
NASAW00020188,1952-08-03,Male
NASAW00020189,1957-09-05,Female
NASAW00020190,1998-12-05,Male
NASAW00020191,1945-02-20,Female
NASAW00020192,1958-03-24,Female
NASAW00020193,1986-03-29,Female
NASAW00020194,1987-08-08,Male
NASAW00020195,1979-09-30,Male
NASAW00020196,1949-08-19,Female
NASAW00020197,1964-05-06,Female
NASAW00020198,1963-12-16,Female
NASAW00020199,1981-02-25,Female
NASAW00020200,1966-12-12,Male
NASAW00020201,2005-06-29,Male
NASAW00020202,1964-12-12,Female
NASAW00020203,1952-12-19,Male
NASAW00020204,1985-03-28,Male
NASAW00020205,1985-01-21,Female
NASAW00020206,1986-05-11,Female
NASAW00020207,1960-07-11,Male
NASAW00020208,1979-10-28,Female
NASAW00020209,1984-11-17,Male
NASAW00020210,1990-09-15,Female
NASAW00020211,1989-06-28,Female
NASAW00020212,1978-08-02,Female
NASAW00020213,2003-04-28,Female
NASAW00020214,1990-01-28,Male
NASAW00020215,1997-09-14,Male
NASAW00020216,1985-01-09,Female
NASAW00020217,1947-06-21,Male
NASAW00020218,1987-09-22,Female
NASAW00020219,1995-01-09,Male
NASAW00020220,1968-10-15,Male
NASAW00020221,1988-01-25,Female
NASAW00020222,1952-03-23,Female
NASAW00020223,1976-06-19,Male
NASAW00020224,1951-10-28,Female
NASAW00020225,1963-08-20,Male
NASAW00020226,1950-05-01,Male
NASAW00020227,1947-11-26,Male
NASAW00020228,1996-03-23,Male
NASAW00020229,1981-09-12,Female
NASAW00020230,1990-06-02,Female
NASAW00020231,1968-08-18,Female
NASAW00020232,2003-09-27,Female
NASAW00020233,1967-01-26,Male
NASAW00020234,1962-12-20,Male
NASAW00020235,1981-12-05,Male
NASAW00020236,2001-08-21,Male
NASAW00020237,1948-04-21,Male
NASAW00020238,1996-03-12,Male
NASAW00020239,1950-05-18,Female
NASAW00020240,1997-06-23,Female
NASAW00020241,1982-10-22,Female
NASAW00020242,1973-03-15,Male
NASAW00020243,1994-02-17,Female
NASAW00020244,1990-01-27,Female
NASAW00020245,1969-10-28,Male
NASAW00020246,1972-12-27,Female
NASAW00020247,1985-04-03,Male
NASAW00020248,1990-10-27,Female
NASAW00020249,1990-11-09,Male
NASAW00020250,1970-03-07,Female
NASAW00020251,1980-11-16,Female
NASAW00020252,1994-02-15,Male
NASAW00020253,1978-06-15,Female
NASAW00020254,1981-04-04,Female
NASAW00020255,1946-07-04,Male
NASAW00020256,1969-10-13,Male
NASAW00020257,1965-10-10,Female
NASAW00020258,1996-07-09,Female
NASAW00020259,1982-12-07,Male
NASAW00020260,1973-04-23,Female
NASAW00020261,2006-01-16,Female
NASAW00020262,1960-09-04,Male
NASAW00020263,1967-09-25,Male
NASAW00020264,1964-05-28,Female
NASAW00020265,1978-09-28,F
NASAW00020266,1972-08-04,Male
NASAW00020267,1964-02-17,Male
NASAW00020268,1967-09-24,Female
NASAW00020269,1960-01-16,Female
NASAW00020270,1972-02-19,Male
NASAW00020271,1961-11-12,Female
NASAW00020272,1970-04-21,Male
NASAW00020273,1965-04-09,Female
NASAW00020274,2002-11-17,Female
NASAW00020275,1952-05-13,Female
NASAW00020276,1982-02-09,Female
NASAW00020277,1987-12-25,Male
NASAW00020278,1953-02-02,Female
NASAW00020279,1951-11-07,Male
NASAW00020280,1945-10-11,Female
NASAW00020281,1962-07-20,Female
NASAW00020282,1973-07-22,Male
NASAW00020283,1976-05-02,Female
NASAW00020284,2002-03-19,Male
NASAW00020285,1988-11-13,Female
NASAW00020286,1975-11-03,Male
NASAW00020287,1996-10-18,Male
NASAW00020288,1960-04-29,Female
NASAW00020289,1974-08-20,Male
NASAW00020290,1978-10-21,Male
NASAW00020291,1964-04-20,Male
NASAW00020292,1997-09-19,Male
NASAW00020293,1994-02-21,Male
NASAW00020294,1949-12-24,Male
NASAW00020295,1968-03-01,Male
NASAW00020296,1968-03-31,Male
NASAW00020297,1972-12-20,Male
NASAW00020298,2006-10-29,Female
NASAW00020299,1996-07-08,Male
NASAW00020300,1949-09-01,Male
NASAW00020301,1960-07-22,Female
NASAW00020302,1958-11-19,Male
NASAW00020303,1971-06-26,Male
NASAW00020304,1971-07-14,Male
NASAW00020305,1962-08-23,Female
NASAW00020306,2002-07-09,Male
NASAW00020307,1949-11-04,Female
NASAW00020308,1965-01-18,Male
NASAW00020309,1972-07-27,Female
NASAW00020310,1984-07-24,Male
NASAW00020311,1949-04-04,Female
NASAW00020312,1977-05-07,Female
NASAW00020313,2004-07-16,Female
NASAW00020314,1985-12-19,Female
NASAW00020315,1966-04-19,Female
NASAW00020316,1974-03-17,Female
NASAW00020317,1955-09-27,Male
NASAW00020318,1998-08-14,Male
NASAW00020319,1981-06-24,Female
NASAW00020320,1975-08-13,Female
NASAW00020321,1972-07-10,Male
NASAW00020322,1947-01-21,Male
NASAW00020323,1979-04-24,Female
NASAW00020324,2006-11-27,Male
NASAW00020325,1950-04-14,Male
NASAW00020326,1959-05-12,Male
NASAW00020327,1956-01-30,Male
NASAW00020328,1982-06-13,Male
NASAW00020329,1958-08-19,Female
NASAW00020330,1976-12-04,Female
NASAW00020331,1960-04-18,Female
NASAW00020332,2000-06-20,Female
NASAW00020333,1958-02-06,Female
NASAW00020334,2001-08-25,Male
NASAW00020335,1945-05-08,male
NASAW00020336,1965-09-02,Female
NASAW00020337,1989-03-01,Male
NASAW00020338,1994-06-16,Male
NASAW00020339,1963-01-21,Male
NASAW00020340,1949-03-08,Female
NASAW00020341,1968-12-25,Female
NASAW00020342,1956-07-23,Male
NASAW00020343,1994-12-05,Male
NASAW00020344,1957-12-27,Male
NASAW00020345,1971-06-28,Male
NASAW00020346,1974-09-18,Male
NASAW00020347,1958-03-24,Female
NASAW00020348,1946-06-07,Male
NASAW00020349,1970-11-04,Male
NASAW00020350,1961-04-28,Female
NASAW00020351,1977-03-05,Female
NASAW00020352,1968-08-22,Female
NASAW00020353,1999-06-16,Male
NASAW00020354,1996-12-30,
NASAW00020355,1952-06-26,Female
NASAW00020356,1984-02-01,Female
NASAW00020357,1963-04-29,F
NASAW00020358,1974-07-16,Female
NASAW00020359,1983-09-15,Male
NASAW00020360,1991-03-10,Female
NASAW00020361,1979-03-05,Male
NASAW00020362,1951-08-25,Male
NASAW00020363,1982-05-21,Male
NASAW00020364,1998-01-27,Male
NASAW00020365,1953-10-07,Male
NASAW00020366,1994-11-19,Female
NASAW00020367,1988-03-29,Female
NASAW00020368,2004-09-12,Male
NASAW00020369,1996-10-20,Male
NASAW00020370,1990-08-29,M
NASAW00020371,1955-11-18,Female
NASAW00020372,1991-09-30,Female
NASAW00020373,1967-01-23,Female
NASAW00020374,1972-08-20,Male
NASAW00020375,1968-04-17,Male
NASAW00020376,1977-06-13,Female
NASAW00020377,1956-07-01,Female
NASAW00020378,1953-05-05,Female
NASAW00020379,1987-07-19,Male
NASAW00020380,1995-08-21,Male
NASAW00020381,1956-04-24,Female
NASAW00020382,1989-04-08,male
NASAW00020383,1967-12-15,Female
NASAW00020384,2001-03-26,Female
NASAW00020385,1974-10-06,Male
NASAW00020386,1998-03-15,Female
NASAW00020387,2004-07-12,Male
NASAW00020388,1959-04-03,Male
NASAW00020389,1993-02-18,Male
NASAW00020390,1992-04-10,Male
NASAW00020391,1978-07-06,Female
NASAW00020392,1990-10-02,Female
NASAW00020393,1993-01-05,Female
NASAW00020394,1988-07-05,Female
NASAW00020395,1990-01-27,F
NASAW00020396,1969-12-28,Male
NASAW00020397,1988-01-12,Female
NASAW00020398,1996-07-18,Female
NASAW00020399,1975-01-12,Male
NASAW00020400,1977-01-24,Male
NASAW00020401,1987-11-06,Female
NASAW00020402,2006-05-03,Female
NASAW00020403,1998-10-20,Female
NASAW00020404,1969-08-19,Female
NASAW00020405,1969-10-20,Male
NASAW00020406,2002-01-26,Female
NASAW00020407,2006-05-11,Male
NASAW00020408,1983-06-13,Male
NASAW00020409,2003-06-27,Female
NASAW00020410,1983-01-28,Male
NASAW00020411,1969-01-24,Female
NASAW00020412,1973-07-22,Female
NASAW00020413,2002-07-15,Male
NASAW00020414,1999-11-07,Female
NASAW00020415,1966-04-26,Male
NASAW00020416,1949-06-21,Male
NASAW00020417,1976-06-27,Male
NASAW00020418,1950-06-23,Female
NASAW00020419,1962-03-13,Male
NASAW00020420,1974-05-13,Male
NASAW00020421,1960-06-25,Male
NASAW00020422,1956-04-30,Male
NASAW00020423,1972-05-23,Male
NASAW00020424,1988-01-11,Male
NASAW00020425,1995-12-08,Female
NASAW00020426,1984-02-09,Male
NASAW00020427,1952-06-06,Male
NASAW00020428,1969-08-20,Female
NASAW00020429,1962-08-20,Male
NASAW00020430,1951-06-17,Female
NASAW00020431,1964-08-30,Male
NASAW00020432,1978-08-15,Female
NASAW00020433,1980-11-28,Female
NASAW00020434,1954-05-12,Female
NASAW00020435,1968-06-08,Male
NASAW00020436,1975-12-16,Male
NASAW00020437,1980-04-03,Female
NASAW00020438,1988-06-21,Female
NASAW00020439,2001-10-15,Female
NASAW00020440,1957-03-16,Female
NASAW00020441,1963-07-03,Female
NASAW00020442,2000-12-26,Male
NASAW00020443,1998-10-07,Female
NASAW00020444,1981-09-03,Male
NASAW00020445,1989-12-22,Male
NASAW00020446,1960-04-25,Female
NASAW00020447,1973-10-18,Male
NASAW00020448,1994-12-24,Male
NASAW00020449,2005-06-06,Female
NASAW00020450,1973-09-17,Male
NASAW00020451,1959-03-29,Female
NASAW00020452,1968-04-23,Female
NASAW00020453,1980-09-04,Female
NASAW00020454,1970-11-21,Male
NASAW00020455,1984-12-30,Male
NASAW00020456,1988-02-09,Male
NASAW00020457,2004-10-11,Male
NASAW00020458,1999-06-22,Female
NASAW00020459,1988-05-10,Male
NASAW00020460,1958-09-29,Female
NASAW00020461,1971-10-27,Female
NASAW00020462,1999-03-11,Female
NASAW00020463,1963-06-26,Female
NASAW00020464,1969-09-22,Male
NASAW00020465,1991-08-27,Male
NASAW00020466,1991-06-01,Female
NASAW00020467,2004-06-23,Female
NASAW00020468,1984-06-22,Female
NASAW00020469,1979-01-09,Male
NASAW00020470,1988-03-10,M
NASAW00020471,1972-03-08,Female
NASAW00020472,2003-03-12,Male
NASAW00020473,2002-04-19,Male
NASAW00020474,1983-10-01,Female
NASAW00020475,1954-02-20,Female
NASAW00020476,1995-07-28,Male
NASAW00020477,1945-03-29,Female
NASAW00020478,1999-12-14,Male
NASAW00020479,1988-09-05,Male
NASAW00020480,1971-10-11,Female
NASAW00020481,1963-11-20,Female
NASAW00020482,1986-11-12,Male
NASAW00020483,2004-07-27,Male
NASAW00020484,1974-11-17,Female
NASAW00020485,1985-10-22,Female
NASAW00020486,2000-02-19,Male
NASAW00020487,2004-07-02,Female
NASAW00020488,1993-02-19,Male
NASAW00020489,1976-08-13,Female
NASAW00020490,1989-11-25,Female
NASAW00020491,1954-04-27,Female
NASAW00020492,2003-02-24,Female
NASAW00020493,1972-09-21,Female
NASAW00020494,2003-03-14,Male
NASAW00020495,2000-08-02,Male
NASAW00020496,1966-05-02,Female
NASAW00020497,1978-06-15,Male
NASAW00020498,2005-06-25,Female
NASAW00020499,1988-08-07,Female
NASAW00020500,1988-10-06,Male
NASAW00020501,2003-08-22,Male
NASAW00020502,1958-12-10,Female
NASAW00020503,2001-05-07,Male
NASAW00020504,1981-10-31,Male
NASAW00020505,2003-10-13,Female
NASAW00020506,1984-11-02,Male
NASAW00020507,1986-09-20,Female
NASAW00020508,1998-03-12,Female
NASAW00020509,2001-11-04,Female
NASAW00020510,1989-03-15,Female
NASAW00020511,1967-01-12,Male
NASAW00020512,1994-11-18,Female
NASAW00020513,1996-04-23,Male
NASAW00020514,1991-06-29,Female
NASAW00020515,1970-06-05,Female
NASAW00020516,1948-04-30,Male
NASAW00020517,1962-02-18,Female
NASAW00020518,1954-01-16,F
NASAW00020519,1976-03-20,Male
NASAW00020520,2004-02-16,Male
NASAW00020521,1984-04-29,Female
NASAW00020522,1986-04-09,Female
NASAW00020523,1996-07-21,male
NASAW00020524,1983-10-20,Male
NASAW00020525,1992-06-17,Male
NASAW00020526,1980-09-11,Male
NASAW00020527,1954-11-09,Female
NASAW00020528,1996-11-18,Male
NASAW00020529,2004-08-16,Female
NASAW00020530,1984-12-09,Male
NASAW00020531,1976-08-31,Female
NASAW00020532,1988-09-03,Female
NASAW00020533,2005-06-14,Female
NASAW00020534,1949-01-30,Female
NASAW00020535,1956-06-29,Male
NASAW00020536,1969-03-26,Male
NASAW00020537,1965-09-05,Male
NASAW00020538,1962-05-24,Male
NASAW00020539,1969-05-31,Female
NASAW00020540,1972-10-20,Female
NASAW00020541,2000-02-17,Female
NASAW00020542,2005-04-28,Female
NASAW00020543,1988-01-17,Female
NASAW00020544,1984-08-15,Male
NASAW00020545,1969-01-17,Male
NASAW00020546,1962-08-03,Male
NASAW00020547,2004-08-03,Female
NASAW00020548,2005-06-05,Female
NASAW00020549,2001-06-03,Female
NASAW00020550,1995-04-22,Female
NASAW00020551,1947-04-06,Female
NASAW00020552,1961-04-13,Female
NASAW00020553,1966-04-16,Female
NASAW00020554,1998-01-18,Male
NASAW00020555,1957-09-11,Female
NASAW00020556,1983-07-03,Male
NASAW00020557,1952-12-08,Male
NASAW00020558,1962-08-06,Male
NASAW00020559,1951-10-12,Male
NASAW00020560,1973-11-30,Female
NASAW00020561,1952-05-30,Female
NASAW00020562,2002-08-04,Male
NASAW00020563,1974-11-21,Female
NASAW00020564,1980-05-17,Female
NASAW00020565,1985-07-04,Female
NASAW00020566,1978-11-15,Male
NASAW00020567,1961-03-24,Female
NASAW00020568,1970-02-19,Male
NASAW00020569,1954-10-25,Female
NASAW00020570,1952-08-28,Female
NASAW00020571,1961-10-30,Male
NASAW00020572,2006-08-25,Male
NASAW00020573,1963-06-28,Male
NASAW00020574,2006-11-27,Female
NASAW00020575,1983-06-23,Male
NASAW00020576,1993-03-08,Female
NASAW00020577,1989-07-23,Female
NASAW00020578,1979-04-10,Male
NASAW00020579,1947-07-04,Female
NASAW00020580,2004-05-19,Male
NASAW00020581,1966-10-18,Male
NASAW00020582,1953-09-29,Female
NASAW00020583,1960-02-29,Female
NASAW00020584,1946-01-10,Female
NASAW00020585,1980-06-05,Female
NASAW00020586,1988-04-28,Male
NASAW00020587,1982-11-04,Female
NASAW00020588,1984-01-27,Male
NASAW00020589,1986-09-21,Female
NASAW00020590,1945-03-26,Female
NASAW00020591,2006-10-26,Female
NASAW00020592,1961-08-24,Female
NASAW00020593,1958-03-20,Female
NASAW00020594,1995-04-29,Female
NASAW00020595,1954-03-29,Male
NASAW00020596,1949-01-05,Male
NASAW00020597,1979-09-25,Female
NASAW00020598,1980-12-10,Female
NASAW00020599,1986-12-03,Male
NASAW00020600,1981-01-01,female
NASAW00020601,2006-06-05,Male
NASAW00020602,1979-09-18,Female
NASAW00020603,1996-01-23,male
NASAW00020604,1988-08-26,Male
NASAW00020605,1971-10-08,Male
NASAW00020606,1998-06-27,Male
NASAW00020607,1956-01-27,Female
NASAW00020608,1995-02-13,Male
NASAW00020609,1980-08-17,Male
NASAW00020610,1996-12-30,Male
NASAW00020611,1986-06-25,Male
NASAW00020612,1974-10-18,Male
NASAW00020613,1998-09-07,Female
NASAW00020614,1957-06-06,Female
NASAW00020615,1960-06-02,Male
NASAW00020616,1957-08-13,Female
NASAW00020617,1996-04-06,Male
NASAW00020618,1994-05-19,Female
NASAW00020619,1977-11-29,Male
NASAW00020620,1957-09-13,Male
NASAW00020621,1962-11-08,Female
NASAW00020622,1993-12-01,Female
NASAW00020623,1962-03-28,Male
NASAW00020624,1945-05-20,Female
NASAW00020625,1966-06-21,Female
NASAW00020626,1952-07-30,Female
NASAW00020627,1967-10-06,Male
NASAW00020628,2006-12-05,Male
NASAW00020629,1947-05-02,Male
NASAW00020630,1972-04-18,Male
NASAW00020631,1958-07-04,Male
NASAW00020632,1961-12-29,Female
NASAW00020633,1977-12-25,Female
NASAW00020634,1995-10-21,Male
NASAW00020635,1975-05-28,Female
NASAW00020636,1953-12-20,Female
NASAW00020637,1952-04-22,Male
NASAW00020638,1962-04-01,F
NASAW00020639,1989-11-20,Male
NASAW00020640,1996-06-02,Male
NASAW00020641,1967-10-04,Female
NASAW00020642,1945-06-07,Female
NASAW00020643,1967-09-25,Male
NASAW00020644,2001-12-07,Female
NASAW00020645,1963-09-27,Female
NASAW00020646,1995-02-12,Female
NASAW00020647,1981-03-21,Female
NASAW00020648,1950-06-11,M
NASAW00020649,1965-02-19,Female
NASAW00020650,2005-09-04,Male
NASAW00020651,1952-03-07,Female
NASAW00020652,1966-03-16,Male
NASAW00020653,1960-11-19,Female
NASAW00020654,1985-06-24,Female
NASAW00020655,1968-09-08,Female
NASAW00020656,1955-06-09,Female
NASAW00020657,1993-09-13,Male
NASAW00020658,1997-08-19,Female
NASAW00020659,1964-06-27,Male
NASAW00020660,1975-11-26,Female
NASAW00020661,1970-12-22,Male
NASAW00020662,1985-10-27,Female
NASAW00020663,1997-01-04,Female
NASAW00020664,1987-10-28,Male
NASAW00020665,1954-06-09,Female
NASAW00020666,1996-09-08,Female
NASAW00020667,1985-05-02,Female
NASAW00020668,1982-07-13,Male
NASAW00020669,1990-11-29,Female
NASAW00020670,1958-08-11,Male
NASAW00020671,1971-07-24,Female
NASAW00020672,2006-01-13,Female
NASAW00020673,1997-01-12,male
NASAW00020674,1968-02-18,Female
NASAW00020675,1992-05-29,Female
NASAW00020676,1946-01-09,Female
NASAW00020677,1997-12-11,Male
NASAW00020678,2003-04-24,Female
NASAW00020679,1951-01-27,Male
NASAW00020680,1981-10-06,Female
NASAW00020681,1948-01-12,Female
NASAW00020682,1984-07-16,Female
NASAW00020683,1998-06-26,Male
NASAW00020684,2003-09-12,Female
NASAW00020685,1957-12-12,Female
NASAW00020686,1987-01-10,Female
NASAW00020687,1951-04-05,Male
NASAW00020688,1949-12-13,Male
NASAW00020689,1977-01-30,Female
NASAW00020690,1960-06-19,Male
NASAW00020691,1981-07-03,Male
NASAW00020692,1970-10-15,Male
NASAW00020693,1962-04-12,Male
NASAW00020694,1949-08-28,Male
NASAW00020695,2000-05-02,Male
NASAW00020696,1967-08-19,Male
NASAW00020697,1980-12-27,Male
NASAW00020698,1978-11-25,Female
NASAW00020699,1965-04-30,Male
NASAW00020700,1980-10-12,Male
NASAW00020701,1962-02-10,Female
NASAW00020702,1973-12-27,Female
NASAW00020703,1953-02-08,Female
NASAW00020704,1966-10-02,Male
NASAW00020705,1947-12-18,Female
NASAW00020706,1967-10-09,Female
NASAW00020707,1970-10-10,Female
NASAW00020708,1967-01-07,Male
NASAW00020709,1967-12-18,Female
NASAW00020710,1972-11-26,Male
NASAW00020711,1974-01-25,Female
NASAW00020712,1981-10-20,Female
NASAW00020713,1956-11-04,Male
NASAW00020714,1988-01-13,Female
NASAW00020715,1994-05-27,Female
NASAW00020716,1993-11-02,Male
NASAW00020717,1948-10-09,Male
NASAW00020718,1960-02-22,Male
NASAW00020719,1988-02-11,Male
NASAW00020720,2000-10-02,Female
NASAW00020721,1995-04-05,Female
NASAW00020722,1963-09-27,Male
NASAW00020723,1993-06-10,Female
NASAW00020724,1959-04-23,Female
NASAW00020725,1963-03-19,Male
NASAW00020726,1967-07-29,Female
NASAW00020727,1995-11-27,Female
NASAW00020728,1960-08-01,Male
NASAW00020729,1987-07-08,Female
NASAW00020730,1972-10-14,Female
NASAW00020731,1945-10-01,Male
NASAW00020732,1993-08-14,Male
NASAW00020733,1987-04-04,M
NASAW00020734,1952-01-19,Male
NASAW00020735,1992-04-15,Female
NASAW00020736,2006-06-08,Male
NASAW00020737,1958-03-15,Male
NASAW00020738,1952-05-19,Female
NASAW00020739,1977-05-17,Female
NASAW00020740,1950-12-30,Female
NASAW00020741,2000-07-31,Male
NASAW00020742,1949-12-26,Female
NASAW00020743,1981-05-28,Female
NASAW00020744,1973-09-01,Male
NASAW00020745,1953-10-06,Female
NASAW00020746,2006-02-03,Female
NASAW00020747,1967-09-08,Male
NASAW00020748,1965-08-14,Female
NASAW00020749,1949-12-21,Female
NASAW00020750,1971-03-25,Male
NASAW00020751,1963-02-04,M
NASAW00020752,1990-07-19,Male
NASAW00020753,1966-05-06,Male
NASAW00020754,1980-09-12,Male
NASAW00020755,1983-03-30,Male
NASAW00020756,1968-04-17,Male
NASAW00020757,1965-07-22,Female
NASAW00020758,1951-10-10,Female
NASAW00020759,1989-11-15,Female
NASAW00020760,1945-08-17,Male
NASAW00020761,1954-08-03,Female
NASAW00020762,1999-08-31,Female
NASAW00020763,2005-01-17,Male
NASAW00020764,1976-06-08,Male
NASAW00020765,1949-02-23,Male
NASAW00020766,1994-04-26,Female
NASAW00020767,1956-05-02,Male
NASAW00020768,1995-09-13,Male
NASAW00020769,1969-02-07,Male
NASAW00020770,1987-10-05,Male
NASAW00020771,1998-03-28,Female
NASAW00020772,1993-01-17,Female
NASAW00020773,1973-12-14,Male
NASAW00020774,1983-07-10,Female
NASAW00020775,1952-06-21,Male
NASAW00020776,1946-09-28,Female
NASAW00020777,1974-12-27,Female
NASAW00020778,1972-02-28,Male
NASAW00020779,1972-10-16,Female
NASAW00020780,1995-05-11,Male
NASAW00020781,1997-04-15,Female
NASAW00020782,1956-09-09,Male
NASAW00020783,1991-05-25,Male
NASAW00020784,1951-04-16,Female
NASAW00020785,1985-05-01,Female
NASAW00020786,1986-05-14,Female
NASAW00020787,1971-08-27,Female
NASAW00020788,1962-09-22,Female
NASAW00020789,1972-04-20,Female
NASAW00020790,1991-07-22,Female
NASAW00020791,1977-06-20,Female
NASAW00020792,1981-06-08,Female
NASAW00020793,1964-12-27,Male
NASAW00020794,1959-01-22,Male
NASAW00020795,1965-04-24,Male
NASAW00020796,2002-06-25,Female
NASAW00020797,1987-04-01,Female
NASAW00020798,1949-07-15,Male
NASAW00020799,1995-12-04,Male
NASAW00020800,1982-08-03,Female
NASAW00020801,1965-06-17,Male
NASAW00020802,1970-11-02,Female
NASAW00020803,1979-04-08,Male
NASAW00020804,1956-04-18,Male
NASAW00020805,,Male
NASAW00020806,1949-10-05,Male
NASAW00020807,1969-01-30,Male
NASAW00020808,1953-12-30,Male
NASAW00020809,1986-11-16,Male
NASAW00020810,1986-04-13,Male
NASAW00020811,1980-07-12,Male
NASAW00020812,1968-03-15,Female
NASAW00020813,1982-10-12,Male
NASAW00020814,1946-01-13,Female
NASAW00020815,1956-04-17,Male
NASAW00020816,1964-07-04,Female
NASAW00020817,1985-03-24,Male
NASAW00020818,1959-03-03,Male
NASAW00020819,2003-01-30,Female
NASAW00020820,2006-05-27,Female
NASAW00020821,1987-10-07,Male
NASAW00020822,1976-08-30,Male
NASAW00020823,1960-02-23,Male
NASAW00020824,1972-01-09,Male
NASAW00020825,1981-02-16,Male
NASAW00020826,1963-03-13,Male
NASAW00020827,1996-07-22,female
NASAW00020828,1949-12-27,Female
NASAW00020829,1981-06-23,Female
NASAW00020830,1972-01-06,Female
NASAW00020831,1967-05-18,Female
NASAW00020832,1973-07-16,Male
NASAW00020833,1970-06-29,Male
NASAW00020834,1956-03-18,Female
NASAW00020835,1998-09-17,Male
NASAW00020836,1983-11-02,Female
NASAW00020837,1969-01-05,Male
NASAW00020838,2000-10-19,Male
NASAW00020839,2006-05-11,Male
NASAW00020840,1969-11-13,Male
NASAW00020841,2005-04-11,Male
NASAW00020842,2006-10-21,Female
NASAW00020843,1995-01-21,Female
NASAW00020844,1985-12-21,Male
NASAW00020845,1964-11-09,Female
NASAW00020846,1965-11-08,Male
NASAW00020847,2001-06-09,Male
NASAW00020848,1949-07-12,Male
NASAW00020849,1982-12-17,Male
NASAW00020850,1958-09-08,Female
NASAW00020851,1967-09-29,male
NASAW00020852,1993-05-02,Female
NASAW00020853,1959-02-10,Male
NASAW00020854,1976-02-13,Male
NASAW00020855,1980-11-12,Male
NASAW00020856,1956-11-06,Male
NASAW00020857,1988-09-25,Female
NASAW00020858,1976-12-25,Female
NASAW00020859,1949-11-10,Female
NASAW00020860,2001-11-19,Male
NASAW00020861,1969-07-12,Female
NASAW00020862,1975-08-02,Male
NASAW00020863,1952-01-23,Male
NASAW00020864,1978-04-25,Male
NASAW00020865,1956-10-22,Male
NASAW00020866,1988-08-18,Male
NASAW00020867,1997-08-10,Male
NASAW00020868,1975-12-23,Female
NASAW00020869,1965-01-10,Female
NASAW00020870,1999-11-03,Male
NASAW00020871,2000-04-22,Female
NASAW00020872,1954-11-16,Female
NASAW00020873,1973-03-06,Male
NASAW00020874,1980-03-13,Male
NASAW00020875,1960-08-01,Male
NASAW00020876,1969-11-29,Male
NASAW00020877,1983-08-19,Female
NASAW00020878,1957-01-13,Male
NASAW00020879,2005-03-25,Female
NASAW00020880,1983-10-23,Male
NASAW00020881,1945-10-31,Male
NASAW00020882,1986-02-09,Male
NASAW00020883,1973-01-19,Male
NASAW00020884,1949-11-29,Female
NASAW00020885,1989-12-11,Female
NASAW00020886,1998-06-10,Male
NASAW00020887,1972-06-17,Male
NASAW00020888,1982-11-26,male
NASAW00020889,1948-10-09,Male
NASAW00020890,1954-10-22,Female
NASAW00020891,1982-06-19,Male
NASAW00020892,1964-06-05,Female
NASAW00020893,1991-01-24,Male
NASAW00020894,1993-04-06,Male
NASAW00020895,1970-03-20,Female
NASAW00020896,2003-11-23,Male
NASAW00020897,1994-10-12,Female
NASAW00020898,1990-08-07,Female
NASAW00020899,1952-12-13,Female
NASAW00020900,1982-09-21,Male
NASAW00020901,1976-06-12,Female
NASAW00020902,1974-12-21,Male
NASAW00020903,1979-02-10,Male
NASAW00020904,1946-01-30,Male
NASAW00020905,1988-10-21,Male
NASAW00020906,2002-04-08,Male
NASAW00020907,2005-05-26,Female
NASAW00020908,1985-02-21,Male
NASAW00020909,1986-02-06,Female
NASAW00020910,1970-05-14,male
NASAW00020911,1965-01-12,Male
NASAW00020912,1992-11-10,Female
NASAW00020913,1999-02-27,Female
NASAW00020914,1954-04-06,Female
NASAW00020915,1970-06-26,Male
NASAW00020916,1981-12-07,Male
NASAW00020917,1968-05-06,Female
NASAW00020918,1995-08-17,F
NASAW00020919,1978-12-30,Female
NASAW00020920,1985-04-28,Female
NASAW00020921,1989-02-01,Male
NASAW00020922,1983-02-16,Female
NASAW00020923,1949-01-28,Female
NASAW00020924,1981-01-30,Female
NASAW00020925,1967-05-03,Male
NASAW00020926,1990-03-13,Female
NASAW00020927,1963-10-19,Male
NASAW00020928,1946-06-17,Male
NASAW00020929,1976-05-10,Female
NASAW00020930,1983-06-12,Male
NASAW00020931,1966-07-21,Female
NASAW00020932,1988-04-02,Male
NASAW00020933,2005-09-27,Female
NASAW00020934,1989-06-03,Female
NASAW00020935,1954-09-18,Male
NASAW00020936,1982-04-18,Female
NASAW00020937,1994-02-13,Male
NASAW00020938,1946-02-18,Male
NASAW00020939,1968-07-24,Male
NASAW00020940,1978-08-22,Female
NASAW00020941,1975-03-28,Male
NASAW00020942,1975-09-10,Male
NASAW00020943,1990-07-06,Male
NASAW00020944,2004-09-25,Male
NASAW00020945,1995-12-18,Female
NASAW00020946,2001-08-14,Female
NASAW00020947,1957-02-14,Male
NASAW00020948,1980-02-23,Male
NASAW00020949,1970-04-23,Male
NASAW00020950,2005-03-22,Male
NASAW00020951,1997-01-22,Male
NASAW00020952,1973-01-26,Female
NASAW00020953,2000-06-26,Male
NASAW00020954,1989-02-11,Female
NASAW00020955,1954-07-18,Female
NASAW00020956,1973-03-07,Female
NASAW00020957,1979-10-07,Female
NASAW00020958,1962-06-19,Female
NASAW00020959,1959-01-24,Male
NASAW00020960,1985-08-01,Female
NASAW00020961,1949-12-30,Female
NASAW00020962,1967-05-31,Female
NASAW00020963,1970-09-30,F
NASAW00020964,1986-12-30,Male
NASAW00020965,1961-07-20,Female
NASAW00020966,1991-07-14,Male
NASAW00020967,1968-07-17,Male
NASAW00020968,1990-06-22,Male
NASAW00020969,1975-03-21,Female
NASAW00020970,1983-09-13,Male
NASAW00020971,1961-02-14,Male
NASAW00020972,1988-10-06,Female
NASAW00020973,1969-09-16,Male
NASAW00020974,1997-05-14,Male
NASAW00020975,1982-05-07,Male
NASAW00020976,1987-06-30,Female
NASAW00020977,1994-06-29,Female
NASAW00020978,1972-02-29,Male
NASAW00020979,1957-12-27,Female
NASAW00020980,1994-10-27,Female
NASAW00020981,1962-03-04,Male
NASAW00020982,1986-05-28,Male
NASAW00020983,1971-12-08,Male
NASAW00020984,1951-08-12,Male
NASAW00020985,1992-10-26,Female
NASAW00020986,1979-02-12,Male
NASAW00020987,1968-08-24,Male
NASAW00020988,2005-01-25,Male
NASAW00020989,1979-05-20,Female
NASAW00020990,1985-10-01,Male
NASAW00020991,1989-12-24,Male
NASAW00020992,1954-02-23,Male
NASAW00020993,1973-04-16,Female
NASAW00020994,2004-01-06,Male
NASAW00020995,1972-04-03,Female
NASAW00020996,1995-04-05,Male
NASAW00020997,1970-12-21,Male
NASAW00020998,1964-10-11,Female
NASAW00020999,1953-05-14,Male
NASAW00021000,1991-04-07,Male
NASAW00021001,1972-12-30,M
NASAW00021002,1952-09-16,Male
NASAW00021003,1959-01-18,Male
NASAW00021004,1984-12-01,Male
NASAW00021005,1972-10-14,Male
NASAW00021006,1990-01-25,Male
NASAW00021007,1996-05-13,Male
NASAW00021008,1979-09-01,Female
NASAW00021009,2004-04-06,Female
NASAW00021010,1992-03-29,Male
NASAW00021011,1962-10-04,Female
NASAW00021012,1979-12-19,Female
NASAW00021013,1956-03-24,Male
NASAW00021014,1986-01-24,Female
NASAW00021015,1998-10-19,Male
NASAW00021016,1985-10-27,Male
NASAW00021017,1964-12-17,Female
NASAW00021018,1968-10-27,Female
NASAW00021019,1945-05-02,Male
NASAW00021020,1967-02-26,Male
NASAW00021021,1980-04-10,Female
NASAW00021022,1952-12-25,Female
NASAW00021023,1971-12-16,Female
NASAW00021024,1946-07-09,Female
NASAW00021025,1985-06-15,Male
NASAW00021026,2002-12-12,Female
NASAW00021027,1988-11-11,Female
NASAW00021028,1966-08-30,Male
NASAW00021029,1952-04-15,male
NASAW00021030,1999-01-22,Female
NASAW00021031,1971-07-01,Male
NASAW00021032,1900-01-01,Female
NASAW00021033,1948-05-12,Female
NASAW00021034,1946-11-30,Female
NASAW00021035,1971-01-27,Female
NASAW00021036,1986-08-14,Female
NASAW00021037,2002-01-08,Female
NASAW00021038,1990-08-24,Male
NASAW00021039,1986-12-04,female
NASAW00021040,1967-02-10,Male
NASAW00021041,1947-04-11,Female
NASAW00021042,1987-01-13,Male
NASAW00021043,1984-11-17,Male
NASAW00021044,2003-08-30,Female
NASAW00021045,1998-06-05,Male
NASAW00021046,1948-04-26,Male
NASAW00021047,1954-12-05,Male
NASAW00021048,1984-09-07,Female
NASAW00021049,1949-09-03,Female
NASAW00021050,2000-04-09,Male
NASAW00021051,1969-01-18,Male
NASAW00021052,1976-12-31,Female
NASAW00021053,1985-03-03,Male
NASAW00021054,1965-12-06,Female
NASAW00021055,2004-07-14,Female
NASAW00021056,1975-09-22,Male
NASAW00021057,1965-07-12,Male
NASAW00021058,1988-01-26,Male
NASAW00021059,1963-12-10,Female
NASAW00021060,1966-11-15,Male
NASAW00021061,1972-11-29,Male
NASAW00021062,1979-07-08,Female
NASAW00021063,1964-03-28,Male
NASAW00021064,2000-01-13,Female
NASAW00021065,1966-02-12,Female
NASAW00021066,1964-06-02,Female
NASAW00021067,1983-05-12,Male
NASAW00021068,1969-07-01,Male
NASAW00021069,1962-08-05,Female
NASAW00021070,1992-03-12,Female
NASAW00021071,2004-04-28,Male
NASAW00021072,1987-12-28,Female
NASAW00021073,1994-08-26,Male
NASAW00021074,1968-05-25,Male
NASAW00021075,1969-07-15,Male
NASAW00021076,1988-03-17,Female
NASAW00021077,1984-07-03,Female
NASAW00021078,1945-07-12,Male
NASAW00021079,1987-11-09,Female
NASAW00021080,1986-06-30,Male
NASAW00021081,1955-11-24,Female
NASAW00021082,1947-03-14,Male
NASAW00021083,1978-04-14,Female
NASAW00021084,1972-02-13,Female
NASAW00021085,1946-05-26,Female
NASAW00021086,2004-06-12,Female
NASAW00021087,1977-05-09,Male
NASAW00021088,1998-10-07,Female
NASAW00021089,2004-05-04,Male
NASAW00021090,1993-07-15,Female
NASAW00021091,1997-04-28,Female
NASAW00021092,1973-11-26,Male
NASAW00021093,1974-07-17,Female
NASAW00021094,1979-12-09,Male
NASAW00021095,1949-04-19,Male
NASAW00021096,2004-11-10,Male
NASAW00021097,1952-06-18,Female
NASAW00021098,1951-08-16,Female
NASAW00021099,1962-04-10,Female
NASAW00021100,2000-12-08,Male
NASAW00021101,1957-07-02,Male
NASAW00021102,1945-02-09,Male
NASAW00021103,2003-10-11,Female
NASAW00021104,2004-10-01,Male
NASAW00021105,2006-01-16,Female
NASAW00021106,1987-11-22,Male
NASAW00021107,1951-08-08,Female
NASAW00021108,1992-06-24,Female
NASAW00021109,2001-05-08,Female
NASAW00021110,1977-07-20,Female
NASAW00021111,1951-04-20,Male
NASAW00021112,1951-06-12,Male
NASAW00021113,1957-07-14,Female
NASAW00021114,1952-04-28,Female
NASAW00021115,1970-10-15,Female
NASAW00021116,1950-08-31,Male
NASAW00021117,1947-08-11,Female
NASAW00021118,1968-06-27,Female
NASAW00021119,1999-07-05,Male
NASAW00021120,1973-06-06,Male
NASAW00021121,1982-02-16,Female
NASAW00021122,1969-07-29,Female
NASAW00021123,1958-03-22,Male
NASAW00021124,1996-04-12,Male
NASAW00021125,1975-10-19,Male
NASAW00021126,2001-12-22,Female
NASAW00021127,1954-02-15,Male
NASAW00021128,1986-05-15,Female
NASAW00021129,1959-11-04,Female
NASAW00021130,1961-08-07,Female
NASAW00021131,1968-01-30,Female
NASAW00021132,1967-04-12,Female
NASAW00021133,1993-08-21,Male
NASAW00021134,1955-06-03,Male
NASAW00021135,1964-10-22,Female
NASAW00021136,1947-03-08,Male
NASAW00021137,1973-10-02,Female
NASAW00021138,1952-08-22,Female
NASAW00021139,1976-03-13,Male
NASAW00021140,2002-06-12,Male
NASAW00021141,1988-03-13,Male
NASAW00021142,1960-05-29,Male
NASAW00021143,2006-09-25,Female
NASAW00021144,1980-01-03,Female
NASAW00021145,1960-02-06,Male
NASAW00021146,1980-08-08,Male
NASAW00021147,1964-05-30,Female
NASAW00021148,1990-08-22,Male
NASAW00021149,1960-09-20,Female
NASAW00021150,2004-01-09,Female
NASAW00021151,1987-01-09,Female
NASAW00021152,1996-04-01,Female
NASAW00021153,1988-11-10,Female
NASAW00021154,1976-01-25,Male
NASAW00021155,1967-11-13,Female
NASAW00021156,2006-03-15,Male
NASAW00021157,1988-01-07,Female
NASAW00021158,1985-11-30,female
NASAW00021159,1992-05-05,Female
NASAW00021160,1980-04-03,Female
NASAW00021161,1983-09-04,Male
NASAW00021162,1977-09-22,Female
NASAW00021163,1959-05-22,Male
NASAW00021164,1946-04-18,Female
NASAW00021165,1980-09-13,Male
NASAW00021166,1990-08-04,Male
NASAW00021167,2001-05-14,Male
NASAW00021168,1990-11-14,Male
NASAW00021169,1954-12-05,F
NASAW00021170,2006-04-09,Male
NASAW00021171,1952-06-20,Female
NASAW00021172,1965-08-05,Female
NASAW00021173,1971-01-27,Male
NASAW00021174,1961-07-01,Female
NASAW00021175,1945-08-04,Female
NASAW00021176,1947-01-08,Male
NASAW00021177,1993-11-16,Male
NASAW00021178,1984-03-11,Male
NASAW00021179,1988-12-19,Female
NASAW00021180,1963-10-13,Female
NASAW00021181,1950-12-10,Female
NASAW00021182,1976-09-17,Male
NASAW00021183,1946-08-24,Male
NASAW00021184,1947-11-27,Female
NASAW00021185,2006-10-13,Female
NASAW00021186,1956-07-25,Male
NASAW00021187,1963-08-30,Male
NASAW00021188,1963-10-28,Female
NASAW00021189,1957-01-29,Female
NASAW00021190,1948-06-08,Male
NASAW00021191,1945-04-03,Male
NASAW00021192,2005-01-29,Male
NASAW00021193,2002-05-25,Female
NASAW00021194,1974-09-08,Male
NASAW00021195,1984-01-02,Male
NASAW00021196,1995-04-07,male
NASAW00021197,1955-01-14,Female
NASAW00021198,1964-11-02,Female
NASAW00021199,1999-12-05,Female
NASAW00021200,2005-08-27,Male
NASAW00021201,1963-07-07,Female
NASAW00021202,1978-07-16,Female
NASAW00021203,1950-10-08,Female
NASAW00021204,1953-12-08,Female
NASAW00021205,1997-01-22,Male
NASAW00021206,2006-07-11,Female
NASAW00021207,1974-09-21,Male
NASAW00021208,1974-07-15,Male
NASAW00021209,1988-12-10,Male
NASAW00021210,1997-01-16,Male
NASAW00021211,1991-04-09,Female
NASAW00021212,1971-07-14,Female
NASAW00021213,1945-07-18,Male
NASAW00021214,2003-09-10,Female
NASAW00021215,2000-03-14,Female
NASAW00021216,1953-11-09,Male
NASAW00021217,1955-12-18,Male
NASAW00021218,1974-09-25,Male
NASAW00021219,1959-08-05,Male
NASAW00021220,1974-02-07,Male
NASAW00021221,1985-11-30,Female
NASAW00021222,1966-01-31,Female
NASAW00021223,1950-02-20,Female
NASAW00021224,1989-08-01,Male
NASAW00021225,1975-06-29,Male
NASAW00021226,1998-06-15,Male
NASAW00021227,1952-10-19,Female
NASAW00021228,1959-04-13,Female
NASAW00021229,1990-06-12,Male
NASAW00021230,1986-07-16,Male
NASAW00021231,1981-01-20,Male
NASAW00021232,1984-12-08,Male
NASAW00021233,1966-05-08,M
NASAW00021234,1992-11-16,Male
NASAW00021235,1998-03-15,Female
NASAW00021236,1951-01-18,Female
NASAW00021237,1956-10-10,Male
NASAW00021238,1978-01-05,Female
NASAW00021239,1971-06-21,Female
NASAW00021240,1998-06-30,Male
NASAW00021241,1974-03-31,Female
NASAW00021242,1995-07-23,Female
NASAW00021243,1984-12-01,Male
NASAW00021244,1954-08-07,Female
NASAW00021245,1998-02-24,Male
NASAW00021246,1946-08-24,Female
NASAW00021247,1986-12-18,Male
NASAW00021248,1984-09-01,Female
NASAW00021249,2006-04-05,Female
NASAW00021250,1945-01-19,Female
NASAW00021251,1992-08-08,Male
NASAW00021252,1954-10-13,Male
NASAW00021253,1961-04-15,Male
NASAW00021254,1963-01-27,Female
NASAW00021255,1950-06-15,male
NASAW00021256,1962-07-25,Female
NASAW00021257,2006-01-28,Male
NASAW00021258,2005-04-03,Male
NASAW00021259,1945-08-19,Female
NASAW00021260,1970-03-11,Male
NASAW00021261,1955-06-26,Female
NASAW00021262,1996-10-17,Male
NASAW00021263,1986-11-09,Female
NASAW00021264,1980-05-05,Male
NASAW00021265,1963-12-15,Female
NASAW00021266,1993-07-15,Female
NASAW00021267,1958-01-21,Female
NASAW00021268,1990-12-25,Female
NASAW00021269,1966-01-26,Female
NASAW00021270,1980-07-09,Male
NASAW00021271,1996-01-01,Male
NASAW00021272,1987-03-11,Female
NASAW00021273,2000-03-20,Female
NASAW00021274,1969-10-28,Female
NASAW00021275,1972-10-14,Male
NASAW00021276,1985-07-17,Male
NASAW00021277,1983-03-23,Female
NASAW00021278,1970-07-21,Female
NASAW00021279,1985-07-18,Male
NASAW00021280,2006-11-06,Female
NASAW00021281,1967-05-21,Male
NASAW00021282,1999-11-02,Male
NASAW00021283,1986-06-15,Female
NASAW00021284,1977-08-24,Female
NASAW00021285,1985-05-31,Male
NASAW00021286,2005-04-13,Female
NASAW00021287,2004-10-01,Male
NASAW00021288,1978-12-13,Female
NASAW00021289,1964-07-26,Male
NASAW00021290,1988-11-08,Male
NASAW00021291,1950-02-04,Male
NASAW00021292,2006-08-11,Female
NASAW00021293,1979-10-21,Male
NASAW00021294,1973-05-18,Male
NASAW00021295,1989-02-18,Male
NASAW00021296,1979-10-20,Male
NASAW00021297,1962-02-11,Female
NASAW00021298,1970-05-07,Female
NASAW00021299,1981-09-04,Female
NASAW00021300,1956-08-27,Female
NASAW00021301,2006-03-13,Male
NASAW00021302,1965-02-11,Male
NASAW00021303,2006-04-23,Female
NASAW00021304,1962-07-19,Male
NASAW00021305,1973-02-17,Female
NASAW00021306,1955-09-01,Female
NASAW00021307,1958-12-26,Male
NASAW00021308,1961-11-25,Male
NASAW00021309,1967-01-16,Female
NASAW00021310,1951-09-19,Female
NASAW00021311,1947-12-30,Female
NASAW00021312,1973-03-02,Female
NASAW00021313,1948-10-05,Male
NASAW00021314,1948-04-19,Male
NASAW00021315,1987-03-11,Male
NASAW00021316,1982-07-06,Female
NASAW00021317,1977-05-04,Female
NASAW00021318,1980-02-19,Male
NASAW00021319,1954-09-02,Male
NASAW00021320,2004-06-14,Male
NASAW00021321,1987-11-07,Male
NASAW00021322,1982-07-18,Female
NASAW00021323,2029-12-31,Male
NASAW00021324,1960-02-25,Male
NASAW00021325,2003-11-15,Male
NASAW00021326,1977-09-19,Female
NASAW00021327,1982-08-12,Female
NASAW00021328,1967-04-13,Female
NASAW00021329,1978-04-14,Female
NASAW00021330,1997-02-03,Male
NASAW00021331,1981-08-05,Female
NASAW00021332,1983-06-18,F
NASAW00021333,1988-09-19,Female
NASAW00021334,1964-05-31,Male
NASAW00021335,1988-10-17,Male
NASAW00021336,1996-09-22,Male
NASAW00021337,1968-08-01,Female
NASAW00021338,1948-03-04,Female
NASAW00021339,1966-11-28,Female
NASAW00021340,2004-04-10,Male
NASAW00021341,1983-01-18,Male
NASAW00021342,1961-06-26,Male
NASAW00021343,1958-06-06,Female
NASAW00021344,1978-08-08,Male
NASAW00021345,1980-12-03,Male
NASAW00021346,1983-09-23,Female
NASAW00021347,1947-02-18,Male
NASAW00021348,1975-07-29,Male
NASAW00021349,1948-06-21,Male
NASAW00021350,1967-09-08,Male
NASAW00021351,1986-01-04,Female
NASAW00021352,1959-09-05,Female
NASAW00021353,1961-05-11,Male
NASAW00021354,2006-07-14,Male
NASAW00021355,1997-10-08,Male
NASAW00021356,1998-06-30,Female
NASAW00021357,2003-03-17,Male
NASAW00021358,1945-03-22,Male
NASAW00021359,1947-03-27,Male
NASAW00021360,1960-07-20,Male
NASAW00021361,1949-12-29,Male
NASAW00021362,1958-01-14,Female
NASAW00021363,1984-11-16,Male
NASAW00021364,1985-09-25,Female
NASAW00021365,1970-09-01,Female
NASAW00021366,1989-01-18,Female
NASAW00021367,1959-12-10,Male
NASAW00021368,1950-07-30,Male
NASAW00021369,1959-03-31,Male
NASAW00021370,1952-02-07,Male
NASAW00021371,1982-10-22,Male
NASAW00021372,1971-02-13,Female
NASAW00021373,1977-10-22,Female
NASAW00021374,1957-04-28,Female
NASAW00021375,1989-01-21,Female
NASAW00021376,1946-09-30,Female
NASAW00021377,1984-06-21,Female
NASAW00021378,1975-09-28,Female
NASAW00021379,1964-07-07,Female
NASAW00021380,1967-06-26,Female
NASAW00021381,1946-04-07,Female
NASAW00021382,1982-05-17,Female
NASAW00021383,1986-02-07,Male
NASAW00021384,1983-12-08,Female
NASAW00021385,1958-09-28,Male
NASAW00021386,1980-10-14,Male
NASAW00021387,1990-12-29,Male
NASAW00021388,1980-12-24,Male
NASAW00021389,2002-10-08,Female
NASAW00021390,1955-09-22,Male
NASAW00021391,1975-08-25,Female
NASAW00021392,1951-09-09,Female
NASAW00021393,1947-12-27,Female
NASAW00021394,1993-09-10,Male
NASAW00021395,1951-08-31,Female
NASAW00021396,1978-11-30,Female
NASAW00021397,1996-10-14,Male
NASAW00021398,1957-12-13,Male
NASAW00021399,1956-01-21,Female
NASAW00021400,1956-12-24,Female
NASAW00021401,1966-05-17,Female
NASAW00021402,1952-06-19,Male
NASAW00021403,1952-08-08,Male
NASAW00021404,2000-05-03,Female
NASAW00021405,1994-11-24,F
NASAW00021406,1945-04-01,Male
NASAW00021407,1987-04-13,male
NASAW00021408,2006-06-21,Male
NASAW00021409,1977-12-05,Female
NASAW00021410,1986-12-05,Male
NASAW00021411,1987-04-14,Male
NASAW00021412,1970-07-27,Female
NASAW00021413,1994-02-28,Female
NASAW00021414,1998-07-27,Male
NASAW00021415,2003-02-23,Female
NASAW00021416,1952-06-20,Female
NASAW00021417,1951-01-17,Male
NASAW00021418,1949-08-07,Male
NASAW00021419,1954-07-10,Female
NASAW00021420,1947-07-10,Male
NASAW00021421,1978-05-25,Female
NASAW00021422,2004-09-02,Female
NASAW00021423,1959-09-01,Male
NASAW00021424,2006-03-31,Male
NASAW00021425,1952-05-07,female
NASAW00021426,1960-06-11,Female
NASAW00021427,1977-09-13,Female
NASAW00021428,1969-02-19,Female
NASAW00021429,2002-06-02,Female
NASAW00021430,1973-10-29,Female
NASAW00021431,1972-09-28,Male
NASAW00021432,1976-02-03,Female
NASAW00021433,2005-01-06,Male
NASAW00021434,1970-03-28,Female
NASAW00021435,1955-02-20,Male
NASAW00021436,1984-07-19,Female
NASAW00021437,1953-05-03,Male
NASAW00021438,1966-05-21,Male
NASAW00021439,1984-11-05,Female
NASAW00021440,1996-06-12,Female
NASAW00021441,1979-01-12,Female
NASAW00021442,1945-06-07,Female
NASAW00021443,1975-10-26,Male
NASAW00021444,1986-01-27,Male
NASAW00021445,1977-08-01,Female
NASAW00021446,1991-04-25,Female
NASAW00021447,1969-06-25,Male
NASAW00021448,1991-04-02,Female
NASAW00021449,1990-02-26,Female
NASAW00021450,1949-01-18,Female
NASAW00021451,1967-12-03,Male
NASAW00021452,1995-09-07,Female
NASAW00021453,1963-10-05,Female
NASAW00021454,1966-11-05,Female
NASAW00021455,1998-01-14,Male
NASAW00021456,1953-02-14,Male
NASAW00021457,1991-06-25,Male
NASAW00021458,1992-12-05,Female
NASAW00021459,1990-11-27,Female
NASAW00021460,1998-07-06,Male
NASAW00021461,1951-11-08,Female
NASAW00021462,1955-07-27,Male
NASAW00021463,1949-09-11,Female
NASAW00021464,1962-10-25,Male
NASAW00021465,1948-07-30,Male
NASAW00021466,2003-11-29,Female
NASAW00021467,1958-11-23,Female
NASAW00021468,2004-06-15,Male
NASAW00021469,1975-01-19,Female
NASAW00021470,1994-01-16,Female
NASAW00021471,1994-03-03,Male
NASAW00021472,1950-10-06,Female
NASAW00021473,1987-03-18,Female
NASAW00021474,1999-08-16,Female
NASAW00021475,1985-02-02,Male
NASAW00021476,1971-06-10,Male
NASAW00021477,1985-11-18,Female
NASAW00021478,1994-02-18,Female
NASAW00021479,1961-03-04,Female
NASAW00021480,1952-01-18,Female
NASAW00021481,1975-02-21,Female
NASAW00021482,1975-11-16,Male
NASAW00021483,1983-01-09,Female
NASAW00021484,2000-08-05,Female
NASAW00021485,1997-11-26,Female
NASAW00021486,1987-03-23,Female
NASAW00021487,1974-07-21,Female
NASAW00021488,1971-06-17,Male
NASAW00021489,1969-11-28,male
NASAW00021490,1957-03-21,Male
NASAW00021491,1982-04-26,Male
NASAW00021492,1974-06-15,Female
NASAW00021493,1961-04-30,Female
NASAW00021494,2004-07-11,Male
NASAW00021495,1967-07-15,Male
NASAW00021496,1991-04-16,Male
NASAW00021497,1958-09-29,Female
NASAW00021498,1971-06-07,Male
NASAW00021499,1982-11-08,Female
NASAW00021500,1981-07-11,Male
NASAW00021501,1977-04-24,Female
NASAW00021502,1957-03-18,Male
NASAW00021503,1950-07-28,Female
NASAW00021504,1947-07-14,Female
NASAW00021505,2000-01-09,Male
NASAW00021506,1973-05-11,Male
NASAW00021507,1978-12-25,female
NASAW00021508,1956-09-17,Female
NASAW00021509,1966-08-25,Male
NASAW00021510,1984-06-22,Male
NASAW00021511,2003-05-14,Female
NASAW00021512,1951-01-18,Male
NASAW00021513,1970-07-03,Female
NASAW00021514,1982-07-15,Male
NASAW00021515,1954-06-08,Male
NASAW00021516,1963-10-25,Male
NASAW00021517,1989-02-05,Male
NASAW00021518,1995-01-10,Male
NASAW00021519,1980-06-12,Female
NASAW00021520,1971-10-23,Female
NASAW00021521,1991-01-29,Male
NASAW00021522,1976-09-23,Female
NASAW00021523,1952-03-03,Male
NASAW00021524,1959-10-29,Male
NASAW00021525,1975-05-18,Male
NASAW00021526,2004-06-17,Female
NASAW00021527,1983-10-30,Female
NASAW00021528,2000-01-14,Female
NASAW00021529,1960-10-03,Male
NASAW00021530,1992-10-13,Female
NASAW00021531,1948-03-25,Male
NASAW00021532,1966-10-05,Male
NASAW00021533,2005-07-07,Female
NASAW00021534,1953-03-07,Male
NASAW00021535,1963-10-22,Male
NASAW00021536,1963-08-30,Female
NASAW00021537,1991-12-02,Female
NASAW00021538,1956-05-17,Female
NASAW00021539,1993-11-28,Female
NASAW00021540,1993-08-03,Female
NASAW00021541,1961-09-13,Female
NASAW00021542,1978-12-23,Male
NASAW00021543,1958-06-02,F
NASAW00021544,1985-04-08,Female
NASAW00021545,1984-04-06,Male
NASAW00021546,1981-06-27,Male
NASAW00021547,1964-11-27,Female
NASAW00021548,2002-02-11,Female
NASAW00021549,1966-10-11,Female
NASAW00021550,1960-07-25,Male
NASAW00021551,1985-08-20,Male
NASAW00021552,1950-01-07,Male
NASAW00021553,1975-06-22,Female
NASAW00021554,1964-08-03,Male
NASAW00021555,1986-06-23,Male
NASAW00021556,1960-04-09,Female
NASAW00021557,1947-01-13,Male
NASAW00021558,1967-11-03,Male
NASAW00021559,1974-09-14,Female
NASAW00021560,1981-10-31,Male
NASAW00021561,1996-12-06,Female
NASAW00021562,2003-04-01,Male
NASAW00021563,1954-05-01,Male
NASAW00021564,1977-04-09,Female
NASAW00021565,2002-03-16,Female
NASAW00021566,1980-11-11,Female
NASAW00021567,1965-11-21,Female
NASAW00021568,1979-02-07,Female
NASAW00021569,1969-12-28,Female
NASAW00021570,2005-03-18,Male
NASAW00021571,1963-08-05,Male
NASAW00021572,2000-12-12,Male
NASAW00021573,1970-06-06,Female
NASAW00021574,1976-08-08,Female
NASAW00021575,1947-08-09,
NASAW00021576,1982-12-21,Male
NASAW00021577,2005-10-09,Female
NASAW00021578,1997-04-11,Female
NASAW00021579,1959-04-29,Male
NASAW00021580,1988-10-19,Female
NASAW00021581,1963-07-06,Male
NASAW00021582,1949-03-27,Male
NASAW00021583,1996-09-01,Male
NASAW00021584,1966-08-26,Female
NASAW00021585,1953-03-05,Female
NASAW00021586,1957-11-25,Male
NASAW00021587,1976-12-04,Male
NASAW00021588,1973-10-02,Male
NASAW00021589,1948-06-05,Male
NASAW00021590,1955-06-30,Male
NASAW00021591,1963-07-19,Male
NASAW00021592,1974-04-03,Male
NASAW00021593,1956-08-07,Female
NASAW00021594,1989-01-19,Female
NASAW00021595,1951-05-12,Female
NASAW00021596,1977-10-27,Female
NASAW00021597,1986-07-06,Female
NASAW00021598,1976-09-16,Female
NASAW00021599,1995-12-28,Female
NASAW00021600,1978-01-01,M
NASAW00021601,1974-02-01,Male
NASAW00021602,2006-10-03,Male
NASAW00021603,1995-07-11,Male
NASAW00021604,1984-10-02,Female
NASAW00021605,1970-09-06,Male
NASAW00021606,2001-01-02,Male
NASAW00021607,2006-11-16,Female
NASAW00021608,1957-11-13,Male
NASAW00021609,1985-08-27,Male
NASAW00021610,1951-09-01,Female
NASAW00021611,1953-08-21,Male
NASAW00021612,1953-04-21,Female
NASAW00021613,1989-02-02,Female
NASAW00021614,1973-09-05,Male
NASAW00021615,1948-08-15,Male
NASAW00021616,1987-06-28,Female
NASAW00021617,1986-07-24,Male
NASAW00021618,1971-12-07,Male
NASAW00021619,1977-07-06,Male
NASAW00021620,1960-06-17,Male
NASAW00021621,1960-02-14,Female
NASAW00021622,1970-08-20,female
NASAW00021623,1960-07-05,Female
NASAW00021624,1965-12-15,Male
NASAW00021625,1996-08-31,Male
NASAW00021626,1952-12-11,Male
NASAW00021627,1977-06-14,Male
NASAW00021628,1976-09-21,Female
NASAW00021629,1997-04-21,Male
NASAW00021630,1970-04-30,Female
NASAW00021631,1999-07-12,Male
NASAW00021632,1957-03-25,Male
NASAW00021633,1958-10-21,Female
NASAW00021634,1945-09-25,Male
NASAW00021635,1955-03-20,Female
NASAW00021636,1965-12-04,Female
NASAW00021637,1987-06-08,Male
NASAW00021638,1998-11-26,Female
NASAW00021639,1960-10-12,Female
NASAW00021640,1994-01-23,Male
NASAW00021641,1989-04-13,Male
NASAW00021642,1955-05-29,Male
NASAW00021643,1947-04-30,Male
NASAW00021644,1963-04-15,Male
NASAW00021645,1948-07-16,Female
NASAW00021646,1995-04-14,male
NASAW00021647,1992-02-28,Male
NASAW00021648,1994-11-20,Male
NASAW00021649,1996-11-21,Female
NASAW00021650,1972-02-05,Male
NASAW00021651,1961-11-21,Male
NASAW00021652,2005-08-28,Male
NASAW00021653,1991-01-14,Male
NASAW00021654,1962-03-30,Male
NASAW00021655,1953-06-11,Male
NASAW00021656,1965-12-13,Female
NASAW00021657,1988-11-16,Female
NASAW00021658,1951-03-18,Male
NASAW00021659,1946-01-07,Male
NASAW00021660,2006-12-22,Male
NASAW00021661,2000-06-24,Female
NASAW00021662,1971-01-26,
NASAW00021663,1947-09-16,Male
NASAW00021664,1959-04-04,Female
NASAW00021665,1969-06-11,Female
NASAW00021666,1998-02-24,Male
NASAW00021667,1989-03-28,Female
NASAW00021668,1980-01-25,Female
NASAW00021669,1985-09-17,Male
NASAW00021670,1977-02-16,Female
NASAW00021671,1958-08-22,Female
NASAW00021672,1963-10-01,Male
NASAW00021673,1962-07-28,Male
NASAW00021674,1953-04-30,Male
NASAW00021675,1973-04-20,Female
NASAW00021676,1947-10-13,Female
NASAW00021677,1963-06-18,Female
NASAW00021678,1986-06-02,M
NASAW00021679,1998-04-10,Female
NASAW00021680,1998-07-30,Female
NASAW00021681,1980-08-20,Male
NASAW00021682,1957-04-14,Male
NASAW00021683,1964-07-29,Male
NASAW00021684,1947-08-18,Female
NASAW00021685,1991-11-30,Male
NASAW00021686,1997-01-13,Male
NASAW00021687,1969-08-12,Female
NASAW00021688,1962-10-03,Male
NASAW00021689,1971-10-04,Male
NASAW00021690,1981-06-12,Female
NASAW00021691,1971-04-21,Male
NASAW00021692,2000-11-24,Male
NASAW00021693,1966-11-02,Male
NASAW00021694,1996-11-01,Male
NASAW00021695,1992-01-25,Female
NASAW00021696,1993-08-08,Male
NASAW00021697,2006-07-15,Female
NASAW00021698,1969-08-12,Male
NASAW00021699,1963-12-25,Male
NASAW00021700,1996-09-07,Male
NASAW00021701,1964-04-08,Male
NASAW00021702,1966-02-07,Male
NASAW00021703,1994-02-23,Male
NASAW00021704,1980-07-24,Male
NASAW00021705,1958-01-16,Male
NASAW00021706,1947-12-03,Male
NASAW00021707,1981-11-22,Female
NASAW00021708,1991-07-21,Female
NASAW00021709,1969-07-15,Female
NASAW00021710,1968-11-04,Male
NASAW00021711,1989-01-22,Male
NASAW00021712,1948-06-18,Male
NASAW00021713,1986-01-13,Male
NASAW00021714,1996-08-05,Female
NASAW00021715,1948-05-07,Female
NASAW00021716,1991-01-22,Male
NASAW00021717,1954-12-14,Female
NASAW00021718,1967-09-15,Female
NASAW00021719,1984-06-03,Male
NASAW00021720,1972-12-15,Female
NASAW00021721,1951-02-21,Female
NASAW00021722,1955-08-12,Female
NASAW00021723,1947-10-15,Female
NASAW00021724,1951-10-31,Male
NASAW00021725,1980-11-09,Male
NASAW00021726,1974-11-11,Female
NASAW00021727,1979-01-04,Female
NASAW00021728,1960-09-28,Male
NASAW00021729,1979-01-27,Female
NASAW00021730,1965-10-07,Male
NASAW00021731,1968-12-12,Male
NASAW00021732,1971-01-09,Female
NASAW00021733,2001-09-09,Female
NASAW00021734,1975-04-28,Female
NASAW00021735,2005-07-09,Female
NASAW00021736,1947-07-29,Male
NASAW00021737,1952-09-26,Female
NASAW00021738,2002-09-26,Male
NASAW00021739,1989-07-19,Male
NASAW00021740,1991-11-22,Female
NASAW00021741,1968-12-16,Male
NASAW00021742,2003-06-18,Female
NASAW00021743,1963-08-19,Male
NASAW00021744,1993-01-02,Male
NASAW00021745,1997-02-12,Female
NASAW00021746,1946-12-05,Male
NASAW00021747,1968-03-16,female
NASAW00021748,1999-03-29,Female
NASAW00021749,2006-04-10,Female
NASAW00021750,1947-12-23,Male
NASAW00021751,1961-12-15,Female
NASAW00021752,1946-09-24,Female
NASAW00021753,1995-06-02,Female
NASAW00021754,1986-07-29,female
NASAW00021755,1982-09-05,Female
NASAW00021756,1996-03-05,Female
NASAW00021757,1956-02-19,Male
NASAW00021758,1998-04-14,Female
NASAW00021759,1970-07-30,Female
NASAW00021760,1983-05-18,Female
NASAW00021761,1957-05-26,Female
NASAW00021762,1976-09-25,Male
NASAW00021763,1987-08-02,Male
NASAW00021764,1946-01-28,Male
NASAW00021765,2003-03-03,Male
NASAW00021766,1969-04-21,Female
NASAW00021767,1973-08-12,Male
NASAW00021768,1973-01-31,Female
NASAW00021769,1964-02-05,Male
NASAW00021770,1982-11-29,Female
NASAW00021771,1953-03-05,Male
NASAW00021772,1949-10-04,Male
NASAW00021773,1986-09-24,Male
NASAW00021774,1956-04-03,Female
NASAW00021775,2002-01-30,Female
NASAW00021776,1981-05-04,Male
NASAW00021777,1948-09-03,Female
NASAW00021778,1995-03-11,Female
NASAW00021779,1960-08-02,Male
NASAW00021780,1973-02-11,Male
NASAW00021781,1993-08-11,Male
NASAW00021782,1988-05-14,Female
NASAW00021783,1977-03-24,Female
NASAW00021784,1996-06-23,Male
NASAW00021785,2004-03-03,Male
NASAW00021786,1982-03-12,Female
NASAW00021787,1969-07-29,Female
NASAW00021788,1953-08-08,Female
NASAW00021789,1991-06-11,Male
NASAW00021790,1992-01-27,Female
NASAW00021791,1948-05-14,Female
NASAW00021792,1951-07-20,Male
NASAW00021793,1988-10-01,Male
NASAW00021794,1955-05-29,Male
NASAW00021795,1951-10-29,Female
NASAW00021796,1968-02-17,Male
NASAW00021797,1954-04-01,Male
NASAW00021798,1950-06-01,Female
NASAW00021799,1977-08-03,Male
NASAW00021800,1972-02-04,Female
NASAW00021801,1964-02-06,Female
NASAW00021802,1961-07-29,Female
NASAW00021803,1971-03-27,Female
NASAW00021804,1986-02-18,F
NASAW00021805,1995-04-09,Male
NASAW00021806,2001-09-30,Male
NASAW00021807,1960-06-26,Male
NASAW00021808,1959-01-26,Male
NASAW00021809,1994-05-26,Male
NASAW00021810,1981-06-10,Male
NASAW00021811,2000-02-18,Female
NASAW00021812,1981-12-16,Male
NASAW00021813,1993-07-20,Male
NASAW00021814,1994-04-13,Female
NASAW00021815,1986-03-19,Female
NASAW00021816,1981-02-10,Male
NASAW00021817,1954-09-23,Male
NASAW00021818,1946-03-31,Female
NASAW00021819,1945-11-12,Male
NASAW00021820,1985-02-07,Male
NASAW00021821,1988-09-23,Male
NASAW00021822,1992-05-06,Female
NASAW00021823,1983-12-30,Male
NASAW00021824,1959-09-26,
NASAW00021825,1948-02-25,Male
NASAW00021826,1969-06-28,Male
NASAW00021827,2005-04-28,Female
NASAW00021828,1989-02-11,Female
NASAW00021829,1981-09-23,Male
NASAW00021830,2000-03-27,Male
NASAW00021831,1987-08-06,Female
NASAW00021832,1975-07-14,Female
NASAW00021833,1956-12-14,Female
NASAW00021834,1977-05-04,Male
NASAW00021835,1998-08-28,Male
NASAW00021836,1985-01-30,Female
NASAW00021837,1989-09-18,Female
NASAW00021838,1945-04-25,Male
NASAW00021839,1962-05-23,Male
NASAW00021840,1958-05-20,Female
NASAW00021841,1961-02-09,Male
NASAW00021842,1950-03-27,Female
NASAW00021843,2004-07-05,Female
NASAW00021844,1975-12-25,Female
NASAW00021845,1984-10-09,Male
NASAW00021846,1999-11-21,Male
NASAW00021847,1986-05-26,Female
NASAW00021848,1948-07-09,Male
NASAW00021849,1975-01-21,Female
NASAW00021850,1958-02-27,Female
NASAW00021851,1986-09-19,Female
NASAW00021852,1978-01-09,Female
NASAW00021853,1995-01-22,Male
NASAW00021854,1950-07-20,Female
NASAW00021855,1963-11-02,Female
NASAW00021856,1998-11-15,Male
NASAW00021857,1957-03-15,Male
NASAW00021858,1964-06-23,Male
NASAW00021859,1958-05-30,Female
NASAW00021860,1980-11-28,Male
NASAW00021861,1986-10-01,Male
NASAW00021862,1989-08-13,Male
NASAW00021863,1975-03-28,Male
NASAW00021864,1954-02-25,
NASAW00021865,1965-08-01,Male
NASAW00021866,1945-08-15,Female
NASAW00021867,1957-10-16,Female
NASAW00021868,1948-01-21,Female
NASAW00021869,1946-01-01,Male
NASAW00021870,1965-12-04,Male
NASAW00021871,2006-04-04,Male
NASAW00021872,1992-11-07,Female
NASAW00021873,2001-12-08,Male
NASAW00021874,1956-06-22,Female
NASAW00021875,1994-02-11,Male
NASAW00021876,1969-03-03,Female
NASAW00021877,1954-01-24,Female
NASAW00021878,2006-08-23,Female
NASAW00021879,1982-10-08,Female
NASAW00021880,1993-06-24,female
NASAW00021881,2001-04-29,Female
NASAW00021882,1976-12-27,Male
NASAW00021883,1953-08-08,Male
NASAW00021884,1986-08-04,Male
NASAW00021885,1984-01-13,Female
NASAW00021886,1963-07-04,Female
NASAW00021887,1962-10-14,Female
NASAW00021888,1991-11-13,Male
NASAW00021889,1968-08-08,Male
NASAW00021890,1992-03-16,Male
NASAW00021891,2002-01-11,Male
NASAW00021892,1964-10-28,Female
NASAW00021893,2005-09-24,Male
NASAW00021894,2005-10-20,Female
NASAW00021895,1947-01-19,Male
NASAW00021896,1998-04-12,Female
NASAW00021897,1975-12-29,Male
NASAW00021898,2006-02-02,Male
NASAW00021899,1956-06-18,Female
NASAW00021900,1984-02-09,Female
NASAW00021901,2002-03-25,Male
NASAW00021902,1981-03-07,Male
NASAW00021903,1971-09-15,Female
NASAW00021904,1953-05-26,Female
NASAW00021905,1967-02-16,Female
NASAW00021906,2000-03-26,Male
NASAW00021907,1965-09-26,Male
NASAW00021908,1972-11-06,Female
NASAW00021909,1979-03-12,Male
NASAW00021910,1974-03-07,Female
NASAW00021911,1966-09-18,Female
NASAW00021912,1971-06-19,Female
NASAW00021913,1965-06-11,Female
NASAW00021914,2000-03-08,Female
NASAW00021915,1945-08-25,Female
NASAW00021916,1973-09-29,Female
NASAW00021917,1982-03-18,Female
NASAW00021918,1962-10-19,Male
NASAW00021919,1991-01-27,Male
NASAW00021920,1949-10-22,Male
NASAW00021921,1946-05-30,Female
NASAW00021922,1963-04-22,Female
NASAW00021923,1964-11-13,Male
NASAW00021924,1976-06-26,Female
NASAW00021925,1963-05-20,Male
NASAW00021926,1960-04-02,Male
NASAW00021927,1970-07-30,Female
NASAW00021928,1969-01-13,Male
NASAW00021929,1983-03-24,Male
NASAW00021930,1953-08-13,Male
NASAW00021931,1999-02-12,male
NASAW00021932,1991-08-07,Male
NASAW00021933,1984-09-08,Male
NASAW00021934,1982-01-31,Female
NASAW00021935,1995-01-11,Male
NASAW00021936,2004-08-12,Female
NASAW00021937,2000-02-02,Female
NASAW00021938,1953-03-13,Female
NASAW00021939,1950-03-25,Male
NASAW00021940,1998-10-13,Male
NASAW00021941,1982-03-21,Female
NASAW00021942,2002-04-14,Male
NASAW00021943,1946-04-20,Female
NASAW00021944,1967-02-26,Female
NASAW00021945,1984-01-21,Female
NASAW00021946,1967-11-15,Male
NASAW00021947,2006-10-14,Male
NASAW00021948,1993-05-29,Male
NASAW00021949,1974-03-18,Male
NASAW00021950,2004-02-21,Female
NASAW00021951,1975-12-07,Male
NASAW00021952,1994-08-16,Female
NASAW00021953,1985-04-25,Male
NASAW00021954,1984-12-05,Female
NASAW00021955,1976-10-29,Female
NASAW00021956,1990-08-02,Male
NASAW00021957,1990-02-28,Male
NASAW00021958,1974-01-05,Male
NASAW00021959,1949-01-17,Female
NASAW00021960,1970-02-27,Male
NASAW00021961,1968-10-17,Female
NASAW00021962,1965-10-31,Female
NASAW00021963,1998-05-15,Male
NASAW00021964,1961-09-30,Female
NASAW00021965,1979-11-21,Female
NASAW00021966,1990-04-03,Male
NASAW00021967,1991-10-02,Male
NASAW00021968,1974-08-14,Female
NASAW00021969,2000-10-17,Female
NASAW00021970,1945-01-23,Male
NASAW00021971,1964-01-06,Female
NASAW00021972,1984-08-04,Female
NASAW00021973,1997-04-16,Male
NASAW00021974,1983-03-23,Male
NASAW00021975,1955-05-23,Male
NASAW00021976,1966-05-01,Female
NASAW00021977,1973-01-30,Female
NASAW00021978,1990-02-06,Male
NASAW00021979,2002-04-13,Male
NASAW00021980,1948-10-21,Female
NASAW00021981,1956-01-02,Male
NASAW00021982,1964-04-11,Male
NASAW00021983,1993-10-15,Female
NASAW00021984,1945-02-11,Male
NASAW00021985,1991-04-05,Male
NASAW00021986,1947-04-30,Female
NASAW00021987,1988-03-27,Male
NASAW00021988,1954-07-04,Male
NASAW00021989,1951-02-26,Female
NASAW00021990,1976-09-28,Male
NASAW00021991,1993-08-16,Female
NASAW00021992,1995-02-23,Male
NASAW00021993,1998-08-17,Male
NASAW00021994,1962-01-07,Female
NASAW00021995,1948-03-31,Female
NASAW00021996,1955-11-03,Male
NASAW00021997,1996-09-17,Female
NASAW00021998,1952-04-24,Female
NASAW00021999,1951-11-22,Male
NASAW00022000,2002-08-07,Male
NASAW00022001,1998-08-08,Male
NASAW00022002,1995-02-08,Female
NASAW00022003,1946-07-20,Male
NASAW00022004,1998-11-05,Male
NASAW00022005,1998-01-08,Male
NASAW00022006,1951-08-30,Female
NASAW00022007,1996-09-20,Male
NASAW00022008,1948-10-11,Female
NASAW00022009,1948-09-16,Male
NASAW00022010,1987-11-20,Male
NASAW00022011,1987-04-10,Female
NASAW00022012,1979-07-29,Female
NASAW00022013,1967-11-14,Female
NASAW00022014,1980-11-01,Male
NASAW00022015,1982-03-10,Male
NASAW00022016,1947-12-12,Male
NASAW00022017,1979-11-03,Female
NASAW00022018,1951-08-04,Female
NASAW00022019,2005-06-13,Male
NASAW00022020,1955-07-30,Male
NASAW00022021,2002-09-16,Male
NASAW00022022,1955-11-24,Male
NASAW00022023,2004-12-11,Male
NASAW00022024,2005-12-19,Male
NASAW00022025,1962-07-22,Female
NASAW00022026,1977-01-16,Female
NASAW00022027,1997-02-08,Male
NASAW00022028,1950-05-06,Male
NASAW00022029,1964-11-04,Female
NASAW00022030,2004-06-16,Female
NASAW00022031,1994-10-16,Male
NASAW00022032,1946-10-23,Female
NASAW00022033,2001-10-24,Female
NASAW00022034,1994-02-15,Female
NASAW00022035,1977-03-27,Female
NASAW00022036,1952-12-28,Male
NASAW00022037,1964-06-25,Male
NASAW00022038,1991-07-21,Female
NASAW00022039,1954-04-06,Male
NASAW00022040,1967-09-18,Female
NASAW00022041,1948-10-24,Male
NASAW00022042,1999-11-01,Male
NASAW00022043,1968-01-11,
NASAW00022044,1994-07-04,Female
NASAW00022045,1983-02-12,Female
NASAW00022046,1970-03-02,Female
NASAW00022047,1947-09-05,Male
NASAW00022048,1997-12-27,Female
NASAW00022049,1989-12-29,
NASAW00022050,1956-10-25,Female
NASAW00022051,1968-07-13,Female
NASAW00022052,1998-04-21,Female
NASAW00022053,1996-04-09,Female
NASAW00022054,1968-02-20,Female
NASAW00022055,1952-01-06,Male
NASAW00022056,1971-01-19,Female
NASAW00022057,2003-05-13,Female
NASAW00022058,1961-01-27,Male
NASAW00022059,2005-07-06,Female
NASAW00022060,1985-09-29,Female
NASAW00022061,1999-04-06,Female
NASAW00022062,1962-07-08,Female
NASAW00022063,1970-08-19,Female
NASAW00022064,1956-01-29,Female
NASAW00022065,2005-04-25,Female
NASAW00022066,1997-04-03,Male
NASAW00022067,2006-07-31,Female
NASAW00022068,1979-10-26,Female
NASAW00022069,1979-09-19,Female
NASAW00022070,1984-01-23,Female
NASAW00022071,1972-09-03,Male
NASAW00022072,1969-03-25,Female
NASAW00022073,1994-03-14,Female
NASAW00022074,1988-05-05,Male
NASAW00022075,1980-07-06,Male
NASAW00022076,1989-08-24,Female
NASAW00022077,1949-01-08,Female
NASAW00022078,1989-08-11,Male
NASAW00022079,1952-10-13,Male
NASAW00022080,1973-11-30,Male
NASAW00022081,1963-03-22,Female
NASAW00022082,1980-01-06,Male
NASAW00022083,1991-09-29,Female
NASAW00022084,1998-11-06,Male
NASAW00022085,1985-08-10,Female
NASAW00022086,1950-01-28,Male
NASAW00022087,1945-09-28,Male
NASAW00022088,1974-08-25,Male
NASAW00022089,1961-11-27,Female
NASAW00022090,1978-04-30,Male
NASAW00022091,1974-07-21,Male
NASAW00022092,1970-11-08,Male
NASAW00022093,1958-05-29,Male
NASAW00022094,1945-08-06,Male
NASAW00022095,1996-11-30,Female
NASAW00022096,1965-04-18,Female
NASAW00022097,2002-06-24,Female
NASAW00022098,1947-10-12,Female
NASAW00022099,1990-12-08,Male
NASAW00022100,2006-02-02,Female
NASAW00022101,1988-03-20,Male
NASAW00022102,2006-10-30,Male
NASAW00022103,1958-05-01,Male
NASAW00022104,1983-04-26,Male
NASAW00022105,1965-06-18,Female
NASAW00022106,2000-11-12,Male
NASAW00022107,1990-01-22,Male
NASAW00022108,1948-10-29,Female
NASAW00022109,1958-07-06,Male
NASAW00022110,1981-08-22,Female
NASAW00022111,1991-08-05,Female
NASAW00022112,1964-06-22,Female
NASAW00022113,1990-03-18,Female
NASAW00022114,1976-02-12,Female
NASAW00022115,1964-02-17,Female
NASAW00022116,1990-01-23,Male
NASAW00022117,1962-07-14,Female
NASAW00022118,2001-03-16,Female
NASAW00022119,1971-07-04,Male
NASAW00022120,2002-05-13,Female
NASAW00022121,1955-06-23,Female
NASAW00022122,1992-03-23,Male
NASAW00022123,1994-08-30,Male
NASAW00022124,1967-05-22,Female
NASAW00022125,1965-09-02,Male
NASAW00022126,1990-10-29,Male
NASAW00022127,1945-08-22,Female
NASAW00022128,1980-08-04,Female
NASAW00022129,1978-12-28,Male
NASAW00022130,1993-06-23,Female
NASAW00022131,1971-11-06,Female
NASAW00022132,1952-02-03,Male
NASAW00022133,1949-12-28,Female
NASAW00022134,1963-08-17,Male
NASAW00022135,1979-12-29,Male
NASAW00022136,1954-03-21,Male
NASAW00022137,1980-07-16,Male
NASAW00022138,1988-02-18,Male
NASAW00022139,1968-01-19,Female
NASAW00022140,1964-09-22,
NASAW00022141,1955-12-05,F
NASAW00022142,1952-04-28,Female
NASAW00022143,1976-11-22,Female
NASAW00022144,1972-06-11,Female
NASAW00022145,1972-12-24,Male
NASAW00022146,1964-02-28,Female
NASAW00022147,1953-09-04,Female
NASAW00022148,1965-05-07,Male
NASAW00022149,1969-10-26,Female
NASAW00022150,1959-10-09,Female
NASAW00022151,1947-07-23,Male
NASAW00022152,1963-06-26,Female
NASAW00022153,1965-04-20,Female
NASAW00022154,1977-09-07,Female
NASAW00022155,1994-06-26,Male
NASAW00022156,1992-08-11,Male
NASAW00022157,1987-09-20,Male
NASAW00022158,1956-09-27,Male
NASAW00022159,1989-10-12,Male
NASAW00022160,1985-12-10,Male
NASAW00022161,1991-03-15,Female
NASAW00022162,1997-05-03,Male
NASAW00022163,1964-03-27,Male
NASAW00022164,1961-09-15,Female
NASAW00022165,1968-09-09,Female
NASAW00022166,1946-03-28,Male
NASAW00022167,2006-07-11,Female
NASAW00022168,1992-02-19,Female
NASAW00022169,1994-11-05,Female
NASAW00022170,1987-04-24,Female
NASAW00022171,1967-12-15,Male
NASAW00022172,1964-11-04,Female
NASAW00022173,1976-09-10,Male
NASAW00022174,2005-04-22,Female
NASAW00022175,1957-06-29,Male
NASAW00022176,1955-10-12,Male
NASAW00022177,2006-09-04,Male
NASAW00022178,1955-11-07,Male
NASAW00022179,1990-03-02,Male
NASAW00022180,1988-02-18,Female
NASAW00022181,1984-07-04,Female
NASAW00022182,1964-05-02,Male
NASAW00022183,1945-12-30,Female
NASAW00022184,2002-10-06,Female
NASAW00022185,1996-02-18,Male
NASAW00022186,1981-02-03,Female
NASAW00022187,1947-11-30,Female
NASAW00022188,1965-10-12,Male
NASAW00022189,1967-08-23,Female
NASAW00022190,1963-06-12,Female
NASAW00022191,1996-11-18,Male
NASAW00022192,1955-02-03,Female
NASAW00022193,1983-11-06,Male
NASAW00022194,1968-06-14,Male
NASAW00022195,1979-11-19,Female
NASAW00022196,1995-01-01,Female
NASAW00022197,1946-09-14,Male
NASAW00022198,1978-10-04,Male
NASAW00022199,1952-06-18,Female
NASAW00022200,1996-12-24,Female
NASAW00022201,1994-07-26,Female
NASAW00022202,1996-05-19,Male
NASAW00022203,1951-07-29,Female
NASAW00022204,1996-06-24,Male
NASAW00022205,1963-09-18,Female
NASAW00022206,1962-05-10,Female
NASAW00022207,1975-03-09,Male
NASAW00022208,1988-11-10,Female
NASAW00022209,1991-08-16,Female
NASAW00022210,1977-11-05,Female
NASAW00022211,1995-02-25,Male
NASAW00022212,1972-09-08,Female
NASAW00022213,1998-06-09,Female
NASAW00022214,1964-09-28,Male
NASAW00022215,1994-02-20,Female
NASAW00022216,1961-01-27,Female
NASAW00022217,1956-09-08,Male
NASAW00022218,2005-12-20,Female
NASAW00022219,1955-04-26,Male
NASAW00022220,1947-12-23,Male
NASAW00022221,1965-02-03,Female
NASAW00022222,1972-08-17,Male
NASAW00022223,1972-08-13,Male
NASAW00022224,1982-01-10,Female
NASAW00022225,2000-06-27,Male
NASAW00022226,1968-06-19,Male
NASAW00022227,1952-10-22,female
NASAW00022228,1992-01-24,Male
NASAW00022229,1979-06-30,Female
NASAW00022230,1986-04-18,Male
NASAW00022231,1972-12-24,Male
NASAW00022232,1975-09-28,Female
NASAW00022233,1965-02-10,Male
NASAW00022234,1979-03-22,Female
NASAW00022235,1986-06-06,Female
NASAW00022236,1985-07-24,Male
NASAW00022237,1997-05-25,Male
NASAW00022238,1949-01-16,Male
NASAW00022239,1986-02-05,Female
NASAW00022240,1965-01-26,Male
NASAW00022241,1977-08-23,Female
NASAW00022242,1995-12-04,Male
NASAW00022243,1968-12-13,Female
NASAW00022244,1954-04-17,Female
NASAW00022245,1977-06-21,Female
NASAW00022246,2000-06-13,Female
NASAW00022247,1986-11-21,Male
NASAW00022248,2006-02-14,Male
NASAW00022249,1986-11-09,Male
NASAW00022250,2001-02-07,Female
NASAW00022251,1945-05-31,Female
NASAW00022252,1990-07-29,Female
NASAW00022253,1950-08-22,
NASAW00022254,1991-12-28,Female
NASAW00022255,1962-12-26,Female
NASAW00022256,1987-12-17,Female
NASAW00022257,1964-01-26,Male
NASAW00022258,1981-11-06,Female
NASAW00022259,1949-08-01,Male
NASAW00022260,1958-06-29,Female
NASAW00022261,2004-01-08,Female
NASAW00022262,1998-05-04,Female
NASAW00022263,1975-01-14,Female
NASAW00022264,1979-07-18,Female
NASAW00022265,1984-09-16,Female
NASAW00022266,1976-09-21,Male
NASAW00022267,1969-09-05,Female
NASAW00022268,1973-09-07,Male
NASAW00022269,1967-09-19,M
NASAW00022270,1966-08-27,Male
NASAW00022271,1998-11-16,Female
NASAW00022272,2005-12-08,Female
NASAW00022273,1973-03-31,Female
NASAW00022274,1974-11-09,Male
NASAW00022275,1984-07-23,Female
NASAW00022276,1970-02-02,Male
NASAW00022277,1988-03-31,Female
NASAW00022278,1965-08-06,Male
NASAW00022279,1992-11-17,Female
NASAW00022280,1997-01-24,Male
NASAW00022281,1967-03-22,Female
NASAW00022282,1972-03-06,Male
NASAW00022283,1969-10-28,Male
NASAW00022284,1987-08-04,Male
NASAW00022285,1949-12-20,Female
NASAW00022286,1952-11-02,Female
NASAW00022287,1964-08-06,Female
NASAW00022288,1947-08-19,Male
NASAW00022289,1957-08-31,Male
NASAW00022290,1992-10-25,Female
NASAW00022291,1963-06-25,Female
NASAW00022292,1980-05-26,Female
NASAW00022293,1968-11-27,Female
NASAW00022294,1983-09-30,Male
NASAW00022295,1964-08-05,Male
NASAW00022296,1988-07-29,Female
NASAW00022297,1968-09-22,Male
NASAW00022298,1949-10-26,Female
NASAW00022299,1951-04-07,Male
NASAW00022300,1946-11-24,Female
NASAW00022301,1984-02-19,Male
NASAW00022302,2006-03-11,Female
NASAW00022303,1955-04-26,Female
NASAW00022304,1998-02-07,Female
NASAW00022305,1995-10-05,Male
NASAW00022306,1991-07-04,Male
NASAW00022307,1946-12-13,Female
NASAW00022308,1967-07-29,Female
NASAW00022309,1985-02-13,Female
NASAW00022310,1969-03-09,Female
NASAW00022311,1992-05-18,Female
NASAW00022312,1947-01-22,Female
NASAW00022313,2004-12-28,Male
NASAW00022314,1981-10-10,
NASAW00022315,1986-12-05,F
NASAW00022316,1992-05-10,Female
NASAW00022317,1987-03-17,Male
NASAW00022318,2002-02-08,Male
NASAW00022319,1959-05-08,Male
NASAW00022320,1980-10-22,Male
NASAW00022321,1996-02-20,Male
NASAW00022322,1989-02-20,Female
NASAW00022323,,Female
NASAW00022324,2005-04-21,Male
NASAW00022325,1967-04-17,Female
NASAW00022326,1945-10-22,Male
NASAW00022327,1988-11-23,Male
NASAW00022328,2001-05-04,Female
NASAW00022329,2002-07-11,Male
NASAW00022330,1983-05-04,Female
NASAW00022331,1948-03-19,Male
NASAW00022332,1993-04-03,Female
NASAW00022333,1984-08-06,Female
NASAW00022334,1990-12-17,Male
NASAW00022335,1965-06-16,Female
NASAW00022336,1986-06-28,Female
NASAW00022337,2004-03-16,Male
NASAW00022338,1971-02-11,Male
NASAW00022339,1987-12-29,Male
NASAW00022340,2000-02-12,Male
NASAW00022341,1985-07-10,Male
NASAW00022342,2004-07-02,Female
NASAW00022343,1967-01-17,Male
NASAW00022344,1983-05-27,Female
NASAW00022345,2000-12-30,Female
NASAW00022346,1968-06-04,Male
NASAW00022347,1994-06-02,Female
NASAW00022348,1997-09-20,Male
NASAW00022349,1961-09-15,Male
NASAW00022350,1986-05-17,Female
NASAW00022351,1984-02-03,female
NASAW00022352,1975-09-16,Male
NASAW00022353,1956-02-22,Male
NASAW00022354,1963-07-19,Male
NASAW00022355,1956-09-10,Female
NASAW00022356,1979-03-11,Male
NASAW00022357,1998-11-12,Male
NASAW00022358,1967-01-23,Female
NASAW00022359,1976-08-20,Male
NASAW00022360,1966-12-19,male
NASAW00022361,2002-08-28,Female
NASAW00022362,1969-09-09,Male
NASAW00022363,1961-02-24,Male
NASAW00022364,1959-08-28,Female
NASAW00022365,2001-05-03,Male
NASAW00022366,1953-05-20,Female
NASAW00022367,1945-05-24,Female
NASAW00022368,1962-12-27,Male
NASAW00022369,1948-07-01,Female
NASAW00022370,1991-05-26,Male
NASAW00022371,1972-01-01,Male
NASAW00022372,1947-12-03,Male
NASAW00022373,1976-02-05,Female
NASAW00022374,1985-03-21,Female
NASAW00022375,1984-10-14,Female
NASAW00022376,1998-10-30,Male
NASAW00022377,1997-08-27,Male
NASAW00022378,1969-04-21,Female
NASAW00022379,2002-03-31,Male
NASAW00022380,1992-03-19,Female
NASAW00022381,1952-08-05,Female
NASAW00022382,1958-01-15,Male
NASAW00022383,1991-03-23,Female
NASAW00022384,1969-08-17,Female
NASAW00022385,1953-11-01,Male
NASAW00022386,1977-07-05,Female
NASAW00022387,2006-07-04,Male
NASAW00022388,1975-03-12,Male
NASAW00022389,1966-11-11,Male
NASAW00022390,1996-08-08,Female
NASAW00022391,1972-03-19,Female
NASAW00022392,1979-10-13,Female
NASAW00022393,1946-05-04,Female
NASAW00022394,1990-12-24,Male
NASAW00022395,1974-03-10,Male
NASAW00022396,2003-09-17,Female
NASAW00022397,1971-01-23,Female
NASAW00022398,1947-05-27,Female
NASAW00022399,1998-06-10,Female
NASAW00022400,1976-08-10,Male
NASAW00022401,1978-01-15,Male
NASAW00022402,1950-07-25,Male
NASAW00022403,2004-07-29,Female
NASAW00022404,1974-08-01,Female
NASAW00022405,2001-04-21,Female
NASAW00022406,1969-05-11,Male
NASAW00022407,1978-03-11,Male
NASAW00022408,1956-04-28,Female
NASAW00022409,1958-04-25,Male
NASAW00022410,1988-04-16,Male
NASAW00022411,1946-07-12,Female
NASAW00022412,1974-09-10,Female
NASAW00022413,1994-02-10,Female
NASAW00022414,1986-06-08,Male
NASAW00022415,1984-02-25,Male
NASAW00022416,2005-10-21,Female
NASAW00022417,2004-02-14,Male
NASAW00022418,1958-10-27,Male
NASAW00022419,1975-10-27,Male
NASAW00022420,1985-05-29,Female
NASAW00022421,2000-12-27,Male
NASAW00022422,1978-09-12,Male
NASAW00022423,1958-09-24,Female
NASAW00022424,1980-08-23,Male
NASAW00022425,1970-05-24,Male
NASAW00022426,2001-04-22,Male
NASAW00022427,1989-07-16,Male
NASAW00022428,1950-01-06,Female
NASAW00022429,1975-03-07,Female
NASAW00022430,1976-09-08,Female
NASAW00022431,1977-08-13,Male
NASAW00022432,1956-01-15,Male
NASAW00022433,1963-04-06,Female
NASAW00022434,1982-03-14,Male
NASAW00022435,1995-04-15,Female
NASAW00022436,1945-09-12,Male
NASAW00022437,1947-09-10,Male
NASAW00022438,1971-05-09,Female
NASAW00022439,1952-12-19,Female
NASAW00022440,2006-01-19,Female
NASAW00022441,1959-03-28,Female
NASAW00022442,1997-04-24,Female
NASAW00022443,1994-11-18,Male
NASAW00022444,2000-04-09,Male
NASAW00022445,1951-02-25,Female
NASAW00022446,1948-03-27,Female
NASAW00022447,2002-12-23,Male
NASAW00022448,1947-12-31,Male
NASAW00022449,1998-07-31,Male
NASAW00022450,1978-02-22,Male
NASAW00022451,1948-12-03,Female
NASAW00022452,1949-05-08,female
NASAW00022453,1962-01-13,Male
NASAW00022454,1964-06-25,Female
NASAW00022455,1966-10-20,Male
NASAW00022456,1961-08-05,Male
NASAW00022457,1993-09-30,Female
NASAW00022458,1991-07-17,Male
NASAW00022459,1995-03-16,Male
NASAW00022460,1992-05-22,Female
NASAW00022461,1991-08-18,Female
NASAW00022462,1985-08-16,Male
NASAW00022463,1969-06-28,Male
NASAW00022464,1945-09-16,Female
NASAW00022465,1990-12-24,Male
NASAW00022466,1971-05-17,Female
NASAW00022467,1984-01-09,Female
NASAW00022468,1958-05-12,Female
NASAW00022469,1972-07-16,Male
NASAW00022470,1968-02-12,Male
NASAW00022471,2006-05-21,Female
NASAW00022472,1998-10-06,Female
NASAW00022473,1966-07-01,Female
NASAW00022474,1991-07-02,Female
NASAW00022475,1984-10-19,Female
NASAW00022476,1969-06-17,Male
NASAW00022477,1972-11-29,Female
NASAW00022478,2004-07-19,Female
NASAW00022479,1979-06-15,Male
NASAW00022480,1996-01-20,Female
NASAW00022481,1967-05-15,Female
NASAW00022482,1974-08-19,Female
NASAW00022483,1972-11-24,Male
NASAW00022484,2000-03-06,Male
NASAW00022485,2001-03-20,Male
NASAW00022486,1994-11-03,Female
NASAW00022487,1969-01-25,Female
NASAW00022488,1980-01-13,Male
NASAW00022489,1955-12-04,Male
NASAW00022490,1957-06-25,Male
NASAW00022491,1966-10-20,Male
NASAW00022492,1968-11-21,Female
NASAW00022493,1957-04-29,Male
NASAW00022494,1965-04-29,Male
NASAW00022495,1988-08-07,Female
NASAW00022496,1949-10-11,Male
NASAW00022497,1963-04-13,Female
NASAW00022498,1971-12-27,Female
NASAW00022499,1989-06-24,Male
NASAW00022500,1968-10-26,Female
NASAW00022501,1997-05-28,Female
NASAW00022502,2005-08-17,Female
NASAW00022503,2003-06-21,Female
NASAW00022504,1986-04-21,Male
NASAW00022505,1949-11-09,Female
NASAW00022506,1951-01-08,Male
NASAW00022507,1980-06-28,Female
NASAW00022508,2003-06-19,Female
NASAW00022509,1998-12-24,Female
NASAW00022510,1965-02-11,Male
NASAW00022511,1977-12-25,Female
NASAW00022512,1983-12-22,Female
NASAW00022513,1967-09-19,Male
NASAW00022514,1971-03-08,Female
NASAW00022515,1984-10-01,Male
NASAW00022516,1978-01-28,Male
NASAW00022517,1974-03-25,Male
NASAW00022518,1996-04-14,Female
NASAW00022519,2005-03-03,Male
NASAW00022520,1975-07-14,Male
NASAW00022521,1966-02-14,Female
NASAW00022522,1949-06-16,Female
NASAW00022523,1961-10-29,Male
NASAW00022524,1995-06-25,Female
NASAW00022525,1982-12-24,Male
NASAW00022526,1961-09-14,Male
NASAW00022527,1970-01-17,Male
NASAW00022528,1994-02-28,Female
NASAW00022529,1948-08-21,Male
NASAW00022530,1989-01-21,Female
NASAW00022531,1958-07-23,Male
NASAW00022532,1992-06-08,Female
NASAW00022533,2003-09-14,Female
NASAW00022534,1997-01-25,Female
NASAW00022535,1977-06-19,Male
NASAW00022536,1974-12-11,Female
NASAW00022537,1946-09-13,Female
NASAW00022538,2000-04-20,Male
NASAW00022539,1955-02-22,Male
NASAW00022540,1973-05-26,Male
NASAW00022541,1949-01-06,Male
NASAW00022542,2001-04-19,Female
NASAW00022543,1956-01-30,Female
NASAW00022544,1951-11-22,
NASAW00022545,1958-09-28,Male
NASAW00022546,1954-10-04,Female
NASAW00022547,1970-10-17,Male
NASAW00022548,1986-04-06,Female
NASAW00022549,1966-06-18,Male
NASAW00022550,1948-12-03,Male
NASAW00022551,1999-09-10,Female
NASAW00022552,1967-05-02,Male
NASAW00022553,1982-02-14,Female
NASAW00022554,1980-09-20,Male
NASAW00022555,1964-11-20,Male
NASAW00022556,1982-02-16,Female
NASAW00022557,1990-10-09,
NASAW00022558,1958-01-22,Female
NASAW00022559,1974-10-07,Female
NASAW00022560,1985-12-28,Male
NASAW00022561,2005-07-05,Female
NASAW00022562,1950-02-26,Female
NASAW00022563,1955-02-12,M
NASAW00022564,2006-06-22,Female
NASAW00022565,1948-09-27,Male
NASAW00022566,1973-08-21,Male
NASAW00022567,1951-05-16,Male
NASAW00022568,1991-11-18,Female
NASAW00022569,1985-09-12,Male
NASAW00022570,1961-03-03,Female
NASAW00022571,1961-11-01,Male
NASAW00022572,1965-10-03,
NASAW00022573,1978-04-01,Female
NASAW00022574,1997-04-13,Male
NASAW00022575,1982-07-22,Male
NASAW00022576,1984-09-08,Male
NASAW00022577,1958-01-13,Male
NASAW00022578,1947-11-17,Male
NASAW00022579,1980-07-10,Female
NASAW00022580,1992-05-26,Female
NASAW00022581,1954-11-26,Male
NASAW00022582,1948-02-06,Male
NASAW00022583,1973-12-23,Male
NASAW00022584,1973-05-10,Male
NASAW00022585,1962-01-29,Female
NASAW00022586,1967-03-27,Female
NASAW00022587,1963-03-22,Male
NASAW00022588,1973-04-29,Female
NASAW00022589,1972-02-26,Male
NASAW00022590,1945-04-05,Female
NASAW00022591,1955-09-22,Female
NASAW00022592,1965-12-06,Female
NASAW00022593,1947-12-18,Male
NASAW00022594,1953-08-09,Male
NASAW00022595,1969-03-08,Male
NASAW00022596,1961-07-03,Male
NASAW00022597,1994-07-04,Male
NASAW00022598,1964-01-14,Female
NASAW00022599,1953-04-21,Female
NASAW00022600,1979-02-26,Female
NASAW00022601,1978-12-19,Female
NASAW00022602,1948-04-21,Male
NASAW00022603,1989-04-13,Male
NASAW00022604,2006-11-07,Male
NASAW00022605,1947-09-28,Male
NASAW00022606,1950-02-18,Female
NASAW00022607,1997-11-26,Female
NASAW00022608,1999-06-03,Male
NASAW00022609,1967-03-12,Male
NASAW00022610,1988-10-16,Female
NASAW00022611,1970-10-18,Male
NASAW00022612,1991-07-29,Female
NASAW00022613,1971-11-30,Female
NASAW00022614,2001-06-22,Female
NASAW00022615,1958-05-23,Female
NASAW00022616,1996-03-22,Female
NASAW00022617,1986-11-27,F
NASAW00022618,1979-04-16,Male
NASAW00022619,1996-09-22,Male
NASAW00022620,1946-02-09,Female
NASAW00022621,1983-03-01,Male
NASAW00022622,1985-05-22,Male
NASAW00022623,1981-11-04,Female
NASAW00022624,2001-08-30,Male
NASAW00022625,1955-11-19,Male
NASAW00022626,1955-07-19,male
NASAW00022627,1964-10-06,Male
NASAW00022628,1997-09-20,Female
NASAW00022629,1996-04-18,male
NASAW00022630,1951-01-13,Male
NASAW00022631,1949-05-25,Male
NASAW00022632,1989-10-27,Male
NASAW00022633,1992-04-25,
NASAW00022634,2004-12-16,Female
NASAW00022635,1986-09-18,Female
NASAW00022636,1949-06-19,Female
NASAW00022637,1957-01-13,Male
NASAW00022638,1954-01-09,Female
NASAW00022639,1983-04-17,Female
NASAW00022640,1972-06-12,Female
NASAW00022641,1985-05-03,Female
NASAW00022642,1998-05-07,Male
NASAW00022643,1998-03-10,Male
NASAW00022644,1948-04-24,Male
NASAW00022645,1963-05-13,Male
NASAW00022646,1996-01-16,Female
NASAW00022647,1970-04-30,Male
NASAW00022648,1976-07-21,Female
NASAW00022649,1977-01-08,Female
NASAW00022650,1968-11-01,Female
NASAW00022651,2002-04-29,Female
NASAW00022652,1993-07-26,Male
NASAW00022653,1955-02-20,Female
NASAW00022654,1968-07-08,Female
NASAW00022655,1989-10-12,Male
NASAW00022656,1978-07-16,Female
NASAW00022657,2003-09-24,Male
NASAW00022658,1993-03-07,Female
NASAW00022659,1999-03-24,Female
NASAW00022660,1956-02-22,Male
NASAW00022661,1948-03-28,Male
NASAW00022662,1950-07-11,Female
NASAW00022663,1983-03-15,Male
NASAW00022664,1958-05-05,Female
NASAW00022665,1955-01-16,Female
NASAW00022666,1997-07-05,Male
NASAW00022667,1978-02-26,Male
NASAW00022668,1964-02-06,Male
NASAW00022669,1994-10-20,Male
NASAW00022670,1948-07-21,Female
NASAW00022671,1992-08-01,Female
NASAW00022672,1978-07-19,Female
NASAW00022673,1974-09-28,Male
NASAW00022674,1949-10-12,Female
NASAW00022675,1994-03-30,Female
NASAW00022676,1988-01-26,Male
NASAW00022677,1961-09-18,Female
NASAW00022678,1998-01-05,Male
NASAW00022679,1971-01-20,Male
NASAW00022680,1985-07-23,Male
NASAW00022681,1956-06-11,Male
NASAW00022682,1952-06-03,Female
NASAW00022683,1990-10-26,Male
NASAW00022684,1966-12-02,Female
NASAW00022685,2006-07-07,Female
NASAW00022686,1978-07-06,Male
NASAW00022687,1973-05-17,Female
NASAW00022688,2004-03-24,Female
NASAW00022689,1995-06-21,Female
NASAW00022690,1963-04-16,Male
NASAW00022691,2005-01-18,Female
NASAW00022692,2002-06-26,Female
NASAW00022693,1967-03-21,Male
NASAW00022694,1951-03-02,Female
NASAW00022695,1976-07-22,male
NASAW00022696,1957-08-17,Female
NASAW00022697,1959-03-03,Female
NASAW00022698,1991-04-04,
NASAW00022699,1961-11-16,Female
NASAW00022700,1985-06-08,Female
NASAW00022701,1961-09-23,Female
NASAW00022702,1962-09-06,Male
NASAW00022703,1981-07-05,Female
NASAW00022704,1945-06-06,Female
NASAW00022705,1974-02-11,male
NASAW00022706,1969-06-05,Female
NASAW00022707,1968-11-13,Male
NASAW00022708,1951-01-20,Female
NASAW00022709,1988-09-02,Female
NASAW00022710,1968-05-14,Female
NASAW00022711,1969-12-23,Male
NASAW00022712,1955-04-18,Male
NASAW00022713,1954-08-01,Male
NASAW00022714,1990-04-20,Female
NASAW00022715,1999-11-04,Male
NASAW00022716,1964-03-18,Male
NASAW00022717,1978-03-03,Female
NASAW00022718,1963-11-08,Male
NASAW00022719,1954-01-15,Female
NASAW00022720,1948-05-16,Female
NASAW00022721,1986-02-04,Male
NASAW00022722,2002-09-09,Female
NASAW00022723,1970-09-08,Male
NASAW00022724,1979-06-26,Female
NASAW00022725,1974-01-04,Male
NASAW00022726,1945-04-17,Male
NASAW00022727,1965-09-06,Female
NASAW00022728,1979-12-08,Male
NASAW00022729,1957-12-05,Female
NASAW00022730,1945-05-10,Male
NASAW00022731,1984-11-27,Female
NASAW00022732,1965-07-21,Female
NASAW00022733,1950-07-27,Female
NASAW00022734,1968-04-03,Male
NASAW00022735,2004-05-23,Male
NASAW00022736,1967-06-01,Male
NASAW00022737,1949-08-14,Female
NASAW00022738,1954-09-21,Female
NASAW00022739,1956-12-22,Male
NASAW00022740,1960-11-28,Female
NASAW00022741,1959-11-05,Male
NASAW00022742,1988-09-29,Male
NASAW00022743,1979-05-12,Female
NASAW00022744,1984-02-16,Male
NASAW00022745,1992-06-10,Female
NASAW00022746,1969-03-17,Male
NASAW00022747,2005-06-24,Female
NASAW00022748,1977-04-08,Male
NASAW00022749,1957-08-09,Male
NASAW00022750,1974-06-30,Female
NASAW00022751,1994-07-08,Male
NASAW00022752,2004-11-02,Female
NASAW00022753,1994-03-28,Male
NASAW00022754,1974-07-15,Female
NASAW00022755,1998-03-03,Male
NASAW00022756,1997-06-22,Male
NASAW00022757,2003-05-09,Female
NASAW00022758,1990-03-13,Male
NASAW00022759,1970-07-03,Male
NASAW00022760,1964-05-31,Female
NASAW00022761,1980-08-06,Male
NASAW00022762,1997-01-29,Male
NASAW00022763,1981-12-24,Male
NASAW00022764,1955-10-31,Male
NASAW00022765,1954-09-12,Male
NASAW00022766,1958-08-26,Female
NASAW00022767,1972-07-25,Female
NASAW00022768,1981-03-06,Female
NASAW00022769,1993-10-13,Male
NASAW00022770,1986-07-28,Male
NASAW00022771,1967-03-10,Female
NASAW00022772,2004-12-06,Male
NASAW00022773,1982-05-09,Female
NASAW00022774,2002-05-09,Female
NASAW00022775,1962-03-04,Male
NASAW00022776,1995-03-21,Male
NASAW00022777,1953-10-29,Female
NASAW00022778,1957-04-30,Female
NASAW00022779,1981-02-14,Male
NASAW00022780,1966-02-27,Female
NASAW00022781,1946-02-10,Male
NASAW00022782,1967-08-04,Female
NASAW00022783,1987-10-05,Male
NASAW00022784,1959-03-09,Female
NASAW00022785,1973-02-03,Female
NASAW00022786,1959-04-05,Female
NASAW00022787,1984-07-26,Female
NASAW00022788,1987-07-14,Female
NASAW00022789,1957-01-29,Male
NASAW00022790,2003-06-24,Female
NASAW00022791,2002-05-26,Female
NASAW00022792,1980-06-13,Female
NASAW00022793,1949-08-25,Female
NASAW00022794,1988-09-03,Male
NASAW00022795,1948-07-25,Female
NASAW00022796,1961-01-05,Male
NASAW00022797,1946-11-02,Male
NASAW00022798,1948-03-18,Female
NASAW00022799,1951-07-22,female
NASAW00022800,1998-09-06,Female
NASAW00022801,1957-12-23,Female
NASAW00022802,1957-05-05,Male
NASAW00022803,1983-10-13,Male
NASAW00022804,1984-03-12,Male
NASAW00022805,1998-04-01,Female
NASAW00022806,1965-12-27,Female
NASAW00022807,1961-08-16,Male
NASAW00022808,1994-06-19,Male
NASAW00022809,1979-03-19,Male
NASAW00022810,1986-03-21,Female
NASAW00022811,1991-04-17,female
NASAW00022812,1948-07-25,Male
NASAW00022813,1976-08-09,Female
NASAW00022814,2003-05-10,Female
NASAW00022815,1996-12-05,Male
NASAW00022816,1983-04-03,Male
NASAW00022817,2005-07-05,Male
NASAW00022818,1973-08-06,Female
NASAW00022819,1950-02-12,Female
NASAW00022820,2003-10-21,F
NASAW00022821,1978-08-22,male
NASAW00022822,1994-06-27,Female
NASAW00022823,1995-10-23,Female
NASAW00022824,1962-10-01,Female
NASAW00022825,1978-11-26,Female
NASAW00022826,1956-03-28,Male
NASAW00022827,1994-01-22,Female
NASAW00022828,1996-12-05,Female
NASAW00022829,1994-07-25,Female
NASAW00022830,1969-12-07,Male
NASAW00022831,1978-04-07,Female
NASAW00022832,1954-01-17,Male
NASAW00022833,1948-02-07,Male
NASAW00022834,1976-06-29,Female
NASAW00022835,1963-09-05,Female
NASAW00022836,1954-11-05,Male
NASAW00022837,1947-04-30,Female
NASAW00022838,1972-09-08,Male
NASAW00022839,1983-06-24,Female
NASAW00022840,1999-04-25,
NASAW00022841,1975-01-27,Female
NASAW00022842,1950-10-28,Female
NASAW00022843,1957-10-09,Female
NASAW00022844,1957-01-19,Female
NASAW00022845,1990-01-25,Female
NASAW00022846,1948-07-19,Male
NASAW00022847,2005-11-12,Male
NASAW00022848,1957-07-22,Female
NASAW00022849,1950-08-31,Male
NASAW00022850,1976-09-12,Female
NASAW00022851,2005-07-15,Female
NASAW00022852,1957-06-22,Male
NASAW00022853,1951-05-03,Female
NASAW00022854,1973-06-16,Female
NASAW00022855,1966-11-27,Female
NASAW00022856,1964-07-05,Female
NASAW00022857,1999-05-26,Male
NASAW00022858,1966-05-29,Male
NASAW00022859,1946-06-14,Female
NASAW00022860,1959-07-14,Male
NASAW00022861,1983-10-04,Female
NASAW00022862,1997-03-02,Male
NASAW00022863,1947-05-27,Male
NASAW00022864,1990-09-15,Male
NASAW00022865,1982-06-16,Female
NASAW00022866,1953-04-25,Male
NASAW00022867,1956-07-28,Male
NASAW00022868,1972-04-28,Female
NASAW00022869,1947-02-17,Female
NASAW00022870,1949-02-01,Female
NASAW00022871,1982-12-02,Female
NASAW00022872,1992-10-24,Male
NASAW00022873,1961-06-26,Female
NASAW00022874,1995-12-13,Female
NASAW00022875,1945-12-19,Male
NASAW00022876,1946-11-07,Female
NASAW00022877,2004-08-06,Male
NASAW00022878,1963-05-22,Male
NASAW00022879,1954-05-17,Female
NASAW00022880,1950-12-14,Male
NASAW00022881,1971-05-26,Male
NASAW00022882,1950-11-21,M
NASAW00022883,1954-12-01,Male
NASAW00022884,1975-03-02,Female
NASAW00022885,1996-03-31,Male
NASAW00022886,1987-05-19,Male
NASAW00022887,2006-06-04,Male
NASAW00022888,1998-07-17,Female
NASAW00022889,1986-08-26,Male
NASAW00022890,1988-11-18,Male
NASAW00022891,1991-11-24,Female
NASAW00022892,1994-09-05,Female
NASAW00022893,1989-01-22,Female
NASAW00022894,1978-04-17,Male
NASAW00022895,1989-11-13,Male
NASAW00022896,1956-07-22,Male
NASAW00022897,1992-10-27,Male
NASAW00022898,2000-02-25,Male
NASAW00022899,1948-09-29,Female
NASAW00022900,1965-03-04,M
NASAW00022901,1955-06-28,Female
NASAW00022902,1975-08-24,Female
NASAW00022903,1990-09-27,Male
NASAW00022904,2002-11-19,Female
NASAW00022905,1965-01-14,Male
NASAW00022906,1989-09-26,Female
NASAW00022907,1972-12-18,Male
NASAW00022908,1967-04-01,Male
NASAW00022909,1976-03-16,Female
NASAW00022910,1990-10-03,Male
NASAW00022911,1996-01-10,Female
NASAW00022912,1966-05-23,Male
NASAW00022913,1947-12-17,Female
NASAW00022914,1972-06-04,Male
NASAW00022915,1997-05-09,Male
NASAW00022916,2005-06-29,Female
NASAW00022917,1947-10-16,Male
NASAW00022918,1991-05-06,Female
NASAW00022919,1985-12-02,Male
NASAW00022920,1987-01-04,Male
NASAW00022921,1976-11-10,Female
NASAW00022922,1961-09-05,Female
NASAW00022923,1977-03-19,Female
NASAW00022924,1975-03-13,Female
NASAW00022925,1968-12-14,Male
NASAW00022926,1985-05-22,Female
NASAW00022927,1985-11-30,Male
NASAW00022928,2002-10-22,Male
NASAW00022929,1954-07-01,Male
NASAW00022930,1948-06-22,Male
NASAW00022931,,Female
NASAW00022932,1946-12-11,Female
NASAW00022933,1989-05-13,Male
NASAW00022934,1956-03-13,Female
NASAW00022935,1981-02-11,Female
NASAW00022936,1977-12-06,Male
NASAW00022937,1970-01-28,Male
NASAW00022938,1972-11-13,Female
NASAW00022939,1988-05-17,Female
NASAW00022940,1968-01-26,Male
NASAW00022941,1983-11-19,Female
NASAW00022942,1971-12-21,Female
NASAW00022943,1950-04-27,Female
NASAW00022944,1987-03-03,Male
NASAW00022945,1955-07-17,Female
NASAW00022946,1946-03-28,Male
NASAW00022947,1974-04-11,Male
NASAW00022948,1970-08-05,Male
NASAW00022949,1947-08-14,Male
NASAW00022950,1972-08-18,Female
NASAW00022951,1992-07-23,Female
NASAW00022952,2003-12-20,Male
NASAW00022953,1964-03-07,Male
NASAW00022954,1968-05-25,Male
NASAW00022955,1991-01-23,Female
NASAW00022956,1984-09-06,Male
NASAW00022957,1968-06-05,Male
NASAW00022958,1970-06-12,Female
NASAW00022959,1992-04-25,Male
NASAW00022960,1950-04-24,Female
NASAW00022961,1970-11-16,Male
NASAW00022962,1952-07-06,Female
NASAW00022963,2006-11-05,Female
NASAW00022964,1953-09-11,Male
NASAW00022965,1959-11-25,Male
NASAW00022966,1987-08-01,Male
NASAW00022967,1969-05-02,Female
NASAW00022968,1969-04-18,Male
NASAW00022969,1976-10-08,Female
NASAW00022970,1971-07-23,
NASAW00022971,2006-10-19,Female
NASAW00022972,1957-05-22,Male
NASAW00022973,1963-06-09,Female
NASAW00022974,1968-02-18,Male
NASAW00022975,1955-03-10,Male
NASAW00022976,2002-06-05,Female
NASAW00022977,1946-01-15,Male
NASAW00022978,1981-01-25,Male
NASAW00022979,1949-09-25,Female
NASAW00022980,1956-07-15,Female
NASAW00022981,1968-10-03,Female
NASAW00022982,1984-04-09,Male
NASAW00022983,1977-10-17,Female
NASAW00022984,2005-02-02,Female
NASAW00022985,1955-10-05,Female
NASAW00022986,1954-10-01,Female
NASAW00022987,2004-12-08,Female
NASAW00022988,1969-03-27,Female
NASAW00022989,1952-08-26,Female
NASAW00022990,1973-03-23,Female
NASAW00022991,1993-01-10,Female
NASAW00022992,1992-07-18,Female
NASAW00022993,1950-05-21,Female
NASAW00022994,1999-11-29,Female
NASAW00022995,1947-10-26,Male
NASAW00022996,1956-12-25,Female
NASAW00022997,1998-03-20,Female
NASAW00022998,1990-11-11,Male
NASAW00022999,2005-01-29,Female
NASAW00023000,2002-11-08,Male
NASAW00023001,1975-02-25,
NASAW00023002,1989-06-26,Female
NASAW00023003,2004-09-20,Female
NASAW00023004,1964-01-02,Female
NASAW00023005,1956-10-19,Female
NASAW00023006,1987-06-21,Female
NASAW00023007,1967-09-16,Female
NASAW00023008,1995-09-26,Male
NASAW00023009,1948-01-17,Female
NASAW00023010,1949-09-29,Male
NASAW00023011,1979-09-05,Male
NASAW00023012,1980-01-03,Female
NASAW00023013,1956-04-18,Female
NASAW00023014,1977-09-02,Male
NASAW00023015,1989-07-29,Male
NASAW00023016,1995-06-19,Female
NASAW00023017,2003-08-09,Male
NASAW00023018,1997-04-15,Male
NASAW00023019,1946-12-27,Female
NASAW00023020,1947-03-10,Female
NASAW00023021,1967-09-22,Female
NASAW00023022,1962-10-10,Male
NASAW00023023,1953-04-22,Male
NASAW00023024,1996-06-14,Male
NASAW00023025,1957-09-06,Female
NASAW00023026,1987-01-20,male
NASAW00023027,1957-11-10,Male
NASAW00023028,1977-05-08,Male
NASAW00023029,1987-10-15,Male
NASAW00023030,2006-07-06,Male
NASAW00023031,1964-07-10,Male
NASAW00023032,2003-03-27,Female
NASAW00023033,1967-02-13,Female
NASAW00023034,1968-12-29,Female
NASAW00023035,1994-12-15,Male
NASAW00023036,2006-07-08,Female
NASAW00023037,1953-02-23,Female
NASAW00023038,1998-01-26,Female
NASAW00023039,1968-07-22,Female
NASAW00023040,1999-03-27,Female
NASAW00023041,2000-11-28,Female
NASAW00023042,1990-06-29,Male
NASAW00023043,1985-04-01,Male
NASAW00023044,1989-03-26,Female
NASAW00023045,2006-02-06,Male
NASAW00023046,1984-06-04,Male
NASAW00023047,1956-11-28,Female
NASAW00023048,1947-02-15,Male
NASAW00023049,1980-05-12,Male
NASAW00023050,1987-09-08,Female
NASAW00023051,1981-08-30,Female
NASAW00023052,1947-09-24,Female
NASAW00023053,1948-08-17,Female
NASAW00023054,1975-03-06,Male
NASAW00023055,1952-03-31,Female
NASAW00023056,1965-10-05,Male
NASAW00023057,1946-06-06,Male
NASAW00023058,1956-10-11,Male
NASAW00023059,1948-05-25,Female
NASAW00023060,2005-12-07,Female
NASAW00023061,1960-03-23,Male
NASAW00023062,1984-09-08,Female
NASAW00023063,1988-12-29,Female
NASAW00023064,1961-05-19,Male
NASAW00023065,1973-07-24,Male
NASAW00023066,1965-07-26,Female
NASAW00023067,1962-05-13,Male
NASAW00023068,1984-07-08,Male
NASAW00023069,1999-07-17,Male
NASAW00023070,1952-02-29,Female
NASAW00023071,1955-09-28,Male
NASAW00023072,1979-01-13,F
NASAW00023073,1959-10-26,Male
NASAW00023074,2001-05-06,Female
NASAW00023075,1996-01-27,Female
NASAW00023076,1975-10-19,Female
NASAW00023077,1951-02-16,Female
NASAW00023078,1987-09-28,Male
NASAW00023079,1976-12-12,Male
NASAW00023080,1950-11-17,Male
NASAW00023081,1947-09-21,Female
NASAW00023082,1949-08-23,Male
NASAW00023083,1965-11-24,Male
NASAW00023084,1954-06-18,Female
NASAW00023085,1962-04-18,Female
NASAW00023086,1952-09-07,Female
NASAW00023087,1949-08-21,Male
NASAW00023088,2006-05-26,Female
NASAW00023089,1999-06-02,Male
NASAW00023090,1992-02-23,Male
NASAW00023091,1945-01-09,Female
NASAW00023092,1958-07-11,Female
NASAW00023093,1952-08-30,Male
NASAW00023094,1991-11-15,Female
NASAW00023095,1976-02-24,Female
NASAW00023096,1996-02-28,Male
NASAW00023097,1956-10-15,Male
NASAW00023098,1974-06-01,Female
NASAW00023099,1976-06-21,Female
NASAW00023100,1984-12-19,Male
NASAW00023101,1962-09-27,Male
NASAW00023102,1994-06-01,Male
NASAW00023103,1983-12-07,Female
NASAW00023104,1951-01-06,Male
NASAW00023105,1960-03-10,Female
NASAW00023106,1955-12-04,Male
NASAW00023107,1949-03-23,Female
NASAW00023108,1989-04-15,Female
NASAW00023109,1974-02-12,Female
NASAW00023110,1945-06-10,Male
NASAW00023111,1972-03-30,Female
NASAW00023112,2000-07-01,Female
NASAW00023113,1960-10-15,Female
NASAW00023114,1981-12-28,Female
NASAW00023115,1956-06-24,Female
NASAW00023116,1975-06-05,Male
NASAW00023117,1970-11-04,Male
NASAW00023118,1948-07-13,Male
NASAW00023119,2003-06-07,Female
NASAW00023120,1949-02-15,Female
NASAW00023121,1981-01-03,Female
NASAW00023122,1979-08-21,Male
NASAW00023123,1971-07-19,Male
NASAW00023124,1996-06-30,Male
NASAW00023125,1983-03-13,Female
NASAW00023126,1985-04-18,Male
NASAW00023127,1984-08-14,Female
NASAW00023128,1995-07-27,Female
NASAW00023129,1992-10-23,Female
NASAW00023130,2000-09-04,Male
NASAW00023131,1949-11-25,Female
NASAW00023132,1986-01-24,Female
NASAW00023133,1970-12-28,Female
NASAW00023134,2001-01-20,Female
NASAW00023135,1993-04-07,Female
NASAW00023136,1964-06-08,Male
NASAW00023137,1951-07-04,Female
NASAW00023138,1996-08-02,Male
NASAW00023139,1983-09-07,Female
NASAW00023140,2005-08-18,Male
NASAW00023141,1968-03-17,Female
NASAW00023142,1994-01-14,F
NASAW00023143,1945-03-31,Female
NASAW00023144,2001-05-14,Female
NASAW00023145,1975-11-30,Female
NASAW00023146,1978-06-28,Male
NASAW00023147,1983-10-08,Male
NASAW00023148,1949-07-03,Male
NASAW00023149,2004-12-13,Male
NASAW00023150,1987-02-18,Female
NASAW00023151,1989-07-12,Female
NASAW00023152,1979-12-08,Male
NASAW00023153,1951-06-30,Male
NASAW00023154,1945-06-09,
NASAW00023155,1975-08-19,Female
NASAW00023156,1997-08-30,Male
NASAW00023157,1957-09-23,Male
NASAW00023158,1975-07-17,Female
NASAW00023159,1946-10-09,male
NASAW00023160,1945-01-28,Female
NASAW00023161,1989-01-22,Male
NASAW00023162,1981-07-16,Male
NASAW00023163,1963-06-11,M
NASAW00023164,1951-07-26,Male
NASAW00023165,2002-02-20,Male
NASAW00023166,1956-03-20,Female
NASAW00023167,1983-11-28,Female
NASAW00023168,2000-04-24,Female
NASAW00023169,1984-07-31,Male
NASAW00023170,1989-09-16,Female
NASAW00023171,1948-12-12,M
NASAW00023172,1978-11-08,Female
NASAW00023173,1966-07-01,Female
NASAW00023174,1947-10-26,Female
NASAW00023175,1998-01-17,Female
NASAW00023176,1972-09-17,Female
NASAW00023177,1962-09-03,Female
NASAW00023178,1952-05-25,Female
NASAW00023179,1966-05-21,Female
NASAW00023180,1984-03-05,Male
NASAW00023181,1977-02-05,Female
NASAW00023182,1972-01-04,Female
NASAW00023183,1967-11-16,Female
NASAW00023184,1983-07-01,Male
NASAW00023185,1971-01-23,Female
NASAW00023186,1972-08-06,Male
NASAW00023187,1988-11-15,Male
NASAW00023188,2001-04-27,Male
NASAW00023189,1999-03-22,Female
NASAW00023190,1960-07-13,Female
NASAW00023191,2006-07-20,Male
NASAW00023192,2001-10-15,Male
NASAW00023193,1964-08-18,Male
NASAW00023194,1956-01-03,Male
NASAW00023195,1946-04-14,Male
NASAW00023196,1963-12-27,Male
NASAW00023197,2004-05-17,Female
NASAW00023198,1969-07-03,Female
NASAW00023199,1976-07-02,Female
NASAW00023200,1951-05-18,Female
NASAW00023201,1954-11-29,Female
NASAW00023202,2003-04-23,Female
NASAW00023203,1945-08-20,Female
NASAW00023204,1994-03-03,Male
NASAW00023205,1996-09-28,Male
NASAW00023206,1981-01-20,Female
NASAW00023207,1978-04-01,Female
NASAW00023208,1989-02-06,Female
NASAW00023209,1980-11-03,Female
NASAW00023210,1983-11-07,Female
NASAW00023211,1988-02-15,Male
NASAW00023212,1995-06-08,Male
NASAW00023213,1989-11-14,Female
NASAW00023214,2002-06-27,Female
NASAW00023215,1972-11-20,Female
NASAW00023216,1961-08-08,Female
NASAW00023217,1950-07-26,Female
NASAW00023218,1992-06-24,Female
NASAW00023219,1957-11-19,Female
NASAW00023220,1969-10-01,Male
NASAW00023221,1983-09-06,Female
NASAW00023222,1948-08-23,Male
NASAW00023223,1998-05-17,Female
NASAW00023224,2005-12-15,Female
NASAW00023225,2006-07-04,Male
NASAW00023226,1979-01-31,Male
NASAW00023227,1972-05-22,Female
NASAW00023228,1963-02-20,Male
NASAW00023229,1959-07-22,Male
NASAW00023230,1968-01-20,Male
NASAW00023231,1952-12-25,Male
NASAW00023232,1995-11-03,Male
NASAW00023233,1966-09-11,Male
NASAW00023234,1954-09-26,Female
NASAW00023235,2004-12-25,M
NASAW00023236,1967-07-29,Female
NASAW00023237,1975-10-14,Female
NASAW00023238,1978-05-02,Female
NASAW00023239,1976-11-22,Female
NASAW00023240,1954-05-13,Female
NASAW00023241,1962-04-21,Female
NASAW00023242,1967-09-11,Male
NASAW00023243,1973-06-22,Female
NASAW00023244,1996-04-22,Male
NASAW00023245,2003-05-01,Male
NASAW00023246,2003-12-02,Female
NASAW00023247,1980-08-27,Female
NASAW00023248,1967-03-15,Male
NASAW00023249,1993-09-06,Female
NASAW00023250,1993-03-12,Female
NASAW00023251,1951-02-16,Male
NASAW00023252,1974-05-04,Female
NASAW00023253,1949-02-13,Male
NASAW00023254,1983-10-10,Female
NASAW00023255,1999-01-29,Female
NASAW00023256,1982-10-06,Male
NASAW00023257,1998-02-07,Female
NASAW00023258,1957-04-29,Female
NASAW00023259,1955-06-29,Female
NASAW00023260,1962-02-27,Male
NASAW00023261,1953-02-12,Male
NASAW00023262,1956-10-06,Female
NASAW00023263,1951-12-01,Male
NASAW00023264,2005-12-23,Female
NASAW00023265,2005-08-28,Male
NASAW00023266,1961-11-09,Female
NASAW00023267,1959-04-03,Male
NASAW00023268,1956-02-22,Female
NASAW00023269,2002-02-22,Male
NASAW00023270,2001-11-15,Female
NASAW00023271,1979-05-03,Female
NASAW00023272,1969-04-14,Male
NASAW00023273,1958-07-03,F
NASAW00023274,1975-03-14,Male
NASAW00023275,2001-09-18,Male
NASAW00023276,2005-11-02,Male
NASAW00023277,1970-11-01,Male
NASAW00023278,1979-05-21,Male
NASAW00023279,2005-06-07,Female
NASAW00023280,1946-04-20,Female
NASAW00023281,1973-02-28,Female
NASAW00023282,1950-11-18,Male
NASAW00023283,1950-07-02,Female
NASAW00023284,1992-06-24,Female
NASAW00023285,1949-06-03,Female
NASAW00023286,1946-04-20,Male
NASAW00023287,1967-02-20,Male
NASAW00023288,1997-06-01,Female
NASAW00023289,1947-03-12,Female
NASAW00023290,1945-05-09,Male
NASAW00023291,1952-09-20,male
NASAW00023292,1946-01-30,Male
NASAW00023293,2005-01-16,Male
NASAW00023294,2005-10-19,Male
NASAW00023295,1956-08-05,Female
NASAW00023296,1987-08-04,Male
NASAW00023297,1988-12-01,Female
NASAW00023298,1968-01-30,Male
NASAW00023299,1984-04-04,Female
NASAW00023300,1987-09-09,Female
NASAW00023301,1973-10-02,Male
NASAW00023302,1970-11-06,Male
NASAW00023303,1961-02-15,Female
NASAW00023304,1983-05-26,Male
NASAW00023305,1997-01-16,Male
NASAW00023306,1999-06-24,Female
NASAW00023307,1949-07-30,Male
NASAW00023308,1976-01-08,Male
NASAW00023309,1963-08-20,Male
NASAW00023310,2002-02-10,Male
NASAW00023311,1984-03-05,Female
NASAW00023312,1990-03-29,Female
NASAW00023313,1985-01-20,Male
NASAW00023314,1995-09-08,Male
NASAW00023315,1999-02-06,Male
NASAW00023316,1964-10-31,Male
NASAW00023317,2006-10-13,Male
NASAW00023318,1984-08-14,Male
NASAW00023319,1995-11-26,Female
NASAW00023320,1973-04-07,Male
NASAW00023321,1970-10-28,Male
NASAW00023322,1953-01-14,Male
NASAW00023323,1960-11-26,female
NASAW00023324,1980-02-18,Female
NASAW00023325,1998-08-27,Male
NASAW00023326,1969-10-09,Male
NASAW00023327,1980-05-03,Male
NASAW00023328,1980-03-12,Female
NASAW00023329,1963-11-12,Female
NASAW00023330,1997-10-10,Male
NASAW00023331,1959-01-09,Male
NASAW00023332,2001-08-29,Male
NASAW00023333,1959-10-26,Female
NASAW00023334,1980-09-14,Male
NASAW00023335,1973-08-19,Male
NASAW00023336,2001-04-09,Female
NASAW00023337,1993-12-05,Female
NASAW00023338,1954-07-20,Male
NASAW00023339,1961-11-25,Female
NASAW00023340,1964-07-24,Male
NASAW00023341,1997-10-02,Male
NASAW00023342,2004-09-18,Male
NASAW00023343,1975-09-11,Female
NASAW00023344,2002-11-26,Female
NASAW00023345,1974-09-02,Female
NASAW00023346,1994-06-25,Female
NASAW00023347,1959-11-13,Female
NASAW00023348,1986-06-30,Male
NASAW00023349,1970-12-15,Female
NASAW00023350,2002-03-19,Male
NASAW00023351,1970-10-02,Female
NASAW00023352,2003-03-08,Female
NASAW00023353,1992-05-27,Male
NASAW00023354,1974-12-25,Female
NASAW00023355,1963-01-03,Female
NASAW00023356,1973-01-17,Female
NASAW00023357,2029-12-31,Female
NASAW00023358,1954-09-17,Female
NASAW00023359,1980-07-08,Female
NASAW00023360,1977-03-16,Female
NASAW00023361,1997-01-10,Female
NASAW00023362,1946-02-18,Male
NASAW00023363,1964-08-22,Female
NASAW00023364,1958-10-08,Female
NASAW00023365,1969-05-29,Male
NASAW00023366,1952-12-02,Female
NASAW00023367,1961-07-05,Male
NASAW00023368,1974-04-03,Female
NASAW00023369,1975-05-16,Female
NASAW00023370,1962-10-05,Male
NASAW00023371,1965-08-15,Female
NASAW00023372,1949-01-16,Female
NASAW00023373,1957-11-30,Female
NASAW00023374,1964-03-14,Female
NASAW00023375,1949-02-24,Male
NASAW00023376,1988-08-30,Male
NASAW00023377,1955-12-08,
NASAW00023378,1962-12-21,Male
NASAW00023379,1972-12-08,Male
NASAW00023380,1999-05-19,Female
NASAW00023381,1947-12-16,Female
NASAW00023382,1995-12-09,Male
NASAW00023383,1994-12-21,Female
NASAW00023384,1983-10-21,Female
NASAW00023385,1962-10-11,Female
NASAW00023386,1993-04-24,Female
NASAW00023387,1989-10-02,Male
NASAW00023388,1949-07-07,Female
NASAW00023389,1990-05-18,Female
NASAW00023390,1980-10-26,Female
NASAW00023391,1978-11-06,Male
NASAW00023392,1983-09-16,Male
NASAW00023393,2006-01-03,Female
NASAW00023394,1963-11-16,Male
NASAW00023395,2006-03-18,Male
NASAW00023396,1992-06-29,Male
NASAW00023397,1974-12-25,Female
NASAW00023398,1959-10-27,Male
NASAW00023399,1978-10-28,Male
NASAW00023400,1963-11-27,Male
NASAW00023401,1974-05-17,Male
NASAW00023402,1988-10-07,Female
NASAW00023403,1982-01-15,Male
NASAW00023404,1987-06-28,Female
NASAW00023405,1986-12-11,Male
NASAW00023406,1967-09-23,Female
NASAW00023407,1982-05-04,Male
NASAW00023408,1976-09-16,Female
NASAW00023409,1998-10-14,Female
NASAW00023410,1952-10-19,Female
NASAW00023411,1991-01-16,Female
NASAW00023412,1991-08-25,Female
NASAW00023413,2000-04-09,Female
NASAW00023414,1967-06-26,Female
NASAW00023415,1946-09-15,Female
NASAW00023416,1952-06-25,Female
NASAW00023417,2000-10-07,Female
NASAW00023418,1952-10-11,Female
NASAW00023419,1969-07-02,Male
NASAW00023420,2003-11-01,Male
NASAW00023421,1993-11-05,Male
NASAW00023422,1955-11-19,Male
NASAW00023423,1969-01-12,Male
NASAW00023424,1957-02-17,Male
NASAW00023425,1989-04-26,Male
NASAW00023426,2001-09-01,Male
NASAW00023427,1953-03-03,Male
NASAW00023428,1959-05-09,Male
NASAW00023429,1951-11-21,Male
NASAW00023430,1989-12-18,Male
NASAW00023431,1947-10-16,Female
NASAW00023432,1966-07-29,Female
NASAW00023433,1958-08-18,Male
NASAW00023434,1966-09-29,Female
NASAW00023435,2002-03-01,Male
NASAW00023436,2005-11-27,Male
NASAW00023437,1998-04-05,Male
NASAW00023438,1960-01-26,Male
NASAW00023439,1966-12-05,Female
NASAW00023440,1988-05-31,Male
NASAW00023441,1961-05-31,Male
NASAW00023442,1966-12-21,Female
NASAW00023443,1988-08-06,Female
NASAW00023444,1996-08-12,Male
NASAW00023445,1945-09-13,Male
NASAW00023446,2003-11-13,Male
NASAW00023447,1986-07-13,Female
NASAW00023448,1964-01-27,Male
NASAW00023449,1971-05-19,Male
NASAW00023450,1968-01-28,Female
NASAW00023451,1955-03-16,Male
NASAW00023452,1973-01-17,Female
NASAW00023453,1972-04-25,Male
NASAW00023454,1955-03-11,Male
NASAW00023455,2006-11-25,Male
NASAW00023456,1956-12-19,Male
NASAW00023457,1947-12-24,Male
NASAW00023458,1949-03-07,Male
NASAW00023459,1993-12-03,Male
NASAW00023460,1970-05-24,Male
NASAW00023461,1961-01-13,Male
NASAW00023462,1955-03-01,Male
NASAW00023463,1947-03-31,Male
NASAW00023464,1960-12-19,Male
NASAW00023465,1994-01-07,Female
NASAW00023466,1961-10-08,Female
NASAW00023467,1959-05-16,Male
NASAW00023468,1959-09-19,Male
NASAW00023469,1953-11-10,Female
NASAW00023470,1971-01-12,Male
NASAW00023471,1960-01-10,Female
NASAW00023472,2005-12-22,female
NASAW00023473,1952-06-27,Male
NASAW00023474,1955-02-18,Female
NASAW00023475,1993-03-06,Male
NASAW00023476,1998-08-19,M
NASAW00023477,1953-08-07,Female
NASAW00023478,1968-01-08,Female
NASAW00023479,1984-09-10,Male
NASAW00023480,1960-04-23,Female
NASAW00023481,1952-07-04,Female
NASAW00023482,1963-09-23,Male
NASAW00023483,1970-05-20,Male
NASAW00023484,1977-05-22,Male
NASAW00023485,1999-07-30,Male
NASAW00023486,1950-06-11,Male
NASAW00023487,1985-02-19,Female
NASAW00023488,1945-03-28,Female
NASAW00023489,1959-09-12,Female
NASAW00023490,1988-11-27,Male
NASAW00023491,1989-07-20,Female
NASAW00023492,1985-07-23,Male
NASAW00023493,1945-08-16,Male
NASAW00023494,1947-02-16,Female
NASAW00023495,1969-06-16,Male
NASAW00023496,1975-06-25,Male
NASAW00023497,1973-11-19,Male
NASAW00023498,1952-07-22,Male
NASAW00023499,1984-08-23,Female
NASAW00023500,1966-09-30,Male
NASAW00023501,1994-03-18,Male
NASAW00023502,1955-07-28,Male
NASAW00023503,1956-09-14,Male
NASAW00023504,1953-01-27,Male
NASAW00023505,1962-05-05,Female
NASAW00023506,1962-07-15,Male
NASAW00023507,1951-07-20,Male
NASAW00023508,1977-08-24,M
NASAW00023509,1948-09-20,Male
NASAW00023510,1950-12-08,Female
NASAW00023511,1987-08-01,Male
NASAW00023512,1986-05-08,Female
NASAW00023513,1969-05-12,Female
NASAW00023514,1995-11-05,Female
NASAW00023515,1962-07-08,Male
NASAW00023516,1959-09-03,Female
NASAW00023517,1950-01-10,Male
NASAW00023518,1972-08-16,Male
NASAW00023519,1967-02-10,Male
NASAW00023520,1996-10-25,Male
NASAW00023521,1953-12-15,Female
NASAW00023522,1975-01-30,Female
NASAW00023523,1981-01-28,Female
NASAW00023524,1951-05-23,Female
NASAW00023525,1956-08-06,Female
NASAW00023526,1947-08-08,Male
NASAW00023527,1995-12-25,Male
NASAW00023528,1985-05-11,Female
NASAW00023529,1951-09-27,Female
NASAW00023530,1986-11-14,Male
NASAW00023531,1956-07-26,Male
NASAW00023532,1994-10-21,female
NASAW00023533,1976-05-27,Female
NASAW00023534,1985-07-24,Male
NASAW00023535,,Male
NASAW00023536,1973-12-10,Male
NASAW00023537,1950-04-28,Female
NASAW00023538,2002-01-26,Male
NASAW00023539,1992-09-27,Female
NASAW00023540,1966-02-24,Female
NASAW00023541,1960-09-01,Male
NASAW00023542,2000-07-27,Male
NASAW00023543,1964-04-14,Female
NASAW00023544,1987-05-27,Male
NASAW00023545,1959-08-30,Female
NASAW00023546,1947-09-11,Male
NASAW00023547,1996-08-13,Female
NASAW00023548,1962-07-15,Female
NASAW00023549,1979-06-18,Female
NASAW00023550,1968-11-30,Female
NASAW00023551,1967-04-17,Male
NASAW00023552,1973-08-18,Female
NASAW00023553,2005-09-28,Male
NASAW00023554,1999-01-30,Female
NASAW00023555,2004-05-07,Male
NASAW00023556,1958-12-15,Female
NASAW00023557,1965-04-03,Female
NASAW00023558,1945-04-08,Male
NASAW00023559,1950-01-27,Female
NASAW00023560,1983-01-19,Female
NASAW00023561,1950-04-21,Male
NASAW00023562,1953-03-30,Male
NASAW00023563,1967-12-01,Female
NASAW00023564,1960-11-19,Female
NASAW00023565,1964-01-01,Female
NASAW00023566,1961-04-29,Male
NASAW00023567,1977-09-11,Female
NASAW00023568,1969-10-03,Female
NASAW00023569,1955-07-08,Female
NASAW00023570,1963-04-01,Female
NASAW00023571,1958-03-20,Male
NASAW00023572,1986-11-30,Female
NASAW00023573,1971-04-16,Female
NASAW00023574,1987-11-21,Male
NASAW00023575,1952-04-09,Female
NASAW00023576,1961-02-12,Female
NASAW00023577,1978-12-18,Male
NASAW00023578,1977-12-07,Male
NASAW00023579,1956-01-15,Female
NASAW00023580,1969-07-03,Male
NASAW00023581,1967-07-31,Female
NASAW00023582,1960-12-21,Female
NASAW00023583,1960-07-27,Male
NASAW00023584,1973-12-30,Female
NASAW00023585,1978-08-12,Male
NASAW00023586,1977-04-23,Male
NASAW00023587,1950-06-27,Male
NASAW00023588,1968-06-04,Male
NASAW00023589,1992-06-18,Female
NASAW00023590,1988-01-28,Male
NASAW00023591,2006-09-01,Male
NASAW00023592,1975-06-21,Male
NASAW00023593,1968-05-02,Male
NASAW00023594,1951-11-03,male
NASAW00023595,1953-03-27,Female
NASAW00023596,1971-11-26,Male
NASAW00023597,1987-12-03,Female
NASAW00023598,1960-01-27,Male
NASAW00023599,2002-01-12,Female
NASAW00023600,2001-09-10,Female
NASAW00023601,1982-09-30,Female
NASAW00023602,1955-04-02,Female
NASAW00023603,1998-05-17,Male
NASAW00023604,1985-01-01,Male
NASAW00023605,1958-03-12,Male
NASAW00023606,1991-07-21,Male
NASAW00023607,1979-08-11,Female
NASAW00023608,1951-12-16,Female
NASAW00023609,1984-04-10,Male
NASAW00023610,1954-03-09,Male
NASAW00023611,1973-07-27,female
NASAW00023612,1962-02-20,Male
NASAW00023613,1945-02-23,Male
NASAW00023614,1961-10-19,Female
NASAW00023615,1959-10-23,Female
NASAW00023616,1990-11-19,Male
NASAW00023617,1955-02-14,Male
NASAW00023618,1994-09-20,Male
NASAW00023619,1968-09-16,Female
NASAW00023620,1957-08-26,Female
NASAW00023621,2000-06-27,Female
NASAW00023622,2000-06-07,Female
NASAW00023623,1990-05-01,Male
NASAW00023624,1947-11-29,Male
NASAW00023625,1970-08-26,Female
NASAW00023626,1957-03-29,Male
NASAW00023627,2002-07-26,Female
NASAW00023628,1960-03-19,Female
NASAW00023629,1951-01-29,Female
NASAW00023630,1996-12-05,Female
NASAW00023631,1998-09-27,Female
NASAW00023632,1985-12-30,Female
NASAW00023633,1984-03-10,Female
NASAW00023634,1999-08-15,Male
NASAW00023635,1947-07-30,Female
NASAW00023636,1987-11-15,Male
NASAW00023637,1979-12-26,Male
NASAW00023638,1987-01-30,Male
NASAW00023639,1948-08-15,Male
NASAW00023640,1999-04-20,Male
NASAW00023641,1973-05-23,M
NASAW00023642,1965-08-16,Male
NASAW00023643,1975-08-05,Female
NASAW00023644,1947-04-13,Female
NASAW00023645,1994-06-25,Female
NASAW00023646,1983-03-06,Female
NASAW00023647,1963-12-22,Female
NASAW00023648,1980-03-29,F
NASAW00023649,1974-04-22,Male
NASAW00023650,1952-10-24,Female
NASAW00023651,1956-08-15,Male
NASAW00023652,1979-01-24,Female
NASAW00023653,1954-04-24,Male
NASAW00023654,1969-11-21,Female
NASAW00023655,1950-06-19,Male
NASAW00023656,1973-11-09,Male
NASAW00023657,1975-03-07,Female
NASAW00023658,2002-07-02,Female
NASAW00023659,1997-12-30,Female
NASAW00023660,1982-06-11,Female
NASAW00023661,1973-12-15,Male
NASAW00023662,1988-08-03,Female
NASAW00023663,1995-04-03,Female
NASAW00023664,1958-11-18,Male
NASAW00023665,1960-04-20,Female
NASAW00023666,1982-08-14,Male
NASAW00023667,1952-05-20,Female
NASAW00023668,1960-03-30,Female
NASAW00023669,1997-11-03,Male
NASAW00023670,2000-09-23,Female
NASAW00023671,1974-05-28,Male
NASAW00023672,2000-12-30,Female
NASAW00023673,2005-11-19,Male
NASAW00023674,1957-10-04,Male
NASAW00023675,2004-08-22,Female
NASAW00023676,1948-05-31,Male
NASAW00023677,1995-04-07,Male
NASAW00023678,1975-09-23,Male
NASAW00023679,1956-07-25,Female
NASAW00023680,1995-08-15,Female
NASAW00023681,1973-09-22,Female
NASAW00023682,1951-03-18,Male
NASAW00023683,2005-08-15,Female
NASAW00023684,1978-08-27,Female
NASAW00023685,1959-06-13,Female
NASAW00023686,1951-04-24,Female
NASAW00023687,1960-01-14,Male
NASAW00023688,1990-11-09,Male
NASAW00023689,1980-09-11,Male
NASAW00023690,1968-08-21,Male
NASAW00023691,1951-03-10,Female
NASAW00023692,1992-02-26,Female
NASAW00023693,1957-11-30,Female
NASAW00023694,1976-05-04,Male
NASAW00023695,2004-02-15,Male
NASAW00023696,1970-09-26,Male
NASAW00023697,1988-02-25,Female
NASAW00023698,1949-05-01,Male
NASAW00023699,2005-10-09,Female
NASAW00023700,1971-03-10,Female
NASAW00023701,1967-05-31,Female
NASAW00023702,1949-11-12,Male
NASAW00023703,2001-07-24,Male
NASAW00023704,1952-10-27,Male
NASAW00023705,1959-03-17,Male
NASAW00023706,1947-10-27,Female
NASAW00023707,1988-07-23,Female
NASAW00023708,1989-09-27,Female
NASAW00023709,1985-10-24,Female
NASAW00023710,1900-01-01,Female
NASAW00023711,1978-11-13,Female
NASAW00023712,1971-10-22,Male
NASAW00023713,1963-08-31,Male
NASAW00023714,2000-01-12,Female
NASAW00023715,1963-02-16,Male
NASAW00023716,1954-09-05,Male
NASAW00023717,1979-04-04,Female
NASAW00023718,1978-04-30,Male
NASAW00023719,1993-03-18,Male
NASAW00023720,1962-03-29,Male
NASAW00023721,2003-07-26,Male
NASAW00023722,1963-06-18,Male
NASAW00023723,1972-12-06,Female
NASAW00023724,1975-03-06,Male
NASAW00023725,1986-09-04,F
NASAW00023726,1967-06-20,Female
NASAW00023727,1982-11-30,F
NASAW00023728,1970-04-02,Female
NASAW00023729,2001-09-21,Female
NASAW00023730,1972-06-05,Female
NASAW00023731,1984-03-15,Female
NASAW00023732,1970-08-18,Male
NASAW00023733,1967-11-17,Female
NASAW00023734,1996-12-08,Male
NASAW00023735,1960-08-20,Male
NASAW00023736,1984-03-09,Female
NASAW00023737,1960-02-25,Male
NASAW00023738,1959-02-23,Female
NASAW00023739,1990-07-05,Female
NASAW00023740,1986-06-16,Male
NASAW00023741,1978-07-30,Female
NASAW00023742,1992-08-12,Male
NASAW00023743,1998-02-02,Female
NASAW00023744,1999-02-17,Male
NASAW00023745,1979-06-17,Female
NASAW00023746,2001-01-25,Female
NASAW00023747,1973-02-17,Female
NASAW00023748,2003-12-05,Female
NASAW00023749,1983-10-23,Female
NASAW00023750,1957-12-15,Male
NASAW00023751,1947-09-16,Female
NASAW00023752,1960-03-29,Male
NASAW00023753,1992-03-21,Female
NASAW00023754,1974-08-18,Male
NASAW00023755,1951-03-16,Female
NASAW00023756,1988-10-15,Female
NASAW00023757,1949-01-16,Female
NASAW00023758,1978-09-17,Male
NASAW00023759,2000-04-09,Male
NASAW00023760,1982-12-30,Female
NASAW00023761,1948-12-27,Male
NASAW00023762,1950-02-21,Female
NASAW00023763,2004-10-02,Female
NASAW00023764,1947-11-30,Female
NASAW00023765,1966-08-26,Female
NASAW00023766,1948-11-06,Male
NASAW00023767,1982-02-09,Female
NASAW00023768,1946-02-17,Male
NASAW00023769,2006-06-23,Female
NASAW00023770,1969-01-23,Female
NASAW00023771,1960-12-03,Female
NASAW00023772,2003-02-06,Male
NASAW00023773,1956-04-05,Female
NASAW00023774,1988-12-13,Female
NASAW00023775,1953-02-07,Male
NASAW00023776,1982-12-10,Female
NASAW00023777,1991-10-01,Male
NASAW00023778,1976-03-06,Female
NASAW00023779,1954-11-08,Female
NASAW00023780,1982-04-24,Male
NASAW00023781,1982-10-21,Female
NASAW00023782,1948-11-14,Female
NASAW00023783,1966-06-11,Female
NASAW00023784,2002-05-08,male
NASAW00023785,1978-03-29,Female
NASAW00023786,1955-06-17,Male
NASAW00023787,1964-08-27,Female
NASAW00023788,1982-04-06,Male
NASAW00023789,1956-10-25,Female
NASAW00023790,1951-09-12,Female
NASAW00023791,1980-06-06,Male
NASAW00023792,1998-03-30,Male
NASAW00023793,2002-07-13,Female
NASAW00023794,1972-12-25,Female
NASAW00023795,1997-01-04,Female
NASAW00023796,1992-02-26,Female
NASAW00023797,1962-10-13,Female
NASAW00023798,1965-02-20,Male
NASAW00023799,1989-05-19,Female
NASAW00023800,1963-05-20,Male
NASAW00023801,1961-03-10,Male
NASAW00023802,1982-11-09,Male
NASAW00023803,1945-05-22,Male
NASAW00023804,1988-04-21,Male
NASAW00023805,1954-12-04,Male
NASAW00023806,1954-09-07,Male
NASAW00023807,1996-03-13,Female
NASAW00023808,1966-11-13,Male
NASAW00023809,1992-01-10,Female
NASAW00023810,1965-04-18,Male
NASAW00023811,1982-09-08,Male
NASAW00023812,1962-04-14,Female
NASAW00023813,1976-04-01,Male
NASAW00023814,1900-01-01,Female
NASAW00023815,1985-10-20,Female
NASAW00023816,1959-11-30,Female
NASAW00023817,1950-10-28,M
NASAW00023818,1945-10-03,Male
NASAW00023819,1964-06-23,Male
NASAW00023820,1987-01-21,Male
NASAW00023821,1956-06-08,Male
NASAW00023822,1984-11-17,Female
NASAW00023823,1963-07-29,Female
NASAW00023824,1956-06-04,Male
NASAW00023825,1975-08-23,Male
NASAW00023826,1955-05-27,Male
NASAW00023827,1946-02-26,Male
NASAW00023828,2006-08-11,Female
NASAW00023829,1990-05-11,Female
NASAW00023830,1957-06-13,Female
NASAW00023831,1962-12-07,Male
NASAW00023832,1954-03-29,Male
NASAW00023833,1990-01-31,Female
NASAW00023834,1988-06-17,Male
NASAW00023835,1963-10-05,Female
NASAW00023836,1979-07-15,Female
NASAW00023837,2003-05-26,Female
NASAW00023838,1988-01-29,Male
NASAW00023839,2003-04-27,Female
NASAW00023840,1974-04-13,Female
NASAW00023841,1975-03-04,Female
NASAW00023842,2006-05-10,Male
NASAW00023843,1960-07-10,Female
NASAW00023844,1947-10-09,Female
NASAW00023845,1977-05-29,Male
NASAW00023846,2004-10-11,Male
NASAW00023847,1958-12-07,Female
NASAW00023848,1956-04-26,Female
NASAW00023849,2006-10-14,Female
NASAW00023850,1953-10-21,Female
NASAW00023851,1949-04-04,Male
NASAW00023852,1949-11-22,Female
NASAW00023853,1994-10-31,Male
NASAW00023854,1956-04-15,Female
NASAW00023855,1974-08-02,Female
NASAW00023856,1993-08-11,Female
NASAW00023857,1959-05-10,Male
NASAW00023858,1990-07-19,Male
NASAW00023859,1945-05-11,Male
NASAW00023860,1974-06-06,Female
NASAW00023861,1984-08-18,Female
NASAW00023862,1996-07-12,Female
NASAW00023863,1952-08-13,Female
NASAW00023864,1984-07-08,Female
NASAW00023865,1957-05-09,Male
NASAW00023866,1957-01-04,Female
NASAW00023867,1954-09-27,Female
NASAW00023868,2003-11-26,Male
NASAW00023869,1956-10-03,Female
NASAW00023870,1900-01-01,Male
NASAW00023871,2005-03-11,Female
NASAW00023872,1973-09-11,Female
NASAW00023873,1980-06-12,Male
NASAW00023874,1993-08-28,Female
NASAW00023875,1975-10-18,Male
NASAW00023876,1948-01-18,Male
NASAW00023877,1977-12-21,Female
NASAW00023878,1984-10-18,Male
NASAW00023879,1963-09-09,Female
NASAW00023880,1998-01-13,Female
NASAW00023881,1946-05-16,Female
NASAW00023882,1952-10-20,Female
NASAW00023883,1947-10-03,Male
NASAW00023884,1995-06-01,Male
NASAW00023885,1981-10-06,male
NASAW00023886,1989-03-16,Female
NASAW00023887,1957-03-09,Female
NASAW00023888,1947-08-11,Male
NASAW00023889,2001-11-14,Male
NASAW00023890,1950-12-26,Female
NASAW00023891,1980-07-12,Female
NASAW00023892,1964-09-21,Male
NASAW00023893,1962-11-20,Male
NASAW00023894,1971-06-28,Male
NASAW00023895,1978-09-03,Female
NASAW00023896,1945-02-01,Male
NASAW00023897,1996-12-21,Male
NASAW00023898,1976-03-06,Female
NASAW00023899,1988-12-29,Male
NASAW00023900,1997-11-02,Female
NASAW00023901,1948-01-19,Female
NASAW00023902,1985-06-04,Male
NASAW00023903,1951-10-23,Male
NASAW00023904,1997-12-18,Female
NASAW00023905,1969-04-10,Female
NASAW00023906,1966-08-18,Male
NASAW00023907,1976-09-27,Female
NASAW00023908,1992-11-21,Male
NASAW00023909,1974-08-27,Male
NASAW00023910,1957-04-04,Male
NASAW00023911,1982-11-24,Female
NASAW00023912,1956-06-19,Female
NASAW00023913,1990-08-11,Male
NASAW00023914,1995-07-24,Male
NASAW00023915,1972-06-10,Male
NASAW00023916,1971-05-14,Female
NASAW00023917,1999-08-01,Male
NASAW00023918,1948-09-01,male
NASAW00023919,2005-03-31,Male
NASAW00023920,1985-06-10,Female
NASAW00023921,1968-02-12,Male
NASAW00023922,2029-12-31,Female
NASAW00023923,1970-05-25,Female
NASAW00023924,1996-05-11,Male
NASAW00023925,1994-09-29,Male
NASAW00023926,1963-11-26,Female
NASAW00023927,1996-08-10,Male
NASAW00023928,1991-12-25,Male
NASAW00023929,1963-01-17,Female
NASAW00023930,1971-05-12,Female
NASAW00023931,2003-09-28,Male
NASAW00023932,1977-02-28,Male
NASAW00023933,1952-10-08,Male
NASAW00023934,1962-08-12,Female
NASAW00023935,1946-04-17,Male
NASAW00023936,2004-05-17,Male
NASAW00023937,1961-04-12,Female
NASAW00023938,2000-10-02,Male
NASAW00023939,2006-04-19,Male
NASAW00023940,1967-02-25,Female
NASAW00023941,2005-12-13,Female
NASAW00023942,1979-12-01,Male
NASAW00023943,2001-10-08,Male
NASAW00023944,1991-12-22,Female
NASAW00023945,1951-05-17,Female
NASAW00023946,1946-07-02,Female
NASAW00023947,1994-05-10,Female
NASAW00023948,1970-09-23,Male
NASAW00023949,1946-12-01,Male
NASAW00023950,1981-07-22,Male
NASAW00023951,2001-11-06,Female
NASAW00023952,1945-10-07,Female
NASAW00023953,1966-09-29,Male
NASAW00023954,1987-05-04,Female
NASAW00023955,1995-03-05,Female
NASAW00023956,1955-07-09,Male
NASAW00023957,1951-12-21,Female
NASAW00023958,1950-01-25,Female
NASAW00023959,1981-06-04,Female
NASAW00023960,1951-06-01,Male
NASAW00023961,1947-12-30,Male
NASAW00023962,1959-01-02,Female
NASAW00023963,1973-09-03,Female
NASAW00023964,1948-01-03,Male
NASAW00023965,1966-05-17,Male
NASAW00023966,1963-10-09,Female
NASAW00023967,1984-04-15,Female
NASAW00023968,1954-12-09,Male
NASAW00023969,1968-11-21,Female
NASAW00023970,2004-06-05,Female
NASAW00023971,1974-01-13,Female
NASAW00023972,1950-10-03,Female
NASAW00023973,1970-04-14,Female
NASAW00023974,1987-10-06,Female
NASAW00023975,1953-07-02,Female
NASAW00023976,1973-05-20,Female
NASAW00023977,1960-12-10,Female
NASAW00023978,1971-08-30,Male
NASAW00023979,1973-12-28,Female
NASAW00023980,2003-09-27,Male
NASAW00023981,1955-02-04,Female
NASAW00023982,1954-05-09,Male
NASAW00023983,1955-01-26,Female
NASAW00023984,1987-09-26,Male
NASAW00023985,1993-10-03,Male
NASAW00023986,1973-09-09,Female
NASAW00023987,1982-09-21,Male
NASAW00023988,2003-03-24,Female
NASAW00023989,1992-09-25,male
NASAW00023990,1993-11-10,Male
NASAW00023991,1951-01-28,Male
NASAW00023992,1968-04-02,Male
NASAW00023993,1960-12-03,Female
NASAW00023994,1990-09-05,Male
NASAW00023995,1967-04-22,Female
NASAW00023996,1975-11-15,Male
NASAW00023997,1963-07-14,Male
NASAW00023998,1966-11-29,Female
NASAW00023999,1957-06-02,Female
NASAW00024000,1985-07-23,Male
NASAW00024001,1973-06-03,Female
NASAW00024002,1987-03-19,Male
NASAW00024003,1981-02-07,Male
NASAW00024004,2002-05-28,Male
NASAW00024005,1969-03-01,Male
NASAW00024006,1986-08-17,Male
NASAW00024007,2004-09-01,Female
NASAW00024008,1959-06-02,Female
NASAW00024009,1997-01-13,Female
NASAW00024010,1988-03-10,Male
NASAW00024011,1964-05-05,Male
NASAW00024012,1963-10-06,Female
NASAW00024013,2003-06-12,Female
NASAW00024014,1995-04-07,Male
NASAW00024015,1982-01-27,Male
NASAW00024016,1956-01-09,Male
NASAW00024017,1961-01-17,Female
NASAW00024018,1953-02-06,Male
NASAW00024019,1964-12-31,Male
NASAW00024020,1980-02-24,Male
NASAW00024021,2006-06-22,Male
NASAW00024022,1990-01-07,Female
NASAW00024023,1978-01-08,Male
NASAW00024024,1973-07-22,Male
NASAW00024025,1952-09-03,Male
NASAW00024026,1949-08-04,Female
NASAW00024027,1981-02-04,Male
NASAW00024028,1959-03-23,Female
NASAW00024029,1987-08-08,Female
NASAW00024030,1999-12-10,F
NASAW00024031,1996-12-30,Female
NASAW00024032,1977-04-28,Female
NASAW00024033,1990-03-12,Female
NASAW00024034,2003-09-12,Male
NASAW00024035,1958-04-04,Female
NASAW00024036,1950-05-10,Male
NASAW00024037,1993-06-09,Female
NASAW00024038,1979-08-17,Male
NASAW00024039,1971-09-28,Male
NASAW00024040,2006-06-23,Male
NASAW00024041,1963-12-03,Female
NASAW00024042,1977-06-07,Male
NASAW00024043,1991-09-18,Female
NASAW00024044,1980-06-11,Male
NASAW00024045,1980-04-02,Female
NASAW00024046,1963-02-26,Female
NASAW00024047,1979-10-05,Female
NASAW00024048,1959-02-24,Male
NASAW00024049,1991-02-16,Male
NASAW00024050,1963-08-13,Female
NASAW00024051,1972-12-15,Female
NASAW00024052,2004-11-19,Male
NASAW00024053,2001-09-03,Male
NASAW00024054,1967-10-20,Male
NASAW00024055,2005-12-28,Male
NASAW00024056,1950-06-24,Male
NASAW00024057,1979-10-30,Female
NASAW00024058,1983-09-19,Male
NASAW00024059,1992-01-10,Female
NASAW00024060,1972-06-15,Male
NASAW00024061,1992-11-09,Female
NASAW00024062,2000-03-15,Female
NASAW00024063,1958-08-30,Female
NASAW00024064,1951-10-25,Male
NASAW00024065,2001-11-13,M
NASAW00024066,1992-04-14,Male
NASAW00024067,1979-05-01,Female
NASAW00024068,1948-12-04,Male
NASAW00024069,1961-05-22,Male
NASAW00024070,1971-07-29,Male
NASAW00024071,2002-02-28,Female
NASAW00024072,1999-12-13,Male
NASAW00024073,1990-11-09,Male
NASAW00024074,1979-01-26,Male
NASAW00024075,1973-01-06,Male
NASAW00024076,1982-05-12,Female
NASAW00024077,1993-12-16,Female
NASAW00024078,1987-03-23,Male
NASAW00024079,1958-03-27,Female
NASAW00024080,1976-04-28,Male
NASAW00024081,2006-04-21,Male
NASAW00024082,1992-02-01,Female
NASAW00024083,1968-11-14,Male
NASAW00024084,1986-05-09,Male
NASAW00024085,2002-08-14,Female
NASAW00024086,1960-05-22,Female
NASAW00024087,1947-02-25,Male
NASAW00024088,1976-01-18,Male
NASAW00024089,1983-03-10,Male
NASAW00024090,1967-08-30,Male
NASAW00024091,1964-12-13,Male
NASAW00024092,1989-10-28,Female
NASAW00024093,1985-10-30,Female
NASAW00024094,1977-01-05,Male
NASAW00024095,1960-04-25,Male
NASAW00024096,1971-04-06,Male
NASAW00024097,1959-01-19,
NASAW00024098,1961-02-21,Male
NASAW00024099,1976-12-27,Male
NASAW00024100,1949-04-08,Female
NASAW00024101,1957-06-11,Female
NASAW00024102,1980-03-18,Male
NASAW00024103,1959-03-03,Female
NASAW00024104,1959-12-01,Male
NASAW00024105,1974-05-24,Female
NASAW00024106,1965-06-15,Male
NASAW00024107,1969-12-28,Male
NASAW00024108,1965-10-14,Female
NASAW00024109,1966-05-29,Male
NASAW00024110,1977-10-12,Male
NASAW00024111,1988-08-19,Female
NASAW00024112,1958-08-20,Male
NASAW00024113,1995-05-06,Female
NASAW00024114,1971-07-13,Male
NASAW00024115,1988-03-24,Female
NASAW00024116,1968-01-18,Female
NASAW00024117,1958-11-07,Female
NASAW00024118,1992-01-23,Female
NASAW00024119,1947-05-12,Female
NASAW00024120,1953-08-13,Female
NASAW00024121,2003-10-18,Male
NASAW00024122,1998-01-01,Female
NASAW00024123,1946-10-29,Male
NASAW00024124,1969-06-09,Female
NASAW00024125,2004-04-13,Male
NASAW00024126,1973-04-04,Male
NASAW00024127,1963-12-20,Male
NASAW00024128,1954-05-27,Male
NASAW00024129,1988-05-11,Female
NASAW00024130,1987-03-20,Male
NASAW00024131,1995-12-17,Male
NASAW00024132,1987-04-26,Female
NASAW00024133,1945-11-20,female
NASAW00024134,1967-12-27,Female
NASAW00024135,1992-07-18,Female
NASAW00024136,1963-09-03,Female
NASAW00024137,1998-09-23,Female
NASAW00024138,1945-06-10,Male
NASAW00024139,1980-04-29,Male
NASAW00024140,1971-03-20,Female
NASAW00024141,1968-08-16,Male
NASAW00024142,1995-02-03,Male
NASAW00024143,1962-04-24,Male
NASAW00024144,1989-12-15,Female
NASAW00024145,1956-11-29,Female
NASAW00024146,1945-06-05,Male
NASAW00024147,1977-09-30,Male
NASAW00024148,1957-04-08,Female
NASAW00024149,1988-05-06,Female
NASAW00024150,1956-11-17,Female
NASAW00024151,1982-07-27,Male
NASAW00024152,1964-06-21,Male
NASAW00024153,1983-05-05,Female
NASAW00024154,1991-12-11,Female
NASAW00024155,1958-05-30,Male
NASAW00024156,1967-04-18,Female
NASAW00024157,1979-08-02,Male
NASAW00024158,1999-09-17,Male
NASAW00024159,2000-01-08,Male
NASAW00024160,2000-12-29,Female
NASAW00024161,,Male
NASAW00024162,1980-08-18,Female
NASAW00024163,1961-11-20,Female
NASAW00024164,1966-03-29,Male
NASAW00024165,1953-05-06,Female
NASAW00024166,1972-04-29,Female
NASAW00024167,1969-06-07,Male
NASAW00024168,2005-04-14,Female
NASAW00024169,1986-07-23,
NASAW00024170,1997-10-17,Male
NASAW00024171,1996-09-01,Female
NASAW00024172,1992-11-28,Female
NASAW00024173,1977-09-17,Female
NASAW00024174,1975-03-07,Female
NASAW00024175,1965-11-27,Male
NASAW00024176,1947-10-24,Female
NASAW00024177,1946-11-27,Male
NASAW00024178,1981-01-07,Male
NASAW00024179,1949-08-05,Male
NASAW00024180,1971-04-27,Female
NASAW00024181,1973-02-24,Female
NASAW00024182,1964-04-02,
NASAW00024183,1959-06-30,Female
NASAW00024184,2004-05-15,Male
NASAW00024185,2005-10-11,Male
NASAW00024186,1979-09-27,Female
NASAW00024187,1961-03-30,Male
NASAW00024188,1972-08-26,Male
NASAW00024189,1947-11-17,Female
NASAW00024190,1984-06-11,Female
NASAW00024191,1985-04-22,Male
NASAW00024192,1958-01-17,Female
NASAW00024193,1959-05-04,Male
NASAW00024194,1994-08-20,Male
NASAW00024195,1959-12-01,Female
NASAW00024196,2003-03-08,Male
NASAW00024197,2001-01-11,Male
NASAW00024198,2002-04-03,Male
NASAW00024199,1976-03-11,Female
NASAW00024200,1978-01-03,Male
NASAW00024201,1950-07-16,Female
NASAW00024202,1964-03-30,Female
NASAW00024203,1963-03-26,Female
NASAW00024204,1978-01-20,Female
NASAW00024205,1946-12-16,Male
NASAW00024206,1984-01-17,Female
NASAW00024207,1967-11-26,Male
NASAW00024208,1969-04-24,Male
NASAW00024209,1945-06-06,Female
NASAW00024210,1948-04-01,Female
NASAW00024211,1981-10-23,Male
NASAW00024212,1956-01-15,Female
NASAW00024213,1973-01-09,Male
NASAW00024214,1984-11-18,Female
NASAW00024215,1959-04-05,Male
NASAW00024216,1960-10-31,Female
NASAW00024217,1972-05-29,Male
NASAW00024218,1968-12-27,Female
NASAW00024219,1996-08-26,Male
NASAW00024220,1978-08-18,Female
NASAW00024221,2006-11-15,Female
NASAW00024222,1981-08-04,Female
NASAW00024223,1969-10-01,Female
NASAW00024224,1990-08-23,Female
NASAW00024225,1995-04-08,Male
NASAW00024226,2004-10-28,Male
NASAW00024227,1950-05-15,Female
NASAW00024228,1961-10-28,Male
NASAW00024229,1976-10-24,Male
NASAW00024230,1983-08-05,Female
NASAW00024231,1986-03-26,Female
NASAW00024232,1962-07-02,Male
NASAW00024233,2001-12-26,Female
NASAW00024234,1965-02-18,Female
NASAW00024235,1950-07-01,Male
NASAW00024236,1976-06-02,Male
NASAW00024237,1949-03-12,Male
NASAW00024238,1953-12-08,Female
NASAW00024239,1989-05-04,Male
NASAW00024240,1988-02-03,Male
NASAW00024241,1984-04-12,Male
NASAW00024242,1985-03-08,Female
NASAW00024243,1954-03-16,Male
NASAW00024244,1974-03-25,
NASAW00024245,1971-07-11,Female
NASAW00024246,1959-02-10,Male
NASAW00024247,2006-09-07,Male
NASAW00024248,1988-09-12,Female
NASAW00024249,1986-06-09,Male
NASAW00024250,1984-05-01,female
NASAW00024251,1976-03-13,Male
NASAW00024252,1980-07-20,Male
NASAW00024253,1996-07-18,Female
NASAW00024254,1982-10-09,Female
NASAW00024255,1956-04-25,Male
NASAW00024256,1970-05-15,Female
NASAW00024257,1990-12-20,Male
NASAW00024258,2006-03-11,Male
NASAW00024259,1980-01-23,Male
NASAW00024260,1973-09-25,Female
NASAW00024261,1947-12-12,Male
NASAW00024262,1980-03-31,Male
NASAW00024263,1968-02-03,male
NASAW00024264,1987-04-13,Male
NASAW00024265,1958-11-19,Male
NASAW00024266,1983-10-03,Female
NASAW00024267,1981-06-03,Female
NASAW00024268,2003-11-08,Female
NASAW00024269,2001-12-18,Male
NASAW00024270,2001-04-09,Male
NASAW00024271,1981-12-14,Female
NASAW00024272,1964-11-07,Male
NASAW00024273,1989-11-28,Male
NASAW00024274,1986-11-03,Male
NASAW00024275,1977-10-23,Male
NASAW00024276,1966-07-06,Male
NASAW00024277,1974-11-14,Male
NASAW00024278,1955-05-21,Female
NASAW00024279,1995-01-20,Female
NASAW00024280,1971-08-12,Female
NASAW00024281,1956-12-19,Female
NASAW00024282,1955-09-10,Male
NASAW00024283,1976-03-15,Female
NASAW00024284,1945-10-03,Male
NASAW00024285,2000-11-19,Male
NASAW00024286,1995-06-07,Female
NASAW00024287,1968-12-12,Male
NASAW00024288,1962-02-18,Female
NASAW00024289,2003-11-02,Female
NASAW00024290,1995-05-12,Male
NASAW00024291,1980-10-23,Female
NASAW00024292,1947-03-29,female
NASAW00024293,1961-10-14,Female
NASAW00024294,1950-08-24,Female
NASAW00024295,1997-09-12,Female
NASAW00024296,1977-08-03,Male
NASAW00024297,1987-08-01,Female
NASAW00024298,1997-10-01,Male
NASAW00024299,1960-06-28,Male
NASAW00024300,1968-12-18,Female
NASAW00024301,1974-12-27,Male
NASAW00024302,2005-01-09,Female
NASAW00024303,1982-12-17,Male
NASAW00024304,1962-09-16,Female
NASAW00024305,1953-01-01,Female
NASAW00024306,1951-11-27,Female
NASAW00024307,1975-02-02,Male
NASAW00024308,1956-06-10,Female
NASAW00024309,1985-05-05,female
NASAW00024310,1990-10-05,Male
NASAW00024311,1954-08-15,Male
NASAW00024312,1960-01-22,Female
NASAW00024313,1951-06-28,Female
NASAW00024314,1948-11-28,Female
NASAW00024315,1967-02-04,Female
NASAW00024316,1994-09-08,Male
NASAW00024317,1957-03-07,Male
NASAW00024318,1988-09-27,Male
NASAW00024319,1945-09-29,Male
NASAW00024320,1974-01-13,Male
NASAW00024321,1974-07-31,Male
NASAW00024322,1994-01-11,Male
NASAW00024323,1962-04-12,Male
NASAW00024324,1975-07-01,Male
NASAW00024325,1949-04-30,Male
NASAW00024326,1975-08-14,Female
NASAW00024327,1998-01-19,Male
NASAW00024328,1954-06-25,Male
NASAW00024329,1953-09-21,Female
NASAW00024330,1995-12-30,Male
NASAW00024331,1957-04-20,Male
NASAW00024332,1959-06-04,Female
NASAW00024333,1983-08-05,Female
NASAW00024334,1968-03-04,Male
NASAW00024335,1958-05-16,Female
NASAW00024336,1995-10-12,Male
NASAW00024337,1980-07-29,Male
NASAW00024338,1986-01-02,Female
NASAW00024339,2000-10-17,Female
NASAW00024340,1997-06-19,Female
NASAW00024341,1998-09-22,Male
NASAW00024342,1979-11-18,male
NASAW00024343,1958-05-03,Female
NASAW00024344,1952-02-03,Female
NASAW00024345,1983-10-28,Female
NASAW00024346,1989-06-13,Male
NASAW00024347,1982-08-23,Female
NASAW00024348,1990-12-17,Male
NASAW00024349,1947-01-14,Female
NASAW00024350,1950-02-22,Female
NASAW00024351,1971-01-30,Female
NASAW00024352,1969-04-14,Female
NASAW00024353,1957-12-08,Female
NASAW00024354,1962-01-18,Male
NASAW00024355,1956-05-27,Male
NASAW00024356,1987-04-29,Female
NASAW00024357,1994-07-30,Female
NASAW00024358,1967-11-07,Male
NASAW00024359,1982-01-27,Male
NASAW00024360,2005-01-24,Female
NASAW00024361,1977-07-28,Female
NASAW00024362,1993-10-24,Male
NASAW00024363,2006-09-16,Male
NASAW00024364,1996-09-24,Male
NASAW00024365,1991-06-25,Female
NASAW00024366,2001-11-01,Female
NASAW00024367,1957-08-18,Female
NASAW00024368,1991-03-15,Male
NASAW00024369,1997-11-21,Female
NASAW00024370,1999-11-25,Female
NASAW00024371,2000-01-07,Female
NASAW00024372,2004-08-06,Female
NASAW00024373,1957-09-30,Female
NASAW00024374,2006-10-03,Male
NASAW00024375,1982-03-04,Male
NASAW00024376,1960-08-12,Male
NASAW00024377,1967-10-26,Male
NASAW00024378,1999-12-31,Female
NASAW00024379,1975-06-08,Female
NASAW00024380,1995-05-02,Male
NASAW00024381,1959-06-12,Male
NASAW00024382,1991-02-09,
NASAW00024383,1985-10-06,Male
NASAW00024384,1982-09-22,Female
NASAW00024385,1977-07-22,Male
NASAW00024386,1956-12-24,Female
NASAW00024387,1968-12-30,Female
NASAW00024388,2004-11-01,Male
NASAW00024389,2002-08-24,Male
NASAW00024390,2000-09-27,Male
NASAW00024391,1961-09-17,Male
NASAW00024392,1992-06-03,Female
NASAW00024393,1987-01-18,Male
NASAW00024394,1983-02-02,Female
NASAW00024395,1968-01-22,Male
NASAW00024396,1949-08-23,Male
NASAW00024397,1952-02-18,Male
NASAW00024398,1971-06-29,Female
NASAW00024399,1990-09-10,Female
NASAW00024400,1995-01-17,Male
NASAW00024401,1952-08-15,Female
NASAW00024402,1987-01-21,Female
NASAW00024403,2002-10-23,Female
NASAW00024404,1957-10-13,Male
NASAW00024405,1998-01-24,Male
NASAW00024406,1957-01-06,Female
NASAW00024407,1989-03-10,Male
NASAW00024408,1985-11-28,Female
NASAW00024409,1985-01-02,Male
NASAW00024410,1959-10-16,Female
NASAW00024411,1961-10-01,Female
NASAW00024412,1992-03-21,Male
NASAW00024413,1965-05-23,Male
NASAW00024414,1992-08-29,Female
NASAW00024415,1992-12-05,Female
NASAW00024416,1960-10-27,Male
NASAW00024417,2004-11-08,Female
NASAW00024418,2006-09-24,Male
NASAW00024419,1978-01-23,Female
NASAW00024420,1985-02-09,Male
NASAW00024421,1979-05-23,Male
NASAW00024422,2006-03-25,Female
NASAW00024423,1966-08-27,Male
NASAW00024424,1958-06-24,Female
NASAW00024425,1972-11-09,Female
NASAW00024426,2004-09-04,Female
NASAW00024427,1998-02-12,Female
NASAW00024428,1984-12-07,Male
NASAW00024429,1991-08-21,Female
NASAW00024430,1964-04-24,Male
NASAW00024431,1965-03-04,Female
NASAW00024432,2000-06-24,Female
NASAW00024433,1997-07-21,Male
NASAW00024434,1955-04-19,Female
NASAW00024435,1984-04-25,Female
NASAW00024436,2001-07-21,Female
NASAW00024437,1986-04-29,Female
NASAW00024438,1996-03-22,Female
NASAW00024439,2005-07-13,Female
NASAW00024440,1976-09-04,Female
NASAW00024441,2005-11-30,Male
NASAW00024442,1987-12-12,Male
NASAW00024443,1957-02-15,male
NASAW00024444,2002-11-06,Male
NASAW00024445,1953-09-28,Male
NASAW00024446,1990-04-10,Female
NASAW00024447,1998-06-26,Male
NASAW00024448,1973-09-08,Female
NASAW00024449,1974-01-04,Male
NASAW00024450,1967-09-25,Male
NASAW00024451,1995-09-11,Female
NASAW00024452,1953-10-22,Male
NASAW00024453,2004-07-21,Male
NASAW00024454,1968-10-16,Female
NASAW00024455,1991-03-11,Male
NASAW00024456,1969-06-26,Male
NASAW00024457,1988-05-27,Female
NASAW00024458,1997-11-08,Female
NASAW00024459,1976-05-12,Male
NASAW00024460,2000-07-19,Male
NASAW00024461,1949-01-10,Female
NASAW00024462,1955-04-26,Female
NASAW00024463,1958-12-07,Male
NASAW00024464,1961-02-25,Female
NASAW00024465,1963-06-15,Male
NASAW00024466,1974-05-22,Female
NASAW00024467,1986-07-26,Female
NASAW00024468,2005-12-29,Female
NASAW00024469,1964-01-30,Male
NASAW00024470,1979-10-24,Female
NASAW00024471,1992-09-24,Female
NASAW00024472,1949-04-25,Male
NASAW00024473,1945-10-25,Female
NASAW00024474,1998-10-06,Male
NASAW00024475,1987-03-13,Male
NASAW00024476,2001-06-25,Male
NASAW00024477,1990-10-03,
NASAW00024478,1982-01-18,Male
NASAW00024479,1988-03-09,Female
NASAW00024480,1980-04-06,Female
NASAW00024481,1999-03-18,Female
NASAW00024482,1987-07-30,Male
NASAW00024483,1986-03-22,Male
NASAW00024484,1971-01-02,Female
NASAW00024485,1979-12-30,Male
NASAW00024486,1949-07-11,Female
NASAW00024487,1962-09-11,Female
NASAW00024488,1957-12-15,Female
NASAW00024489,1992-09-24,Female
NASAW00024490,1988-12-04,Male
NASAW00024491,1987-07-30,Male
NASAW00024492,1949-12-20,Male
NASAW00024493,1991-11-20,Female
NASAW00024494,1986-05-20,Female
NASAW00024495,1982-04-02,Male
NASAW00024496,1961-06-16,Male
NASAW00024497,1968-05-09,Male
NASAW00024498,2003-11-17,Male
NASAW00024499,1954-08-18,Female
NASAW00024500,1960-10-17,Female
NASAW00024501,1974-12-11,Female
NASAW00024502,1967-12-09,Male
NASAW00024503,1997-04-23,Female
NASAW00024504,1980-04-12,Female
NASAW00024505,1964-07-13,Male
NASAW00024506,2003-06-28,Female
NASAW00024507,1958-01-07,Male
NASAW00024508,1949-10-30,Male
NASAW00024509,1979-11-20,Female
NASAW00024510,1990-10-17,Male
NASAW00024511,1971-12-16,Male
NASAW00024512,1953-02-10,Female
NASAW00024513,1962-07-14,Female
NASAW00024514,2001-09-06,Male
NASAW00024515,1999-03-22,Male
NASAW00024516,1988-04-23,Male
NASAW00024517,1998-06-11,Female
NASAW00024518,1984-07-14,Male
NASAW00024519,1975-01-09,Male
NASAW00024520,1987-07-18,Male
NASAW00024521,1997-09-26,Female
NASAW00024522,1999-08-21,Male
NASAW00024523,1974-03-21,Male
NASAW00024524,1987-11-28,female
NASAW00024525,1956-06-03,Male
NASAW00024526,1954-05-30,Male
NASAW00024527,1980-02-02,Male
NASAW00024528,1987-04-03,Female
NASAW00024529,1946-10-08,Male
NASAW00024530,1983-12-27,Female
NASAW00024531,1951-10-18,Female
NASAW00024532,1952-07-02,Male
NASAW00024533,1992-03-20,Female
NASAW00024534,1950-08-31,Female
NASAW00024535,1982-02-11,Female
NASAW00024536,1984-02-04,Female
NASAW00024537,1975-02-22,Male
NASAW00024538,1958-12-02,Female
NASAW00024539,1977-06-08,Female
NASAW00024540,1994-12-01,Male
NASAW00024541,1984-03-22,Male
NASAW00024542,1958-04-07,Male
NASAW00024543,1999-07-31,Male
NASAW00024544,1977-01-05,Female
NASAW00024545,1992-04-17,Male
NASAW00024546,1978-08-09,Male
NASAW00024547,1976-06-20,Female
NASAW00024548,1971-12-11,Male
NASAW00024549,1981-10-31,Female
NASAW00024550,1989-10-02,Female
NASAW00024551,2005-08-21,Male
NASAW00024552,1985-10-22,Male
NASAW00024553,1954-03-20,Male
NASAW00024554,1994-05-26,Male
NASAW00024555,1992-03-21,Female
NASAW00024556,1973-05-11,Female
NASAW00024557,1976-06-16,Female
NASAW00024558,1993-09-16,Male
NASAW00024559,1973-09-18,Male
NASAW00024560,1945-02-19,Female
NASAW00024561,1988-08-24,Female
NASAW00024562,1967-10-04,Male
NASAW00024563,1997-10-11,Female
NASAW00024564,1978-10-26,Female
NASAW00024565,2001-11-17,Female
NASAW00024566,1966-09-25,Male
NASAW00024567,1971-12-12,Female
NASAW00024568,1969-10-22,Female
NASAW00024569,1965-07-14,Female
NASAW00024570,1996-10-12,Male
NASAW00024571,1959-01-06,Female
NASAW00024572,1960-04-11,Male
NASAW00024573,1975-12-12,Female
NASAW00024574,1988-07-03,Female
NASAW00024575,1966-12-21,Female
NASAW00024576,1949-07-06,Male
NASAW00024577,1955-05-07,Male
NASAW00024578,1973-08-31,Male
NASAW00024579,1967-08-27,Female
NASAW00024580,1947-05-16,Female
NASAW00024581,1959-09-13,Female
NASAW00024582,1976-11-19,Female
NASAW00024583,1985-06-14,Female
NASAW00024584,1978-11-18,male
NASAW00024585,1973-06-13,Male
NASAW00024586,1984-05-23,Female
NASAW00024587,1965-10-20,Female
NASAW00024588,1963-05-23,Female
NASAW00024589,1992-01-04,Female
NASAW00024590,1990-05-24,Female
NASAW00024591,2003-09-23,Female
NASAW00024592,1955-06-14,Female
NASAW00024593,1968-07-18,Female
NASAW00024594,1950-10-16,Male
NASAW00024595,1995-08-24,Female
NASAW00024596,1987-12-19,Female
NASAW00024597,1988-05-14,Female
NASAW00024598,2002-06-09,Male
NASAW00024599,1964-12-10,Female
NASAW00024600,1984-11-13,Male
NASAW00024601,2000-09-12,Female
NASAW00024602,1974-10-18,Male
NASAW00024603,1956-05-19,Male
NASAW00024604,2002-05-08,Male
NASAW00024605,1974-01-15,Female
NASAW00024606,1970-09-20,Male
NASAW00024607,1984-04-23,Female
NASAW00024608,1994-05-23,Male
NASAW00024609,1973-12-08,Male
NASAW00024610,1996-04-14,Female
NASAW00024611,1961-08-03,Male
NASAW00024612,2004-01-03,Female
NASAW00024613,1954-04-03,Male
NASAW00024614,1999-09-25,Male
NASAW00024615,1981-06-18,Male
NASAW00024616,1978-05-13,Male
NASAW00024617,1978-01-20,Female
NASAW00024618,1973-02-24,Male
NASAW00024619,1996-03-02,Male
NASAW00024620,1990-03-13,Male
NASAW00024621,1998-04-30,Male
NASAW00024622,1992-02-18,Female
NASAW00024623,2001-06-13,Female
NASAW00024624,1990-03-29,Male
NASAW00024625,1987-09-18,Female
NASAW00024626,1983-02-14,Female
NASAW00024627,1985-11-17,Male
NASAW00024628,1984-03-27,Female
NASAW00024629,1947-06-12,Female
NASAW00024630,1990-02-24,Female
NASAW00024631,1945-12-31,Male
NASAW00024632,2006-07-22,Female
NASAW00024633,1977-08-21,Female
NASAW00024634,1957-08-09,Male
NASAW00024635,1999-09-16,Male
NASAW00024636,2006-07-27,Female
NASAW00024637,1999-12-03,Male
NASAW00024638,2006-11-18,Female
NASAW00024639,1976-11-29,Male
NASAW00024640,1976-01-04,Male
NASAW00024641,1946-05-30,Female
NASAW00024642,2005-03-04,Female
NASAW00024643,1983-03-01,Male
NASAW00024644,1986-03-01,Male
NASAW00024645,1997-05-26,Female
NASAW00024646,1959-10-08,Female
NASAW00024647,1994-09-01,Female
NASAW00024648,2005-03-01,male
NASAW00024649,,Male
NASAW00024650,1989-05-25,Female
NASAW00024651,1962-12-27,Male
NASAW00024652,1977-09-16,Female
NASAW00024653,1975-05-23,Female
NASAW00024654,1957-09-25,Male
NASAW00024655,2000-07-21,Male
NASAW00024656,1985-09-06,Male
NASAW00024657,1976-04-30,Male
NASAW00024658,1949-01-29,Female
NASAW00024659,1985-03-26,Male
NASAW00024660,1992-12-22,Female
NASAW00024661,1994-02-13,Female
NASAW00024662,1947-07-10,Male
NASAW00024663,1988-05-18,Female
NASAW00024664,1965-02-17,Male
NASAW00024665,1955-01-07,Male
NASAW00024666,1972-10-29,Female
NASAW00024667,1954-04-13,Male
NASAW00024668,1983-03-25,Male
NASAW00024669,1992-06-23,Male
NASAW00024670,1947-12-29,Female
NASAW00024671,2006-04-26,Male
NASAW00024672,1983-02-19,Male
NASAW00024673,1982-12-26,Male
NASAW00024674,1993-01-23,Female
NASAW00024675,2004-10-24,Female
NASAW00024676,1987-08-07,Female
NASAW00024677,1995-08-12,Male
NASAW00024678,1974-05-08,Male
NASAW00024679,1973-07-28,Female
NASAW00024680,1988-03-10,Male
NASAW00024681,1976-09-28,Female
NASAW00024682,1948-07-05,Male
NASAW00024683,1947-04-26,Female
NASAW00024684,1974-03-10,Male
NASAW00024685,1963-12-14,Female
NASAW00024686,1977-04-12,Male
NASAW00024687,1949-03-03,Male
NASAW00024688,1970-11-07,Male
NASAW00024689,1970-09-07,Male
NASAW00024690,1986-11-21,Female
NASAW00024691,1997-01-08,Female
NASAW00024692,1979-01-01,female
NASAW00024693,1955-09-01,Male
NASAW00024694,1952-09-18,Female
NASAW00024695,2001-06-29,Female
NASAW00024696,1953-01-06,Female
NASAW00024697,1946-06-30,Female
NASAW00024698,2004-07-13,Male
NASAW00024699,1948-10-11,Female
NASAW00024700,1975-02-13,Male
NASAW00024701,2002-06-26,Male
NASAW00024702,1956-09-03,Male
NASAW00024703,1981-06-09,Male
NASAW00024704,2003-05-22,Female
NASAW00024705,2000-12-19,Female
NASAW00024706,2003-03-28,Male
NASAW00024707,2005-10-21,Female
NASAW00024708,1963-12-12,Female
NASAW00024709,1971-04-12,Male
NASAW00024710,1972-04-23,Male
NASAW00024711,1988-06-20,female
NASAW00024712,1964-10-27,Male
NASAW00024713,1971-08-18,Male
NASAW00024714,1968-05-20,Female
NASAW00024715,1981-01-04,Male
NASAW00024716,1948-08-24,Female
NASAW00024717,1977-01-10,Male
NASAW00024718,1969-07-07,Female
NASAW00024719,1989-06-25,Female
NASAW00024720,1954-05-17,Female
NASAW00024721,1954-10-28,Male
NASAW00024722,1995-08-28,Female
NASAW00024723,1963-11-29,Male
NASAW00024724,1997-12-06,Male
NASAW00024725,1980-09-15,Male
NASAW00024726,1964-12-30,Male
NASAW00024727,2001-03-23,Female
NASAW00024728,1999-01-28,Male
NASAW00024729,1994-04-20,Male
NASAW00024730,1954-01-28,Female
NASAW00024731,1968-06-05,Female
NASAW00024732,1958-10-08,Male
NASAW00024733,1955-01-09,Female
NASAW00024734,1964-08-26,Male
NASAW00024735,1984-08-06,Female
NASAW00024736,1980-05-29,Male
NASAW00024737,1997-05-24,Female
NASAW00024738,2002-04-26,Female
NASAW00024739,1988-10-22,Male
NASAW00024740,1994-10-29,Female
NASAW00024741,1955-09-29,Male
NASAW00024742,2003-07-01,Female
NASAW00024743,1989-07-03,Female
NASAW00024744,1948-04-21,Male
NASAW00024745,1979-05-01,Male
NASAW00024746,1968-10-12,Female
NASAW00024747,1985-03-05,Female
NASAW00024748,1974-11-15,M
NASAW00024749,1968-07-20,Female
NASAW00024750,1961-08-18,Female
NASAW00024751,1975-12-15,Male
NASAW00024752,1998-10-17,Female
NASAW00024753,1998-06-23,Female
NASAW00024754,1968-01-20,Male
NASAW00024755,1964-08-31,Female
NASAW00024756,1995-01-13,Female
NASAW00024757,1983-06-14,Male
NASAW00024758,1994-02-16,Female
NASAW00024759,1967-02-13,Female
NASAW00024760,1959-10-14,Male
NASAW00024761,1987-08-21,Male
NASAW00024762,1988-08-03,Male
NASAW00024763,1972-11-25,Female
NASAW00024764,1945-04-22,Female
NASAW00024765,1956-02-15,Male
NASAW00024766,1970-05-04,Female
NASAW00024767,1975-08-21,Male
NASAW00024768,1957-11-12,Female
NASAW00024769,1958-09-05,Male
NASAW00024770,1992-11-07,Male
NASAW00024771,2006-09-20,Male
NASAW00024772,1945-10-19,Female
NASAW00024773,1969-07-05,Female
NASAW00024774,1957-09-07,Female
NASAW00024775,1945-08-06,Male
NASAW00024776,1990-10-21,Male
NASAW00024777,1946-03-10,Female
NASAW00024778,1951-06-12,Male
NASAW00024779,1963-06-10,Male
NASAW00024780,2003-11-27,Female
NASAW00024781,1992-07-03,Male
NASAW00024782,1958-08-03,Male
NASAW00024783,1985-06-28,Male
NASAW00024784,1981-09-25,Female
NASAW00024785,1983-07-16,Female
NASAW00024786,2000-02-14,Male
NASAW00024787,1997-02-03,Female
NASAW00024788,1979-07-11,Female
NASAW00024789,2002-06-07,Female
NASAW00024790,1997-05-10,Female
NASAW00024791,1969-02-01,Male
NASAW00024792,1951-07-18,Female
NASAW00024793,1976-02-04,Female
NASAW00024794,1959-02-01,Female
NASAW00024795,1981-09-06,Male
NASAW00024796,2006-08-12,Female
NASAW00024797,2003-03-28,Female
NASAW00024798,2002-12-21,Male
NASAW00024799,1947-11-07,Female
NASAW00024800,1956-01-28,Male
NASAW00024801,1954-08-18,Male
NASAW00024802,1975-08-23,Male
NASAW00024803,1963-08-10,Male
NASAW00024804,1961-12-29,Female
NASAW00024805,2004-08-21,Male
NASAW00024806,1990-12-11,F
NASAW00024807,1981-02-20,Male
NASAW00024808,1959-02-18,Male
NASAW00024809,1993-03-30,Male
NASAW00024810,1998-07-24,Female
NASAW00024811,1962-05-27,Female
NASAW00024812,1969-10-06,Male
NASAW00024813,1995-07-18,Male
NASAW00024814,1977-04-02,Female
NASAW00024815,1952-10-08,Male
NASAW00024816,1946-12-06,Female
NASAW00024817,1946-02-08,Male
NASAW00024818,1966-02-22,Female
NASAW00024819,1950-05-08,Male
NASAW00024820,1957-08-31,Male
NASAW00024821,1957-11-17,Female
NASAW00024822,1994-07-17,Male
NASAW00024823,1957-12-22,Female
NASAW00024824,1954-05-26,Male
NASAW00024825,1983-03-30,Male
NASAW00024826,1966-12-15,Female
NASAW00024827,1956-04-01,Female
NASAW00024828,1947-12-23,Female
NASAW00024829,2000-01-17,Female
NASAW00024830,2003-06-17,Female
NASAW00024831,2000-03-09,Male
NASAW00024832,1948-05-02,Female
NASAW00024833,2002-08-25,Female
NASAW00024834,1992-08-20,Female
NASAW00024835,1949-06-14,Male
NASAW00024836,1982-07-27,Female
NASAW00024837,1994-12-26,Male
NASAW00024838,1955-03-16,Female
NASAW00024839,1965-04-12,Male
NASAW00024840,1949-11-02,Female
NASAW00024841,1952-06-04,Male
NASAW00024842,1996-11-27,male
NASAW00024843,1945-11-25,Male
NASAW00024844,1947-05-08,Female
NASAW00024845,2004-08-28,Female
NASAW00024846,1948-07-20,Male
NASAW00024847,2003-06-29,Female
NASAW00024848,1970-08-10,Female
NASAW00024849,2003-08-11,Male
NASAW00024850,1950-08-31,Female
NASAW00024851,1965-06-29,Female
NASAW00024852,1960-08-15,Male
NASAW00024853,1960-07-07,Female
NASAW00024854,2005-03-01,Female
NASAW00024855,1967-12-18,M
NASAW00024856,1998-03-04,Male
NASAW00024857,1994-05-28,Female
NASAW00024858,1988-11-24,Female
NASAW00024859,1971-03-02,Male
NASAW00024860,1990-05-21,Female
NASAW00024861,1977-05-22,Female
NASAW00024862,1993-12-28,Female
NASAW00024863,2001-06-12,Male
NASAW00024864,1969-03-10,Male
NASAW00024865,1980-11-13,Male
NASAW00024866,1987-11-21,Female
NASAW00024867,2002-04-15,Male
NASAW00024868,1970-02-18,Female
NASAW00024869,1993-10-26,Female
NASAW00024870,1977-05-17,
NASAW00024871,1989-11-03,Male
NASAW00024872,2000-05-12,Male
NASAW00024873,1955-05-15,Male
NASAW00024874,1953-07-10,Male
NASAW00024875,1965-05-15,Male
NASAW00024876,1970-05-15,Male
NASAW00024877,1954-11-14,Female
NASAW00024878,2005-05-29,Female
NASAW00024879,1968-09-28,Male
NASAW00024880,1952-06-25,Male
NASAW00024881,1953-02-17,Male
NASAW00024882,1963-09-25,Male
NASAW00024883,1984-01-03,Male
NASAW00024884,1979-05-20,Male
NASAW00024885,1951-12-07,Female
NASAW00024886,1956-09-14,Female
NASAW00024887,1965-05-05,Female
NASAW00024888,1953-06-24,Male
NASAW00024889,1962-01-27,Male
NASAW00024890,1987-08-25,Female
NASAW00024891,1955-11-12,Female
NASAW00024892,1973-05-22,Female
NASAW00024893,1949-02-22,Male
NASAW00024894,1999-03-01,Female
NASAW00024895,1947-08-04,Male
NASAW00024896,1945-07-06,Female
NASAW00024897,1982-01-22,Male
NASAW00024898,2002-03-18,Female
NASAW00024899,1965-04-06,Female
NASAW00024900,1952-10-22,Female
NASAW00024901,1966-05-30,Female
NASAW00024902,1954-10-26,Male
NASAW00024903,1958-06-19,Female
NASAW00024904,1987-12-20,Male
NASAW00024905,1980-08-09,Female
NASAW00024906,1946-12-13,Male
NASAW00024907,1962-05-05,Female
NASAW00024908,1984-07-02,Male
NASAW00024909,2004-08-06,Male
NASAW00024910,1977-12-11,Female
NASAW00024911,1975-04-01,Male
NASAW00024912,1989-07-01,Female
NASAW00024913,2005-10-19,Male
NASAW00024914,1980-04-29,Female
NASAW00024915,1992-04-10,Male
NASAW00024916,1980-12-24,Male
NASAW00024917,1953-11-07,Male
NASAW00024918,1973-06-18,Male
NASAW00024919,1953-05-26,Male
NASAW00024920,1968-08-09,Female
NASAW00024921,1989-12-04,Female
NASAW00024922,1972-05-24,Female
NASAW00024923,1964-06-15,Male
NASAW00024924,1984-10-21,Female
NASAW00024925,1968-08-28,Male
NASAW00024926,2006-03-22,Female
NASAW00024927,1972-11-01,Female
NASAW00024928,2003-09-25,Female
NASAW00024929,1987-09-02,Male
NASAW00024930,1962-03-26,Male
NASAW00024931,2003-04-10,Male
NASAW00024932,1989-03-23,Male
NASAW00024933,1986-05-28,Male
NASAW00024934,1963-07-05,Male
NASAW00024935,1955-03-04,Male
NASAW00024936,1985-07-19,Male
NASAW00024937,1953-02-12,Male
NASAW00024938,1985-10-29,Male
NASAW00024939,1973-07-09,Female
NASAW00024940,1977-02-01,Female
NASAW00024941,1968-04-14,Male
NASAW00024942,1996-02-12,Female
NASAW00024943,1971-02-01,Female
NASAW00024944,1950-02-19,Female
NASAW00024945,1994-08-11,Male
NASAW00024946,1971-02-06,Female
NASAW00024947,1970-02-19,Male
NASAW00024948,1972-03-07,Male
NASAW00024949,1955-12-16,Female
NASAW00024950,1973-06-13,Female
NASAW00024951,1984-02-29,Male
NASAW00024952,1956-05-22,Male
NASAW00024953,2002-10-18,Female
NASAW00024954,1956-05-01,Male
NASAW00024955,1982-12-04,Female
NASAW00024956,1980-12-01,Female
NASAW00024957,1953-10-10,Female
NASAW00024958,2000-01-12,Female
NASAW00024959,2006-11-08,Female
NASAW00024960,1958-03-06,Female
NASAW00024961,1970-09-19,Female
NASAW00024962,1961-11-24,Male
NASAW00024963,1953-11-04,Female
NASAW00024964,1997-01-29,Male
NASAW00024965,1983-08-05,M
NASAW00024966,2002-12-02,Male
NASAW00024967,1953-08-16,Male
NASAW00024968,1987-09-09,Male
NASAW00024969,1965-01-28,Female
NASAW00024970,2002-06-27,Male
NASAW00024971,2001-10-07,Male
NASAW00024972,1989-07-13,Male
NASAW00024973,2002-04-29,Female
NASAW00024974,1996-09-24,Female
NASAW00024975,1985-08-18,Male
NASAW00024976,1955-01-01,Male
NASAW00024977,1946-03-25,Female
NASAW00024978,2001-11-17,Female
NASAW00024979,2002-04-21,Female
NASAW00024980,1989-09-15,Female
NASAW00024981,1964-12-30,Female
NASAW00024982,1967-04-22,Female
NASAW00024983,1948-02-03,Female
NASAW00024984,1990-01-13,Male
NASAW00024985,1977-07-20,Male
NASAW00024986,2004-09-23,Female
NASAW00024987,1973-09-09,Male
NASAW00024988,1995-07-23,Male
NASAW00024989,1952-05-30,Male
NASAW00024990,1991-07-03,Female
NASAW00024991,1994-12-22,Female
NASAW00024992,1969-02-07,Female
NASAW00024993,1960-03-05,Female
NASAW00024994,2003-12-18,Male
NASAW00024995,1998-09-26,Male
NASAW00024996,1990-01-20,Female
NASAW00024997,1985-02-04,Female
NASAW00024998,1980-09-22,Female
NASAW00024999,1963-06-09,Male
NASAW00025000,1970-11-03,Male
NASAW00025001,1953-02-09,Female
NASAW00025002,1948-02-29,Female
NASAW00025003,1960-12-04,Male
NASAW00025004,1990-10-20,Male
NASAW00025005,1980-04-29,Male
NASAW00025006,1952-12-27,Male
NASAW00025007,2004-11-27,Female
NASAW00025008,1997-04-07,Male
NASAW00025009,1994-09-27,Male
NASAW00025010,1963-10-24,Male
NASAW00025011,1961-08-19,Female
NASAW00025012,1989-09-17,Male
NASAW00025013,2006-12-01,Male
NASAW00025014,1991-07-28,Female
NASAW00025015,1956-01-23,Female
NASAW00025016,1955-06-03,Female
NASAW00025017,1953-04-01,Male
NASAW00025018,1989-07-28,Female
NASAW00025019,1961-12-03,Female
NASAW00025020,2003-05-14,Female
NASAW00025021,1967-10-28,Male
NASAW00025022,2005-09-01,Male
NASAW00025023,1946-01-24,Male
NASAW00025024,1948-02-11,Male
NASAW00025025,1988-03-02,Female
NASAW00025026,2003-04-09,Male
NASAW00025027,2000-05-29,Female
NASAW00025028,1957-11-15,Female
NASAW00025029,1995-10-31,Female
NASAW00025030,1965-04-18,Male
NASAW00025031,1996-07-23,Female
NASAW00025032,1989-05-09,Male
NASAW00025033,1980-06-21,Male
NASAW00025034,1988-10-31,Female
NASAW00025035,1985-09-19,Male
NASAW00025036,1982-11-20,Male
NASAW00025037,1956-06-15,Male
NASAW00025038,1966-06-23,Male
NASAW00025039,2004-03-09,Male
NASAW00025040,1966-06-23,Male
NASAW00025041,1954-08-05,M
NASAW00025042,1961-11-04,Male
NASAW00025043,1960-12-24,Female
NASAW00025044,1996-09-29,Female
NASAW00025045,1954-04-18,Male
NASAW00025046,1956-04-25,Male
NASAW00025047,1947-12-30,Male
NASAW00025048,1991-12-27,Female
NASAW00025049,1950-04-25,Female
NASAW00025050,1963-08-04,Male
NASAW00025051,1967-04-20,Female
NASAW00025052,1995-05-29,Male
NASAW00025053,1988-01-15,Male
NASAW00025054,1965-03-16,Male
NASAW00025055,1983-01-23,Male
NASAW00025056,1957-08-11,Male
NASAW00025057,1991-04-13,
NASAW00025058,1998-06-23,Male
NASAW00025059,1978-05-30,Male
NASAW00025060,1951-09-08,Female
NASAW00025061,1969-03-21,Male
NASAW00025062,1993-06-22,F
NASAW00025063,2002-03-27,Female
NASAW00025064,1965-10-02,Male
NASAW00025065,1965-01-14,Female
NASAW00025066,1950-06-29,Female
NASAW00025067,1980-07-01,Female
NASAW00025068,1973-02-04,Female
NASAW00025069,1988-10-21,Male
NASAW00025070,1946-05-24,Male
NASAW00025071,1976-12-11,Male
NASAW00025072,1963-05-06,Male
NASAW00025073,2004-11-07,Male
NASAW00025074,2004-11-27,Male
NASAW00025075,1995-08-29,Male
NASAW00025076,1991-06-05,Male
NASAW00025077,1957-03-24,Female
NASAW00025078,1989-02-25,Male
NASAW00025079,1975-07-24,Female
NASAW00025080,1964-08-31,Female
NASAW00025081,1983-03-27,Male
NASAW00025082,1973-10-23,Male
NASAW00025083,1964-05-30,Female
NASAW00025084,1946-06-13,Female
NASAW00025085,2006-02-07,Male
NASAW00025086,2002-11-01,Female
NASAW00025087,1964-02-15,Male
NASAW00025088,1953-02-17,Male
NASAW00025089,1983-08-24,Male
NASAW00025090,1997-12-16,Male
NASAW00025091,1947-04-18,Female
NASAW00025092,1963-06-11,Male
NASAW00025093,1967-12-08,Male
NASAW00025094,1988-10-01,Male
NASAW00025095,1986-11-08,Female
NASAW00025096,1988-07-27,Male
NASAW00025097,1947-06-20,Male
NASAW00025098,1949-07-25,Female
NASAW00025099,1978-04-17,Male
NASAW00025100,1987-10-12,Male
NASAW00025101,1980-02-04,Female
NASAW00025102,1985-04-06,Female
NASAW00025103,1956-05-23,Female
NASAW00025104,1987-11-26,Female
NASAW00025105,1973-10-28,Female
NASAW00025106,1974-06-21,Male
NASAW00025107,1975-01-30,Male
NASAW00025108,1979-07-04,Female
NASAW00025109,2001-01-03,Male
NASAW00025110,1947-03-05,Male
NASAW00025111,1948-01-26,Female
NASAW00025112,1994-03-25,Male
NASAW00025113,1966-01-03,Female
NASAW00025114,1946-01-02,Male
NASAW00025115,1995-12-29,Female
NASAW00025116,1993-05-30,Female
NASAW00025117,1969-11-29,Female
NASAW00025118,1985-01-28,Male
NASAW00025119,1985-02-15,Male
NASAW00025120,1948-01-07,Female
NASAW00025121,1949-12-25,Female
NASAW00025122,1952-08-14,Female
NASAW00025123,2006-12-13,Female
NASAW00025124,1988-06-15,Female
NASAW00025125,1945-11-12,Male
NASAW00025126,1949-05-09,Female
NASAW00025127,2002-12-15,Female
NASAW00025128,1998-12-16,Male
NASAW00025129,1948-03-07,Male
NASAW00025130,1951-06-03,Female
NASAW00025131,2001-04-24,Male
NASAW00025132,1976-04-27,Male
NASAW00025133,1979-10-10,Male
NASAW00025134,1996-03-21,Female
NASAW00025135,1969-05-20,Female
NASAW00025136,1972-10-02,Male
NASAW00025137,1949-05-26,M
NASAW00025138,1948-05-10,female
NASAW00025139,1981-12-29,Female
NASAW00025140,1967-08-08,Female
NASAW00025141,1900-01-01,Female
NASAW00025142,1993-01-15,Female
NASAW00025143,1960-04-15,Male
NASAW00025144,1970-04-22,Male
NASAW00025145,1970-04-21,Male
NASAW00025146,1973-05-17,Male
NASAW00025147,1952-06-17,Male
NASAW00025148,1987-03-19,Male
NASAW00025149,1953-01-01,Male
NASAW00025150,1960-04-23,Male
NASAW00025151,1979-06-16,Female
NASAW00025152,1950-05-17,Male
NASAW00025153,1978-01-11,Male
NASAW00025154,1972-08-28,Female
NASAW00025155,1946-12-07,Male
NASAW00025156,1989-08-12,Female
NASAW00025157,2006-05-06,Female
NASAW00025158,2004-04-30,Male
NASAW00025159,1954-02-09,Male
NASAW00025160,1959-01-09,Male
NASAW00025161,1997-05-22,Female
NASAW00025162,1950-03-13,Female
NASAW00025163,1978-09-17,Female
NASAW00025164,1971-03-31,Female
NASAW00025165,1970-05-18,Male
NASAW00025166,1967-07-19,Male
NASAW00025167,2004-08-06,Male
NASAW00025168,1990-08-15,Male
NASAW00025169,1952-11-24,Male
NASAW00025170,1984-10-29,Female
NASAW00025171,,Female
NASAW00025172,1998-06-11,Male
NASAW00025173,1996-11-17,Female
NASAW00025174,1996-07-23,Female
NASAW00025175,1971-11-09,Female
NASAW00025176,1946-10-18,Female
NASAW00025177,1979-06-30,Female
NASAW00025178,1981-05-08,Male
NASAW00025179,2002-10-23,Female
NASAW00025180,1995-04-03,F
NASAW00025181,1966-11-19,Female
NASAW00025182,1982-07-05,Female
NASAW00025183,1963-06-18,Male
NASAW00025184,1973-11-09,Male
NASAW00025185,1976-06-15,Male
NASAW00025186,1993-04-08,Female
NASAW00025187,1956-05-17,Female
NASAW00025188,1972-07-05,Female
NASAW00025189,1983-10-22,Female
NASAW00025190,1950-02-23,Male
NASAW00025191,1997-10-13,Male
NASAW00025192,1977-09-23,Female
NASAW00025193,1956-04-27,Male
NASAW00025194,1955-02-28,Female
NASAW00025195,1946-05-23,Female
NASAW00025196,1982-09-21,Female
NASAW00025197,1973-07-31,Male
NASAW00025198,2001-05-16,Female
NASAW00025199,1964-01-27,Female
NASAW00025200,1988-07-04,Female
NASAW00025201,1969-11-23,Female
NASAW00025202,1988-03-07,Male
NASAW00025203,1969-05-17,
NASAW00025204,1985-05-25,Female
NASAW00025205,1949-12-21,Female
NASAW00025206,1946-08-22,Female
NASAW00025207,1978-01-23,Female
NASAW00025208,2000-06-01,Female
NASAW00025209,1986-02-12,Male
NASAW00025210,1978-03-19,Male
NASAW00025211,1989-01-06,Female
NASAW00025212,1994-04-22,Female
NASAW00025213,1975-03-22,Female
NASAW00025214,1980-01-09,Female
NASAW00025215,1963-11-21,Female
NASAW00025216,2006-11-21,Male
NASAW00025217,1945-04-16,Female
NASAW00025218,1947-05-15,Female
NASAW00025219,1964-05-12,Female
NASAW00025220,1959-05-28,Female
NASAW00025221,1956-09-24,Male
NASAW00025222,1987-08-07,Female
NASAW00025223,2005-04-24,Female
NASAW00025224,1950-05-27,Female
NASAW00025225,1959-02-20,Female
NASAW00025226,1981-03-01,F
NASAW00025227,1983-01-04,Male
NASAW00025228,2002-01-29,Female
NASAW00025229,1984-01-16,Female
NASAW00025230,1968-09-14,Female
NASAW00025231,1962-08-20,Male
NASAW00025232,1950-01-30,Female
NASAW00025233,1954-03-17,Male
NASAW00025234,1987-11-26,Female
NASAW00025235,2006-01-28,Male
NASAW00025236,1969-12-16,Female
NASAW00025237,1970-10-31,Male
NASAW00025238,1997-08-11,Male
NASAW00025239,2006-01-14,Female
NASAW00025240,1946-12-13,Female
NASAW00025241,1960-07-29,Male
NASAW00025242,1975-11-20,F
NASAW00025243,1999-05-29,Female
NASAW00025244,2000-01-01,Male
NASAW00025245,1988-02-05,Male
NASAW00025246,1963-09-04,Male
NASAW00025247,1946-11-24,Male
NASAW00025248,1964-05-10,Female
NASAW00025249,1996-12-28,Female
NASAW00025250,1988-02-04,Male
NASAW00025251,1983-10-11,Male
NASAW00025252,1970-01-02,Male
NASAW00025253,1994-07-17,female
NASAW00025254,1979-01-13,Female
NASAW00025255,1999-10-19,Male
NASAW00025256,2002-11-08,Female
NASAW00025257,1982-09-23,Male
NASAW00025258,1967-03-09,Male
NASAW00025259,1993-08-30,Female
NASAW00025260,1998-10-16,Female
NASAW00025261,1983-12-30,Female
NASAW00025262,1953-08-09,Male
NASAW00025263,1947-06-20,Male
NASAW00025264,1995-07-02,Male
NASAW00025265,1977-12-19,Female
NASAW00025266,1983-10-12,Female
NASAW00025267,1958-11-01,Female
NASAW00025268,1961-12-12,Male
NASAW00025269,1988-03-19,Female
NASAW00025270,1959-04-08,Female
NASAW00025271,1979-07-14,Female
NASAW00025272,1966-08-26,Female
NASAW00025273,1949-10-26,Male
NASAW00025274,1961-02-01,Female
NASAW00025275,1957-04-05,Male
NASAW00025276,1985-09-22,Male
NASAW00025277,1980-12-23,Male
NASAW00025278,1974-08-10,Male
NASAW00025279,1983-02-01,Male
NASAW00025280,1969-12-07,Female
NASAW00025281,2005-08-11,Male
NASAW00025282,2006-12-28,Female
NASAW00025283,1995-02-04,Female
NASAW00025284,1997-11-10,Female
NASAW00025285,1998-05-04,Male
NASAW00025286,1992-03-29,Female
NASAW00025287,1959-11-15,Female
NASAW00025288,1968-01-26,Female
NASAW00025289,2000-04-25,Female
NASAW00025290,1946-08-14,Male
NASAW00025291,1998-07-18,Female
NASAW00025292,1973-02-15,Female
NASAW00025293,1954-01-01,Female
NASAW00025294,1964-10-10,Male
NASAW00025295,1957-08-17,Male
NASAW00025296,1968-09-03,Male
NASAW00025297,1986-04-15,Male
NASAW00025298,1957-01-30,Female
NASAW00025299,1967-05-16,Male
NASAW00025300,1985-12-12,Male
NASAW00025301,1982-11-22,Male
NASAW00025302,1971-02-12,Male
NASAW00025303,1977-01-30,Male
NASAW00025304,1997-04-03,Male
NASAW00025305,1950-08-30,Male
NASAW00025306,1955-03-19,Female
NASAW00025307,1978-02-20,Male
NASAW00025308,1953-03-22,Female
NASAW00025309,1950-03-01,Male
NASAW00025310,2004-07-30,Female
NASAW00025311,1995-11-21,Female
NASAW00025312,1977-04-01,Male
NASAW00025313,1989-10-30,Male
NASAW00025314,1961-08-03,Female
NASAW00025315,1964-02-14,Male
NASAW00025316,1998-06-07,Male
NASAW00025317,1952-06-26,Male
NASAW00025318,1953-10-07,Female
NASAW00025319,1995-10-02,Male
NASAW00025320,1951-11-20,Male
NASAW00025321,1959-04-17,Female
NASAW00025322,1946-05-25,Female
NASAW00025323,1951-12-10,Female
NASAW00025324,1975-01-09,Female
NASAW00025325,1981-02-21,Female
NASAW00025326,1952-08-17,Female
NASAW00025327,1967-05-23,Male
NASAW00025328,1969-10-30,Male
NASAW00025329,1950-10-03,Male
NASAW00025330,1947-12-03,Female
NASAW00025331,1949-09-20,Female
NASAW00025332,1966-10-01,Male
NASAW00025333,1996-05-02,Female
NASAW00025334,1950-03-20,Male
NASAW00025335,1988-03-27,Male
NASAW00025336,1969-08-02,Female
NASAW00025337,1988-06-27,Female
NASAW00025338,1949-06-17,Female
NASAW00025339,1990-01-28,Female
NASAW00025340,1978-09-26,Female
NASAW00025341,1976-05-24,M
NASAW00025342,1960-03-05,Female
NASAW00025343,1968-05-30,Female
NASAW00025344,1997-12-28,Female
NASAW00025345,1954-11-02,Female
NASAW00025346,1975-04-13,Male
NASAW00025347,1991-06-30,Female
NASAW00025348,1954-10-24,Female
NASAW00025349,1995-05-26,Male
NASAW00025350,1979-05-02,Male
NASAW00025351,1951-10-15,Female
NASAW00025352,1976-10-08,Male
NASAW00025353,1994-12-10,Female
NASAW00025354,1994-03-15,Female
NASAW00025355,1949-03-09,Female
NASAW00025356,1953-03-15,Female
NASAW00025357,1957-04-30,Female
NASAW00025358,1958-01-02,Female
NASAW00025359,2001-06-12,male
NASAW00025360,1950-06-09,Male
NASAW00025361,1950-10-25,Male
NASAW00025362,1965-05-25,Female
NASAW00025363,1960-11-10,Female
NASAW00025364,2000-05-23,Female
NASAW00025365,1948-11-10,Female
NASAW00025366,1950-08-19,Male
NASAW00025367,1971-06-14,Male
NASAW00025368,1984-12-13,Male
NASAW00025369,1984-05-25,Male
NASAW00025370,1983-07-04,Female
NASAW00025371,1964-09-25,Female
NASAW00025372,1958-10-31,Male
NASAW00025373,1998-06-20,Female
NASAW00025374,1980-02-13,Male
NASAW00025375,2006-04-17,Female
NASAW00025376,1955-11-26,Male
NASAW00025377,1973-12-05,
NASAW00025378,1989-05-07,Male
NASAW00025379,2006-09-16,Female
NASAW00025380,1976-03-17,Male
NASAW00025381,1993-03-02,Male
NASAW00025382,1985-04-06,Female
NASAW00025383,1961-01-23,Female
NASAW00025384,1977-07-13,Male
NASAW00025385,1992-07-02,Female
NASAW00025386,1988-04-06,Female
NASAW00025387,1983-05-22,Male
NASAW00025388,1999-03-14,Male
NASAW00025389,1994-08-20,Female
NASAW00025390,1997-08-04,Female
NASAW00025391,1963-06-03,female
NASAW00025392,1998-02-06,Male
NASAW00025393,1977-07-06,Male
NASAW00025394,1977-08-13,Male
NASAW00025395,1962-08-11,Female
NASAW00025396,1970-02-26,Male
NASAW00025397,1992-01-01,Male
NASAW00025398,1960-04-21,Male
NASAW00025399,1975-12-24,Female
NASAW00025400,1970-09-17,Female
NASAW00025401,1998-01-05,Male
NASAW00025402,1953-02-16,Male
NASAW00025403,1975-09-15,Male
NASAW00025404,1950-06-17,Female
NASAW00025405,1953-08-13,Male
NASAW00025406,1958-05-06,Male
NASAW00025407,1951-04-09,Male
NASAW00025408,1949-03-29,Female
NASAW00025409,1966-08-14,Male
NASAW00025410,1978-05-06,Female
NASAW00025411,2000-11-14,Male
NASAW00025412,1980-02-13,Female
NASAW00025413,1951-11-25,Female
NASAW00025414,1958-08-11,Female
NASAW00025415,1976-02-25,Female
NASAW00025416,1962-04-21,Male
NASAW00025417,1956-11-29,Male
NASAW00025418,1978-09-16,Male
NASAW00025419,1957-12-12,Male
NASAW00025420,1960-12-13,Female
NASAW00025421,1977-04-05,Male
NASAW00025422,1979-09-28,Male
NASAW00025423,1999-12-15,Female
NASAW00025424,1963-05-01,Female
NASAW00025425,1953-09-11,Male
NASAW00025426,2002-01-22,Male
NASAW00025427,1950-01-07,Male
NASAW00025428,1984-03-17,Female
NASAW00025429,1991-03-25,Male
NASAW00025430,1995-07-24,Male
NASAW00025431,1945-07-10,Male
NASAW00025432,1965-03-14,Female
NASAW00025433,2003-04-29,Male
NASAW00025434,1992-11-17,Female
NASAW00025435,1948-06-04,Male
NASAW00025436,1987-03-13,Male
NASAW00025437,1970-07-15,Male
NASAW00025438,2002-01-04,Female
NASAW00025439,1994-09-29,Male
NASAW00025440,1968-07-30,Male
NASAW00025441,1988-10-31,Male
NASAW00025442,1959-05-04,Female
NASAW00025443,1968-08-02,Male
NASAW00025444,1945-05-24,Male
NASAW00025445,1973-10-07,Male
NASAW00025446,1955-08-12,Female
NASAW00025447,1989-01-17,Female
NASAW00025448,1963-10-27,Male
NASAW00025449,1993-08-15,Female
NASAW00025450,1972-08-01,Female
NASAW00025451,1990-10-20,Female
NASAW00025452,1945-03-29,Female
NASAW00025453,1973-03-28,Male
NASAW00025454,1978-03-27,Female
NASAW00025455,1951-07-19,Female
NASAW00025456,1950-01-12,Female
NASAW00025457,1959-02-01,Male
NASAW00025458,1953-03-30,Female
NASAW00025459,2005-05-02,Female
NASAW00025460,1946-03-18,Male
NASAW00025461,1963-09-08,Male
NASAW00025462,1992-08-08,Male
NASAW00025463,1991-01-06,female
NASAW00025464,1953-04-22,Male
NASAW00025465,1956-05-30,female
NASAW00025466,1945-04-17,Male
NASAW00025467,1969-08-29,Female
NASAW00025468,1951-01-29,Male
NASAW00025469,1964-05-27,Male
NASAW00025470,1987-06-03,Male
NASAW00025471,1979-05-02,Female
NASAW00025472,1985-03-14,Female
NASAW00025473,1999-11-19,Male
NASAW00025474,2005-07-03,Male
NASAW00025475,1999-01-28,Male
NASAW00025476,1977-12-03,Female
NASAW00025477,1949-01-26,Male
NASAW00025478,1972-01-25,Male
NASAW00025479,1963-04-08,Female
NASAW00025480,2000-03-26,Female
NASAW00025481,1993-01-06,Male
NASAW00025482,1995-11-30,Female
NASAW00025483,1979-12-07,Male
NASAW00025484,1983-08-22,Female
NASAW00025485,1976-05-24,Male
NASAW00025486,1952-07-16,Female
NASAW00025487,1998-06-27,Female
NASAW00025488,1978-06-13,Male
NASAW00025489,1978-01-11,male
NASAW00025490,1997-05-13,Male
NASAW00025491,1971-05-03,Male
NASAW00025492,2003-08-05,Male
NASAW00025493,1992-12-01,Female
NASAW00025494,1981-11-10,Male
NASAW00025495,2005-06-13,Male
NASAW00025496,1962-10-22,Female
NASAW00025497,1963-11-10,Male
NASAW00025498,1991-06-27,Male
NASAW00025499,1954-04-20,Female
NASAW00025500,1945-05-14,Female
NASAW00025501,1947-06-07,Male
NASAW00025502,1989-06-20,Male
NASAW00025503,1947-03-06,Male
NASAW00025504,1994-01-04,Female
NASAW00025505,1983-06-19,Female
NASAW00025506,1948-08-07,Male
NASAW00025507,1979-11-15,Male
NASAW00025508,1986-08-21,Female
NASAW00025509,1983-04-11,Male
NASAW00025510,1977-01-08,Female
NASAW00025511,1962-05-13,Male
NASAW00025512,1963-01-21,Male
NASAW00025513,1995-08-16,Male
NASAW00025514,1999-08-12,Male
NASAW00025515,1971-06-07,Male
NASAW00025516,2001-08-08,Female
NASAW00025517,1953-11-28,Female
NASAW00025518,1957-06-08,Female
NASAW00025519,1961-11-17,Male
NASAW00025520,1990-05-08,Male
NASAW00025521,1983-01-03,Female
NASAW00025522,1946-01-05,
NASAW00025523,1980-10-16,Male
NASAW00025524,1959-04-28,Male
NASAW00025525,1972-12-14,Male
NASAW00025526,1978-02-24,Female
NASAW00025527,1978-11-11,Male
NASAW00025528,1982-11-20,Male
NASAW00025529,2005-10-17,Male
NASAW00025530,1959-01-25,Male
NASAW00025531,2004-09-25,Female
NASAW00025532,1999-03-27,Male
NASAW00025533,1956-01-24,Male
NASAW00025534,1992-08-27,Male
NASAW00025535,2000-06-05,Female
NASAW00025536,1968-03-10,Female
NASAW00025537,1994-06-07,Female
NASAW00025538,1992-11-27,Female
NASAW00025539,1982-05-14,Female
NASAW00025540,1993-05-17,Female
NASAW00025541,2001-12-01,Male
NASAW00025542,1961-05-26,Male
NASAW00025543,2005-02-08,Male
NASAW00025544,1982-11-22,Female
NASAW00025545,1971-09-15,Female
NASAW00025546,2002-01-03,Male
NASAW00025547,2002-06-13,F
NASAW00025548,1994-11-11,female
NASAW00025549,1963-12-28,Male
NASAW00025550,2002-08-20,Male
NASAW00025551,1984-05-15,Female
NASAW00025552,1992-03-07,Male
NASAW00025553,1970-10-12,Male
NASAW00025554,1974-12-07,Female
NASAW00025555,1988-08-28,Male
NASAW00025556,1966-01-29,Female
NASAW00025557,1962-12-20,Female
NASAW00025558,1959-12-29,Male
NASAW00025559,1987-11-20,Female
NASAW00025560,1957-05-04,Female
NASAW00025561,1967-08-12,Male
NASAW00025562,1989-07-27,Male
NASAW00025563,1985-05-02,Male
NASAW00025564,1976-07-26,Female
NASAW00025565,1981-08-25,Male
NASAW00025566,1992-05-11,Male
NASAW00025567,1984-07-10,Female
NASAW00025568,1967-09-15,Male
NASAW00025569,1974-10-16,Female
NASAW00025570,1981-06-14,Male
NASAW00025571,1955-06-26,Female
NASAW00025572,2029-12-31,Female
NASAW00025573,1975-10-08,Female
NASAW00025574,1975-10-30,Female
NASAW00025575,1958-06-07,Female
NASAW00025576,1981-01-21,Male
NASAW00025577,1996-05-14,Female
NASAW00025578,1959-07-15,Female
NASAW00025579,1987-05-13,Male
NASAW00025580,1983-11-21,Male
NASAW00025581,1973-03-18,Female
NASAW00025582,1954-05-08,Male
NASAW00025583,1984-04-27,Male
NASAW00025584,1994-12-24,Male
NASAW00025585,1966-03-24,Male
NASAW00025586,1993-02-14,Female
NASAW00025587,1957-05-14,Female
NASAW00025588,1900-01-01,Female
NASAW00025589,1961-10-02,Female
NASAW00025590,1952-10-17,Female
NASAW00025591,1981-01-06,Female
NASAW00025592,2002-07-19,Female
NASAW00025593,1963-01-05,Male
NASAW00025594,1972-05-26,Male
NASAW00025595,1981-10-27,Male
NASAW00025596,2001-03-30,Female
NASAW00025597,1947-10-28,Male
NASAW00025598,1958-05-03,Female
NASAW00025599,1970-08-08,Male
NASAW00025600,1997-07-11,Male
NASAW00025601,1970-07-19,Male
NASAW00025602,1995-10-31,Male
NASAW00025603,1945-07-28,Male
NASAW00025604,1983-07-21,Female
NASAW00025605,1972-09-18,Female
NASAW00025606,1967-04-22,Male
NASAW00025607,1987-07-30,Female
NASAW00025608,1980-11-24,Female
NASAW00025609,1971-09-30,Male
NASAW00025610,1945-05-20,Female
NASAW00025611,1961-03-25,Male
NASAW00025612,1975-06-30,Female
NASAW00025613,2006-08-04,Male
NASAW00025614,1950-01-26,Male
NASAW00025615,1959-03-01,Female
NASAW00025616,1978-07-06,Female
NASAW00025617,1996-02-06,Male
NASAW00025618,1985-02-21,Female
NASAW00025619,1950-11-24,Female
NASAW00025620,1953-05-13,Female
NASAW00025621,1945-01-31,Female
NASAW00025622,1948-01-04,Female
NASAW00025623,1969-03-14,Female
NASAW00025624,1982-09-23,Female
NASAW00025625,1966-12-31,Female
NASAW00025626,2005-03-29,Male
NASAW00025627,1983-09-03,Female
NASAW00025628,1950-06-18,Male
NASAW00025629,1970-07-09,Female
NASAW00025630,2005-04-13,Male
NASAW00025631,1952-04-30,Male
NASAW00025632,1959-01-31,Female
NASAW00025633,1962-04-01,Female
NASAW00025634,1975-10-22,Female
NASAW00025635,1973-05-22,Male
NASAW00025636,1950-04-29,Male
NASAW00025637,2005-05-22,Female
NASAW00025638,1959-09-07,Male
NASAW00025639,1965-06-29,Male
NASAW00025640,1980-10-30,Female
NASAW00025641,1965-09-22,female
NASAW00025642,1967-01-30,Male
NASAW00025643,1999-02-09,Female
NASAW00025644,1970-01-20,Female
NASAW00025645,1965-05-22,Male
NASAW00025646,1998-03-20,Female
NASAW00025647,2005-12-04,Female
NASAW00025648,1989-10-04,Female
NASAW00025649,1949-10-29,Female
NASAW00025650,1985-10-08,Female
NASAW00025651,1969-07-30,Female
NASAW00025652,1958-06-28,Male
NASAW00025653,2004-05-06,Male
NASAW00025654,1995-07-03,Female
NASAW00025655,1985-06-07,Male
NASAW00025656,1946-12-15,male
NASAW00025657,1984-09-06,Female
NASAW00025658,1960-08-03,Male
NASAW00025659,1996-12-09,Male
NASAW00025660,1979-01-10,Male
NASAW00025661,1955-11-13,Male
NASAW00025662,1983-01-04,Female
NASAW00025663,1999-03-25,Male
NASAW00025664,1961-02-22,Male
NASAW00025665,1945-02-27,Female
NASAW00025666,1987-02-16,Male
NASAW00025667,1977-06-12,Female
NASAW00025668,1965-07-05,Female
NASAW00025669,1978-12-29,Male
NASAW00025670,2003-05-17,Male
NASAW00025671,1970-09-25,Female
NASAW00025672,1969-09-10,Female
NASAW00025673,1947-05-30,Male
NASAW00025674,1982-03-07,Male
NASAW00025675,1951-05-20,Male
NASAW00025676,1998-01-06,Female
NASAW00025677,1966-05-31,Female
NASAW00025678,1993-06-08,Female
NASAW00025679,1974-04-06,Female
NASAW00025680,1963-10-11,Male
NASAW00025681,1959-01-01,Male
NASAW00025682,2002-03-01,Male
NASAW00025683,1961-05-16,Male
NASAW00025684,1953-06-29,Male
NASAW00025685,1973-08-26,Female
NASAW00025686,1994-09-02,Male
NASAW00025687,1986-08-31,Female
NASAW00025688,1949-08-26,Female
NASAW00025689,1947-07-16,Female
NASAW00025690,2002-11-23,Female
NASAW00025691,1956-09-04,Male
NASAW00025692,1961-08-23,Male
NASAW00025693,1967-11-29,Male
NASAW00025694,1956-08-30,Female
NASAW00025695,1958-09-20,
NASAW00025696,1989-07-02,Male
NASAW00025697,1967-11-28,Male
NASAW00025698,1988-03-06,Male
NASAW00025699,1984-07-23,Female
NASAW00025700,1989-05-18,Male
NASAW00025701,2003-06-23,Female
NASAW00025702,1962-07-06,Male
NASAW00025703,1991-07-31,Female
NASAW00025704,1969-01-07,Male
NASAW00025705,1990-06-25,Female
NASAW00025706,1996-01-09,Male
NASAW00025707,1980-11-12,Male
NASAW00025708,1954-01-10,Female
NASAW00025709,1954-05-23,Female
NASAW00025710,1959-11-21,Female
NASAW00025711,1985-01-16,Female
NASAW00025712,1953-11-14,Female
NASAW00025713,1965-02-01,Male
NASAW00025714,1951-05-05,Female
NASAW00025715,1996-07-05,Male
NASAW00025716,1951-05-24,Male
NASAW00025717,2002-07-10,Female
NASAW00025718,1974-07-24,Male
NASAW00025719,2000-04-15,Male
NASAW00025720,1986-09-13,Male
NASAW00025721,1957-10-14,Male
NASAW00025722,1946-10-31,Male
NASAW00025723,1989-09-28,Female
NASAW00025724,2004-06-22,Female
NASAW00025725,1991-10-25,Female
NASAW00025726,1950-01-23,Female
NASAW00025727,1955-10-28,Female
NASAW00025728,1965-05-24,Male
NASAW00025729,2003-04-15,Male
NASAW00025730,1953-07-29,Male
NASAW00025731,1974-09-09,Female
NASAW00025732,1979-05-15,Male
NASAW00025733,1960-04-22,Female
NASAW00025734,2001-11-07,Male
NASAW00025735,1989-09-03,Female
NASAW00025736,1961-10-21,Female
NASAW00025737,1973-06-18,Male
NASAW00025738,1976-03-19,Female
NASAW00025739,1963-07-09,Male
NASAW00025740,2003-11-19,M
NASAW00025741,1985-01-07,Male
NASAW00025742,1972-11-08,Female
NASAW00025743,1967-07-12,Female
NASAW00025744,1955-04-28,Female
NASAW00025745,2004-03-11,Female
NASAW00025746,1960-10-09,Male
NASAW00025747,1994-08-08,Male
NASAW00025748,1989-03-30,Male
NASAW00025749,1976-10-29,Male
NASAW00025750,2004-09-23,Female
NASAW00025751,1945-07-01,Male
NASAW00025752,1973-10-02,Male
NASAW00025753,1976-05-12,Male
NASAW00025754,1947-09-28,Male
NASAW00025755,2003-08-03,Female
NASAW00025756,1956-09-18,Female
NASAW00025757,1976-11-10,Female
NASAW00025758,1969-12-04,Female
NASAW00025759,1982-03-02,Male
NASAW00025760,2000-07-22,Female
NASAW00025761,1986-03-11,Male
NASAW00025762,1953-04-11,Male
NASAW00025763,1969-04-02,Male
NASAW00025764,1952-04-13,Female
NASAW00025765,1980-03-09,Female
NASAW00025766,1985-09-11,Female
NASAW00025767,1986-05-26,Female
NASAW00025768,1977-07-18,Male
NASAW00025769,1957-06-30,Female
NASAW00025770,1988-01-14,Male
NASAW00025771,1950-04-07,Female
NASAW00025772,1991-08-15,Male
NASAW00025773,1958-08-18,Male
NASAW00025774,1999-11-26,Female
NASAW00025775,1961-09-02,Female
NASAW00025776,2002-02-06,F
NASAW00025777,1953-10-06,Female
NASAW00025778,1964-10-06,Female
NASAW00025779,1964-09-18,Male
NASAW00025780,1973-11-20,Female
NASAW00025781,1959-10-18,Male
NASAW00025782,1989-01-10,Male
NASAW00025783,2001-12-18,Female
NASAW00025784,1958-05-13,Male
NASAW00025785,1996-08-19,Female
NASAW00025786,1954-12-31,Male
NASAW00025787,1900-01-01,Male
NASAW00025788,1983-09-29,Female
NASAW00025789,1999-03-07,Female
NASAW00025790,1986-03-28,Male
NASAW00025791,1969-02-24,Female
NASAW00025792,2003-12-08,Female
NASAW00025793,1984-10-01,Male
NASAW00025794,1954-04-28,Female
NASAW00025795,1981-12-31,Female
NASAW00025796,2005-05-22,Female
NASAW00025797,1969-04-29,Male
NASAW00025798,1958-05-06,Male
NASAW00025799,1946-08-26,Female
NASAW00025800,1993-07-17,Female
NASAW00025801,1985-07-31,Male
NASAW00025802,1967-12-19,Female
NASAW00025803,1976-03-29,Female
NASAW00025804,1993-04-04,Male
NASAW00025805,1985-02-07,Male
NASAW00025806,1966-01-09,
NASAW00025807,1948-03-17,Female
NASAW00025808,1950-10-25,Female
NASAW00025809,1988-10-16,Female
NASAW00025810,1946-06-07,Male
NASAW00025811,1964-05-21,Male
NASAW00025812,2004-01-09,Female
NASAW00025813,1979-04-05,Male
NASAW00025814,1969-11-08,Female
NASAW00025815,1992-12-21,Female
NASAW00025816,1981-05-26,Male
NASAW00025817,2002-06-25,Male
NASAW00025818,1982-09-11,Male
NASAW00025819,1995-12-13,Male
NASAW00025820,2004-07-25,Male
NASAW00025821,2004-04-09,Female
NASAW00025822,2002-04-20,Male
NASAW00025823,1964-12-24,Male
NASAW00025824,1977-09-16,Male
NASAW00025825,1966-08-26,Male
NASAW00025826,1947-05-13,Female
NASAW00025827,1998-04-21,Female
NASAW00025828,1972-05-22,Female
NASAW00025829,1950-05-20,Male
NASAW00025830,1974-06-25,Male
NASAW00025831,2000-04-14,Male
NASAW00025832,1989-05-14,Male
NASAW00025833,2001-02-27,Male
NASAW00025834,1983-12-09,Male
NASAW00025835,1946-11-23,Female
NASAW00025836,2005-11-03,Female
NASAW00025837,1991-11-21,Female
NASAW00025838,1972-08-29,Female
NASAW00025839,2002-04-20,Female
NASAW00025840,1953-08-13,Female
NASAW00025841,2006-06-10,Female
NASAW00025842,1959-08-23,Female
NASAW00025843,1987-01-22,Male
NASAW00025844,1975-09-17,Female
NASAW00025845,1994-09-26,Male
NASAW00025846,1967-11-16,Female
NASAW00025847,1988-06-20,Female
NASAW00025848,1988-06-09,Male
NASAW00025849,1948-01-03,Male
NASAW00025850,1952-06-29,Female
NASAW00025851,1953-04-15,Female
NASAW00025852,1960-12-23,Female
NASAW00025853,1999-10-18,Female
NASAW00025854,1982-08-16,Male
NASAW00025855,1999-09-24,Female
NASAW00025856,1990-05-27,Male
NASAW00025857,1977-07-23,Male
NASAW00025858,1952-06-04,
NASAW00025859,1981-03-15,Female
NASAW00025860,2000-11-14,Male
NASAW00025861,1984-10-01,Female
NASAW00025862,1987-06-24,Female
NASAW00025863,1996-10-15,Male
NASAW00025864,1982-12-02,Male
NASAW00025865,2000-05-09,Female
NASAW00025866,1978-04-06,Female
NASAW00025867,1967-12-22,Male
NASAW00025868,1953-03-15,Male
NASAW00025869,1955-07-08,Female
NASAW00025870,1987-10-27,Female
NASAW00025871,1953-12-10,Female
NASAW00025872,1954-03-18,Female
NASAW00025873,1978-01-20,Male
NASAW00025874,1959-02-04,Male
NASAW00025875,1987-03-21,Male
NASAW00025876,1999-09-16,Male
NASAW00025877,1986-07-11,Male
NASAW00025878,1973-09-09,Male
NASAW00025879,1958-03-17,Female
NASAW00025880,1957-12-27,Male
NASAW00025881,1996-01-16,Female
NASAW00025882,1996-09-07,Female
NASAW00025883,1984-03-22,Male
NASAW00025884,1989-01-13,Male
NASAW00025885,1978-07-15,F
NASAW00025886,1968-03-28,Female
NASAW00025887,1974-04-03,Male
NASAW00025888,1972-05-07,Male
NASAW00025889,2000-01-03,Male
NASAW00025890,1987-09-10,Male
NASAW00025891,1991-08-07,Female
NASAW00025892,1976-02-28,Male
NASAW00025893,1996-09-22,Female
NASAW00025894,1947-02-03,Male
NASAW00025895,2001-07-11,Female
NASAW00025896,1964-07-09,Male
NASAW00025897,1977-12-11,Male
NASAW00025898,2005-09-08,Male
NASAW00025899,1963-03-15,Male
NASAW00025900,1981-09-03,Female
NASAW00025901,1946-10-21,Female
NASAW00025902,1962-10-05,Female
NASAW00025903,1947-03-13,Male
NASAW00025904,1971-12-25,Female
NASAW00025905,1984-10-26,Female
NASAW00025906,1979-01-25,Female
NASAW00025907,1963-12-24,Male
NASAW00025908,1966-03-17,Female
NASAW00025909,1945-09-16,Female
NASAW00025910,1967-04-08,Male
NASAW00025911,1960-10-10,Male
NASAW00025912,2004-02-13,Female
NASAW00025913,1974-08-13,Female
NASAW00025914,1962-07-09,Female
NASAW00025915,1979-11-23,Female
NASAW00025916,1974-10-20,Female
NASAW00025917,1979-05-27,Male
NASAW00025918,1958-09-29,female
NASAW00025919,1963-06-10,Female
NASAW00025920,1968-01-02,Male
NASAW00025921,1997-10-05,Female
NASAW00025922,1955-12-13,Male
NASAW00025923,1985-02-25,Female
NASAW00025924,1948-12-24,Female
NASAW00025925,1996-03-01,Male
NASAW00025926,1999-04-19,Female
NASAW00025927,1951-08-30,F
NASAW00025928,2004-01-14,Male
NASAW00025929,1991-07-15,Male
NASAW00025930,1951-05-03,Female
NASAW00025931,1946-04-28,Male
NASAW00025932,1988-06-28,Female
NASAW00025933,1954-06-30,Male
NASAW00025934,1982-10-26,Male
NASAW00025935,1977-04-29,Female
NASAW00025936,2003-06-09,Female
NASAW00025937,1960-10-22,Male
NASAW00025938,2006-08-06,Female
NASAW00025939,1951-07-31,Female
NASAW00025940,1960-01-31,Male
NASAW00025941,2005-10-08,Female
NASAW00025942,1947-10-15,Male
NASAW00025943,1945-04-29,Female
NASAW00025944,1998-06-16,Male
NASAW00025945,1980-11-28,
NASAW00025946,1982-02-21,Female
NASAW00025947,1995-02-04,Female
NASAW00025948,1968-06-03,Female
NASAW00025949,1963-10-16,Female
NASAW00025950,1957-01-19,Male
NASAW00025951,1960-08-04,Female
NASAW00025952,1989-06-24,Male
NASAW00025953,1995-02-27,Male
NASAW00025954,1951-07-09,Male
NASAW00025955,2006-05-12,Male
NASAW00025956,1972-04-24,Female
NASAW00025957,1966-08-05,Female
NASAW00025958,1996-02-20,Female
NASAW00025959,1978-09-19,Female
NASAW00025960,1960-11-04,Male
NASAW00025961,1994-11-23,Male
NASAW00025962,1950-11-24,Female
NASAW00025963,1970-01-21,Male
NASAW00025964,1965-06-29,Male
NASAW00025965,1979-09-03,Female
NASAW00025966,1972-09-26,Male
NASAW00025967,1950-02-20,Male
NASAW00025968,1954-08-04,Female
NASAW00025969,1992-05-09,Male
NASAW00025970,1972-09-02,Male
NASAW00025971,1957-08-11,Female
NASAW00025972,1992-03-07,Male
NASAW00025973,1952-02-14,Male
NASAW00025974,1947-03-04,Male
NASAW00025975,1968-06-24,Female
NASAW00025976,1956-09-09,Male
NASAW00025977,1980-07-20,Male
NASAW00025978,1945-11-14,Male
NASAW00025979,1953-09-10,Male
NASAW00025980,1951-03-26,Male
NASAW00025981,1974-01-21,Female
NASAW00025982,2029-12-31,Male
NASAW00025983,1993-09-26,Male
NASAW00025984,1964-04-26,Male
NASAW00025985,1960-11-05,male
NASAW00025986,2003-07-22,Male
NASAW00025987,1998-07-16,Male
NASAW00025988,1969-11-15,Female
NASAW00025989,1952-05-22,Male
NASAW00025990,1981-02-25,F
NASAW00025991,1989-06-10,Female
NASAW00025992,1959-01-23,female
NASAW00025993,1970-05-01,Male
NASAW00025994,1983-12-06,Male
NASAW00025995,2006-11-23,Female
NASAW00025996,1965-07-08,Male
NASAW00025997,1977-07-07,F
NASAW00025998,1961-10-27,Female
NASAW00025999,1951-02-14,
NASAW00026000,1996-09-10,Male
NASAW00026001,1988-07-17,Female
NASAW00026002,2004-09-16,Female
NASAW00026003,1954-01-07,Male
NASAW00026004,1947-08-19,Female
NASAW00026005,1963-03-20,Male
NASAW00026006,1971-04-29,Female
NASAW00026007,1972-10-04,Male
NASAW00026008,1975-04-28,Female
NASAW00026009,1982-03-22,Male
NASAW00026010,1995-07-21,Female
NASAW00026011,1965-03-19,Female
NASAW00026012,1988-02-10,Male
NASAW00026013,1999-04-13,Female
NASAW00026014,1990-04-02,Male
NASAW00026015,1947-06-26,Female
NASAW00026016,1954-02-24,Female
NASAW00026017,1988-10-17,Male
NASAW00026018,1972-10-26,Male
NASAW00026019,2003-03-04,Female
NASAW00026020,1977-07-17,
NASAW00026021,1900-01-01,Female
NASAW00026022,2001-10-20,Female
NASAW00026023,1977-05-14,Female
NASAW00026024,1979-11-09,Female
NASAW00026025,2002-09-03,Male
NASAW00026026,1990-01-14,Male
NASAW00026027,1957-08-08,Male
NASAW00026028,2029-12-31,Female
NASAW00026029,1954-06-08,Male
NASAW00026030,1981-06-03,Male
NASAW00026031,1988-08-28,Male
NASAW00026032,1985-12-13,Male
NASAW00026033,1996-11-21,Female
NASAW00026034,1986-05-27,Female
NASAW00026035,1946-11-16,Male
NASAW00026036,1980-02-14,Male
NASAW00026037,2005-06-08,Female
NASAW00026038,1962-08-11,Female
NASAW00026039,1976-01-09,Female
NASAW00026040,1959-10-10,Male
NASAW00026041,1968-01-25,Female
NASAW00026042,1952-03-17,Male
NASAW00026043,1979-05-28,Female
NASAW00026044,1965-05-30,Female
NASAW00026045,1971-07-02,Female
NASAW00026046,1957-10-19,Female
NASAW00026047,1955-04-27,Female
NASAW00026048,1971-07-04,Male
NASAW00026049,1971-08-11,Female
NASAW00026050,1976-11-10,male
NASAW00026051,1949-07-27,Male
NASAW00026052,1983-04-08,Female
NASAW00026053,1972-05-13,Female
NASAW00026054,1983-02-08,Female
NASAW00026055,1957-02-18,Male
NASAW00026056,1998-03-31,Female
NASAW00026057,2001-06-13,Male
NASAW00026058,1995-09-26,Male
NASAW00026059,1968-06-03,Male
NASAW00026060,1968-09-11,Female
NASAW00026061,1984-08-25,Male
NASAW00026062,1982-07-14,M
NASAW00026063,1955-01-30,Female
NASAW00026064,1946-02-22,Female
NASAW00026065,1960-03-26,Male
NASAW00026066,2004-04-12,Male
NASAW00026067,1967-11-04,Female
NASAW00026068,1982-10-17,Male
NASAW00026069,1993-12-25,male
NASAW00026070,1976-01-30,Male
NASAW00026071,1989-02-13,Male
NASAW00026072,1953-08-19,Female
NASAW00026073,2000-02-03,
NASAW00026074,1994-04-15,Male
NASAW00026075,1994-09-04,Male
NASAW00026076,2000-01-18,Female
NASAW00026077,2000-06-25,Male
NASAW00026078,1947-05-12,Male
NASAW00026079,1997-06-27,Female
NASAW00026080,1983-12-11,Male
NASAW00026081,1950-06-19,Female
NASAW00026082,1970-07-24,Female
NASAW00026083,1988-01-08,Female
NASAW00026084,1994-10-17,Female
NASAW00026085,1960-03-19,Male
NASAW00026086,1994-10-19,Female
NASAW00026087,1950-03-15,Male
NASAW00026088,2003-03-16,Female
NASAW00026089,1967-03-27,Male
NASAW00026090,1976-12-15,Male
NASAW00026091,1997-01-17,Male
NASAW00026092,1991-03-04,Male
NASAW00026093,1957-12-10,Female
NASAW00026094,1954-08-10,Male
NASAW00026095,1973-12-02,Male
NASAW00026096,1946-01-03,Female
NASAW00026097,1975-04-08,Male
NASAW00026098,1993-02-25,Male
NASAW00026099,1995-06-29,Male
NASAW00026100,1976-04-20,Male
NASAW00026101,1999-04-03,Male
NASAW00026102,1975-05-27,Female
NASAW00026103,1988-11-14,Male
NASAW00026104,2005-03-05,Male
NASAW00026105,1965-05-14,Female
NASAW00026106,1946-09-01,Female
NASAW00026107,2002-03-07,Female
NASAW00026108,1998-02-26,Male
NASAW00026109,1997-03-09,Male
NASAW00026110,1946-07-24,Female
NASAW00026111,1954-02-10,Male
NASAW00026112,1998-12-31,Female
NASAW00026113,1971-04-23,Female
NASAW00026114,1976-04-02,Female
NASAW00026115,1947-03-14,Male
NASAW00026116,1972-10-04,Female
NASAW00026117,1983-12-08,Female
NASAW00026118,1967-01-16,Female
NASAW00026119,1978-06-08,Female
NASAW00026120,1999-07-29,Female
NASAW00026121,2001-01-24,Female
NASAW00026122,1961-02-26,Male
NASAW00026123,1959-09-21,Male
NASAW00026124,1960-01-08,Male
NASAW00026125,1988-11-15,Male
NASAW00026126,2005-09-06,Male
NASAW00026127,1996-03-23,Male
NASAW00026128,1974-04-16,Female
NASAW00026129,2006-04-19,Male
NASAW00026130,1968-10-28,Male
NASAW00026131,1972-08-25,Female
NASAW00026132,1980-08-19,Male
NASAW00026133,1958-06-27,Female
NASAW00026134,1979-07-06,Male
NASAW00026135,2002-07-03,Female
NASAW00026136,1947-12-31,Male
NASAW00026137,1997-04-22,Male
NASAW00026138,1959-05-15,Male
NASAW00026139,1966-05-01,Male
NASAW00026140,1984-08-08,Male
NASAW00026141,1986-06-30,Male
NASAW00026142,1951-01-17,Male
NASAW00026143,1992-02-24,Male
NASAW00026144,1970-10-09,Female
NASAW00026145,2005-06-19,Male
NASAW00026146,1984-03-31,Male
NASAW00026147,1982-02-23,Male
NASAW00026148,1970-09-29,Male
NASAW00026149,1947-04-05,Female
NASAW00026150,1986-05-20,Male
NASAW00026151,1975-11-05,Female
NASAW00026152,1974-01-13,Female
NASAW00026153,1972-05-23,Male
NASAW00026154,1950-10-06,Female
NASAW00026155,1990-12-03,Male
NASAW00026156,1981-04-17,Female
NASAW00026157,2002-02-27,Male
NASAW00026158,1993-12-07,Female
NASAW00026159,1965-01-22,Male
NASAW00026160,1956-03-06,Female
NASAW00026161,1987-07-09,Male
NASAW00026162,1981-04-19,Female
NASAW00026163,1945-11-17,Male
NASAW00026164,2005-10-23,Female
NASAW00026165,1951-02-24,Male
NASAW00026166,2005-03-14,Female
NASAW00026167,1981-01-29,Male
NASAW00026168,1994-11-10,Male
NASAW00026169,1983-10-12,Male
NASAW00026170,1968-07-14,Male
NASAW00026171,1993-11-27,Female
NASAW00026172,1963-02-02,Male
NASAW00026173,2006-11-12,Male
NASAW00026174,1962-01-17,Male
NASAW00026175,1958-08-12,Male
NASAW00026176,1991-08-30,Male
NASAW00026177,1972-05-30,Male
NASAW00026178,1945-04-18,Male
NASAW00026179,1969-11-13,Male
NASAW00026180,1981-01-19,Female
NASAW00026181,1967-11-20,Female
NASAW00026182,1962-09-23,Female
NASAW00026183,1994-10-16,Male
NASAW00026184,1965-12-25,Female
NASAW00026185,2003-03-23,Male
NASAW00026186,2002-01-10,Male
NASAW00026187,1995-02-01,Female
NASAW00026188,1963-08-15,Male
NASAW00026189,1977-10-01,Male
NASAW00026190,1948-01-25,Male
NASAW00026191,1962-12-14,Male
NASAW00026192,1981-08-12,Male
NASAW00026193,1966-12-03,Male
NASAW00026194,1987-06-27,Female
NASAW00026195,1981-03-20,male
NASAW00026196,1989-03-29,Male
NASAW00026197,1987-05-10,Female
NASAW00026198,1992-08-13,Male
NASAW00026199,1975-05-16,Male
NASAW00026200,1997-09-21,Female
NASAW00026201,1993-03-07,Male
NASAW00026202,1984-11-08,Male
NASAW00026203,1998-12-26,Female
NASAW00026204,2001-11-24,Male
NASAW00026205,1994-11-24,Male
NASAW00026206,1985-03-13,Male
NASAW00026207,1969-07-28,Female
NASAW00026208,1967-06-04,Male
NASAW00026209,1982-11-02,Male
NASAW00026210,1966-10-19,Male
NASAW00026211,1948-11-01,Female
NASAW00026212,1990-11-27,Male
NASAW00026213,1975-07-25,Male
NASAW00026214,1965-09-28,Female
NASAW00026215,1989-09-15,Male
NASAW00026216,2005-12-07,Female
NASAW00026217,1989-01-26,Male
NASAW00026218,1969-11-06,Male
NASAW00026219,1958-06-30,Male
NASAW00026220,1967-11-28,Male
NASAW00026221,1959-03-21,male
NASAW00026222,1963-01-31,Male
NASAW00026223,1970-07-26,Female
NASAW00026224,1990-03-14,Male
NASAW00026225,1964-03-16,Female
NASAW00026226,1951-04-21,Male
NASAW00026227,1956-08-28,Female
NASAW00026228,1981-07-15,F
NASAW00026229,1961-11-21,Female
NASAW00026230,2002-06-22,Male
NASAW00026231,1981-07-28,Male
NASAW00026232,1983-04-12,Female
NASAW00026233,1971-03-06,Female
NASAW00026234,1998-04-06,Male
NASAW00026235,1982-04-02,Male
NASAW00026236,2005-08-07,Female
NASAW00026237,1982-05-14,Female
NASAW00026238,1976-09-19,Female
NASAW00026239,1985-08-19,Female
NASAW00026240,1992-01-24,Male
NASAW00026241,2006-09-22,Female
NASAW00026242,1990-04-26,Male
NASAW00026243,1993-01-23,Male
NASAW00026244,1984-06-16,Male
NASAW00026245,1962-01-21,Female
NASAW00026246,1948-05-14,Female
NASAW00026247,1968-12-14,Male
NASAW00026248,1976-07-11,Female
NASAW00026249,1989-07-19,Male
NASAW00026250,1955-10-25,Male
NASAW00026251,2000-06-06,Male
NASAW00026252,1980-09-14,Male
NASAW00026253,1966-01-03,Female
NASAW00026254,1963-09-10,Female
NASAW00026255,1945-03-25,Male
NASAW00026256,1972-04-11,Female
NASAW00026257,1953-01-29,Female
NASAW00026258,1999-10-24,Male
NASAW00026259,1990-12-24,Female
NASAW00026260,1973-08-15,Male
NASAW00026261,1992-01-05,Male
NASAW00026262,2000-02-25,Female
NASAW00026263,1945-04-11,Male
NASAW00026264,2001-01-15,Male
NASAW00026265,1966-01-28,Female
NASAW00026266,1947-11-24,Female
NASAW00026267,1977-12-09,Male
NASAW00026268,1977-03-16,Male
NASAW00026269,1981-03-16,Female
NASAW00026270,1977-09-26,Female
NASAW00026271,1991-10-13,Male
NASAW00026272,1994-10-25,Male
NASAW00026273,2006-07-02,Female
NASAW00026274,2005-01-28,Male
NASAW00026275,1975-08-01,Female
NASAW00026276,1973-03-22,Female
NASAW00026277,1955-05-23,Female
NASAW00026278,1945-08-06,Female
NASAW00026279,1979-01-19,Female
NASAW00026280,2005-06-22,Female
NASAW00026281,1962-05-18,Female
NASAW00026282,1978-12-15,Male
NASAW00026283,1971-04-25,Female
NASAW00026284,1978-10-15,Male
NASAW00026285,1990-10-12,Male
NASAW00026286,1965-08-25,Female
NASAW00026287,2000-08-09,Female
NASAW00026288,1986-02-08,Female
NASAW00026289,1968-08-01,Male
NASAW00026290,1979-07-01,Female
NASAW00026291,1961-03-17,Female
NASAW00026292,1962-06-09,Male
NASAW00026293,2001-06-28,Female
NASAW00026294,1997-10-15,Male
NASAW00026295,1994-01-19,Male
NASAW00026296,1991-02-08,Female
NASAW00026297,1991-06-07,Female
NASAW00026298,1954-09-09,Male
NASAW00026299,1962-04-25,Male
NASAW00026300,1972-06-08,Female
NASAW00026301,1974-12-07,Female
NASAW00026302,1955-11-07,Male
NASAW00026303,1985-05-22,Male
NASAW00026304,1959-03-11,Male
NASAW00026305,1946-12-23,Female
NASAW00026306,1971-05-28,Male
NASAW00026307,2006-08-04,Male
NASAW00026308,1969-08-23,Female
NASAW00026309,1974-08-22,Male
NASAW00026310,1948-09-02,Female
NASAW00026311,1980-12-25,Female
NASAW00026312,1956-10-06,Male
NASAW00026313,1979-03-27,Female
NASAW00026314,1976-04-06,Male
NASAW00026315,1984-08-29,Female
NASAW00026316,1954-10-17,Male
NASAW00026317,1970-07-21,Female
NASAW00026318,1988-07-28,Female
NASAW00026319,1988-08-28,Male
NASAW00026320,1956-07-16,Male
NASAW00026321,1969-05-05,Female
NASAW00026322,1988-01-06,Male
NASAW00026323,1997-11-15,Female
NASAW00026324,1974-06-20,Male
NASAW00026325,1956-11-10,male
NASAW00026326,1972-06-06,Male
NASAW00026327,1959-08-24,Female
NASAW00026328,1971-10-01,Male
NASAW00026329,1978-10-30,Female
NASAW00026330,1981-03-20,Male
NASAW00026331,1966-02-18,Female
NASAW00026332,1988-09-06,Female
NASAW00026333,1990-06-01,Female
NASAW00026334,1999-01-21,Female
NASAW00026335,1991-06-29,Male
NASAW00026336,1971-08-25,Male
NASAW00026337,1974-01-11,Female
NASAW00026338,1999-09-20,Female
NASAW00026339,1971-02-10,Female
NASAW00026340,1961-09-17,Female
NASAW00026341,1957-05-10,Female
NASAW00026342,1975-10-29,Female
NASAW00026343,1995-04-22,Male
NASAW00026344,1998-12-21,Female
NASAW00026345,2003-03-31,Female
NASAW00026346,1969-11-16,Female
NASAW00026347,1973-06-30,Male
NASAW00026348,1999-10-24,Female
NASAW00026349,1979-04-04,Male
NASAW00026350,1985-04-08,Male
NASAW00026351,1965-06-28,Male
NASAW00026352,2005-08-24,Female
NASAW00026353,1992-12-28,Female
NASAW00026354,1945-01-14,Female
NASAW00026355,1977-02-20,Female
NASAW00026356,1996-08-26,Male
NASAW00026357,1998-11-20,Female
NASAW00026358,1980-04-27,Female
NASAW00026359,1999-11-26,Female
NASAW00026360,1972-04-26,Female
NASAW00026361,1966-12-19,Female
NASAW00026362,1988-04-11,Female
NASAW00026363,1961-04-07,Female
NASAW00026364,1992-04-29,Female
NASAW00026365,1965-11-08,Female
NASAW00026366,1963-08-18,Male
NASAW00026367,1966-09-10,Female
NASAW00026368,1957-10-11,Female
NASAW00026369,1956-08-25,Female
NASAW00026370,1972-03-13,M
NASAW00026371,1981-02-06,Female
NASAW00026372,1995-11-15,Male
NASAW00026373,1973-01-23,Female
NASAW00026374,1969-02-19,Male
NASAW00026375,1968-01-12,Female
NASAW00026376,1970-10-10,Male
NASAW00026377,2003-07-25,Male
NASAW00026378,1949-05-05,Male
NASAW00026379,1951-11-04,Male
NASAW00026380,1967-11-06,Male
NASAW00026381,1992-10-14,Male
NASAW00026382,2005-06-24,Male
NASAW00026383,1976-11-18,Female
NASAW00026384,1973-10-30,female
NASAW00026385,1976-11-03,Female
NASAW00026386,2000-07-14,Male
NASAW00026387,1948-06-10,Male
NASAW00026388,1964-08-08,Female
NASAW00026389,1956-12-08,Male
NASAW00026390,1969-06-09,Male
NASAW00026391,1973-02-07,Female
NASAW00026392,1991-02-12,Male
NASAW00026393,1986-06-19,Female
NASAW00026394,1953-05-12,Male
NASAW00026395,1988-02-05,Male
NASAW00026396,1966-09-01,Female
NASAW00026397,1984-02-09,Female
NASAW00026398,1958-11-17,male
NASAW00026399,1969-01-08,Female
NASAW00026400,1985-03-03,Female
NASAW00026401,1952-07-14,Male
NASAW00026402,1996-08-11,Female
NASAW00026403,1949-10-05,Female
NASAW00026404,1950-11-11,Male
NASAW00026405,1992-12-18,Female
NASAW00026406,1967-01-17,Female
NASAW00026407,1978-01-26,Male
NASAW00026408,1967-12-08,Female
NASAW00026409,1978-02-23,Female
NASAW00026410,1970-04-02,Male
NASAW00026411,1956-06-09,Male
NASAW00026412,1964-10-09,Female
NASAW00026413,1981-11-27,Male
NASAW00026414,1984-01-30,Male
NASAW00026415,1951-10-31,Male
NASAW00026416,1990-10-08,Male
NASAW00026417,1971-12-03,Female
NASAW00026418,1964-01-09,Female
NASAW00026419,1961-03-01,Female
NASAW00026420,1956-04-01,Female
NASAW00026421,2003-01-02,female
NASAW00026422,1990-11-11,Male
NASAW00026423,1990-06-20,Female
NASAW00026424,1974-11-19,Male
NASAW00026425,1968-02-01,Female
NASAW00026426,2005-05-07,Male
NASAW00026427,1990-02-15,Female
NASAW00026428,1946-08-28,Male
NASAW00026429,2005-02-05,Female
NASAW00026430,2005-04-03,Female
NASAW00026431,1982-06-22,Male
NASAW00026432,1956-10-07,Male
NASAW00026433,2004-05-19,Female
NASAW00026434,1954-10-01,Female
NASAW00026435,1998-02-06,Female
NASAW00026436,1958-12-15,Male
NASAW00026437,1965-10-26,Female
NASAW00026438,1978-12-19,Female
NASAW00026439,1969-05-10,Male
NASAW00026440,1994-01-29,M
NASAW00026441,1967-10-21,Male
NASAW00026442,1997-06-08,Male
NASAW00026443,1954-08-23,Male
NASAW00026444,1987-05-13,Male
NASAW00026445,1946-05-10,Female
NASAW00026446,2006-06-01,Male
NASAW00026447,1948-05-28,Female
NASAW00026448,2001-11-18,Male
NASAW00026449,1961-09-14,Male
NASAW00026450,1979-11-05,Female
NASAW00026451,2006-02-16,Female
NASAW00026452,1976-01-23,Female
NASAW00026453,1958-04-01,Female
NASAW00026454,1999-06-17,Female
NASAW00026455,1975-12-18,Female
NASAW00026456,1994-01-07,Male
NASAW00026457,1998-04-26,Female
NASAW00026458,1963-08-15,Female
NASAW00026459,1952-02-17,Female
NASAW00026460,1984-12-01,Male
NASAW00026461,1992-06-28,Male
NASAW00026462,2005-11-26,Female
NASAW00026463,1988-04-08,Male
NASAW00026464,1999-03-10,Male
NASAW00026465,1946-02-02,Male
NASAW00026466,1995-04-27,Female
NASAW00026467,1977-06-03,Female
NASAW00026468,1981-04-07,Male
NASAW00026469,1985-06-14,Female
NASAW00026470,1982-08-22,Female
NASAW00026471,2005-11-28,Female
NASAW00026472,1945-04-27,Male
NASAW00026473,1985-02-23,Female
NASAW00026474,1976-12-31,Female
NASAW00026475,1949-10-18,Male
NASAW00026476,2004-08-14,Female
NASAW00026477,1975-08-19,Male
NASAW00026478,1949-02-04,Male
NASAW00026479,1986-07-07,Male
NASAW00026480,1997-02-15,F
NASAW00026481,1968-04-19,Female
NASAW00026482,1988-01-24,Male
NASAW00026483,2000-01-28,Male
NASAW00026484,1971-09-22,Female
NASAW00026485,1969-02-15,F
NASAW00026486,1966-02-17,Female
NASAW00026487,1952-03-29,Male
NASAW00026488,1955-11-03,Male
NASAW00026489,1962-07-28,Female
NASAW00026490,1961-02-17,Male
NASAW00026491,1980-06-02,Female
NASAW00026492,1956-03-30,Male
NASAW00026493,2002-04-18,Female
NASAW00026494,1982-03-30,Female
NASAW00026495,1988-05-15,Male
NASAW00026496,1988-11-05,Male
NASAW00026497,1976-02-04,Female
NASAW00026498,1982-09-16,Male
NASAW00026499,1993-10-12,Male
NASAW00026500,1946-01-10,Male
NASAW00026501,1979-08-27,Male
NASAW00026502,1961-01-05,Male
NASAW00026503,1996-01-10,Male
NASAW00026504,1989-03-02,Female
NASAW00026505,1978-11-15,Female
NASAW00026506,1963-11-30,Female
NASAW00026507,1947-03-05,Male
NASAW00026508,1994-11-26,Male
NASAW00026509,1953-08-26,Male
NASAW00026510,1964-01-17,Female
NASAW00026511,1979-04-09,Female
NASAW00026512,1970-03-11,Male
NASAW00026513,1979-03-01,Female
NASAW00026514,1950-07-02,Male
NASAW00026515,1989-02-02,Male
NASAW00026516,1951-07-01,Male
NASAW00026517,1948-07-13,Male
NASAW00026518,1999-07-22,female
NASAW00026519,1968-01-29,Male
NASAW00026520,1954-05-25,Female
NASAW00026521,1950-06-21,Female
NASAW00026522,1969-05-09,Female
NASAW00026523,1974-09-13,Female
NASAW00026524,1985-10-12,Female
NASAW00026525,1998-03-01,Female
NASAW00026526,1965-03-07,Female
NASAW00026527,1973-09-23,Female
NASAW00026528,1988-11-21,Male
NASAW00026529,1946-11-11,Male
NASAW00026530,1988-05-04,Female
NASAW00026531,1973-03-20,Male
NASAW00026532,1993-04-09,M
NASAW00026533,1964-03-14,Male
NASAW00026534,1947-03-24,Male
NASAW00026535,1947-05-04,Male
NASAW00026536,1945-03-12,F
NASAW00026537,1987-01-16,Female
NASAW00026538,1985-01-27,Female
NASAW00026539,1971-01-27,Male
NASAW00026540,1983-01-28,Male
NASAW00026541,1975-08-22,Female
NASAW00026542,1957-08-28,Male
NASAW00026543,1949-09-23,Female
NASAW00026544,1990-06-25,Female
NASAW00026545,1960-09-22,Male
NASAW00026546,2006-06-21,Male
NASAW00026547,1993-10-24,Male
NASAW00026548,1968-03-02,Male
NASAW00026549,1993-01-08,Female
NASAW00026550,1952-02-05,Female
NASAW00026551,1990-01-18,M
NASAW00026552,1965-10-14,Female
NASAW00026553,2006-02-18,Female
NASAW00026554,1988-05-25,Male
NASAW00026555,1956-12-24,Female
NASAW00026556,1991-05-05,Male
NASAW00026557,2004-03-02,Female
NASAW00026558,1983-06-25,Female
NASAW00026559,1956-07-19,Male
NASAW00026560,1982-07-10,Female
NASAW00026561,1955-04-12,Female
NASAW00026562,1945-08-04,Female
NASAW00026563,1992-03-10,Female
NASAW00026564,1982-08-10,Female
NASAW00026565,1954-01-18,Male
NASAW00026566,1976-05-24,Female
NASAW00026567,1983-05-17,Female
NASAW00026568,1962-03-05,Female
NASAW00026569,1961-08-31,Female
NASAW00026570,1986-03-19,Female
NASAW00026571,1993-04-20,Female
NASAW00026572,1988-04-11,Male
NASAW00026573,2006-01-20,Female
NASAW00026574,1952-12-07,Female
NASAW00026575,1948-01-20,Male
NASAW00026576,2004-12-08,Female
NASAW00026577,1947-09-15,Male
NASAW00026578,2000-03-06,Male
NASAW00026579,2005-11-27,Male
NASAW00026580,1976-07-03,Male
NASAW00026581,2000-09-17,Female
NASAW00026582,2004-11-17,Male
NASAW00026583,1957-08-20,Female
NASAW00026584,1988-10-01,Male
NASAW00026585,1975-03-20,Female
NASAW00026586,1951-10-04,Female
NASAW00026587,2002-04-18,Female
NASAW00026588,2006-08-10,Male
NASAW00026589,1965-08-24,Female
NASAW00026590,1953-03-22,Male
NASAW00026591,1983-12-22,Male
NASAW00026592,1973-10-16,Female
NASAW00026593,1980-09-02,Male
NASAW00026594,1947-05-26,Male
NASAW00026595,1976-07-10,Male
NASAW00026596,1968-08-07,Female
NASAW00026597,1995-11-28,Male
NASAW00026598,1973-11-12,Male
NASAW00026599,1991-11-10,Male
NASAW00026600,1970-07-07,Female
NASAW00026601,1968-05-18,Female
NASAW00026602,1986-08-10,Male
NASAW00026603,1993-02-27,Female
NASAW00026604,1966-08-29,F
NASAW00026605,1970-08-31,Male
NASAW00026606,1999-01-27,Male
NASAW00026607,1980-01-25,Female
NASAW00026608,1991-11-17,Male
NASAW00026609,1997-05-14,Male
NASAW00026610,1982-09-27,Male
NASAW00026611,1994-12-04,Female
NASAW00026612,1992-03-17,Female
NASAW00026613,1957-07-19,Male
NASAW00026614,1965-01-11,Male
NASAW00026615,1975-04-17,Male
NASAW00026616,2005-02-22,Female
NASAW00026617,1980-04-16,Male
NASAW00026618,1968-11-10,
NASAW00026619,1954-05-11,Female
NASAW00026620,1968-06-09,Female
NASAW00026621,1983-02-28,Male
NASAW00026622,1956-07-30,Female
NASAW00026623,1991-04-19,Male
NASAW00026624,1981-12-25,Male
NASAW00026625,1987-10-07,Female
NASAW00026626,1954-05-12,Male
NASAW00026627,2001-06-06,Female
NASAW00026628,1968-05-17,Male
NASAW00026629,2001-03-06,Male
NASAW00026630,2001-02-16,
NASAW00026631,1984-06-10,Female
NASAW00026632,1992-03-28,Female
NASAW00026633,1982-04-28,Female
NASAW00026634,1991-06-11,Male
NASAW00026635,1993-12-14,Male
NASAW00026636,1961-01-15,Male
NASAW00026637,1989-06-12,Male
NASAW00026638,1962-08-19,Female
NASAW00026639,1993-07-04,Male
NASAW00026640,1967-12-24,Female
NASAW00026641,1993-07-18,Female
NASAW00026642,1946-05-22,Female
NASAW00026643,1967-04-12,Female
NASAW00026644,1983-01-12,Female
NASAW00026645,1972-12-09,Female
NASAW00026646,1953-11-09,Male
NASAW00026647,1947-12-05,Female
NASAW00026648,2005-06-06,Male
NASAW00026649,1995-12-22,Male
NASAW00026650,2001-06-18,Male
NASAW00026651,1973-02-11,Female
NASAW00026652,1995-03-31,Male
NASAW00026653,2005-06-27,Female
NASAW00026654,1987-08-08,Female
NASAW00026655,1988-12-12,Female
NASAW00026656,1979-07-23,Female
NASAW00026657,1962-06-18,Male
NASAW00026658,1997-12-28,Female
NASAW00026659,1970-04-13,Female
NASAW00026660,1946-04-05,Male
NASAW00026661,2003-12-12,Male
NASAW00026662,1959-12-12,Male
NASAW00026663,1981-02-05,Male
NASAW00026664,1999-04-13,Female
NASAW00026665,1974-03-25,Female
NASAW00026666,1947-12-16,Male
NASAW00026667,1986-09-06,Female
NASAW00026668,1956-05-16,Female
NASAW00026669,1994-10-20,Male
NASAW00026670,1992-01-27,Female
NASAW00026671,1966-05-09,Female
NASAW00026672,1973-09-24,Female
NASAW00026673,1948-12-04,Male
NASAW00026674,1977-10-02,Male
NASAW00026675,2005-01-11,Male
NASAW00026676,1945-08-15,Male
NASAW00026677,1945-01-16,Male
NASAW00026678,1985-12-01,Female
NASAW00026679,1992-01-01,Male
NASAW00026680,2003-10-28,Male
NASAW00026681,1949-08-02,Male
NASAW00026682,1945-11-27,Male
NASAW00026683,1993-08-30,Female
NASAW00026684,1996-03-27,Male
NASAW00026685,1963-05-26,Female
NASAW00026686,1978-12-15,Female
NASAW00026687,1960-01-06,Female
NASAW00026688,1951-03-15,Male
NASAW00026689,1996-11-23,Male
NASAW00026690,1984-12-14,
NASAW00026691,2005-11-30,Female
NASAW00026692,1957-01-11,Male
NASAW00026693,1998-04-28,Male
NASAW00026694,2004-05-30,Male
NASAW00026695,1974-10-19,Male
NASAW00026696,1972-06-26,Female
NASAW00026697,1962-12-19,Female
NASAW00026698,2002-11-08,Female
NASAW00026699,1976-07-03,Male
NASAW00026700,1999-09-03,Male
NASAW00026701,1966-07-06,Female
NASAW00026702,1985-11-14,Male
NASAW00026703,1991-03-31,Female
NASAW00026704,1980-11-20,Male
NASAW00026705,1983-12-31,Male
NASAW00026706,1976-05-31,Female
NASAW00026707,1977-10-22,Male
NASAW00026708,1997-08-31,Female
NASAW00026709,1997-07-02,Male
NASAW00026710,2005-09-10,Female
NASAW00026711,1950-10-15,Female
NASAW00026712,2001-04-09,Male
NASAW00026713,1961-10-14,Male
NASAW00026714,1969-08-28,Female
NASAW00026715,1993-07-28,Male
NASAW00026716,1995-06-17,Male
NASAW00026717,1987-06-16,Female
NASAW00026718,1975-04-02,Female
NASAW00026719,1993-02-02,Female
NASAW00026720,1997-08-27,Male
NASAW00026721,1996-09-14,Female
NASAW00026722,1961-06-30,Female
NASAW00026723,1976-02-05,Male
NASAW00026724,1989-04-02,Male
NASAW00026725,1950-01-03,Male
NASAW00026726,1976-11-22,Male
NASAW00026727,1952-03-17,Female
NASAW00026728,1970-08-04,Female
NASAW00026729,1985-01-17,Male
NASAW00026730,2003-12-31,Male
NASAW00026731,1974-08-16,Female
NASAW00026732,2002-02-01,Male
NASAW00026733,2006-09-08,Female
NASAW00026734,1998-10-23,Male
NASAW00026735,1954-04-29,Male
NASAW00026736,1956-06-16,Female
NASAW00026737,1958-09-02,Male
NASAW00026738,1971-04-29,Female
NASAW00026739,1988-05-18,Male
NASAW00026740,1957-02-24,Female
NASAW00026741,1955-06-02,Male
NASAW00026742,1980-04-09,Female
NASAW00026743,1957-06-21,Female
NASAW00026744,1983-02-16,Female
NASAW00026745,1987-06-10,Male
NASAW00026746,1970-10-10,Female
NASAW00026747,1970-11-30,Male
NASAW00026748,1949-11-17,Male
NASAW00026749,1974-11-26,Male
NASAW00026750,2000-06-10,Male
NASAW00026751,1948-04-25,Female
NASAW00026752,1967-06-01,Female
NASAW00026753,1972-07-30,Male
NASAW00026754,1990-04-19,M
NASAW00026755,1957-01-29,Male
NASAW00026756,1959-01-28,Female
NASAW00026757,1995-07-28,Female
NASAW00026758,1985-12-21,Female
NASAW00026759,1994-10-25,Male
NASAW00026760,1989-12-20,Female
NASAW00026761,1975-11-19,Female
NASAW00026762,1977-01-18,Female
NASAW00026763,1990-08-29,Female
NASAW00026764,1979-06-20,Female
NASAW00026765,1947-03-13,Female
NASAW00026766,1979-07-01,Female
NASAW00026767,1992-02-11,Female
NASAW00026768,1972-10-20,Female
NASAW00026769,1955-01-04,Male
NASAW00026770,1949-10-28,Female
NASAW00026771,1968-06-07,Female
NASAW00026772,1975-07-22,Male
NASAW00026773,1970-08-20,Female
NASAW00026774,1957-03-23,Female
NASAW00026775,1970-10-28,Female
NASAW00026776,1955-08-12,Female
NASAW00026777,1978-05-13,female
NASAW00026778,1979-08-07,Male
NASAW00026779,1988-04-11,Female
NASAW00026780,2003-03-16,Male
NASAW00026781,1991-11-19,Female
NASAW00026782,2003-03-02,Female
NASAW00026783,1977-08-27,Female
NASAW00026784,1974-03-22,Male
NASAW00026785,1960-12-26,Male
NASAW00026786,2004-09-04,Male
NASAW00026787,1970-11-29,Female
NASAW00026788,1986-06-14,Male
NASAW00026789,1991-08-20,Male
NASAW00026790,1978-11-11,Female
NASAW00026791,1971-06-04,Male
NASAW00026792,1979-01-02,Female
NASAW00026793,1993-12-10,Male
NASAW00026794,1998-03-19,Male
NASAW00026795,1984-05-04,Female
NASAW00026796,1965-01-14,Female
NASAW00026797,1987-03-13,Male
NASAW00026798,2002-01-18,Female
NASAW00026799,1980-01-11,Male
NASAW00026800,1990-05-13,Female
NASAW00026801,2001-09-08,Female
NASAW00026802,1986-03-20,Female
NASAW00026803,1991-12-20,Female
NASAW00026804,1961-12-17,Female
NASAW00026805,2001-12-03,Male
NASAW00026806,1985-02-08,Male
NASAW00026807,2002-06-08,Female
NASAW00026808,1962-05-19,Male
NASAW00026809,1982-09-03,M
NASAW00026810,1988-12-20,Male
NASAW00026811,2001-05-12,Female
NASAW00026812,1975-02-23,Female
NASAW00026813,1982-12-28,Female
NASAW00026814,1995-09-19,Male
NASAW00026815,2002-06-15,Male
NASAW00026816,1965-05-19,male
NASAW00026817,1966-09-10,Male
NASAW00026818,1954-10-19,Male
NASAW00026819,1976-04-09,Female
NASAW00026820,1954-10-16,Male
NASAW00026821,1968-06-23,Male
NASAW00026822,1963-02-09,Female
NASAW00026823,1991-04-29,Male
NASAW00026824,1970-12-05,Female
NASAW00026825,1951-12-17,Female
NASAW00026826,1961-01-27,Female
NASAW00026827,1969-03-23,Female
NASAW00026828,1954-03-19,Female
NASAW00026829,1998-07-22,Female
NASAW00026830,1963-01-18,Male
NASAW00026831,1958-10-21,Female
NASAW00026832,1968-01-03,Male
NASAW00026833,1956-08-21,Male
NASAW00026834,1948-12-28,Male
NASAW00026835,2001-08-22,Female
NASAW00026836,1965-11-07,Female
NASAW00026837,1963-08-25,Female
NASAW00026838,1945-03-09,Female
NASAW00026839,1963-09-01,Female
NASAW00026840,1980-09-18,Female
NASAW00026841,2002-04-08,Female
NASAW00026842,1948-05-21,Female
NASAW00026843,1958-07-11,Male
NASAW00026844,1969-02-18,Male
NASAW00026845,1976-06-28,Male
NASAW00026846,1987-08-08,Male
NASAW00026847,2004-12-24,Female
NASAW00026848,1948-11-28,Female
NASAW00026849,1993-02-01,Female
NASAW00026850,1949-08-08,Male
NASAW00026851,1967-01-20,Female
NASAW00026852,1958-10-18,Female
NASAW00026853,1948-03-10,Female
NASAW00026854,1966-04-12,Female
NASAW00026855,1951-11-24,Male
NASAW00026856,1999-12-24,M
NASAW00026857,1977-10-19,Male
NASAW00026858,1987-06-18,Male
NASAW00026859,1962-08-13,Female
NASAW00026860,1948-03-17,Female
NASAW00026861,1995-06-17,Male
NASAW00026862,1964-08-23,Female
NASAW00026863,1981-01-19,Female
NASAW00026864,1997-12-09,Male
NASAW00026865,1994-12-06,Male
NASAW00026866,1999-12-15,Female
NASAW00026867,1971-08-27,Female
NASAW00026868,1997-01-08,Male
NASAW00026869,1975-12-22,Female
NASAW00026870,1963-09-16,Male
NASAW00026871,1992-01-25,male
NASAW00026872,1956-04-14,Female
NASAW00026873,1945-02-01,Female
NASAW00026874,1945-11-26,Female
NASAW00026875,1978-03-22,F
NASAW00026876,1973-03-24,F
NASAW00026877,2005-12-14,Female
NASAW00026878,1973-12-31,Male
NASAW00026879,2002-11-30,Female
NASAW00026880,1997-12-31,Male
NASAW00026881,1959-09-12,Female
NASAW00026882,1961-04-20,Male
NASAW00026883,1946-08-18,Male
NASAW00026884,2006-12-03,Male
NASAW00026885,1948-05-03,Female
NASAW00026886,1954-01-14,Male
NASAW00026887,1979-04-03,Female
NASAW00026888,1998-02-01,Male
NASAW00026889,1972-01-10,Male
NASAW00026890,1949-06-08,Male
NASAW00026891,1994-02-16,Male
NASAW00026892,1957-12-16,Female
NASAW00026893,2005-12-12,Male
NASAW00026894,1969-03-09,
NASAW00026895,1956-10-22,Female
NASAW00026896,1971-09-25,Female
NASAW00026897,1998-05-07,Female
NASAW00026898,1966-07-09,Female
NASAW00026899,1956-10-19,Male
NASAW00026900,1946-05-10,Female
NASAW00026901,1956-08-11,Male
NASAW00026902,1993-11-09,Male
NASAW00026903,1968-10-02,Female
NASAW00026904,1950-07-05,Female
NASAW00026905,1995-11-20,Male
NASAW00026906,1975-02-11,Male
NASAW00026907,1999-03-16,Female
NASAW00026908,1955-06-17,Female
NASAW00026909,1981-11-10,Female
NASAW00026910,1991-08-09,Female
NASAW00026911,1978-09-20,Female
NASAW00026912,1986-02-14,Female
NASAW00026913,1964-05-03,Female
NASAW00026914,1945-04-24,Male
NASAW00026915,2002-08-05,Male
NASAW00026916,1980-03-06,Male
NASAW00026917,1978-10-19,Female
NASAW00026918,1961-11-03,Female
NASAW00026919,1982-12-16,Male
NASAW00026920,1982-10-22,Male
NASAW00026921,1983-07-09,Male
NASAW00026922,1971-02-25,Female
NASAW00026923,1985-06-01,Male
NASAW00026924,1993-10-18,Male
NASAW00026925,1971-12-25,Male
NASAW00026926,1950-09-30,Male
NASAW00026927,1998-04-17,Male
NASAW00026928,1959-05-31,Male
NASAW00026929,1962-08-28,Male
NASAW00026930,1962-08-30,Female
NASAW00026931,1960-11-04,Male
NASAW00026932,1975-04-24,Male
NASAW00026933,1979-07-10,Male
NASAW00026934,1997-02-12,Female
NASAW00026935,1948-10-20,Male
NASAW00026936,1969-12-07,Male
NASAW00026937,1972-12-12,Male
NASAW00026938,1961-08-24,Male
NASAW00026939,1967-07-30,Female
NASAW00026940,1984-09-21,Male
NASAW00026941,1996-08-11,Female
NASAW00026942,1948-02-08,Male
NASAW00026943,2000-01-19,Male
NASAW00026944,2002-08-30,Female
NASAW00026945,1955-02-18,Male
NASAW00026946,1975-09-07,Male
NASAW00026947,1963-08-05,Female
NASAW00026948,1990-08-14,Female
NASAW00026949,2000-12-29,Male
NASAW00026950,1975-07-15,Male
NASAW00026951,1996-12-21,Female
NASAW00026952,1975-07-13,Female
NASAW00026953,1996-03-04,Male
NASAW00026954,1975-12-26,Female
NASAW00026955,1956-08-01,Male
NASAW00026956,1946-04-05,Male
NASAW00026957,1995-03-15,Male
NASAW00026958,1995-01-08,Female
NASAW00026959,1990-02-14,Female
NASAW00026960,2006-02-13,Female
NASAW00026961,2001-07-13,Male
NASAW00026962,2000-08-08,Male
NASAW00026963,1977-11-26,Female
NASAW00026964,1977-07-28,Female
NASAW00026965,1996-04-05,Male
NASAW00026966,1986-02-05,Male
NASAW00026967,1960-06-30,Male
NASAW00026968,2005-10-12,Female
NASAW00026969,2001-02-25,Male
NASAW00026970,2004-12-04,Female
NASAW00026971,1976-11-09,Male
NASAW00026972,2003-08-13,Male
NASAW00026973,1957-10-25,Female
NASAW00026974,1984-12-26,Male
NASAW00026975,2003-01-29,Female
NASAW00026976,1949-06-06,Female
NASAW00026977,1972-02-12,Male
NASAW00026978,1962-12-24,Female
NASAW00026979,1960-04-19,Female
NASAW00026980,1962-10-26,Male
NASAW00026981,1947-02-08,Female
NASAW00026982,1965-03-07,Female
NASAW00026983,2001-11-15,Male
NASAW00026984,1971-10-09,Male
NASAW00026985,1987-12-05,Male
NASAW00026986,1968-11-28,Male
NASAW00026987,1948-11-10,Female
NASAW00026988,2005-08-19,Female
NASAW00026989,1992-11-11,Male
NASAW00026990,2000-07-17,Female
NASAW00026991,1966-08-08,Male
NASAW00026992,1961-09-19,Female
NASAW00026993,1959-08-31,Female
NASAW00026994,1969-09-24,Female
NASAW00026995,1984-04-19,Male
NASAW00026996,1984-01-06,Female
NASAW00026997,1971-01-23,Female
NASAW00026998,2001-04-10,Male
NASAW00026999,1948-04-27,Male
NASAW00027000,1986-04-15,Male
NASAW00027001,1951-03-18,Male
NASAW00027002,1957-02-17,Female
NASAW00027003,1991-12-26,Female
NASAW00027004,1980-02-23,Female
NASAW00027005,1956-07-23,Female
NASAW00027006,1972-07-30,Male
NASAW00027007,,Male
NASAW00027008,1949-11-26,Male
NASAW00027009,1984-05-31,Male
NASAW00027010,2006-09-12,Female
NASAW00027011,1996-02-21,Male
NASAW00027012,1970-05-30,Male
NASAW00027013,1946-06-18,Female
NASAW00027014,1970-12-11,Female
NASAW00027015,1952-09-05,Male
NASAW00027016,1986-02-16,Female
NASAW00027017,2006-06-17,Male
NASAW00027018,1947-08-16,Female
NASAW00027019,1945-11-02,Female
NASAW00027020,1991-11-07,Female
NASAW00027021,1948-06-28,Male
NASAW00027022,1983-08-21,Female
NASAW00027023,2003-02-02,Male
NASAW00027024,1968-10-06,Female
NASAW00027025,1951-06-17,Male
NASAW00027026,1995-11-08,Female
NASAW00027027,1956-10-21,Female
NASAW00027028,1949-08-23,Male
NASAW00027029,1975-10-02,Female
NASAW00027030,1955-04-22,Female
NASAW00027031,1955-12-18,Female
NASAW00027032,1960-08-17,Female
NASAW00027033,1953-08-19,Female
NASAW00027034,2000-04-18,Male
NASAW00027035,1948-03-17,Female
NASAW00027036,1974-03-19,M
NASAW00027037,1989-10-05,Female
NASAW00027038,1976-03-14,Male
NASAW00027039,1989-07-27,Male
NASAW00027040,1961-10-08,Female
NASAW00027041,1958-01-05,Male
NASAW00027042,1993-12-17,Female
NASAW00027043,1973-10-15,Male
NASAW00027044,1971-12-22,Female
NASAW00027045,1948-02-04,Female
NASAW00027046,2005-06-28,Female
NASAW00027047,1965-08-28,Female
NASAW00027048,1948-07-01,Male
NASAW00027049,1997-03-30,Male
NASAW00027050,1951-09-04,Male
NASAW00027051,1969-02-14,Male
NASAW00027052,1998-05-22,Male
NASAW00027053,1959-10-13,Female
NASAW00027054,1954-12-04,Male
NASAW00027055,2004-05-15,Male
NASAW00027056,1991-04-29,Female
NASAW00027057,1951-11-25,Female
NASAW00027058,2000-11-10,Female
NASAW00027059,1968-09-30,Female
NASAW00027060,1974-09-04,Male
NASAW00027061,1981-05-08,Male
NASAW00027062,1987-12-29,Female
NASAW00027063,2001-02-07,Female
NASAW00027064,1984-03-27,Male
NASAW00027065,1952-06-13,Male
NASAW00027066,1960-05-07,Male
NASAW00027067,1987-01-07,Female
NASAW00027068,1961-12-16,F
NASAW00027069,1989-03-16,Male
NASAW00027070,2004-07-02,Female
NASAW00027071,1990-07-16,Female
NASAW00027072,1945-04-10,Male
NASAW00027073,1967-07-24,Male
NASAW00027074,2001-10-17,Male
NASAW00027075,1962-02-19,Male
NASAW00027076,1976-11-21,Male
NASAW00027077,1949-11-30,Male
NASAW00027078,1983-10-13,Female
NASAW00027079,2002-09-06,Male
NASAW00027080,1985-01-12,Male
NASAW00027081,1997-11-25,Female
NASAW00027082,1955-07-06,Female
NASAW00027083,2002-10-25,Female
NASAW00027084,1950-03-14,Female
NASAW00027085,1997-08-12,Male
NASAW00027086,1952-11-05,Male
NASAW00027087,1994-10-06,Male
NASAW00027088,2001-01-19,male
NASAW00027089,1961-03-13,Female
NASAW00027090,1980-02-01,Male
NASAW00027091,1981-12-18,male
NASAW00027092,1982-06-14,Male
NASAW00027093,1964-08-10,Female
NASAW00027094,1948-12-14,Female
NASAW00027095,2002-09-01,Female
NASAW00027096,1945-10-09,Female
NASAW00027097,1976-10-12,female
NASAW00027098,1947-05-19,Female
NASAW00027099,1949-05-14,Male
NASAW00027100,1994-03-14,Female
NASAW00027101,2001-02-20,Female
NASAW00027102,1949-04-21,Male
NASAW00027103,1900-01-01,Female
NASAW00027104,1983-09-04,Female
NASAW00027105,1951-12-26,Female
NASAW00027106,1951-01-22,Female
NASAW00027107,1963-12-13,Female
NASAW00027108,1949-04-28,Male
NASAW00027109,1998-06-29,Male
NASAW00027110,1984-06-30,Male
NASAW00027111,2001-07-21,Female
NASAW00027112,1999-11-05,Male
NASAW00027113,1982-01-22,Female
NASAW00027114,1999-09-20,Female
NASAW00027115,1953-05-28,Female
NASAW00027116,1995-07-22,Male
NASAW00027117,1955-09-02,Female
NASAW00027118,1984-05-17,Male
NASAW00027119,2004-12-02,Female
NASAW00027120,1961-11-22,Female
NASAW00027121,2002-07-27,Male
NASAW00027122,1974-10-28,Female
NASAW00027123,2002-11-01,Male
NASAW00027124,1960-11-29,Male
NASAW00027125,1993-04-20,Female
NASAW00027126,1948-03-18,Male
NASAW00027127,1964-02-07,Female
NASAW00027128,1994-10-24,Female
NASAW00027129,1980-06-30,Female
NASAW00027130,1963-04-01,Female
NASAW00027131,1951-09-24,Male
NASAW00027132,1968-03-18,Female
NASAW00027133,1970-07-10,Male
NASAW00027134,1989-07-17,Male
NASAW00027135,1960-04-28,Male
NASAW00027136,1947-04-25,Male
NASAW00027137,1945-03-11,Male
NASAW00027138,2001-11-18,Male
NASAW00027139,1990-02-09,Male
NASAW00027140,1968-01-25,Female
NASAW00027141,1945-11-12,Male
NASAW00027142,1996-09-30,Female
NASAW00027143,1991-09-04,Female
NASAW00027144,1955-03-18,Female
NASAW00027145,1952-07-27,Female
NASAW00027146,1980-07-20,Female
NASAW00027147,1998-10-05,Male
NASAW00027148,1997-12-06,Female
NASAW00027149,1951-09-21,Male
NASAW00027150,1956-03-24,Female
NASAW00027151,2006-11-20,Female
NASAW00027152,1956-11-12,Male
NASAW00027153,1975-07-19,Male
NASAW00027154,1960-03-13,Male
NASAW00027155,1961-02-26,Female
NASAW00027156,1981-12-27,Female
NASAW00027157,1997-06-17,Male
NASAW00027158,1992-08-02,Female
NASAW00027159,1993-07-13,Female
NASAW00027160,1967-06-12,Male
NASAW00027161,1962-03-23,Female
NASAW00027162,1969-08-15,Male
NASAW00027163,1992-10-01,Male
NASAW00027164,1993-07-18,Female
NASAW00027165,1981-11-03,Female
NASAW00027166,1972-03-30,Male
NASAW00027167,2005-01-28,Female
NASAW00027168,1965-10-20,Male
NASAW00027169,2000-08-31,Male
NASAW00027170,1990-12-11,Female
NASAW00027171,1964-12-25,Female
NASAW00027172,2029-12-31,Female
NASAW00027173,1964-05-21,Male
NASAW00027174,2003-09-01,Male
NASAW00027175,1946-03-03,Male
NASAW00027176,2002-08-16,Female
NASAW00027177,1959-02-03,Female
NASAW00027178,1980-11-03,Male
NASAW00027179,1973-06-21,Male
NASAW00027180,1954-12-29,Female
NASAW00027181,1989-02-18,Male
NASAW00027182,1991-12-05,Female
NASAW00027183,1948-12-20,Female
NASAW00027184,1983-04-30,Female
NASAW00027185,1990-01-15,Female
NASAW00027186,1956-08-12,Female
NASAW00027187,1977-05-06,Male
NASAW00027188,1994-12-14,Female
NASAW00027189,2002-04-18,Female
NASAW00027190,1971-06-06,Male
NASAW00027191,2006-11-07,Female
NASAW00027192,1962-05-17,Male
NASAW00027193,1967-10-08,Female
NASAW00027194,1999-01-26,Male
NASAW00027195,1968-02-07,Female
NASAW00027196,1948-11-28,Female
NASAW00027197,1974-09-03,Male
NASAW00027198,2006-08-31,Male
NASAW00027199,1951-11-20,Male
NASAW00027200,1946-12-28,Female
NASAW00027201,1998-11-30,Male
NASAW00027202,2000-06-10,Female
NASAW00027203,1992-04-08,Female
NASAW00027204,1947-01-20,Male
NASAW00027205,1991-04-05,Male
NASAW00027206,1966-06-03,Female
NASAW00027207,1973-08-06,Male
NASAW00027208,1999-02-02,Female
NASAW00027209,1976-02-20,Male
NASAW00027210,1990-07-28,Female
NASAW00027211,1995-04-01,Female
NASAW00027212,2003-05-16,Female
NASAW00027213,1957-12-25,Male
NASAW00027214,1986-01-29,Female
NASAW00027215,1964-12-13,Male
NASAW00027216,1949-02-10,Female
NASAW00027217,2005-05-29,Male
NASAW00027218,1984-10-08,Female
NASAW00027219,1985-01-20,Female
NASAW00027220,1945-01-20,M
NASAW00027221,1962-01-21,Female
NASAW00027222,1988-06-09,Female
NASAW00027223,1950-05-09,Female
NASAW00027224,1985-08-01,Female
NASAW00027225,1951-02-05,Female
NASAW00027226,1987-04-29,Female
NASAW00027227,1953-05-11,Male
NASAW00027228,1958-06-11,Female
NASAW00027229,1982-04-20,Female
NASAW00027230,1990-08-09,Male
NASAW00027231,1968-09-21,Female
NASAW00027232,1972-01-27,Male
NASAW00027233,1984-10-19,Female
NASAW00027234,2006-02-11,Female
NASAW00027235,1987-07-14,Female
NASAW00027236,1951-02-17,Female
NASAW00027237,1947-08-25,Female
NASAW00027238,1952-09-18,Female
NASAW00027239,1947-04-21,Male
NASAW00027240,1950-07-06,Male
NASAW00027241,1974-05-17,Male
NASAW00027242,2005-09-22,Female
NASAW00027243,1956-05-05,Male
NASAW00027244,2001-02-24,Female
NASAW00027245,1987-11-06,Female
NASAW00027246,1968-05-22,Female
NASAW00027247,1971-09-15,Female
NASAW00027248,1955-11-23,Male
NASAW00027249,1962-05-04,Male
NASAW00027250,1956-06-16,Male
NASAW00027251,1982-07-07,Female
NASAW00027252,1975-09-02,Male
NASAW00027253,2004-11-23,Female
NASAW00027254,1979-11-09,Female
NASAW00027255,1967-08-05,Female
NASAW00027256,1946-03-31,Female
NASAW00027257,1997-05-29,Male
NASAW00027258,1999-04-14,Female
NASAW00027259,1974-07-16,Female
NASAW00027260,2001-05-17,Male
NASAW00027261,2006-07-13,Female
NASAW00027262,1984-04-19,M
NASAW00027263,1968-04-28,Female
NASAW00027264,1977-02-14,Male
NASAW00027265,1999-10-04,Male
NASAW00027266,1951-02-09,Female
NASAW00027267,1979-07-20,Male
NASAW00027268,1985-01-14,Male
NASAW00027269,1990-11-19,Male
NASAW00027270,1991-08-09,Female
NASAW00027271,2006-11-14,Female
NASAW00027272,2003-06-12,Female
NASAW00027273,1965-02-28,
NASAW00027274,1997-04-21,Female
NASAW00027275,1966-07-16,Female
NASAW00027276,1969-04-02,Male
NASAW00027277,1970-02-23,Female
NASAW00027278,1993-01-20,Female
NASAW00027279,1983-01-25,Female
NASAW00027280,2001-04-29,Male
NASAW00027281,1993-05-19,Female
NASAW00027282,1962-11-20,Female
NASAW00027283,2003-12-17,Male
NASAW00027284,1972-07-28,Female
NASAW00027285,1954-04-18,Female
NASAW00027286,1994-05-02,Female
NASAW00027287,1993-03-06,Female
NASAW00027288,1956-01-01,Female
NASAW00027289,1959-01-27,Female
NASAW00027290,1963-12-27,Female
NASAW00027291,1952-09-12,Female
NASAW00027292,1962-09-20,Male
NASAW00027293,2002-05-27,Male
NASAW00027294,1996-01-24,Male
NASAW00027295,1980-09-09,Male
NASAW00027296,1983-01-22,Female
NASAW00027297,2000-05-20,Female
NASAW00027298,1988-01-08,Female
NASAW00027299,1960-06-16,Male
NASAW00027300,1990-01-21,Female
NASAW00027301,1986-09-01,Male
NASAW00027302,1956-04-20,Female
NASAW00027303,2003-07-09,Female
NASAW00027304,1984-06-21,Female
NASAW00027305,1954-03-13,Female
NASAW00027306,1953-04-03,Female
NASAW00027307,1986-04-17,Female
NASAW00027308,1985-12-02,Male
NASAW00027309,1962-04-02,Male
NASAW00027310,1998-08-14,Male
NASAW00027311,2000-08-23,Male
NASAW00027312,1964-12-24,Male
NASAW00027313,1967-07-14,Male
NASAW00027314,1970-08-28,Male
NASAW00027315,1950-11-16,Female
NASAW00027316,1991-06-19,Male
NASAW00027317,1950-12-10,Female
NASAW00027318,1952-07-23,Male
NASAW00027319,1985-06-16,Female
NASAW00027320,1985-12-06,Female
NASAW00027321,2004-11-18,Male
NASAW00027322,1963-10-19,Female
NASAW00027323,1971-09-18,Male
NASAW00027324,1962-05-01,Female
NASAW00027325,1959-06-24,Male
NASAW00027326,1964-12-31,Male
NASAW00027327,1966-10-23,Male
NASAW00027328,1952-12-11,Female
NASAW00027329,1975-04-06,Female
NASAW00027330,1985-06-23,Male
NASAW00027331,1971-03-21,Female
NASAW00027332,1996-03-19,Female
NASAW00027333,1987-04-12,Male
NASAW00027334,1988-01-27,F
NASAW00027335,1992-10-21,Male
NASAW00027336,1978-03-03,Male
NASAW00027337,1948-09-09,Female
NASAW00027338,1964-06-01,Female
NASAW00027339,1979-11-04,Male
NASAW00027340,1980-07-13,Male
NASAW00027341,1984-03-14,Male
NASAW00027342,1982-08-16,Female
NASAW00027343,2005-01-09,Female
NASAW00027344,1996-12-29,Male
NASAW00027345,1947-09-22,Male
NASAW00027346,1956-11-13,Female
NASAW00027347,1962-04-22,Male
NASAW00027348,1978-10-28,Male
NASAW00027349,1969-08-26,Female
NASAW00027350,1958-03-05,Male
NASAW00027351,1951-11-08,Male
NASAW00027352,1968-11-23,Male
NASAW00027353,2002-08-16,Female
NASAW00027354,1949-07-01,Female
NASAW00027355,1993-07-31,Male
NASAW00027356,1996-08-30,Male
NASAW00027357,1990-02-04,Male
NASAW00027358,1953-06-21,Male
NASAW00027359,1964-05-03,Male
NASAW00027360,1997-09-16,Male
NASAW00027361,1954-05-29,Male
NASAW00027362,2004-10-16,Female
NASAW00027363,2000-10-10,Female
NASAW00027364,1988-12-19,Male
NASAW00027365,1983-12-28,Male
NASAW00027366,2001-05-07,Male
NASAW00027367,1966-04-22,female
NASAW00027368,1947-10-07,M
NASAW00027369,2006-03-14,Female
NASAW00027370,1982-09-07,Male
NASAW00027371,1962-12-30,Female
NASAW00027372,1963-12-14,Female
NASAW00027373,1945-02-01,Female
NASAW00027374,1968-07-03,Male
NASAW00027375,1954-08-31,Female
NASAW00027376,1968-11-14,Male
NASAW00027377,1996-11-06,Female
NASAW00027378,1998-05-27,Male
NASAW00027379,1998-07-02,Male
NASAW00027380,1999-01-13,Male
NASAW00027381,1979-01-11,Female
NASAW00027382,2002-09-23,Male
NASAW00027383,1946-08-16,Female
NASAW00027384,1996-06-29,Male
NASAW00027385,1980-09-13,male
NASAW00027386,1947-06-14,Male
NASAW00027387,1982-09-24,Male
NASAW00027388,1954-08-21,Female
NASAW00027389,2004-05-11,Female
NASAW00027390,1946-08-15,Female
NASAW00027391,1963-11-11,Female
NASAW00027392,2001-09-02,Male
NASAW00027393,2003-10-14,Female
NASAW00027394,1963-08-16,Male
NASAW00027395,1997-05-04,Male
NASAW00027396,1978-05-05,Male
NASAW00027397,2001-08-02,Male
NASAW00027398,1977-03-11,Female
NASAW00027399,1983-10-06,Female
NASAW00027400,2005-10-02,Male
NASAW00027401,1971-12-15,Female
NASAW00027402,1948-11-16,Female
NASAW00027403,1994-06-20,Female
NASAW00027404,1973-12-14,Male
NASAW00027405,2006-04-16,Male
NASAW00027406,1959-08-16,Male
NASAW00027407,1974-11-16,Female
NASAW00027408,2005-04-23,Female
NASAW00027409,1953-12-13,Male
NASAW00027410,1978-02-28,Male
NASAW00027411,2001-03-25,male
NASAW00027412,2002-10-09,Male
NASAW00027413,1980-07-26,Female
NASAW00027414,1989-08-23,Male
NASAW00027415,2001-01-09,Female
NASAW00027416,1958-12-03,Female
NASAW00027417,2005-09-08,Female
NASAW00027418,1992-08-10,Male
NASAW00027419,1968-06-06,Male
NASAW00027420,1999-05-18,Male
NASAW00027421,1947-12-08,Male
NASAW00027422,1974-04-19,Female
NASAW00027423,1988-06-05,Male
NASAW00027424,1999-08-13,Male
NASAW00027425,1962-03-15,Male
NASAW00027426,1985-07-27,Male
NASAW00027427,1958-10-06,Female
NASAW00027428,1995-11-10,Female
NASAW00027429,1991-08-06,Male
NASAW00027430,1985-12-29,Female
NASAW00027431,1994-06-15,Male
NASAW00027432,1967-12-31,Female
NASAW00027433,2003-08-29,Female
NASAW00027434,1946-04-13,Male
NASAW00027435,1994-08-30,Female
NASAW00027436,1951-09-23,Male
NASAW00027437,1945-03-19,M
NASAW00027438,1991-03-06,Female
NASAW00027439,2003-12-17,Male
NASAW00027440,2006-03-10,Female
NASAW00027441,1990-06-05,Male
NASAW00027442,1997-04-10,Female
NASAW00027443,1959-11-04,Male
NASAW00027444,1996-05-02,Female
NASAW00027445,1977-05-26,Female
NASAW00027446,1969-02-16,Male
NASAW00027447,2004-06-30,Female
NASAW00027448,1950-06-30,Male
NASAW00027449,1999-12-03,Male
NASAW00027450,1955-11-15,Female
NASAW00027451,1954-09-05,Female
NASAW00027452,1954-11-01,Female
NASAW00027453,1991-03-20,Male
NASAW00027454,1967-06-23,Male
NASAW00027455,1998-09-25,Female
NASAW00027456,1957-02-27,Female
NASAW00027457,1951-11-09,Female
NASAW00027458,1982-01-17,Female
NASAW00027459,1991-04-26,Male
NASAW00027460,1945-03-02,Male
NASAW00027461,1963-07-30,Male
NASAW00027462,1955-12-31,Female
NASAW00027463,1975-04-05,Female
NASAW00027464,2003-05-13,Male
NASAW00027465,1961-10-03,Male
NASAW00027466,1979-10-31,Male
NASAW00027467,1971-04-30,Female
NASAW00027468,1980-04-07,Male
NASAW00027469,1990-05-02,F
NASAW00027470,1968-09-02,Male
NASAW00027471,1973-02-25,Male
NASAW00027472,1975-10-01,Female
NASAW00027473,1945-08-31,Female
NASAW00027474,1959-07-09,Male
NASAW00027475,1984-02-12,Female
NASAW00027476,1958-09-03,Female
NASAW00027477,1989-02-15,Male
NASAW00027478,1990-01-12,Female
NASAW00027479,1970-09-21,Male
NASAW00027480,1949-07-10,Female
NASAW00027481,1997-04-21,Female
NASAW00027482,1986-04-27,Male
NASAW00027483,1978-06-23,Male
NASAW00027484,1994-07-04,Female
NASAW00027485,1978-01-08,Female
NASAW00027486,1967-12-20,Female
NASAW00027487,1957-08-11,Female
NASAW00027488,1962-10-15,Female
NASAW00027489,1957-09-13,Female
NASAW00027490,2002-09-12,Male
NASAW00027491,2004-06-30,Male
NASAW00027492,2000-05-17,Female
NASAW00027493,1960-06-18,Male
NASAW00027494,2003-08-27,Female
NASAW00027495,1958-01-24,female
NASAW00027496,1975-02-10,Male
NASAW00027497,1966-11-29,Female
NASAW00027498,1979-01-26,Female
NASAW00027499,1965-05-18,Male
NASAW00027500,1957-06-05,Male
NASAW00027501,1964-09-14,Male
NASAW00027502,1955-02-24,Female
NASAW00027503,1983-01-25,Female
NASAW00027504,1961-08-04,Male
NASAW00027505,1986-09-19,Male
NASAW00027506,1978-04-25,Male
NASAW00027507,1956-12-11,Female
NASAW00027508,1947-02-11,Male
NASAW00027509,1983-05-07,Female
NASAW00027510,1995-07-18,Female
NASAW00027511,1999-12-16,Female
NASAW00027512,1961-06-29,Female
NASAW00027513,2003-02-18,Male
NASAW00027514,1950-09-17,Male
NASAW00027515,1985-03-06,Female
NASAW00027516,2000-06-15,Female
NASAW00027517,1960-01-24,Female
NASAW00027518,1962-01-17,Female
NASAW00027519,1990-05-26,Male
NASAW00027520,1984-09-25,Male
NASAW00027521,2000-04-05,Female
NASAW00027522,1973-03-09,Female
NASAW00027523,2001-12-20,Male
NASAW00027524,1953-07-15,Female
NASAW00027525,1945-09-27,Male
NASAW00027526,1956-07-15,Female
NASAW00027527,1996-02-18,Male
NASAW00027528,2003-03-22,Male
NASAW00027529,1963-11-11,Male
NASAW00027530,1972-04-28,Male
NASAW00027531,1981-06-14,Male
NASAW00027532,1983-09-14,Female
NASAW00027533,1972-07-30,Female
NASAW00027534,1997-03-27,Female
NASAW00027535,1955-04-10,Female
NASAW00027536,1951-02-05,Male
NASAW00027537,1978-03-15,Female
NASAW00027538,1956-07-08,Male
NASAW00027539,1962-09-12,Female
NASAW00027540,2003-01-23,Female
NASAW00027541,1945-12-09,Female
NASAW00027542,1956-09-07,Male
NASAW00027543,1972-02-15,Female
NASAW00027544,1978-10-06,Male
NASAW00027545,1985-01-04,Female
NASAW00027546,1986-06-03,Female
NASAW00027547,1976-01-29,Male
NASAW00027548,1977-01-10,Female
NASAW00027549,2001-04-04,Female
NASAW00027550,1992-06-04,Female
NASAW00027551,1970-01-15,Male
NASAW00027552,1988-09-21,Female
NASAW00027553,1960-04-02,Male
NASAW00027554,1984-08-13,Male
NASAW00027555,1981-06-05,Male
NASAW00027556,1970-09-18,Female
NASAW00027557,1986-02-20,Male
NASAW00027558,1981-07-11,Male
NASAW00027559,1988-12-10,Male
NASAW00027560,1971-07-18,Female
NASAW00027561,1970-11-10,Female
NASAW00027562,1991-06-18,Female
NASAW00027563,1956-04-02,Male
NASAW00027564,1966-09-29,Male
NASAW00027565,2002-06-21,Male
NASAW00027566,1973-07-01,Female
NASAW00027567,1970-07-24,Male
NASAW00027568,1975-01-25,Female
NASAW00027569,1975-10-27,Female
NASAW00027570,2002-02-16,Female
NASAW00027571,1998-12-06,Male
NASAW00027572,1987-09-21,Male
NASAW00027573,1972-09-12,Female
NASAW00027574,1975-04-09,Male
NASAW00027575,1946-10-08,Male
NASAW00027576,1954-04-27,Female
NASAW00027577,1954-05-12,Male
NASAW00027578,1976-07-13,Male
NASAW00027579,2002-04-08,Female
NASAW00027580,1979-04-07,Male
NASAW00027581,1968-03-06,Female
NASAW00027582,1975-09-05,Male
NASAW00027583,1974-04-18,Male
NASAW00027584,1989-09-07,Female
NASAW00027585,1983-09-04,Female
NASAW00027586,1972-08-20,Female
NASAW00027587,1964-05-19,Male
NASAW00027588,1990-05-02,Male
NASAW00027589,1947-02-15,Male
NASAW00027590,1969-09-09,Female
NASAW00027591,1971-04-01,Female
NASAW00027592,1948-10-07,Female
NASAW00027593,1975-07-19,Male
NASAW00027594,2006-08-06,Female
NASAW00027595,1991-01-27,Male
NASAW00027596,2000-11-19,Male
NASAW00027597,1984-05-25,Male
NASAW00027598,1949-12-06,Male
NASAW00027599,1955-07-08,Female
NASAW00027600,1979-12-19,Male
NASAW00027601,1961-02-03,Male
NASAW00027602,1982-11-26,Male
NASAW00027603,1980-08-12,Female
NASAW00027604,2001-05-17,Female
NASAW00027605,1993-07-15,Female
NASAW00027606,2005-01-22,Male
NASAW00027607,1980-08-11,Female
NASAW00027608,1951-06-24,Male
NASAW00027609,1947-12-26,Male
NASAW00027610,1947-12-24,Female
NASAW00027611,1989-02-10,Male
NASAW00027612,1971-09-09,Female
NASAW00027613,1957-11-25,Male
NASAW00027614,1953-09-01,Male
NASAW00027615,1986-10-31,Female
NASAW00027616,1987-06-01,Male
NASAW00027617,1996-09-23,Female
NASAW00027618,1991-12-04,Male
NASAW00027619,1952-03-26,Male
NASAW00027620,1969-04-08,Male
NASAW00027621,1947-12-11,Male
NASAW00027622,1970-09-24,Male
NASAW00027623,1985-11-10,Male
NASAW00027624,1957-11-13,Female
NASAW00027625,2000-06-08,Female
NASAW00027626,1990-06-16,Female
NASAW00027627,1988-08-29,Male
NASAW00027628,1993-07-06,Male
NASAW00027629,1952-05-12,Female
NASAW00027630,2006-12-28,Female
NASAW00027631,1964-02-24,Male
NASAW00027632,1955-08-06,Male
NASAW00027633,1947-12-21,Male
NASAW00027634,2006-08-21,Male
NASAW00027635,1963-08-26,Female
NASAW00027636,1959-10-02,Female
NASAW00027637,1989-04-20,Female
NASAW00027638,1970-09-15,Male
NASAW00027639,1980-08-31,Male
NASAW00027640,1968-09-05,Female
NASAW00027641,1994-03-30,Male
NASAW00027642,1970-01-03,Male
NASAW00027643,1982-07-06,Female
NASAW00027644,1974-02-23,Male
NASAW00027645,1986-11-27,Male
NASAW00027646,2004-02-04,Female
NASAW00027647,1949-12-30,Female
NASAW00027648,2005-02-20,Female
NASAW00027649,1999-12-19,Male
NASAW00027650,1972-12-24,Female
NASAW00027651,1951-07-16,Female
NASAW00027652,2004-05-23,Female
NASAW00027653,1968-08-23,Male
NASAW00027654,1968-10-16,Female
NASAW00027655,1947-12-22,Female
NASAW00027656,1986-02-15,Male
NASAW00027657,1974-08-15,M
NASAW00027658,1982-02-07,Male
NASAW00027659,1966-04-28,Male
NASAW00027660,1969-08-08,Female
NASAW00027661,1974-03-15,Female
NASAW00027662,1945-11-11,Female
NASAW00027663,1952-10-02,Male
NASAW00027664,1981-04-19,Female
NASAW00027665,1966-02-10,Male
NASAW00027666,2005-05-28,Male
NASAW00027667,1955-05-09,Female
NASAW00027668,1990-08-21,Male
NASAW00027669,1976-03-10,Male
NASAW00027670,2006-02-23,Male
NASAW00027671,1981-05-16,Male
NASAW00027672,1958-01-31,Male
NASAW00027673,1976-03-27,Female
NASAW00027674,1951-05-06,Female
NASAW00027675,1987-12-03,Female
NASAW00027676,1952-10-09,Female
NASAW00027677,2005-12-22,Male
NASAW00027678,2005-02-05,Female
NASAW00027679,1991-09-22,Male
NASAW00027680,1984-02-12,Female
NASAW00027681,1997-07-06,Male
NASAW00027682,2004-06-21,Male
NASAW00027683,1962-06-14,Male
NASAW00027684,1980-03-15,Male
NASAW00027685,1976-07-20,Male
NASAW00027686,1979-11-27,Female
NASAW00027687,1979-04-28,Male
NASAW00027688,1993-08-20,Female
NASAW00027689,1997-10-30,Female
NASAW00027690,1966-05-28,Male
NASAW00027691,1961-09-22,Female
NASAW00027692,1977-09-17,Female
NASAW00027693,1981-09-16,Male
NASAW00027694,1970-03-15,Male
NASAW00027695,2000-07-07,Male
NASAW00027696,1966-01-26,Female
NASAW00027697,1952-10-21,Male
NASAW00027698,1964-05-16,Female
NASAW00027699,1985-05-02,Female
NASAW00027700,1996-01-10,Male
NASAW00027701,2001-08-07,Female
NASAW00027702,1990-02-26,Female
NASAW00027703,1968-04-30,Female
NASAW00027704,1956-04-20,Male
NASAW00027705,1980-06-16,Male
NASAW00027706,1957-09-05,Male
NASAW00027707,2005-12-02,Male
NASAW00027708,2000-05-11,Male
NASAW00027709,2001-07-30,Female
NASAW00027710,1951-10-04,Male
NASAW00027711,1997-11-21,Male
NASAW00027712,1998-10-24,Male
NASAW00027713,1968-07-29,Female
NASAW00027714,1965-09-26,Male
NASAW00027715,1984-04-04,Female
NASAW00027716,1972-02-09,Male
NASAW00027717,1961-08-29,Female
NASAW00027718,1957-03-18,Male
NASAW00027719,1957-01-04,Female
NASAW00027720,1961-02-06,Male
NASAW00027721,1954-02-22,Female
NASAW00027722,1966-05-13,Male
NASAW00027723,1953-08-23,Male
NASAW00027724,1961-09-05,Female
NASAW00027725,1967-10-03,Male
NASAW00027726,2004-09-02,Male
NASAW00027727,1982-11-13,F
NASAW00027728,1960-07-25,Female
NASAW00027729,1998-03-11,Male
NASAW00027730,1965-03-01,Female
NASAW00027731,1983-03-25,Male
NASAW00027732,1975-08-06,Female
NASAW00027733,1958-05-13,Female
NASAW00027734,1980-06-13,Female
NASAW00027735,1950-11-23,Male
NASAW00027736,1990-12-09,Male
NASAW00027737,2004-01-24,Female
NASAW00027738,1962-05-06,Male
NASAW00027739,1997-04-20,Female
NASAW00027740,1980-11-07,Female
NASAW00027741,1949-11-12,Male
NASAW00027742,1983-10-25,Female
NASAW00027743,1950-09-07,Female
NASAW00027744,1982-09-23,Female
NASAW00027745,1976-11-13,Male
NASAW00027746,1998-07-22,Female
NASAW00027747,1997-07-06,Male
NASAW00027748,1961-06-28,Female
NASAW00027749,1969-08-25,Female
NASAW00027750,2006-07-28,Female
NASAW00027751,1966-01-14,Male
NASAW00027752,1969-02-16,Female
NASAW00027753,1958-11-30,Male
NASAW00027754,1982-07-06,Male
NASAW00027755,1955-09-26,Female
NASAW00027756,1969-05-14,Female
NASAW00027757,1958-04-09,Male
NASAW00027758,1961-09-06,Male
NASAW00027759,2002-12-06,Female
NASAW00027760,1962-03-17,Male
NASAW00027761,2004-12-11,Male
NASAW00027762,1965-11-13,Male
NASAW00027763,1954-04-30,Male
NASAW00027764,1947-10-22,Female
NASAW00027765,1993-06-27,Female
NASAW00027766,1946-04-29,Male
NASAW00027767,1966-02-05,Male
NASAW00027768,1947-03-11,Male
NASAW00027769,1973-12-11,Male
NASAW00027770,1973-07-07,Male
NASAW00027771,2005-04-18,Male
NASAW00027772,1950-11-15,Male
NASAW00027773,1999-04-27,Male
NASAW00027774,1979-02-27,Male
NASAW00027775,1976-03-30,Male
NASAW00027776,1977-03-01,Male
NASAW00027777,1966-10-24,Male
NASAW00027778,1974-01-14,Female
NASAW00027779,1981-10-19,Male
NASAW00027780,2006-11-05,Male
NASAW00027781,1980-09-17,Male
NASAW00027782,1996-02-08,Female
NASAW00027783,1975-08-05,Male
NASAW00027784,1960-08-02,Female
NASAW00027785,1976-02-04,Female
NASAW00027786,1996-05-25,Male
NASAW00027787,1995-08-14,Male
NASAW00027788,1983-05-01,Female
NASAW00027789,1971-04-27,Male
NASAW00027790,1954-07-31,Female
NASAW00027791,1967-04-28,Female
NASAW00027792,1953-12-15,Female
NASAW00027793,1954-12-16,Female
NASAW00027794,1986-10-21,Female
NASAW00027795,1952-05-02,Female
NASAW00027796,1945-12-22,Male
NASAW00027797,1965-04-28,Male
NASAW00027798,1988-06-06,Male
NASAW00027799,1979-04-28,Male
NASAW00027800,1989-09-10,Female
NASAW00027801,1945-05-14,Female
NASAW00027802,1966-06-22,Male
NASAW00027803,1954-09-10,Female
NASAW00027804,1945-01-14,Female
NASAW00027805,2000-10-13,Male
NASAW00027806,1998-04-19,Male
NASAW00027807,1949-09-21,Female
NASAW00027808,1960-03-23,Male
NASAW00027809,2000-04-02,Male
NASAW00027810,2002-11-08,Female
NASAW00027811,1994-07-09,Female
NASAW00027812,1973-02-16,Female
NASAW00027813,2006-12-05,Female
NASAW00027814,1946-04-13,Male
NASAW00027815,1999-07-04,Female
NASAW00027816,1975-11-29,Male
NASAW00027817,1985-08-24,Female
NASAW00027818,1945-02-09,Male
NASAW00027819,1983-12-24,Male
NASAW00027820,1993-07-31,Female
NASAW00027821,1949-05-21,Female
NASAW00027822,1956-04-11,Female
NASAW00027823,1975-03-04,Female
NASAW00027824,1982-07-08,Male
NASAW00027825,1997-03-15,Female
NASAW00027826,1956-08-15,Male
NASAW00027827,2000-04-23,Male
NASAW00027828,1981-08-31,Male
NASAW00027829,1964-07-25,Female
NASAW00027830,1959-05-26,Male
NASAW00027831,1962-01-12,Male
NASAW00027832,1958-05-01,Female
NASAW00027833,1988-08-14,Female
NASAW00027834,1963-03-09,Female
NASAW00027835,2000-05-29,Female
NASAW00027836,1986-10-27,Female
NASAW00027837,1990-12-02,Male
NASAW00027838,1957-09-20,Female
NASAW00027839,1965-04-30,Female
NASAW00027840,1962-08-07,Male
NASAW00027841,1990-02-02,Male
NASAW00027842,1986-05-27,Female
NASAW00027843,1978-04-12,Female
NASAW00027844,1998-07-23,Female
NASAW00027845,1962-07-09,Female
NASAW00027846,1949-04-11,Female
NASAW00027847,1990-02-01,Male
NASAW00027848,1999-06-14,Female
NASAW00027849,1966-02-15,Male
NASAW00027850,1999-06-08,Female
NASAW00027851,1958-07-02,Female
NASAW00027852,2001-05-01,Female
NASAW00027853,1997-01-26,Female
NASAW00027854,1964-09-05,Male
NASAW00027855,1968-08-16,Male
NASAW00027856,1976-12-16,Male
NASAW00027857,1997-01-06,Female
NASAW00027858,1958-03-11,Male
NASAW00027859,1994-05-14,Female
NASAW00027860,1989-05-17,Female
NASAW00027861,1947-01-11,Female
NASAW00027862,1959-04-04,Female
NASAW00027863,2002-02-11,Male
NASAW00027864,1963-01-15,Female
NASAW00027865,1983-09-02,Male
NASAW00027866,1949-06-27,Female
NASAW00027867,1996-03-02,Female
NASAW00027868,1973-10-02,Male
NASAW00027869,1997-04-14,female
NASAW00027870,2003-10-26,Male
NASAW00027871,2000-10-02,Male
NASAW00027872,1988-10-01,Male
NASAW00027873,1970-03-02,Female
NASAW00027874,1954-03-15,Male
NASAW00027875,1969-05-26,Male
NASAW00027876,1989-10-09,Male
NASAW00027877,1995-07-25,Male
NASAW00027878,1997-09-17,Female
NASAW00027879,1952-11-24,Male
NASAW00027880,2000-06-17,Female
NASAW00027881,1997-06-30,Male
NASAW00027882,1950-09-29,Male
NASAW00027883,1972-04-05,Female
NASAW00027884,1960-11-01,Male
NASAW00027885,1976-03-03,Female
NASAW00027886,1956-05-09,Male
NASAW00027887,2000-06-12,male
NASAW00027888,1989-05-14,Female
NASAW00027889,1973-02-09,Female
NASAW00027890,1970-06-10,Female
NASAW00027891,1965-10-21,Male
NASAW00027892,2001-12-05,Female
NASAW00027893,1982-03-06,Male
NASAW00027894,1963-08-03,Male
NASAW00027895,1949-10-05,Female
NASAW00027896,1953-01-01,Male
NASAW00027897,1982-11-18,Female
NASAW00027898,2004-05-17,Female
NASAW00027899,2004-05-06,Female
NASAW00027900,1997-03-08,Female
NASAW00027901,2002-04-24,Male
NASAW00027902,1971-01-29,Male
NASAW00027903,1988-07-17,Male
NASAW00027904,1963-04-18,Male
NASAW00027905,2001-07-25,Female
NASAW00027906,1954-12-18,Male
NASAW00027907,1953-12-17,Male
NASAW00027908,1953-04-04,Male
NASAW00027909,1983-12-03,Male
NASAW00027910,1964-09-18,Female
NASAW00027911,1986-05-22,Male
NASAW00027912,2005-07-28,Male
NASAW00027913,1993-10-22,Male
NASAW00027914,1958-11-03,Male
NASAW00027915,1993-08-06,Female
NASAW00027916,1996-10-13,Male
NASAW00027917,2005-08-16,Female
NASAW00027918,1985-05-07,Female
NASAW00027919,1966-07-06,Female
NASAW00027920,1972-10-11,Male
NASAW00027921,1951-03-28,Male
NASAW00027922,1976-04-13,Female
NASAW00027923,1961-08-01,Male
NASAW00027924,1998-02-05,Female
NASAW00027925,1959-08-02,Male
NASAW00027926,2004-07-13,Female
NASAW00027927,2000-11-22,Male
NASAW00027928,1951-04-24,Female
NASAW00027929,2000-11-23,Female
NASAW00027930,1945-11-25,Male
NASAW00027931,2003-10-03,Female
NASAW00027932,1987-12-31,Female
NASAW00027933,2000-03-28,Female
NASAW00027934,1966-02-18,Male
NASAW00027935,1947-03-16,Female
NASAW00027936,1965-04-27,Male
NASAW00027937,1984-11-22,Female
NASAW00027938,1964-06-01,Female
NASAW00027939,1993-06-20,Male
NASAW00027940,1971-11-29,Female
NASAW00027941,1991-10-03,Male
NASAW00027942,1966-02-15,Female
NASAW00027943,1994-02-24,Female
NASAW00027944,1961-05-14,Male
NASAW00027945,2006-01-06,Female
NASAW00027946,2005-11-16,Female
NASAW00027947,1994-05-25,Female
NASAW00027948,1998-05-07,Female
NASAW00027949,1969-04-25,Male
NASAW00027950,1994-04-15,Female
NASAW00027951,1946-04-02,Male
NASAW00027952,1960-04-04,Female
NASAW00027953,1985-12-07,Male
NASAW00027954,1957-01-07,Female
NASAW00027955,2001-04-06,Male
NASAW00027956,1996-07-06,Male
NASAW00027957,1960-10-14,M
NASAW00027958,1954-06-30,Male
NASAW00027959,2002-05-30,Male
NASAW00027960,1949-12-01,Female
NASAW00027961,1960-06-17,Female
NASAW00027962,1974-04-25,Male
NASAW00027963,1958-12-22,Female
NASAW00027964,1950-01-04,Female
NASAW00027965,1999-06-25,Male
NASAW00027966,1963-08-25,Male
NASAW00027967,1959-03-18,Female
NASAW00027968,1979-09-25,Male
NASAW00027969,1955-08-06,Female
NASAW00027970,1970-08-18,Male
NASAW00027971,1963-08-27,Female
NASAW00027972,1996-10-10,Female
NASAW00027973,1995-05-25,Female
NASAW00027974,1980-09-11,Female
NASAW00027975,1959-04-28,Male
NASAW00027976,1998-08-23,Female
NASAW00027977,1998-09-03,female
NASAW00027978,1995-11-08,Female
NASAW00027979,1951-09-27,Female
NASAW00027980,1977-09-13,Female
NASAW00027981,1983-05-13,Female
NASAW00027982,1994-11-07,Male
NASAW00027983,1976-04-19,Female
NASAW00027984,1990-07-31,Female
NASAW00027985,1972-12-19,Female
NASAW00027986,1982-06-22,Female
NASAW00027987,2005-09-26,Male
NASAW00027988,1973-11-06,Female
NASAW00027989,1977-10-11,Male
NASAW00027990,1980-07-22,Female
NASAW00027991,1970-02-15,Male
NASAW00027992,1953-12-03,Male
NASAW00027993,1973-01-30,Female
NASAW00027994,1982-01-14,Male
NASAW00027995,1972-11-06,Female
NASAW00027996,1968-07-15,Female
NASAW00027997,2000-05-20,Male
NASAW00027998,1971-11-11,Female
NASAW00027999,1945-08-09,Female
NASAW00028000,1964-10-09,Male
NASAW00028001,1990-04-07,Female
NASAW00028002,1954-03-04,Female
NASAW00028003,1974-08-18,
NASAW00028004,,Male
NASAW00028005,2002-05-13,Male
NASAW00028006,1975-01-09,Male
NASAW00028007,1965-02-12,Male
NASAW00028008,1997-02-10,Female
NASAW00028009,1968-10-25,Female
NASAW00028010,1957-01-22,Female
NASAW00028011,1966-11-05,Male
NASAW00028012,1971-05-07,Female
NASAW00028013,1997-12-10,Male
NASAW00028014,1973-04-09,Male
NASAW00028015,2005-05-16,Female
NASAW00028016,1969-09-29,Male
NASAW00028017,1994-01-01,Male
NASAW00028018,1974-09-28,Female
NASAW00028019,1996-03-07,Male
NASAW00028020,1983-11-14,Male
NASAW00028021,1976-03-28,Female
NASAW00028022,1957-11-04,Female
NASAW00028023,2003-07-09,Male
NASAW00028024,1956-08-22,Male
NASAW00028025,1950-11-25,Female
NASAW00028026,2004-11-15,Female
NASAW00028027,1967-05-19,Male
NASAW00028028,1952-02-21,Female
NASAW00028029,1966-06-05,Male
NASAW00028030,1995-08-25,Male
NASAW00028031,1949-10-29,Male
NASAW00028032,1970-04-15,Female
NASAW00028033,1999-04-18,Male
NASAW00028034,2000-06-26,Female
NASAW00028035,1950-07-12,female
NASAW00028036,1977-06-28,Female
NASAW00028037,1991-08-21,Female
NASAW00028038,1977-01-31,Female
NASAW00028039,1960-01-29,Female
NASAW00028040,1959-08-14,male
NASAW00028041,1971-06-01,Male
NASAW00028042,1993-12-04,Female
NASAW00028043,1973-10-04,Male
NASAW00028044,1986-09-27,Male
NASAW00028045,1974-02-08,Female
NASAW00028046,1972-11-20,Male
NASAW00028047,1999-05-22,Male
NASAW00028048,1986-02-02,Female
NASAW00028049,1986-10-18,Female
NASAW00028050,1996-12-20,Male
NASAW00028051,2006-03-02,Female
NASAW00028052,1997-08-29,Male
NASAW00028053,1977-10-01,Male
NASAW00028054,1993-08-16,Male
NASAW00028055,1979-01-30,Female
NASAW00028056,1977-04-20,Female
NASAW00028057,1993-04-11,Female
NASAW00028058,1986-07-17,Female
NASAW00028059,1997-04-22,Male
NASAW00028060,1957-03-30,Male
NASAW00028061,1978-08-10,Female
NASAW00028062,1998-08-27,Male
NASAW00028063,1991-12-27,Female
NASAW00028064,1983-02-08,Male
NASAW00028065,1960-03-24,Female
NASAW00028066,1951-11-27,Male
NASAW00028067,2000-12-22,Female
NASAW00028068,1977-10-14,Female
NASAW00028069,1997-05-09,Female
NASAW00028070,1963-06-09,Female
NASAW00028071,1962-06-20,Female
NASAW00028072,1962-12-25,Female
NASAW00028073,1995-11-17,Female
NASAW00028074,1998-02-19,Male
NASAW00028075,1993-07-02,Female
NASAW00028076,1945-03-31,Male
NASAW00028077,2001-07-05,Male
NASAW00028078,1955-10-07,Male
NASAW00028079,1987-06-17,Male
NASAW00028080,1963-09-14,Female
NASAW00028081,1966-02-04,Male
NASAW00028082,2001-06-23,Male
NASAW00028083,2005-01-13,Male
NASAW00028084,1957-12-20,Female
NASAW00028085,1998-12-25,Male
NASAW00028086,1990-09-30,Male
NASAW00028087,1990-12-30,Male
NASAW00028088,2005-07-25,Male
NASAW00028089,1949-07-14,Male
NASAW00028090,1961-03-30,Female
NASAW00028091,1970-04-18,Male
NASAW00028092,1973-07-15,Female
NASAW00028093,1991-03-13,Male
NASAW00028094,1982-04-08,Female
NASAW00028095,1987-09-09,Male
NASAW00028096,1971-02-06,Female
NASAW00028097,2000-10-25,Male
NASAW00028098,2001-09-13,Female
NASAW00028099,1959-09-21,Male
NASAW00028100,1989-09-23,Male
NASAW00028101,1993-05-16,Male
NASAW00028102,2001-03-27,Male
NASAW00028103,1989-05-11,Female
NASAW00028104,1963-10-22,Male
NASAW00028105,1950-04-27,Female
NASAW00028106,1996-06-29,Male
NASAW00028107,1989-09-05,Male
NASAW00028108,1976-03-03,Male
NASAW00028109,1981-08-25,Male
NASAW00028110,1949-03-17,Female
NASAW00028111,1958-12-29,Female
NASAW00028112,2000-04-15,Female
NASAW00028113,1970-10-26,Male
NASAW00028114,1953-04-17,Female
NASAW00028115,1945-10-12,Female
NASAW00028116,1959-09-23,Male
NASAW00028117,1954-06-28,Female
NASAW00028118,1945-11-20,Female
NASAW00028119,1983-10-27,Female
NASAW00028120,2004-11-30,Female
NASAW00028121,1958-09-02,Male
NASAW00028122,1955-06-07,Male
NASAW00028123,1974-11-06,Male
NASAW00028124,1954-05-30,Female
NASAW00028125,1999-05-06,Female
NASAW00028126,1947-06-06,Male
NASAW00028127,1992-03-31,Female
NASAW00028128,1976-12-08,Female
NASAW00028129,1998-04-10,Female
NASAW00028130,1971-06-12,Male
NASAW00028131,2004-02-05,Male
NASAW00028132,1970-11-30,Female
NASAW00028133,1956-04-07,Female
NASAW00028134,1977-05-13,Female
NASAW00028135,1997-08-24,M
NASAW00028136,1979-06-23,Female
NASAW00028137,1972-01-05,Female
NASAW00028138,1977-07-30,Male
NASAW00028139,1971-03-27,Male
NASAW00028140,1973-06-12,Female
NASAW00028141,1971-09-26,Male
NASAW00028142,1995-04-07,Male
NASAW00028143,1967-06-07,Male
NASAW00028144,1987-09-04,Female
NASAW00028145,1958-12-06,Male
NASAW00028146,1965-01-29,Female
NASAW00028147,1975-07-11,Male
NASAW00028148,2000-03-13,Female
NASAW00028149,1988-05-25,Male
NASAW00028150,1984-08-04,Female
NASAW00028151,1967-07-21,Male
NASAW00028152,1968-02-04,Female
NASAW00028153,1945-02-19,Male
NASAW00028154,1969-09-04,Male
NASAW00028155,1970-11-02,Male
NASAW00028156,1965-08-06,Female
NASAW00028157,1958-02-13,Female
NASAW00028158,1951-03-06,Female
NASAW00028159,1964-06-05,Male
NASAW00028160,2005-07-16,Female
NASAW00028161,1966-03-12,Female
NASAW00028162,1985-11-30,Female
NASAW00028163,1959-04-17,Male
NASAW00028164,1992-08-21,Male
NASAW00028165,2002-06-07,Female
NASAW00028166,2006-03-22,Male
NASAW00028167,1982-03-28,Male
NASAW00028168,1952-11-10,Female
NASAW00028169,1978-02-26,Male
NASAW00028170,1994-12-14,Male
NASAW00028171,1992-05-07,Male
NASAW00028172,1998-12-23,Male
NASAW00028173,1995-05-13,Male
NASAW00028174,1970-08-06,Male
NASAW00028175,1981-12-09,Male
NASAW00028176,2004-01-14,Female
NASAW00028177,1975-06-14,Female
NASAW00028178,1962-07-16,Female
NASAW00028179,1953-11-12,Female
NASAW00028180,1956-06-13,Female
NASAW00028181,1949-07-13,Male
NASAW00028182,1961-08-15,Female
NASAW00028183,1962-08-01,Male
NASAW00028184,1947-03-12,Male
NASAW00028185,2006-01-25,Female
NASAW00028186,1965-03-08,Male
NASAW00028187,1964-11-16,Male
NASAW00028188,1945-05-05,Female
NASAW00028189,1960-04-25,Female
NASAW00028190,1990-02-07,Male
NASAW00028191,1988-08-06,Male
NASAW00028192,1952-07-01,Male
NASAW00028193,1977-10-26,Female
NASAW00028194,1998-11-04,Male
NASAW00028195,1958-02-22,Male
NASAW00028196,1996-01-15,Male
NASAW00028197,1987-03-27,Female
NASAW00028198,1971-02-05,Female
NASAW00028199,1960-10-31,Female
NASAW00028200,1979-06-11,Male
NASAW00028201,1976-11-28,Male
NASAW00028202,1952-08-25,Female
NASAW00028203,1989-03-25,Female
NASAW00028204,1954-07-30,Female
NASAW00028205,1950-01-21,Male
NASAW00028206,1949-09-21,Female
NASAW00028207,1946-11-14,Female
NASAW00028208,1984-04-04,Male
NASAW00028209,2004-09-10,Male
NASAW00028210,1953-09-24,Female
NASAW00028211,1987-04-16,Male
NASAW00028212,1948-01-07,F
NASAW00028213,1981-11-15,Female
NASAW00028214,1987-04-20,Male
NASAW00028215,1997-07-15,Female
NASAW00028216,2002-09-05,Female
NASAW00028217,1985-06-19,Male
NASAW00028218,1994-01-21,Female
NASAW00028219,1990-02-13,Female
NASAW00028220,1965-05-10,Male
NASAW00028221,1954-08-13,Male
NASAW00028222,1993-01-31,Female
NASAW00028223,1962-05-18,Female
NASAW00028224,1957-01-12,Male
NASAW00028225,1953-05-18,Male
NASAW00028226,1963-06-12,Male
NASAW00028227,1949-09-24,Male
NASAW00028228,1965-11-09,Female
NASAW00028229,1948-04-29,Female
NASAW00028230,2005-05-31,Male
NASAW00028231,2005-09-10,Male
NASAW00028232,1996-08-27,Female
NASAW00028233,1980-04-15,Female
NASAW00028234,1989-05-07,Male
NASAW00028235,1983-10-21,Female
NASAW00028236,1978-04-01,Male
NASAW00028237,,Male
NASAW00028238,1976-11-06,Female
NASAW00028239,1959-03-24,Male
NASAW00028240,1984-07-24,Female
NASAW00028241,1984-03-16,Female
NASAW00028242,1956-04-11,Female
NASAW00028243,1979-12-23,Female
NASAW00028244,2002-10-12,Male
NASAW00028245,1969-11-23,Female
NASAW00028246,1959-11-27,Female
NASAW00028247,1960-04-25,Female
NASAW00028248,1998-08-05,Female
NASAW00028249,1958-03-21,Female
NASAW00028250,1992-10-06,Female
NASAW00028251,1965-08-01,Female
NASAW00028252,1948-08-03,Male
NASAW00028253,1971-01-09,Female
NASAW00028254,1964-12-05,Female
NASAW00028255,1949-03-01,Female
NASAW00028256,1975-10-17,Female
NASAW00028257,1961-08-11,Male
NASAW00028258,2002-05-06,Female
NASAW00028259,1970-02-12,Female
NASAW00028260,1945-06-08,Male
NASAW00028261,2005-09-13,Male
NASAW00028262,2002-05-11,Male
NASAW00028263,1992-01-27,Male
NASAW00028264,1992-08-29,Male
NASAW00028265,1975-05-12,Female
NASAW00028266,1976-08-09,Male
NASAW00028267,1983-04-29,Female
NASAW00028268,2001-11-06,Female
NASAW00028269,1999-12-28,Female
NASAW00028270,1968-04-27,Female
NASAW00028271,1959-07-16,Male
NASAW00028272,1972-03-16,Male
NASAW00028273,1987-11-01,Female
NASAW00028274,1997-07-02,Female
NASAW00028275,1950-07-16,Female
NASAW00028276,1991-11-17,Female
NASAW00028277,1988-03-04,Female
NASAW00028278,1965-11-12,Male
NASAW00028279,1974-12-04,Female
NASAW00028280,1984-05-23,Female
NASAW00028281,1978-06-23,Male
NASAW00028282,2005-12-12,Male
NASAW00028283,1970-06-05,Male
NASAW00028284,2002-12-06,Male
NASAW00028285,1986-08-23,Male
NASAW00028286,1984-05-24,Male
NASAW00028287,1945-10-04,Female
NASAW00028288,1999-12-12,Male
NASAW00028289,1973-07-18,Female
NASAW00028290,1976-06-24,Female
NASAW00028291,1963-04-18,Male
NASAW00028292,1995-06-27,Female
NASAW00028293,1951-11-06,Male
NASAW00028294,1950-11-04,Female
NASAW00028295,1969-07-19,Male
NASAW00028296,2000-10-13,Male
NASAW00028297,1995-08-20,Female
NASAW00028298,1951-05-15,Male
NASAW00028299,1983-05-06,Male
NASAW00028300,1979-10-11,Male
NASAW00028301,1958-10-16,Female
NASAW00028302,1948-07-28,Male
NASAW00028303,1985-12-01,Male
NASAW00028304,1948-01-15,Female
NASAW00028305,1947-07-06,Male
NASAW00028306,1992-06-18,Female
NASAW00028307,1998-01-10,Female
NASAW00028308,1987-09-18,Male
NASAW00028309,1987-09-08,Male
NASAW00028310,1982-05-03,Male
NASAW00028311,1985-02-21,Male
NASAW00028312,1988-12-28,Male
NASAW00028313,1952-07-26,Female
NASAW00028314,2002-03-04,Female
NASAW00028315,1987-03-24,Male
NASAW00028316,1998-04-30,Male
NASAW00028317,1950-08-27,Male
NASAW00028318,1978-03-26,Female
NASAW00028319,1979-03-17,Male
NASAW00028320,1993-10-27,Male
NASAW00028321,1945-04-16,Female
NASAW00028322,1966-11-11,Male
NASAW00028323,1945-08-01,Male
NASAW00028324,1953-12-29,Female
NASAW00028325,1957-08-08,Male
NASAW00028326,1960-03-09,Male
NASAW00028327,2000-02-03,Male
NASAW00028328,1948-03-17,Male
NASAW00028329,1993-12-28,Female
NASAW00028330,1995-10-22,Female
NASAW00028331,1997-10-03,Female
NASAW00028332,1986-07-23,Female
NASAW00028333,1950-10-24,Male
NASAW00028334,1970-04-07,Male
NASAW00028335,1952-04-26,Female
NASAW00028336,1965-07-31,Male
NASAW00028337,1958-08-15,Female
NASAW00028338,1968-01-31,Female
NASAW00028339,1990-06-23,Male
NASAW00028340,1983-10-25,Male
NASAW00028341,1950-08-24,Female
NASAW00028342,1946-10-10,Male
NASAW00028343,1974-04-26,Female
NASAW00028344,1998-05-22,Female
NASAW00028345,1948-03-26,Female
NASAW00028346,1959-01-22,Male
NASAW00028347,1991-07-01,Male
NASAW00028348,1974-03-19,Female
NASAW00028349,2002-02-08,Female
NASAW00028350,1986-11-11,Female
NASAW00028351,1945-03-06,Male
NASAW00028352,1971-05-31,Female
NASAW00028353,2003-05-23,Female
NASAW00028354,1964-04-24,Female
NASAW00028355,1961-02-05,Female
NASAW00028356,2001-06-18,Female
NASAW00028357,1989-08-27,Male
NASAW00028358,1958-10-14,Male
NASAW00028359,1980-12-10,Male
NASAW00028360,2000-03-25,Male
NASAW00028361,1946-04-16,Female
NASAW00028362,1985-05-03,Female
NASAW00028363,1970-02-16,Male
NASAW00028364,1960-12-16,Female
NASAW00028365,1994-10-05,Female
NASAW00028366,2000-03-03,Female
NASAW00028367,1999-12-02,Male
NASAW00028368,1996-11-28,Female
NASAW00028369,1980-02-12,Female
NASAW00028370,1960-09-01,Male
NASAW00028371,2001-10-08,Female
NASAW00028372,2003-05-20,Male
NASAW00028373,2002-03-10,Female
NASAW00028374,1956-01-14,Female
NASAW00028375,1998-05-31,Female
NASAW00028376,1973-10-10,Female
NASAW00028377,1972-05-02,Female
NASAW00028378,1986-12-20,Male
NASAW00028379,1966-12-29,Female
NASAW00028380,1954-12-25,Female
NASAW00028381,1960-01-05,Male
NASAW00028382,2002-01-09,Female
NASAW00028383,1964-04-15,Male
NASAW00028384,1987-01-10,Female
NASAW00028385,1973-09-30,Female
NASAW00028386,1956-06-29,Female
NASAW00028387,1998-04-18,Female
NASAW00028388,1983-06-07,Female
NASAW00028389,2001-05-05,Male
NASAW00028390,1961-12-19,Male
NASAW00028391,1947-07-04,Male
NASAW00028392,1971-12-09,Female
NASAW00028393,1974-04-13,Female
NASAW00028394,1977-03-21,Male
NASAW00028395,1994-09-18,Male
NASAW00028396,1964-04-18,Male
NASAW00028397,1972-06-03,Female
NASAW00028398,1966-12-15,Female
NASAW00028399,1982-06-07,Male
NASAW00028400,1956-11-20,Female
NASAW00028401,1977-09-25,Female
NASAW00028402,1972-03-17,Male
NASAW00028403,2004-08-14,
NASAW00028404,1964-11-01,Male
NASAW00028405,1955-02-22,Female
NASAW00028406,2002-04-25,Male
NASAW00028407,1977-10-14,Female
NASAW00028408,1945-09-21,Female
NASAW00028409,1952-12-31,Male
NASAW00028410,1976-12-13,Male
NASAW00028411,2002-02-14,Male
NASAW00028412,1964-01-04,Male
NASAW00028413,1999-09-08,Male
NASAW00028414,1955-02-25,Female
NASAW00028415,1981-05-03,Male
NASAW00028416,1978-10-07,Female
NASAW00028417,2002-03-15,Female
NASAW00028418,1984-05-26,Male
NASAW00028419,1955-11-02,Female
NASAW00028420,1950-10-10,male
NASAW00028421,1994-12-10,Male
NASAW00028422,1900-01-01,Female
NASAW00028423,1971-06-17,Male
NASAW00028424,1957-06-26,Male
NASAW00028425,1957-05-30,Female
NASAW00028426,1975-02-19,Female
NASAW00028427,1958-02-07,Female
NASAW00028428,2001-05-21,Male
NASAW00028429,2001-10-12,Female
NASAW00028430,1962-09-26,Female
NASAW00028431,1984-12-12,Male
NASAW00028432,2002-07-16,Female
NASAW00028433,1967-02-11,Male
NASAW00028434,1986-02-28,Female
NASAW00028435,1952-01-13,Female
NASAW00028436,1961-09-07,Female
NASAW00028437,1957-01-09,Male
NASAW00028438,1978-10-08,Female
NASAW00028439,1979-03-23,Female
NASAW00028440,1962-10-31,Male
NASAW00028441,1990-06-03,Male
NASAW00028442,1982-01-21,Male
NASAW00028443,2006-12-14,Female
NASAW00028444,1972-11-13,Female
NASAW00028445,1992-10-03,Female
NASAW00028446,1968-04-15,Female
NASAW00028447,1988-10-31,Male
NASAW00028448,1990-08-08,Female
NASAW00028449,1959-07-13,Female
NASAW00028450,1999-06-21,Male
NASAW00028451,1961-10-16,Female
NASAW00028452,1975-06-29,Female
NASAW00028453,1947-05-15,Female
NASAW00028454,1958-08-01,Male
NASAW00028455,1955-02-13,Female
NASAW00028456,1955-08-18,Female
NASAW00028457,1984-12-20,Female
NASAW00028458,1978-05-09,Male
NASAW00028459,1976-01-29,Female
NASAW00028460,1979-06-25,Female
NASAW00028461,1998-05-05,Male
NASAW00028462,1966-04-04,Male
NASAW00028463,1945-10-03,female
NASAW00028464,2001-06-01,Female
NASAW00028465,1976-07-06,Female
NASAW00028466,2004-02-07,Female
NASAW00028467,1980-11-30,Female
NASAW00028468,1988-09-26,Male
NASAW00028469,1954-06-20,Female
NASAW00028470,1959-03-10,Female
NASAW00028471,1947-11-13,Male
NASAW00028472,1955-06-30,Female
NASAW00028473,1955-12-10,Male
NASAW00028474,1977-09-25,Female
NASAW00028475,1957-09-30,Male
NASAW00028476,1956-02-27,Female
NASAW00028477,1983-06-19,Female
NASAW00028478,1964-10-06,Female
NASAW00028479,1951-04-11,Male
NASAW00028480,1965-09-21,Male
NASAW00028481,1976-04-08,Male
NASAW00028482,1950-01-23,Female
NASAW00028483,1993-04-25,Male
NASAW00028484,1974-09-05,Female
NASAW00028485,1964-02-08,Female
NASAW00028486,1962-11-12,Male
NASAW00028487,1956-03-09,Male
NASAW00028488,1945-01-07,Male
NASAW00028489,1994-04-16,Female
NASAW00028490,1995-02-04,Female
NASAW00028491,1988-03-10,Female
NASAW00028492,1964-12-09,Female
NASAW00028493,1957-04-09,Female
NASAW00028494,1976-09-25,F
NASAW00028495,1978-09-09,Male
NASAW00028496,2006-05-16,Male
NASAW00028497,1994-01-12,Female
NASAW00028498,1991-06-22,Female
NASAW00028499,1971-02-19,Female
NASAW00028500,1996-04-21,Male
NASAW00028501,1952-07-08,Female
NASAW00028502,2002-03-03,Female
NASAW00028503,1973-01-03,Male
NASAW00028504,1979-09-15,Male
NASAW00028505,1953-12-01,Female
NASAW00028506,2003-11-19,Male
NASAW00028507,1981-09-05,Male
NASAW00028508,2006-06-07,Male
NASAW00028509,1994-05-01,Male
NASAW00028510,1957-12-22,Male
NASAW00028511,1983-05-11,Female
NASAW00028512,1953-05-15,Male
NASAW00028513,1984-06-29,Male
NASAW00028514,2000-08-20,Female
NASAW00028515,1952-01-18,Female
NASAW00028516,1990-11-10,Female
NASAW00028517,1969-04-23,Male
NASAW00028518,1947-08-30,female
NASAW00028519,1971-03-22,Female
NASAW00028520,1988-11-03,Female
NASAW00028521,1955-11-13,Female
NASAW00028522,1982-09-10,Female
NASAW00028523,1953-12-30,Male
NASAW00028524,1981-01-04,Male
NASAW00028525,1977-12-01,Male
NASAW00028526,1983-11-24,Female
NASAW00028527,1985-12-24,Female
NASAW00028528,2006-09-06,Female
NASAW00028529,1981-03-26,Female
NASAW00028530,1950-03-28,Female
NASAW00028531,1947-02-01,Female
NASAW00028532,1983-05-16,Female
NASAW00028533,1996-08-21,Female
NASAW00028534,1946-09-24,Female
NASAW00028535,1958-04-12,Male
NASAW00028536,1982-10-04,Female
NASAW00028537,1978-06-01,Male
NASAW00028538,1957-03-13,Female
NASAW00028539,1989-07-16,Male
NASAW00028540,2003-03-08,Male
NASAW00028541,1961-03-17,Male
NASAW00028542,2005-07-02,Female
NASAW00028543,1962-07-16,Female
NASAW00028544,1991-03-09,Female
NASAW00028545,1997-04-23,Female
NASAW00028546,1949-06-30,Male
NASAW00028547,1994-07-16,Male
NASAW00028548,1945-09-11,Female
NASAW00028549,1954-06-25,Male
NASAW00028550,1992-08-27,Male
NASAW00028551,1998-02-24,Male
NASAW00028552,1987-10-10,Male
NASAW00028553,1990-05-24,Male
NASAW00028554,1995-02-26,Male
NASAW00028555,1999-10-05,Male
NASAW00028556,1953-08-23,Male
NASAW00028557,1953-09-25,Male
NASAW00028558,1986-10-01,Female
NASAW00028559,1982-10-08,Male
NASAW00028560,1990-11-19,male
NASAW00028561,1983-09-03,Female
NASAW00028562,1956-03-24,Male
NASAW00028563,1972-06-21,Male
NASAW00028564,1974-12-12,Male
NASAW00028565,1960-01-29,Female
NASAW00028566,1984-02-28,Male
NASAW00028567,1988-09-26,Male
NASAW00028568,1951-12-21,Female
NASAW00028569,1970-12-27,Male
NASAW00028570,1966-06-21,Female
NASAW00028571,2005-09-06,Male
NASAW00028572,1975-12-02,Male
NASAW00028573,1989-02-16,Female
NASAW00028574,1950-08-14,Male
NASAW00028575,1973-10-02,Female
NASAW00028576,2001-03-02,Male
NASAW00028577,1979-05-25,Male
NASAW00028578,1985-11-21,Male
NASAW00028579,1974-08-01,Male
NASAW00028580,1982-02-02,Male
NASAW00028581,1962-07-08,Male
NASAW00028582,1974-12-11,Female
NASAW00028583,1970-05-31,Female
NASAW00028584,1972-12-01,Female
NASAW00028585,2001-12-10,Female
NASAW00028586,1974-03-24,Female
NASAW00028587,1983-05-23,Female
NASAW00028588,1967-09-11,Male
NASAW00028589,1991-03-25,Female
NASAW00028590,1964-07-12,Male
NASAW00028591,1954-06-27,Female
NASAW00028592,1974-03-31,Female
NASAW00028593,1987-04-07,Male
NASAW00028594,1976-07-10,Male
NASAW00028595,1975-07-18,Female
NASAW00028596,2004-09-09,Male
NASAW00028597,1993-12-08,Female
NASAW00028598,1973-12-31,Female
NASAW00028599,2006-11-18,Female
NASAW00028600,1968-11-28,Female
NASAW00028601,1952-01-07,Male
NASAW00028602,1959-11-01,Male
NASAW00028603,2002-07-12,Male
NASAW00028604,1968-08-26,Male
NASAW00028605,1947-04-16,Female
NASAW00028606,1957-02-21,Female
NASAW00028607,1982-10-28,Female
NASAW00028608,1982-11-04,Male
NASAW00028609,1982-10-09,Male
NASAW00028610,1966-03-15,Male
NASAW00028611,1964-03-14,Female
NASAW00028612,2006-01-06,Female
NASAW00028613,1972-12-08,Male
NASAW00028614,2006-05-04,Male
NASAW00028615,1997-07-09,Male
NASAW00028616,1955-01-18,Male
NASAW00028617,1946-02-06,Female
NASAW00028618,1948-02-27,Male
NASAW00028619,1975-02-01,Male
NASAW00028620,1987-10-29,Male
NASAW00028621,1988-07-27,Male
NASAW00028622,1949-10-03,Male
NASAW00028623,1984-03-21,Female
NASAW00028624,1984-01-30,Male
NASAW00028625,1989-12-31,Female
NASAW00028626,1990-08-24,Female
NASAW00028627,2002-08-23,Female
NASAW00028628,1976-05-15,Female
NASAW00028629,2000-07-21,Female
NASAW00028630,1986-09-28,Female
NASAW00028631,1952-08-27,Male
NASAW00028632,1986-02-06,Female
NASAW00028633,1982-05-22,Male
NASAW00028634,1978-09-11,Male
NASAW00028635,1965-03-19,Female
NASAW00028636,1953-08-26,
NASAW00028637,2003-04-03,Male
NASAW00028638,1956-12-03,Female
NASAW00028639,1980-03-18,Female
NASAW00028640,1993-08-17,Female
NASAW00028641,1958-02-09,Female
NASAW00028642,1961-10-20,Female
NASAW00028643,1950-06-05,Male
NASAW00028644,1973-06-05,Female
NASAW00028645,1953-06-01,Male
NASAW00028646,1948-07-12,Female
NASAW00028647,1978-07-19,Male
NASAW00028648,1964-05-18,Female
NASAW00028649,1998-11-05,Female
NASAW00028650,1949-10-05,Female
NASAW00028651,2006-11-05,Male
NASAW00028652,1993-06-10,Male
NASAW00028653,1997-12-26,Female
NASAW00028654,1973-06-21,Female
NASAW00028655,1993-09-10,Male
NASAW00028656,1957-11-15,Female
NASAW00028657,1981-11-21,Male
NASAW00028658,1955-03-10,Male
NASAW00028659,1975-01-30,Female
NASAW00028660,1981-04-01,Female
NASAW00028661,1965-05-03,Male
NASAW00028662,1975-11-26,Male
NASAW00028663,2006-05-12,Female
NASAW00028664,1966-12-25,Male
NASAW00028665,1960-12-28,Male
NASAW00028666,1947-11-11,Female
NASAW00028667,1996-10-06,Female
NASAW00028668,1949-04-14,Male
NASAW00028669,1960-09-25,Female
NASAW00028670,1947-11-15,Female
NASAW00028671,1961-06-13,Female
NASAW00028672,1967-04-10,Male
NASAW00028673,1971-10-27,Male
NASAW00028674,1972-12-06,Female
NASAW00028675,1956-02-13,Female
NASAW00028676,1980-04-22,Male
NASAW00028677,1988-02-04,Female
NASAW00028678,1999-04-30,Female
NASAW00028679,1957-08-29,Male
NASAW00028680,1953-11-04,Male
NASAW00028681,1989-05-30,Female
NASAW00028682,1993-08-16,Male
NASAW00028683,1975-07-25,Female
NASAW00028684,1975-03-30,Female
NASAW00028685,2006-05-09,Male
NASAW00028686,1952-03-12,Female
NASAW00028687,2006-09-03,Female
NASAW00028688,1997-08-23,Male
NASAW00028689,2000-10-31,Female
NASAW00028690,1953-04-05,Female
NASAW00028691,1960-05-28,Female
NASAW00028692,1976-06-25,Female
NASAW00028693,1973-05-22,Female
NASAW00028694,1990-07-11,Male
NASAW00028695,1984-08-17,Female
NASAW00028696,1986-06-29,Female
NASAW00028697,1956-01-13,Male
NASAW00028698,2003-10-31,Male
NASAW00028699,1989-03-14,Female
NASAW00028700,1945-02-04,Female
NASAW00028701,2002-02-22,Female
NASAW00028702,1960-05-13,Female
NASAW00028703,1959-06-06,Female
NASAW00028704,1975-03-22,Female
NASAW00028705,1962-08-01,Male
NASAW00028706,1964-09-07,Female
NASAW00028707,1989-12-03,Male
NASAW00028708,1982-09-08,Female
NASAW00028709,1983-01-03,Female
NASAW00028710,1995-08-09,Male
NASAW00028711,2004-02-04,Female
NASAW00028712,1993-09-12,Female
NASAW00028713,1998-12-04,Female
NASAW00028714,1969-05-19,Male
NASAW00028715,1961-01-03,female
NASAW00028716,1997-02-25,Female
NASAW00028717,1994-08-09,Female
NASAW00028718,1989-12-19,Male
NASAW00028719,1987-03-17,Female
NASAW00028720,1992-08-31,Female
NASAW00028721,1974-05-26,Female
NASAW00028722,1974-02-04,Male
NASAW00028723,1968-05-21,Female
NASAW00028724,1970-10-29,Male
NASAW00028725,1964-12-17,Male
NASAW00028726,1976-01-17,Female
NASAW00028727,1946-09-17,Male
NASAW00028728,1959-09-06,Female
NASAW00028729,1966-05-27,Female
NASAW00028730,1945-04-10,Female
NASAW00028731,1978-03-08,Female
NASAW00028732,1965-11-07,Male
NASAW00028733,2004-03-02,Female
NASAW00028734,1960-11-28,Female
NASAW00028735,1989-01-29,Male
NASAW00028736,1963-01-27,Male
NASAW00028737,2006-01-14,Male
NASAW00028738,1988-03-06,Male
NASAW00028739,,Female
NASAW00028740,1992-02-27,Female
NASAW00028741,1969-06-24,Female
NASAW00028742,2003-10-14,Female
NASAW00028743,1999-12-17,Male
NASAW00028744,2004-01-14,Male
NASAW00028745,1999-12-24,Male
NASAW00028746,1990-05-08,Male
NASAW00028747,1992-04-12,Female
NASAW00028748,1994-09-11,Female
NASAW00028749,1991-11-01,Male
NASAW00028750,1975-12-31,Female
NASAW00028751,1963-11-17,Female
NASAW00028752,1993-04-25,Female
NASAW00028753,1976-04-10,Male
NASAW00028754,1967-05-20,Female
NASAW00028755,2001-12-20,Male
NASAW00028756,1988-01-22,Female
NASAW00028757,1965-11-21,Female
NASAW00028758,1956-12-09,Male
NASAW00028759,1978-10-25,Female
NASAW00028760,1998-07-18,Male
NASAW00028761,1963-09-19,Male
NASAW00028762,1998-04-25,Female
NASAW00028763,1950-02-28,Female
NASAW00028764,1958-10-25,Male
NASAW00028765,1981-08-20,Female
NASAW00028766,1961-08-10,Male
NASAW00028767,1985-04-30,Female
NASAW00028768,1984-11-10,Female
NASAW00028769,1984-10-03,Male
NASAW00028770,1998-12-27,Male
NASAW00028771,1999-08-15,Female
NASAW00028772,1968-10-02,Male
NASAW00028773,1964-06-27,Female
NASAW00028774,1988-08-05,Female
NASAW00028775,1959-02-28,Male
NASAW00028776,1979-10-21,Male
NASAW00028777,1966-09-05,Female
NASAW00028778,1989-09-08,Female
NASAW00028779,1954-10-02,Female
NASAW00028780,1999-05-04,Female
NASAW00028781,1980-04-19,Male
NASAW00028782,1997-01-23,Female
NASAW00028783,1966-05-16,Female
NASAW00028784,1961-05-16,Female
NASAW00028785,1963-04-18,Female
NASAW00028786,1987-09-09,Female
NASAW00028787,2004-04-04,Female
NASAW00028788,1948-02-06,Female
NASAW00028789,1994-08-04,Female
NASAW00028790,1965-05-01,Female
NASAW00028791,1992-01-27,Male
NASAW00028792,1947-06-05,Female
NASAW00028793,1983-11-29,Male
NASAW00028794,1969-01-08,Female
NASAW00028795,2006-11-29,M
NASAW00028796,1950-10-25,Male
NASAW00028797,1972-11-08,Female
NASAW00028798,1965-01-19,Female
NASAW00028799,1978-08-14,Female
NASAW00028800,1973-11-07,Female
NASAW00028801,1971-05-08,Female
NASAW00028802,1954-01-01,Female
NASAW00028803,1989-10-23,Female
NASAW00028804,1985-12-16,Male
NASAW00028805,1957-09-07,Female
NASAW00028806,1978-12-28,Male
NASAW00028807,1974-01-17,Male
NASAW00028808,1948-01-24,F
NASAW00028809,1945-12-31,Female
NASAW00028810,1950-05-17,Female
NASAW00028811,1982-08-20,Female
NASAW00028812,1984-03-13,Male
NASAW00028813,1993-03-23,Female
NASAW00028814,1954-09-18,Male
NASAW00028815,1994-09-17,Male
NASAW00028816,1955-07-02,Male
NASAW00028817,1958-11-26,Male
NASAW00028818,1989-09-04,Male
NASAW00028819,1949-11-27,male
NASAW00028820,2000-06-04,Female
NASAW00028821,1977-10-31,Female
NASAW00028822,1995-12-29,Male
NASAW00028823,1957-11-21,Female
NASAW00028824,1973-08-09,Female
NASAW00028825,1975-05-23,Male
NASAW00028826,1956-05-30,Female
NASAW00028827,1970-02-02,Male
NASAW00028828,2000-10-17,Female
NASAW00028829,2003-11-07,Female
NASAW00028830,1981-01-25,Male
NASAW00028831,1963-09-19,Male
NASAW00028832,1994-06-28,Female
NASAW00028833,1997-05-17,Male
NASAW00028834,1988-03-17,female
NASAW00028835,2004-02-24,Female
NASAW00028836,1998-08-17,Male
NASAW00028837,1946-03-03,Male
NASAW00028838,1981-11-22,Male
NASAW00028839,1957-07-30,Female
NASAW00028840,1971-02-18,Male
NASAW00028841,1950-09-24,Male
NASAW00028842,1947-03-26,Male
NASAW00028843,1992-08-01,Female
NASAW00028844,1973-03-03,Female
NASAW00028845,1991-08-09,Female
NASAW00028846,1957-02-09,Male
NASAW00028847,1945-09-01,Male
NASAW00028848,1994-07-27,Female
NASAW00028849,1957-12-19,Female
NASAW00028850,1949-04-01,Male
NASAW00028851,1995-03-18,Male
NASAW00028852,1996-03-23,Female
NASAW00028853,1949-10-16,Female
NASAW00028854,1992-05-25,Female
NASAW00028855,1968-08-20,Male
NASAW00028856,1994-02-27,Female
NASAW00028857,1946-05-22,Male
NASAW00028858,1993-10-09,Female
NASAW00028859,1976-09-08,Female
NASAW00028860,1951-03-24,Male
NASAW00028861,1989-10-27,Male
NASAW00028862,2006-08-31,Female
NASAW00028863,1990-10-15,Female
NASAW00028864,1948-04-25,Female
NASAW00028865,1958-09-29,Male
NASAW00028866,1978-05-02,Male
NASAW00028867,1997-06-07,Female
NASAW00028868,1969-06-03,Male
NASAW00028869,1977-05-12,Male
NASAW00028870,1957-06-06,Male
NASAW00028871,1975-01-05,Female
NASAW00028872,2001-05-17,Female
NASAW00028873,1983-10-29,Female
NASAW00028874,1947-08-12,Male
NASAW00028875,1990-11-16,Female
NASAW00028876,1986-01-26,Female
NASAW00028877,1993-04-02,Male
NASAW00028878,1987-09-25,Male
NASAW00028879,1997-05-12,Female
NASAW00028880,1988-09-26,Female
NASAW00028881,1958-08-20,Male
NASAW00028882,1962-02-09,Male
NASAW00028883,1952-06-01,Female
NASAW00028884,1946-08-22,Male
NASAW00028885,1957-05-22,Female
NASAW00028886,1989-08-06,Female
NASAW00028887,1961-10-21,Male
NASAW00028888,1960-02-08,Male
NASAW00028889,2001-09-24,Male
NASAW00028890,1984-03-11,Male
NASAW00028891,1966-01-16,Male
NASAW00028892,2001-09-26,Male
NASAW00028893,1964-08-31,Male
NASAW00028894,1945-09-01,Male
NASAW00028895,1953-10-08,Female
NASAW00028896,1959-07-31,Male
NASAW00028897,1963-08-07,Male
NASAW00028898,1962-08-05,Male
NASAW00028899,1991-03-15,Male
NASAW00028900,1977-09-10,Female
NASAW00028901,1994-07-26,Male
NASAW00028902,2004-01-26,Male
NASAW00028903,1947-10-26,Female
NASAW00028904,1994-11-24,Female
NASAW00028905,1964-04-23,Female
NASAW00028906,1987-02-02,Male
NASAW00028907,1953-04-21,Female
NASAW00028908,1964-10-25,Female
NASAW00028909,1985-09-26,Male
NASAW00028910,1988-02-22,Female
NASAW00028911,2000-07-21,Male
NASAW00028912,1970-04-22,Male
NASAW00028913,1976-03-07,Male
NASAW00028914,1971-06-19,Female
NASAW00028915,1953-04-25,Female
NASAW00028916,1967-08-29,Male
NASAW00028917,1948-03-10,
NASAW00028918,1981-06-26,Female
NASAW00028919,1957-09-11,Female
NASAW00028920,1983-06-02,Female
NASAW00028921,1971-01-23,Female
NASAW00028922,2004-11-04,Female
NASAW00028923,1964-09-21,Female
NASAW00028924,1983-03-07,Female
NASAW00028925,2000-06-20,Male
NASAW00028926,2004-06-15,Female
NASAW00028927,1956-11-29,Male
NASAW00028928,1983-05-22,Female
NASAW00028929,1983-06-29,Female
NASAW00028930,2000-01-29,Female
NASAW00028931,1953-09-04,Male
NASAW00028932,1994-03-23,Female
NASAW00028933,1964-07-20,Male
NASAW00028934,2004-02-21,Male
NASAW00028935,1963-01-05,Female
NASAW00028936,1952-05-13,Male
NASAW00028937,2005-10-15,Female
NASAW00028938,1983-09-01,Male
NASAW00028939,1984-11-10,Male
NASAW00028940,1988-07-11,Female
NASAW00028941,1961-11-02,Female
NASAW00028942,1996-10-28,Female
NASAW00028943,1960-04-29,Male
NASAW00028944,2000-09-04,Male
NASAW00028945,1988-04-18,Male
NASAW00028946,1999-09-28,Female
NASAW00028947,1995-01-09,Male
NASAW00028948,1976-01-24,Female
NASAW00028949,2004-10-10,Female
NASAW00028950,2004-05-07,Male
NASAW00028951,2001-12-07,Female
NASAW00028952,2006-02-20,Female
NASAW00028953,1946-05-11,Female
NASAW00028954,1985-02-06,Female
NASAW00028955,1962-07-10,Male
NASAW00028956,1996-07-23,Male
NASAW00028957,1988-09-13,Female
NASAW00028958,1984-05-30,Male
NASAW00028959,1979-07-13,Male
NASAW00028960,1970-12-11,Female
NASAW00028961,1956-02-26,Male
NASAW00028962,1998-08-03,Female
NASAW00028963,1973-02-06,Male
NASAW00028964,1970-12-18,Male
NASAW00028965,1991-02-07,Male
NASAW00028966,1972-12-04,Male
NASAW00028967,1950-12-25,Male
NASAW00028968,2005-03-09,Female
NASAW00028969,1967-08-08,Male
NASAW00028970,1972-04-19,Male
NASAW00028971,1967-01-08,Female
NASAW00028972,1961-01-29,
NASAW00028973,1977-03-31,Male
NASAW00028974,1969-10-08,Male
NASAW00028975,1979-01-21,Female
NASAW00028976,1951-11-15,Female
NASAW00028977,1965-06-12,Female
NASAW00028978,1991-06-13,Male
NASAW00028979,1963-02-02,Female
NASAW00028980,1990-06-21,Male
NASAW00028981,1988-09-08,Female
NASAW00028982,1988-03-27,Female
NASAW00028983,1975-12-08,Female
NASAW00028984,1953-11-07,Female
NASAW00028985,1974-04-30,Male
NASAW00028986,1993-09-07,Male
NASAW00028987,1979-06-03,Female
NASAW00028988,1960-09-08,Female
NASAW00028989,1951-12-28,Male
NASAW00028990,1993-01-03,Male
NASAW00028991,1979-04-30,Female
NASAW00028992,1992-07-02,Female
NASAW00028993,1960-03-30,Male
NASAW00028994,1998-05-04,Female
NASAW00028995,1946-07-27,Female
NASAW00028996,1969-09-18,Male
NASAW00028997,1966-03-08,Male
NASAW00028998,1978-11-19,Female
NASAW00028999,1977-01-31,Male
NASAW00029000,2005-06-23,Male
NASAW00029001,1990-11-25,Female
NASAW00029002,1965-09-14,Male
NASAW00029003,1960-11-29,Female
NASAW00029004,1966-06-16,Male
NASAW00029005,1985-12-31,Male
NASAW00029006,1989-07-09,Female
NASAW00029007,2000-01-03,Male
NASAW00029008,1968-06-25,Male
NASAW00029009,2003-03-24,Male
NASAW00029010,1974-10-13,Female
NASAW00029011,1986-08-29,Male
NASAW00029012,1974-05-16,Male
NASAW00029013,1982-07-13,Female
NASAW00029014,1968-05-05,Male
NASAW00029015,1975-11-11,Female
NASAW00029016,1962-01-12,Female
NASAW00029017,1953-08-30,Female
NASAW00029018,2000-02-20,Female
NASAW00029019,1958-01-06,Female
NASAW00029020,1950-07-23,Female
NASAW00029021,1959-01-10,Male
NASAW00029022,1973-03-12,Male
NASAW00029023,1955-04-09,Female
NASAW00029024,1971-02-08,Male
NASAW00029025,1999-07-20,Male
NASAW00029026,1962-12-15,Female
NASAW00029027,1972-11-08,Male
NASAW00029028,1977-05-12,Male
NASAW00029029,1983-05-27,Female
NASAW00029030,1956-05-29,Male
NASAW00029031,1960-01-03,Female
NASAW00029032,1963-04-10,Female
NASAW00029033,1999-08-28,Male
NASAW00029034,1993-03-31,Female
NASAW00029035,1996-06-02,Male
NASAW00029036,1958-12-18,Female
NASAW00029037,1970-01-03,Female
NASAW00029038,1960-10-14,Female
NASAW00029039,1986-02-16,Female
NASAW00029040,1973-03-26,Female
NASAW00029041,1984-02-01,Male
NASAW00029042,1983-05-31,Female
NASAW00029043,2029-12-31,Male
NASAW00029044,1963-11-10,Male
NASAW00029045,1952-01-09,Male
NASAW00029046,1967-01-06,Female
NASAW00029047,1976-12-23,Female
NASAW00029048,1961-01-07,Female
NASAW00029049,1990-11-16,Female
NASAW00029050,1970-11-20,Female
NASAW00029051,1985-09-26,Male
NASAW00029052,2000-06-25,Male
NASAW00029053,1995-06-01,Female
NASAW00029054,1958-07-09,Female
NASAW00029055,1964-04-20,
NASAW00029056,1962-04-03,Male
NASAW00029057,1975-06-21,Male
NASAW00029058,1976-07-30,Male
NASAW00029059,2006-01-12,Female
NASAW00029060,1982-09-05,Male
NASAW00029061,1983-10-22,Male
NASAW00029062,1967-12-12,Female
NASAW00029063,1987-09-09,Female
NASAW00029064,1954-06-16,Male
NASAW00029065,2004-08-12,Male
NASAW00029066,1964-02-21,Male
NASAW00029067,1961-02-08,Male
NASAW00029068,1963-10-23,Female
NASAW00029069,1954-07-26,Female
NASAW00029070,1998-07-01,Male
NASAW00029071,1962-02-20,Female
NASAW00029072,1968-04-08,Male
NASAW00029073,1959-09-27,Male
NASAW00029074,2001-05-02,Male
NASAW00029075,1955-03-18,Female
NASAW00029076,1963-03-17,Male
NASAW00029077,1975-02-25,Female
NASAW00029078,1973-11-16,Female
NASAW00029079,1988-10-29,Female
NASAW00029080,1989-04-18,Male
NASAW00029081,1952-01-15,Female
NASAW00029082,1999-04-29,Male
NASAW00029083,1982-12-04,Male
NASAW00029084,1962-07-23,Female
NASAW00029085,1962-01-23,Female
NASAW00029086,1982-03-11,Male
NASAW00029087,1963-08-18,Female
NASAW00029088,1995-06-24,Male
NASAW00029089,1948-02-25,Female
NASAW00029090,1984-11-15,Female
NASAW00029091,1967-03-11,Male
NASAW00029092,1976-10-05,Female
NASAW00029093,1957-05-08,Female
NASAW00029094,1984-03-17,Male
NASAW00029095,2001-07-09,Male
NASAW00029096,1964-04-24,Female
NASAW00029097,1946-12-19,Male
NASAW00029098,1946-04-22,Female
NASAW00029099,1990-08-26,Male
NASAW00029100,1998-10-21,Male
NASAW00029101,1988-03-20,Female
NASAW00029102,1989-06-13,Female
NASAW00029103,1996-02-04,Male
NASAW00029104,2004-12-02,Male
NASAW00029105,1996-02-04,Male
NASAW00029106,2001-04-24,Female
NASAW00029107,1969-06-25,Male
NASAW00029108,1966-01-14,Male
NASAW00029109,1998-09-15,Male
NASAW00029110,1948-03-29,Male
NASAW00029111,1977-07-03,Female
NASAW00029112,1974-04-29,Female
NASAW00029113,1964-07-15,Female
NASAW00029114,1963-11-28,Male
NASAW00029115,1959-11-17,Male
NASAW00029116,1956-09-18,Female
NASAW00029117,1981-08-22,Female
NASAW00029118,1992-10-27,Female
NASAW00029119,1964-01-26,Female
NASAW00029120,1959-07-01,Male
NASAW00029121,2005-03-22,Female
NASAW00029122,1952-07-23,Female
NASAW00029123,1986-06-02,Female
NASAW00029124,1977-08-17,Female
NASAW00029125,1963-01-11,Female
NASAW00029126,1976-09-23,Male
NASAW00029127,2004-06-25,Male
NASAW00029128,2006-01-13,Male
NASAW00029129,1986-05-10,Female
NASAW00029130,1948-09-21,Female
NASAW00029131,1994-03-02,Female
NASAW00029132,1999-07-16,Female
NASAW00029133,1991-10-12,Female
NASAW00029134,1959-06-16,Female
NASAW00029135,1995-11-26,Female
NASAW00029136,1959-12-28,Male
NASAW00029137,1976-01-04,Female
NASAW00029138,1949-01-26,Male
NASAW00029139,2001-01-12,Male
NASAW00029140,1994-06-26,Female
NASAW00029141,1949-04-14,Male
NASAW00029142,1973-06-09,Female
NASAW00029143,1954-04-26,Female
NASAW00029144,1950-05-07,Male
NASAW00029145,2004-09-06,Male
NASAW00029146,2005-07-07,Female
NASAW00029147,1959-06-30,Female
NASAW00029148,1964-08-30,Female
NASAW00029149,1951-06-23,Male
NASAW00029150,1981-12-16,Male
NASAW00029151,1973-09-25,Male
NASAW00029152,1996-07-30,Male
NASAW00029153,1970-08-09,Female
NASAW00029154,1946-03-06,Male
NASAW00029155,1967-09-29,Male
NASAW00029156,1985-09-09,Female
NASAW00029157,1957-05-27,Male
NASAW00029158,1996-03-31,Female
NASAW00029159,1992-05-12,Male
NASAW00029160,1985-07-27,Female
NASAW00029161,1990-02-20,Male
NASAW00029162,1995-12-30,Male
NASAW00029163,1959-11-05,Female
NASAW00029164,1979-12-22,Female
NASAW00029165,1959-04-26,Male
NASAW00029166,1999-04-27,Male
NASAW00029167,1959-06-25,
NASAW00029168,1986-12-28,Male
NASAW00029169,1999-06-30,Male
NASAW00029170,1977-02-11,Male
NASAW00029171,2006-07-28,Male
NASAW00029172,1951-09-18,Male
NASAW00029173,1966-02-24,Male
NASAW00029174,1957-02-19,Female
NASAW00029175,1963-04-15,Female
NASAW00029176,1945-02-25,Male
NASAW00029177,1972-08-31,Male
NASAW00029178,1986-12-17,Female
NASAW00029179,1994-05-17,Female
NASAW00029180,1962-10-17,Female
NASAW00029181,1957-05-31,Male
NASAW00029182,1974-01-03,Male
NASAW00029183,1947-03-25,
NASAW00029184,1961-09-20,Female
NASAW00029185,1996-08-15,Female
NASAW00029186,1969-05-15,Female
NASAW00029187,1951-01-10,Male
NASAW00029188,1951-04-12,Female
NASAW00029189,1953-03-16,Male
NASAW00029190,1999-09-29,Female
NASAW00029191,1959-03-02,Female
NASAW00029192,1962-09-20,Female
NASAW00029193,1964-01-17,
NASAW00029194,2000-03-01,Female
NASAW00029195,2002-08-08,Female
NASAW00029196,1995-12-30,Male
NASAW00029197,1976-12-02,Female
NASAW00029198,1962-08-02,Female
NASAW00029199,1983-10-08,Male
NASAW00029200,2029-12-31,Male
NASAW00029201,1974-06-28,Female
NASAW00029202,1974-02-21,Male
NASAW00029203,1964-01-26,Female
NASAW00029204,2006-08-18,Female
NASAW00029205,1990-11-22,Male
NASAW00029206,1998-06-08,Male
NASAW00029207,1967-12-09,Female
NASAW00029208,1976-11-16,Female
NASAW00029209,1973-04-15,Male
NASAW00029210,1976-02-02,Female
NASAW00029211,1945-01-05,Female
NASAW00029212,1971-05-25,F
NASAW00029213,1970-11-17,Male
NASAW00029214,2002-06-24,Female
NASAW00029215,1948-09-02,Female
NASAW00029216,1986-04-16,Male
NASAW00029217,1985-08-08,Male
NASAW00029218,1954-08-09,Male
NASAW00029219,1989-08-18,Male
NASAW00029220,2003-05-20,Male
NASAW00029221,1967-09-03,Male
NASAW00029222,2005-08-17,Female
NASAW00029223,1999-04-19,Male
NASAW00029224,1982-02-02,Male
NASAW00029225,1986-09-02,Male
NASAW00029226,1961-10-27,Female
NASAW00029227,1968-06-17,Female
NASAW00029228,1963-03-10,Female
NASAW00029229,1990-09-22,Female
NASAW00029230,1999-11-01,Female
NASAW00029231,2004-02-18,Female
NASAW00029232,2001-06-25,Male
NASAW00029233,1979-09-01,Female
NASAW00029234,1962-06-13,
NASAW00029235,1952-12-26,Male
NASAW00029236,1964-10-16,Male
NASAW00029237,1953-06-28,Male
NASAW00029238,1960-05-05,Female
NASAW00029239,2004-10-10,Male
NASAW00029240,1999-02-06,Male
NASAW00029241,1971-08-12,Female
NASAW00029242,2000-11-25,Female
NASAW00029243,1955-09-25,Female
NASAW00029244,1976-10-27,Male
NASAW00029245,1982-04-22,Male
NASAW00029246,1993-11-14,Female
NASAW00029247,2006-12-31,Male
NASAW00029248,1982-07-26,Male
NASAW00029249,1959-02-24,Female
NASAW00029250,1995-10-22,Female
NASAW00029251,1951-06-06,Male
NASAW00029252,1945-12-20,Female
NASAW00029253,1979-04-27,Female
NASAW00029254,2000-03-05,Male
NASAW00029255,1959-03-07,Female
NASAW00029256,1992-05-09,Female
NASAW00029257,1948-11-19,Male
NASAW00029258,1962-02-27,Male
NASAW00029259,1970-08-16,Female
NASAW00029260,1951-05-22,Male
NASAW00029261,1957-04-27,Male
NASAW00029262,2003-04-25,Male
NASAW00029263,1992-05-20,Female
NASAW00029264,2002-04-12,Female
NASAW00029265,1953-09-26,Male
NASAW00029266,1998-02-28,Male
NASAW00029267,1986-09-10,Male
NASAW00029268,1949-02-06,Male
NASAW00029269,1978-05-07,Male
NASAW00029270,1964-12-20,Female
NASAW00029271,1951-01-25,Male
NASAW00029272,1966-08-19,Female
NASAW00029273,1987-02-17,Male
NASAW00029274,1993-07-17,Female
NASAW00029275,1998-12-22,Female
NASAW00029276,1979-12-29,Male
NASAW00029277,1967-01-22,Female
NASAW00029278,1961-05-12,Female
NASAW00029279,1981-08-12,Female
NASAW00029280,1967-12-11,Female
NASAW00029281,1975-05-26,Male
NASAW00029282,1947-02-14,Male
NASAW00029283,1947-01-31,Male
NASAW00029284,1972-10-05,Female
NASAW00029285,1995-10-13,Male
NASAW00029286,1997-09-19,Female
NASAW00029287,1957-09-02,Male
NASAW00029288,1950-08-25,Male
NASAW00029289,1991-06-13,Male
NASAW00029290,1997-06-26,Female
NASAW00029291,1952-07-21,Male
NASAW00029292,1951-10-09,Female
NASAW00029293,1998-01-05,Male
NASAW00029294,1946-11-24,Male
NASAW00029295,1985-10-13,Female
NASAW00029296,1996-04-08,Male
NASAW00029297,1970-04-29,Male
NASAW00029298,1984-07-26,Male
NASAW00029299,1996-03-04,Male
NASAW00029300,1957-09-30,Female
NASAW00029301,2003-04-21,Male
NASAW00029302,1981-09-22,Female
NASAW00029303,1998-02-07,Female
NASAW00029304,1961-01-18,Male
NASAW00029305,1991-08-15,Female
NASAW00029306,1955-04-16,Female
NASAW00029307,1965-11-15,Male
NASAW00029308,1962-07-27,Female
NASAW00029309,1988-04-24,Female
NASAW00029310,1951-11-11,F
NASAW00029311,1981-11-13,Male
NASAW00029312,1982-03-06,Female
NASAW00029313,1998-12-01,Female
NASAW00029314,1956-07-16,Male
NASAW00029315,1992-03-23,Female
NASAW00029316,1966-01-07,Male
NASAW00029317,1955-08-23,Female
NASAW00029318,1983-11-30,Female
NASAW00029319,1987-12-18,Male
NASAW00029320,1960-04-22,Male
NASAW00029321,1954-01-06,Male
NASAW00029322,1999-03-08,Female
NASAW00029323,1991-10-12,Female
NASAW00029324,2006-06-20,Male
NASAW00029325,1994-06-05,Male
NASAW00029326,1955-11-01,Male
NASAW00029327,1953-05-31,Male
NASAW00029328,1956-10-23,Female
NASAW00029329,1967-06-06,Female
NASAW00029330,1990-09-13,Male
NASAW00029331,1953-09-26,Male
NASAW00029332,1993-04-03,Male
NASAW00029333,1966-09-28,Male
NASAW00029334,1952-04-27,Female
NASAW00029335,1980-06-16,Female
NASAW00029336,1953-07-13,Male
NASAW00029337,1986-07-21,Female
NASAW00029338,1987-01-13,Female
NASAW00029339,1953-01-16,Male
NASAW00029340,1992-09-16,Female
NASAW00029341,2005-01-23,Male
NASAW00029342,1976-03-25,Male
NASAW00029343,2003-03-04,Female
NASAW00029344,1987-07-22,Male
NASAW00029345,2001-04-05,Male
NASAW00029346,1991-05-26,Male
NASAW00029347,1964-05-04,Male
NASAW00029348,1971-09-29,Male
NASAW00029349,1972-11-27,Male
NASAW00029350,1971-12-30,Male
NASAW00029351,1969-08-02,Female
NASAW00029352,1979-04-03,Female
NASAW00029353,1958-02-28,Female
NASAW00029354,1964-10-31,Male
NASAW00029355,1946-11-29,Female
NASAW00029356,1982-08-30,Male
NASAW00029357,1967-02-20,Male
NASAW00029358,1950-06-28,Female
NASAW00029359,1953-01-04,Male
NASAW00029360,2001-06-27,Male
NASAW00029361,1984-10-08,Female
NASAW00029362,1951-05-01,Female
NASAW00029363,1954-07-15,Female
NASAW00029364,1994-11-30,Female
NASAW00029365,1972-11-19,Male
NASAW00029366,2002-07-04,Female
NASAW00029367,1956-05-07,Male
NASAW00029368,1990-12-04,Female
NASAW00029369,1996-07-03,Male
NASAW00029370,1965-04-22,Female
NASAW00029371,1967-12-23,Female
NASAW00029372,1984-06-20,Female
NASAW00029373,1989-09-20,Male
NASAW00029374,1952-06-10,Female
NASAW00029375,1962-08-03,Female
NASAW00029376,1958-09-14,male
NASAW00029377,1951-09-04,Female
NASAW00029378,1997-05-31,Female
NASAW00029379,1954-10-29,Male
NASAW00029380,1962-05-19,Male
NASAW00029381,1950-08-12,Female
NASAW00029382,1982-12-29,Female
NASAW00029383,1966-10-13,Male
NASAW00029384,1953-12-17,Female
NASAW00029385,1994-10-09,Female
NASAW00029386,1991-01-29,Male
NASAW00029387,1972-05-04,Female
NASAW00029388,1985-12-18,Male
NASAW00029389,1982-05-15,Female
NASAW00029390,1979-06-18,Female
NASAW00029391,1954-01-18,Female
NASAW00029392,1980-06-10,Female
NASAW00029393,1953-07-15,Male
NASAW00029394,2029-12-31,Male
NASAW00029395,1948-07-01,Male
NASAW00029396,1954-05-20,Male
NASAW00029397,1975-04-16,Male
NASAW00029398,1977-12-12,Female
NASAW00029399,2001-08-16,Male
NASAW00029400,1981-09-20,Female
NASAW00029401,1957-04-25,Female
NASAW00029402,1952-01-06,Male
NASAW00029403,1961-10-29,Female
NASAW00029404,1993-01-16,Female
NASAW00029405,1950-11-19,Male
NASAW00029406,1945-11-26,Male
NASAW00029407,1970-02-22,Male
NASAW00029408,1998-03-04,Female
NASAW00029409,1993-06-18,Male
NASAW00029410,1956-02-12,Male
NASAW00029411,1950-10-17,Male
NASAW00029412,1997-04-19,Male
NASAW00029413,1945-11-11,Female
NASAW00029414,1945-08-30,Female
NASAW00029415,1982-09-18,Female
NASAW00029416,2003-11-19,Male
NASAW00029417,1954-07-07,Male
NASAW00029418,1975-06-06,Male
NASAW00029419,1958-04-14,Female
NASAW00029420,1994-03-10,Male
NASAW00029421,1999-10-16,Male
NASAW00029422,1957-10-31,Female
NASAW00029423,1998-12-30,Female
NASAW00029424,1980-01-27,Male
NASAW00029425,1998-05-16,Male
NASAW00029426,1991-04-29,Female
NASAW00029427,1968-12-05,Male
NASAW00029428,1979-02-16,Female
NASAW00029429,1952-02-19,Male
NASAW00029430,1979-11-20,Female
NASAW00029431,1950-12-19,Female
NASAW00029432,1973-07-22,Female
NASAW00029433,2006-02-07,Female
NASAW00029434,2005-05-28,Female
NASAW00029435,2000-11-15,Female
NASAW00029436,1993-06-21,Female
NASAW00029437,1993-06-08,Male
NASAW00029438,2005-04-03,Male
NASAW00029439,2006-12-02,Female
NASAW00029440,1959-09-14,Female
NASAW00029441,1948-03-07,Female
NASAW00029442,1975-04-24,Male
NASAW00029443,1973-11-24,Female
NASAW00029444,1971-06-30,Male
NASAW00029445,1993-10-04,Female
NASAW00029446,1984-08-24,Female
NASAW00029447,1947-03-30,Male
NASAW00029448,1996-10-07,Female
NASAW00029449,1950-08-02,Female
NASAW00029450,1952-03-29,Male
NASAW00029451,1946-12-21,Female
NASAW00029452,2000-12-06,Female
NASAW00029453,1964-01-02,Male
NASAW00029454,1993-12-20,Male
NASAW00029455,1972-11-14,F
NASAW00029456,1960-11-14,Female
NASAW00029457,2006-08-31,Female
NASAW00029458,1984-06-24,Male
NASAW00029459,1964-05-07,Male
NASAW00029460,1988-03-14,Male
NASAW00029461,1949-04-03,Male
NASAW00029462,1966-09-14,Female
NASAW00029463,1972-10-20,Female
NASAW00029464,1967-05-05,Male
NASAW00029465,1950-08-22,Male
NASAW00029466,1998-04-12,Female
NASAW00029467,1995-06-07,Female
NASAW00029468,1986-04-25,Male
NASAW00029469,1950-02-19,Female
NASAW00029470,1995-10-21,Male
NASAW00029471,1996-03-28,Female
NASAW00029472,1980-08-07,Male
NASAW00029473,1986-10-02,male
NASAW00029474,1978-05-25,Male
NASAW00029475,1964-04-28,Female
NASAW00029476,1981-03-30,Male
NASAW00029477,1973-07-30,Female
NASAW00029478,1956-12-06,Male
NASAW00029479,1957-10-14,Female
NASAW00029480,1985-09-12,Female
NASAW00029481,1978-07-09,
NASAW00029482,1949-12-01,Female
NASAW00029483,1969-08-07,Female
