CID,CNTRY
AW-00011000,Germany
AW-00011001,Australia
AW-00011002,Australia
AW-00011003,United States
AW-00011004,Australia
AW-00011005,United Kingdom
AW-00011006,Australia
AW-00011007,Australia
AW-00011008,Australia
AW-00011009,United States
AW-00011010,Australia
AW-00011011,Australia
AW-00011012,New Zealand
AW-00011013,Australia
AW-00011014,Australia
AW-00011015,Australia
AW-00011016,Australia
AW-00011017,Australia
AW-00011018,Australia
AW-00011019,United Kingdom
AW-00011020,United States
AW-00011021,USA
AW-00011022,United States
AW-00011023,United Kingdom
AW-00011024,Canada
AW-00011025,Germany
AW-00011026,New Zealand
AW-00011027,United States
AW-00011028,United States
AW-00011029,United States
AW-00011030,United Kingdom
AW-00011031,Australia
AW-00011032,Australia
AW-00011033,Australia
AW-00011034,Australia
AW-00011035,Canada
AW-00011036,Australia
AW-00011037,Australia
AW-00011038,Germany
AW-00011039,Australia
AW-00011040,Australia
AW-00011041,United States
AW-00011042,United States
AW-00011043,United States
AW-00011044,United States
AW-00011045,Canada
AW-00011046,United States
AW-00011047,Australia
AW-00011048,Australia
AW-00011049,Australia
AW-00011050,Australia
AW-00011051,United Kingdom
AW-00011052,United States
AW-00011053,Australia
AW-00011054,United Kingdom
AW-00011055,Germany
AW-00011056,Australia
AW-00011057,Australia
AW-00011058,France
AW-00011059,United Kingdom
AW-00011060,United States
AW-00011061,United States
AW-00011062,New Zealand
AW-00011063,Australia
AW-00011064,US
AW-00011065,Australia
AW-00011066,United Kingdom
AW-00011067,United States
AW-00011068,Australia
AW-00011069,Australia
AW-00011070,Australia
AW-00011071,United States
AW-00011072,United Kingdom
AW-00011073,Australia
AW-00011074,Australia
AW-00011075,United States
AW-00011076,Australia
AW-00011077,Australia
AW-00011078,United States
AW-00011079,United States
AW-00011080,Australia
AW-00011081,Canada
AW-00011082,United States
AW-00011083,United States
AW-00011084,United States
AW-00011085,United States
AW-00011086,Australia
AW-00011087,Canada
AW-00011088,United States
AW-00011089,Australia
AW-00011090,France
AW-00011091,Australia
AW-00011092,France
AW-00011093,United States
AW-00011094,United States
AW-00011095,United Kingdom
AW-00011096,Australia
AW-00011097,Australia
AW-00011098,United States
AW-00011099,Canada
AW-00011100,Canada
AW-00011101,United Kingdom
AW-00011102,Germany
AW-00011103,United States
AW-00011104,New Zealand
AW-00011105,Australia
AW-00011106,New Zealand
AW-00011107,United Kingdom
AW-00011108,Canada
AW-00011109,Australia
AW-00011110,Australia
AW-00011111,United Kingdom
AW-00011112,United States
AW-00011113,Australia
AW-00011114,Australia
AW-00011115,Australia
AW-00011116,Australia
AW-00011117,Australia
AW-00011118,NZ
AW-00011119,Canada
AW-00011120,United States
AW-00011121,
AW-00011122,Australia
AW-00011123,United States
AW-00011124,Australia
AW-00011125,UK
AW-00011126,Australia
AW-00011127,United States
AW-00011128,Australia
AW-00011129,Australia
AW-00011130,Australia
AW-00011131,Australia
AW-00011132,Canada
AW-00011133,Australia
AW-00011134,United States
AW-00011135,Australia
AW-00011136,Australia
AW-00011137,Germany
AW-00011138,United Kingdom
AW-00011139,United States
AW-00011140,Australia
AW-00011141,United Kingdom
AW-00011142,United States
AW-00011143,Australia
AW-00011144,France
AW-00011145,Germany
AW-00011146,New Zealand
AW-00011147,United States
AW-00011148,Australia
AW-00011149,USA
AW-00011150,Australia
AW-00011151,United Kingdom
AW-00011152,Australia
AW-00011153,France
AW-00011154,Canada
AW-00011155,United Kingdom
AW-00011156,Canada
AW-00011157,Canada
AW-00011158,United Kingdom
AW-00011159,United Kingdom
AW-00011160,Australia
AW-00011161,Australia
AW-00011162,Canada
AW-00011163,United Kingdom
AW-00011164,Canada
AW-00011165,Australia
AW-00011166,Australia
AW-00011167,Canada
AW-00011168,United Kingdom
AW-00011169,Australia
AW-00011170,New Zealand
AW-00011171,Australia
AW-00011172,AU
AW-00011173,Australia
AW-00011174,United States
AW-00011175,Australia
AW-00011176,United Kingdom
AW-00011177,US
AW-00011178,Australia
AW-00011179,Australia
AW-00011180,UK
AW-00011181,United States
AW-00011182,Australia
AW-00011183,New Zealand
AW-00011184,Australia
AW-00011185,Australia
AW-00011186,United Kingdom
AW-00011187,United States
AW-00011188,Australia
AW-00011189,Australia
AW-00011190,Australia
AW-00011191,United States
AW-00011192,Australia
AW-00011193,Australia
AW-00011194,New Zealand
AW-00011195,Australia
AW-00011196,USA
AW-00011197,Germany
AW-00011198,Germany
AW-00011199,Australia
AW-00011200,US
AW-00011201,Australia
AW-00011202,Australia
AW-00011203,Australia
AW-00011204,Australia
AW-00011205,Australia
AW-00011206,United States
AW-00011207,Australia
AW-00011208,Canada
AW-00011209,Canada
AW-00011210,Australia
AW-00011211,Australia
AW-00011212,Canada
AW-00011213,United States
AW-00011214,Australia
AW-00011215,United States
AW-00011216,Australia
AW-00011217,Australia
AW-00011218,United Kingdom
AW-00011219,United Kingdom
AW-00011220,Australia
AW-00011221,Australia
AW-00011222,Australia
AW-00011223,Australia
AW-00011224,Germany
AW-00011225,Australia
AW-00011226,Australia
AW-00011227,Canada
AW-00011228,France
AW-00011229,Australia
AW-00011230,Australia
AW-00011231,New Zealand
AW-00011232,Canada
AW-00011233,United States
AW-00011234,Germany
AW-00011235,Australia
AW-00011236,United Kingdom
AW-00011237,United Kingdom
AW-00011238,United States
AW-00011239,Australia
AW-00011240,AU
AW-00011241,Canada
AW-00011242,United Kingdom
AW-00011243,Australia
AW-00011244,Australia
AW-00011245,Australia
AW-00011246,United States
AW-00011247,New Zealand
AW-00011248,Canada
AW-00011249,United Kingdom
AW-00011250,Australia
AW-00011251,United Kingdom
AW-00011252,United Kingdom
AW-00011253,Australia
AW-00011254,Australia
AW-00011255,Australia
AW-00011256,Australia
AW-00011257,New Zealand
AW-00011258,AU
AW-00011259,Australia
AW-00011260,United States
AW-00011261,Australia
AW-00011262,Australia
AW-00011263,Australia
AW-00011264,United States
AW-00011265,Australia
AW-00011266,United States
AW-00011267,Australia
AW-00011268,United States
AW-00011269,New Zealand
AW-00011270,Australia
AW-00011271,United Kingdom
AW-00011272,AU
AW-00011273,United States
AW-00011274,United Kingdom
AW-00011275,Australia
AW-00011276,Australia
AW-00011277,Australia
AW-00011278,Australia
AW-00011279,Australia
AW-00011280,Australia
AW-00011281,United States
AW-00011282,Australia
AW-00011283,United States
AW-00011284,United States
AW-00011285,France
AW-00011286,Australia
AW-00011287,Australia
AW-00011288,New Zealand
AW-00011289,New Zealand
AW-00011290,Australia
AW-00011291,New Zealand
AW-00011292,Australia
AW-00011293,AU
AW-00011294,Australia
AW-00011295,Australia
AW-00011296,United Kingdom
AW-00011297,Australia
AW-00011298,Australia
AW-00011299,United States
AW-00011300,Australia
AW-00011301,Australia
AW-00011302,United Kingdom
AW-00011303,United States
AW-00011304,Australia
AW-00011305,Australia
AW-00011306,United States
AW-00011307,United States
AW-00011308,Australia
AW-00011309,Australia
AW-00011310,United States
AW-00011311,Australia
AW-00011312,Australia
AW-00011313,United States
AW-00011314,Australia
AW-00011315,Australia
AW-00011316,Australia
AW-00011317,Australia
AW-00011318,Australia
AW-00011319,New Zealand
AW-00011320,United States
AW-00011321,Australia
AW-00011322,Australia
AW-00011323,United States
AW-00011324,Australia
AW-00011325,United States
AW-00011326,New Zealand
AW-00011327,United States
AW-00011328,Australia
AW-00011329,United Kingdom
AW-00011330,United States
AW-00011331,United Kingdom
AW-00011332,DE
AW-00011333,United States
AW-00011334,United Kingdom
AW-00011335,Australia
AW-00011336,New Zealand
AW-00011337,Australia
AW-00011338,DE
AW-00011339,Canada
AW-00011340,United States
AW-00011341,France
AW-00011342,Canada
AW-00011343,Australia
AW-00011344,France
AW-00011345,Canada
AW-00011346,Canada
AW-00011347,Australia
AW-00011348,United States
AW-00011349,France
AW-00011350,France
AW-00011351,United States
AW-00011352,New Zealand
AW-00011353,NZ
AW-00011354,Australia
AW-00011355,France
AW-00011356,Australia
AW-00011357,Australia
AW-00011358,Australia
AW-00011359,United States
AW-00011360,AU
AW-00011361,USA
AW-00011362,Australia
AW-00011363,Canada
AW-00011364,United Kingdom
AW-00011365,AU
AW-00011366,Australia
AW-00011367,Germany
AW-00011368,United Kingdom
AW-00011369,Australia
AW-00011370,United States
AW-00011371,Australia
AW-00011372,United Kingdom
AW-00011373,Australia
AW-00011374,Australia
AW-00011375,Australia
AW-00011376,United States
AW-00011377,Germany
AW-00011378,United States
AW-00011379,Australia
AW-00011380,United States
AW-00011381,Australia
AW-00011382,Australia
AW-00011383,Australia
AW-00011384,France
AW-00011385,United States
AW-00011386,Australia
AW-00011387,Australia
AW-00011388,United States
AW-00011389,Germany
AW-00011390,Australia
AW-00011391,Australia
AW-00011392,Australia
AW-00011393,Australia
AW-00011394,United Kingdom
AW-00011395,Germany
AW-00011396,Australia
AW-00011397,United States
AW-00011398,Canada
AW-00011399,Germany
AW-00011400,New Zealand
AW-00011401,United States
AW-00011402,United States
AW-00011403,United Kingdom
AW-00011404,Australia
AW-00011405,Australia
AW-00011406,Australia
AW-00011407,Australia
AW-00011408,Australia
AW-00011409,Australia
AW-00011410,Australia
AW-00011411,Canada
AW-00011412,Australia
AW-00011413,Australia
AW-00011414,United States
AW-00011415,United Kingdom
AW-00011416,Australia
AW-00011417,United States
AW-00011418,United Kingdom
AW-00011419,France
AW-00011420,Australia
AW-00011421,Australia
AW-00011422,Australia
AW-00011423,Canada
AW-00011424,Australia
AW-00011425,Australia
AW-00011426,Australia
AW-00011427,Australia
AW-00011428,Australia
AW-00011429,Australia
AW-00011430,United States
AW-00011431,United States
AW-00011432,United States
AW-00011433,Australia
AW-00011434,United Kingdom
AW-00011435,Australia
AW-00011436,Australia
AW-00011437,Germany
AW-00011438,United States
AW-00011439,United States
AW-00011440,Australia
AW-00011441,Australia
AW-00011442,United Kingdom
AW-00011443,United States
AW-00011444,Australia
AW-00011445,United Kingdom
AW-00011446,Australia
AW-00011447,United Kingdom
AW-00011448,Australia
AW-00011449,Australia
AW-00011450,Australia
AW-00011451,Germany
AW-00011452,Australia
AW-00011453,United Kingdom
AW-00011454,Australia
AW-00011455,United States
AW-00011456,Australia
AW-00011457,Australia
AW-00011458,New Zealand
AW-00011459,New Zealand
AW-00011460,Australia
AW-00011461,United Kingdom
AW-00011462,Australia
AW-00011463,Australia
AW-00011464,Australia
AW-00011465,Australia
AW-00011466,United Kingdom
AW-00011467,Australia
AW-00011468,Australia
AW-00011469,Australia
AW-00011470,Australia
AW-00011471,DE
AW-00011472,United Kingdom
AW-00011473,United States
AW-00011474,Australia
AW-00011475,France
AW-00011476,United States
AW-00011477,Australia
AW-00011478,Australia
AW-00011479,United States
AW-00011480,Australia
AW-00011481,Australia
AW-00011482,France
AW-00011483,Australia
AW-00011484,New Zealand
AW-00011485,Australia
AW-00011486,Australia
AW-00011487,Australia
AW-00011488,Canada
AW-00011489,Australia
AW-00011490,New Zealand
AW-00011491,Australia
AW-00011492,United Kingdom
AW-00011493,Australia
AW-00011494,UK
AW-00011495,Australia
AW-00011496,Australia
AW-00011497,
AW-00011498,France
AW-00011499,Australia
AW-00011500,Australia
AW-00011501,Australia
AW-00011502,Australia
AW-00011503,
AW-00011504,United States
AW-00011505,Canada
AW-00011506,United States
AW-00011507,United States
AW-00011508,Australia
AW-00011509,Canada
AW-00011510,New Zealand
AW-00011511,France
AW-00011512,United States
AW-00011513,Australia
AW-00011514,NZ
AW-00011515,Australia
AW-00011516,United Kingdom
AW-00011517,Australia
AW-00011518,Australia
AW-00011519,Australia
AW-00011520,United States
AW-00011521,Australia
AW-00011522,Australia
AW-00011523,Australia
AW-00011524,United States
AW-00011525,Australia
AW-00011526,New Zealand
AW-00011527,New Zealand
AW-00011528,United States
AW-00011529,United Kingdom
AW-00011530,United States
AW-00011531,AU
AW-00011532,France
AW-00011533,Australia
AW-00011534,United States
AW-00011535,Australia
AW-00011536,New Zealand
AW-00011537,Australia
AW-00011538,Australia
AW-00011539,Australia
AW-00011540,Australia
AW-00011541,Germany
AW-00011542,United Kingdom
AW-00011543,United Kingdom
AW-00011544,United Kingdom
AW-00011545,Australia
AW-00011546,Australia
AW-00011547,United Kingdom
AW-00011548,Australia
AW-00011549,United States
AW-00011550,Australia
AW-00011551,United States
AW-00011552,Australia
AW-00011553,USA
AW-00011554,Australia
AW-00011555,New Zealand
AW-00011556,Australia
AW-00011557,United Kingdom
AW-00011558,Australia
AW-00011559,Australia
AW-00011560,Australia
AW-00011561,United Kingdom
AW-00011562,Australia
AW-00011563,Australia
AW-00011564,NZ
AW-00011565,United Kingdom
AW-00011566,United Kingdom
AW-00011567,Australia
AW-00011568,United States
AW-00011569,Canada
AW-00011570,United States
AW-00011571,Australia
AW-00011572,Australia
AW-00011573,United States
AW-00011574,Australia
AW-00011575,Australia
AW-00011576,Australia
AW-00011577,United States
AW-00011578,United Kingdom
AW-00011579,United States
AW-00011580,Germany
AW-00011581,United Kingdom
AW-00011582,Australia
AW-00011583,Australia
AW-00011584,Australia
AW-00011585,United Kingdom
AW-00011586,United Kingdom
AW-00011587,Australia
AW-00011588,New Zealand
AW-00011589,United Kingdom
AW-00011590,United States
AW-00011591,United States
AW-00011592,Australia
AW-00011593,Australia
AW-00011594,Australia
AW-00011595,Australia
AW-00011596,DE
AW-00011597,Australia
AW-00011598,Australia
AW-00011599,Australia
AW-00011600,Australia
AW-00011601,Australia
AW-00011602,Australia
AW-00011603,Australia
AW-00011604,United Kingdom
AW-00011605,United States
AW-00011606,France
AW-00011607,Australia
AW-00011608,Australia
AW-00011609,Australia
AW-00011610,Australia
AW-00011611,United Kingdom
AW-00011612,Australia
AW-00011613,Australia
AW-00011614,Canada
AW-00011615,Australia
AW-00011616,Australia
AW-00011617,Australia
AW-00011618,United States
AW-00011619,Australia
AW-00011620,United States
AW-00011621,New Zealand
AW-00011622,Australia
AW-00011623,Australia
AW-00011624,New Zealand
AW-00011625,
AW-00011626,United States
AW-00011627,United States
AW-00011628,Australia
AW-00011629,United States
AW-00011630,Australia
AW-00011631,United States
AW-00011632,Australia
AW-00011633,United States
AW-00011634,Australia
AW-00011635,Australia
AW-00011636,Germany
AW-00011637,United States
AW-00011638,Australia
AW-00011639,Australia
AW-00011640,France
AW-00011641,United States
AW-00011642,Australia
AW-00011643,Australia
AW-00011644,United States
AW-00011645,United States
AW-00011646,United States
AW-00011647,United States
AW-00011648,Australia
AW-00011649,Australia
AW-00011650,Australia
AW-00011651,Germany
AW-00011652,
AW-00011653,United Kingdom
AW-00011654,Australia
AW-00011655,Germany
AW-00011656,Australia
AW-00011657,United States
AW-00011658,United States
AW-00011659,Canada
AW-00011660,United States
AW-00011661,Australia
AW-00011662,Canada
AW-00011663,Germany
AW-00011664,
AW-00011665,New Zealand
AW-00011666,Australia
AW-00011667,United Kingdom
AW-00011668,New Zealand
AW-00011669,Australia
AW-00011670,France
AW-00011671,Australia
AW-00011672,Australia
AW-00011673,USA
AW-00011674,Australia
AW-00011675,Australia
AW-00011676,United Kingdom
AW-00011677,Australia
AW-00011678,United States
AW-00011679,Australia
AW-00011680,Australia
AW-00011681,Australia
AW-00011682,New Zealand
AW-00011683,Canada
AW-00011684,United States
AW-00011685,Australia
AW-00011686,Germany
AW-00011687,Australia
AW-00011688,Canada
AW-00011689,United States
AW-00011690,Australia
AW-00011691,Australia
AW-00011692,United Kingdom
AW-00011693,France
AW-00011694,Australia
AW-00011695,Australia
AW-00011696,Australia
AW-00011697,Australia
AW-00011698,Australia
AW-00011699,United States
AW-00011700,United States
AW-00011701,United States
AW-00011702,Australia
AW-00011703,Australia
AW-00011704,Australia
AW-00011705,Australia
AW-00011706,Australia
AW-00011707,Germany
AW-00011708,Australia
AW-00011709,United States
AW-00011710,Canada
AW-00011711,United States
AW-00011712,United States
AW-00011713,Australia
AW-00011714,Australia
AW-00011715,Australia
AW-00011716,Australia
AW-00011717,Australia
AW-00011718,Canada
AW-00011719,Australia
AW-00011720,Australia
AW-00011721,United States
AW-00011722,
AW-00011723,Australia
AW-00011724,Australia
AW-00011725,Australia
AW-00011726,Australia
AW-00011727,Canada
AW-00011728,United States
AW-00011729,United States
AW-00011730,United States
AW-00011731,United States
AW-00011732,Australia
AW-00011733,Australia
AW-00011734,Australia
AW-00011735,UK
AW-00011736,Australia
AW-00011737,Australia
AW-00011738,Australia
AW-00011739,Australia
AW-00011740,United States
AW-00011741,Australia
AW-00011742,Australia
AW-00011743,United States
AW-00011744,United States
AW-00011745,France
AW-00011746,Australia
AW-00011747,United States
AW-00011748,Australia
AW-00011749,Australia
AW-00011750,United Kingdom
AW-00011751,AU
AW-00011752,United States
AW-00011753,Australia
AW-00011754,Australia
AW-00011755,United States
AW-00011756,Australia
AW-00011757,Canada
AW-00011758,United States
AW-00011759,Australia
AW-00011760,Australia
AW-00011761,United States
AW-00011762,Australia
AW-00011763,United States
AW-00011764,Australia
AW-00011765,Australia
AW-00011766,Australia
AW-00011767,New Zealand
AW-00011768,Australia
AW-00011769,Canada
AW-00011770,Australia
AW-00011771,
AW-00011772,New Zealand
AW-00011773,United States
AW-00011774,Australia
AW-00011775,United States
AW-00011776,Australia
AW-00011777,Australia
AW-00011778,Australia
AW-00011779,Australia
AW-00011780,United States
AW-00011781,United States
AW-00011782,United States
AW-00011783,United Kingdom
AW-00011784,Australia
AW-00011785,NZ
AW-00011786,Australia
AW-00011787,Australia
AW-00011788,NZ
AW-00011789,Germany
AW-00011790,Canada
AW-00011791,Australia
AW-00011792,Australia
AW-00011793,Australia
AW-00011794,United States
AW-00011795,Australia
AW-00011796,Canada
AW-00011797,Australia
AW-00011798,Germany
AW-00011799,New Zealand
AW-00011800,Canada
AW-00011801,Australia
AW-00011802,New Zealand
AW-00011803,France
AW-00011804,Germany
AW-00011805,United States
AW-00011806,Australia
AW-00011807,Australia
AW-00011808,Canada
AW-00011809,United Kingdom
AW-00011810,Australia
AW-00011811,Germany
AW-00011812,Australia
AW-00011813,Australia
AW-00011814,Australia
AW-00011815,Australia
AW-00011816,Australia
AW-00011817,Australia
AW-00011818,Australia
AW-00011819,Australia
AW-00011820,France
AW-00011821,Australia
AW-00011822,Australia
AW-00011823,Canada
AW-00011824,Australia
AW-00011825,Australia
AW-00011826,Australia
AW-00011827,Germany
AW-00011828,New Zealand
AW-00011829,United Kingdom
AW-00011830,Australia
AW-00011831,United States
AW-00011832,Australia
AW-00011833,Australia
AW-00011834,New Zealand
AW-00011835,Australia
AW-00011836,Australia
AW-00011837,Australia
AW-00011838,Australia
AW-00011839,Canada
AW-00011840,Canada
AW-00011841,Germany
AW-00011842,New Zealand
AW-00011843,United States
AW-00011844,United States
AW-00011845,United States
AW-00011846,Australia
AW-00011847,France
AW-00011848,Australia
AW-00011849,United Kingdom
AW-00011850,Australia
AW-00011851,Australia
AW-00011852,New Zealand
AW-00011853,Australia
AW-00011854,Australia
AW-00011855,United Kingdom
AW-00011856,Germany
AW-00011857,Canada
AW-00011858,Germany
AW-00011859,United Kingdom
AW-00011860,Australia
AW-00011861,Canada
AW-00011862,Australia
AW-00011863,Australia
AW-00011864,Germany
AW-00011865,Australia
AW-00011866,Australia
AW-00011867,Australia
AW-00011868,US
AW-00011869,Australia
AW-00011870,New Zealand
AW-00011871,United States
AW-00011872,Australia
AW-00011873,New Zealand
AW-00011874,Canada
AW-00011875,Australia
AW-00011876,New Zealand
AW-00011877,Australia
AW-00011878,Canada
AW-00011879,Australia
AW-00011880,Australia
AW-00011881,USA
AW-00011882,Australia
AW-00011883,United States
AW-00011884,New Zealand
AW-00011885,United States
AW-00011886,Germany
AW-00011887,France
AW-00011888,Australia
AW-00011889,Australia
AW-00011890,Australia
AW-00011891,Australia
AW-00011892,New Zealand
AW-00011893,Australia
AW-00011894,United States
AW-00011895,Australia
AW-00011896,Germany
AW-00011897,New Zealand
AW-00011898,Australia
AW-00011899,Australia
AW-00011900,Australia
AW-00011901,Australia
AW-00011902,Australia
AW-00011903,Australia
AW-00011904,United Kingdom
AW-00011905,United Kingdom
AW-00011906,Canada
AW-00011907,Australia
AW-00011908,France
AW-00011909,Australia
AW-00011910,United States
AW-00011911,Canada
AW-00011912,New Zealand
AW-00011913,United States
AW-00011914,Australia
AW-00011915,United States
AW-00011916,United States
AW-00011917,Canada
AW-00011918,Australia
AW-00011919,Canada
AW-00011920,AU
AW-00011921,United States
AW-00011922,New Zealand
AW-00011923,DE
AW-00011924,Australia
AW-00011925,Australia
AW-00011926,Australia
AW-00011927,Canada
AW-00011928,Australia
AW-00011929,Canada
AW-00011930,Australia
AW-00011931,Australia
AW-00011932,United Kingdom
AW-00011933,United States
AW-00011934,United States
AW-00011935,Canada
AW-00011936,Australia
AW-00011937,
AW-00011938,United States
AW-00011939,Australia
AW-00011940,Canada
AW-00011941,Australia
AW-00011942,United States
AW-00011943,United States
AW-00011944,Australia
AW-00011945,Germany
AW-00011946,Australia
AW-00011947,Australia
AW-00011948,United Kingdom
AW-00011949,Australia
AW-00011950,Australia
AW-00011951,United States
AW-00011952,United Kingdom
AW-00011953,Australia
AW-00011954,United States
AW-00011955,Australia
AW-00011956,Australia
AW-00011957,Canada
AW-00011958,United States
AW-00011959,Canada
AW-00011960,United States
AW-00011961,Australia
AW-00011962,Australia
AW-00011963,Australia
AW-00011964,Australia
AW-00011965,Australia
AW-00011966,United Kingdom
AW-00011967,Australia
AW-00011968,Australia
AW-00011969,United States
AW-00011970,Canada
AW-00011971,Australia
AW-00011972,Australia
AW-00011973,Australia
AW-00011974,France
AW-00011975,Australia
AW-00011976,United States
AW-00011977,Australia
AW-00011978,New Zealand
AW-00011979,Canada
AW-00011980,Germany
AW-00011981,New Zealand
AW-00011982,UK
AW-00011983,Australia
AW-00011984,Australia
AW-00011985,Australia
AW-00011986,Australia
AW-00011987,United States
AW-00011988,Canada
AW-00011989,Australia
AW-00011990,United States
AW-00011991,Canada
AW-00011992,United Kingdom
AW-00011993,UK
AW-00011994,United States
AW-00011995,United States
AW-00011996,USA
AW-00011997,Australia
AW-00011998,Australia
AW-00011999,New Zealand
AW-00012000,United Kingdom
AW-00012001,Australia
AW-00012002,France
AW-00012003,France
AW-00012004,Germany
AW-00012005,Australia
AW-00012006,Australia
AW-00012007,Australia
AW-00012008,Germany
AW-00012009,Australia
AW-00012010,Australia
AW-00012011,Australia
AW-00012012,Australia
AW-00012013,United Kingdom
AW-00012014,Australia
AW-00012015,US
AW-00012016,United States
AW-00012017,France
AW-00012018,Canada
AW-00012019,United States
AW-00012020,Australia
AW-00012021,Australia
AW-00012022,United States
AW-00012023,United States
AW-00012024,Australia
AW-00012025,United Kingdom
AW-00012026,Australia
AW-00012027,Australia
AW-00012028,Australia
AW-00012029,Australia
AW-00012030,Canada
AW-00012031,Canada
AW-00012032,United States
AW-00012033,Australia
AW-00012034,United States
AW-00012035,Australia
AW-00012036,AU
AW-00012037,United States
AW-00012038,Australia
AW-00012039,United Kingdom
AW-00012040,United States
AW-00012041,United States
AW-00012042,United States
AW-00012043,Australia
AW-00012044,Australia
AW-00012045,Australia
AW-00012046,Australia
AW-00012047,Australia
AW-00012048,Australia
AW-00012049,Australia
AW-00012050,Australia
AW-00012051,Australia
AW-00012052,Australia
AW-00012053,Australia
AW-00012054,United Kingdom
AW-00012055,Australia
AW-00012056,United Kingdom
AW-00012057,Germany
AW-00012058,Australia
AW-00012059,Australia
AW-00012060,France
AW-00012061,France
AW-00012062,United States
AW-00012063,Canada
AW-00012064,Australia
AW-00012065,United States
AW-00012066,Australia
AW-00012067,Canada
AW-00012068,Australia
AW-00012069,New Zealand
AW-00012070,Canada
AW-00012071,New Zealand
AW-00012072,Canada
AW-00012073,United States
AW-00012074,United Kingdom
AW-00012075,Australia
AW-00012076,DE
AW-00012077,New Zealand
AW-00012078,United Kingdom
AW-00012079,Australia
AW-00012080,Australia
AW-00012081,United States
AW-00012082,Australia
AW-00012083,Germany
AW-00012084,Australia
AW-00012085,New Zealand
AW-00012086,Australia
AW-00012087,Australia
AW-00012088,DE
AW-00012089,Australia
AW-00012090,Australia
AW-00012091,Germany
AW-00012092,United States
AW-00012093,France
AW-00012094,United States
AW-00012095,Australia
AW-00012096,Australia
AW-00012097,Australia
AW-00012098,United Kingdom
AW-00012099,Australia
AW-00012100,United States
AW-00012101,USA
AW-00012102,United Kingdom
AW-00012103,
AW-00012104,Australia
AW-00012105,Australia
AW-00012106,Australia
AW-00012107,United States
AW-00012108,Australia
AW-00012109,United States
AW-00012110,USA
AW-00012111,Australia
AW-00012112,United States
AW-00012113,Australia
AW-00012114,NZ
AW-00012115,Australia
AW-00012116,Australia
AW-00012117,Australia
AW-00012118,United States
AW-00012119,Germany
AW-00012120,Australia
AW-00012121,Australia
AW-00012122,Australia
AW-00012123,Australia
AW-00012124,Australia
AW-00012125,Australia
AW-00012126,United States
AW-00012127,Australia
AW-00012128,Australia
AW-00012129,Australia
AW-00012130,Australia
AW-00012131,Canada
AW-00012132,Canada
AW-00012133,Australia
AW-00012134,Australia
AW-00012135,Australia
AW-00012136,Australia
AW-00012137,Australia
AW-00012138,Australia
AW-00012139,Australia
AW-00012140,Australia
AW-00012141,Canada
AW-00012142,Australia
AW-00012143,Australia
AW-00012144,Australia
AW-00012145,Australia
AW-00012146,Australia
AW-00012147,Australia
AW-00012148,Australia
AW-00012149,New Zealand
AW-00012150,United States
AW-00012151,United States
AW-00012152,Germany
AW-00012153,United States
AW-00012154,Australia
AW-00012155,Canada
AW-00012156,Australia
AW-00012157,United Kingdom
AW-00012158,Australia
AW-00012159,United States
AW-00012160,United States
AW-00012161,Australia
AW-00012162,United Kingdom
AW-00012163,Australia
AW-00012164,United States
AW-00012165,Australia
AW-00012166,Australia
AW-00012167,Canada
AW-00012168,Australia
AW-00012169,Australia
AW-00012170,Australia
AW-00012171,United States
AW-00012172,Canada
AW-00012173,United Kingdom
AW-00012174,United States
AW-00012175,Australia
AW-00012176,New Zealand
AW-00012177,Canada
AW-00012178,United Kingdom
AW-00012179,United States
AW-00012180,US
AW-00012181,United States
AW-00012182,United Kingdom
AW-00012183,United Kingdom
AW-00012184,United Kingdom
AW-00012185,Australia
AW-00012186,US
AW-00012187,Australia
AW-00012188,United Kingdom
AW-00012189,United States
AW-00012190,France
AW-00012191,Australia
AW-00012192,United States
AW-00012193,New Zealand
AW-00012194,Australia
AW-00012195,Australia
AW-00012196,Australia
AW-00012197,Australia
AW-00012198,Canada
AW-00012199,Germany
AW-00012200,Germany
AW-00012201,AU
AW-00012202,Australia
AW-00012203,United States
AW-00012204,Australia
AW-00012205,Canada
AW-00012206,Australia
AW-00012207,US
AW-00012208,Australia
AW-00012209,Australia
AW-00012210,Australia
AW-00012211,Australia
AW-00012212,Canada
AW-00012213,United Kingdom
AW-00012214,United Kingdom
AW-00012215,Australia
AW-00012216,Australia
AW-00012217,Australia
AW-00012218,Australia
AW-00012219,Australia
AW-00012220,United States
AW-00012221,United Kingdom
AW-00012222,United States
AW-00012223,United States
AW-00012224,Australia
AW-00012225,Australia
AW-00012226,France
AW-00012227,United Kingdom
AW-00012228,Australia
AW-00012229,USA
AW-00012230,United Kingdom
AW-00012231,Australia
AW-00012232,Australia
AW-00012233,Australia
AW-00012234,Australia
AW-00012235,Germany
AW-00012236,Australia
AW-00012237,Canada
AW-00012238,Australia
AW-00012239,United Kingdom
AW-00012240,New Zealand
AW-00012241,France
AW-00012242,New Zealand
AW-00012243,United Kingdom
AW-00012244,Australia
AW-00012245,United Kingdom
AW-00012246,Australia
AW-00012247,United States
AW-00012248,United States
AW-00012249,Canada
AW-00012250,Australia
AW-00012251,United Kingdom
AW-00012252,Germany
AW-00012253,UK
AW-00012254,Australia
AW-00012255,Australia
AW-00012256,United Kingdom
AW-00012257,United Kingdom
AW-00012258,Australia
AW-00012259,France
AW-00012260,United Kingdom
AW-00012261,Australia
AW-00012262,Australia
AW-00012263,Australia
AW-00012264,United Kingdom
AW-00012265,Australia
AW-00012266,United Kingdom
AW-00012267,United States
AW-00012268,Canada
AW-00012269,Australia
AW-00012270,United States
AW-00012271,United Kingdom
AW-00012272,Australia
AW-00012273,Germany
AW-00012274,United Kingdom
AW-00012275,Australia
AW-00012276,Australia
AW-00012277,Germany
AW-00012278,Australia
AW-00012279,United States
AW-00012280,Australia
AW-00012281,Australia
AW-00012282,New Zealand
AW-00012283,Australia
AW-00012284,United Kingdom
AW-00012285,Australia
AW-00012286,United States
AW-00012287,Australia
AW-00012288,Australia
AW-00012289,Australia
AW-00012290,Australia
AW-00012291,Australia
AW-00012292,Canada
AW-00012293,
AW-00012294,New Zealand
AW-00012295,Australia
AW-00012296,Germany
AW-00012297,United States
AW-00012298,Canada
AW-00012299,New Zealand
AW-00012300,Australia
AW-00012301,United Kingdom
AW-00012302,Australia
AW-00012303,Australia
AW-00012304,Australia
AW-00012305,United Kingdom
AW-00012306,UK
AW-00012307,United States
AW-00012308,United Kingdom
AW-00012309,New Zealand
AW-00012310,Australia
AW-00012311,Australia
AW-00012312,Australia
AW-00012313,Australia
AW-00012314,United States
AW-00012315,Australia
AW-00012316,United States
AW-00012317,Germany
AW-00012318,United States
AW-00012319,United States
AW-00012320,United States
AW-00012321,Australia
AW-00012322,Australia
AW-00012323,Germany
AW-00012324,Australia
AW-00012325,France
AW-00012326,Canada
AW-00012327,Canada
AW-00012328,Germany
AW-00012329,Australia
AW-00012330,Australia
AW-00012331,Australia
AW-00012332,UK
AW-00012333,United States
AW-00012334,United States
AW-00012335,United Kingdom
AW-00012336,Australia
AW-00012337,Australia
AW-00012338,United States
AW-00012339,Germany
AW-00012340,Canada
AW-00012341,Australia
AW-00012342,Australia
AW-00012343,United States
AW-00012344,New Zealand
AW-00012345,Germany
AW-00012346,United Kingdom
AW-00012347,United Kingdom
AW-00012348,Australia
AW-00012349,Australia
AW-00012350,Australia
AW-00012351,Australia
AW-00012352,Canada
AW-00012353,France
AW-00012354,Australia
AW-00012355,New Zealand
AW-00012356,New Zealand
AW-00012357,Germany
AW-00012358,Australia
AW-00012359,Australia
AW-00012360,United Kingdom
AW-00012361,Germany
AW-00012362,Australia
AW-00012363,Australia
AW-00012364,Australia
AW-00012365,Australia
AW-00012366,United Kingdom
AW-00012367,Australia
AW-00012368,Australia
AW-00012369,United Kingdom
AW-00012370,Australia
AW-00012371,United Kingdom
AW-00012372,Canada
AW-00012373,United Kingdom
AW-00012374,Australia
AW-00012375,United States
AW-00012376,United Kingdom
AW-00012377,Australia
AW-00012378,Australia
AW-00012379,Australia
AW-00012380,UK
AW-00012381,United Kingdom
AW-00012382,France
AW-00012383,France
AW-00012384,
AW-00012385,United States
AW-00012386,Australia
AW-00012387,Canada
AW-00012388,Australia
AW-00012389,Australia
AW-00012390,Australia
AW-00012391,Australia
AW-00012392,Australia
AW-00012393,Australia
AW-00012394,United States
AW-00012395,Australia
AW-00012396,United States
AW-00012397,Australia
AW-00012398,United Kingdom
AW-00012399,Australia
AW-00012400,Australia
AW-00012401,Australia
AW-00012402,Australia
AW-00012403,Australia
AW-00012404,United Kingdom
AW-00012405,Australia
AW-00012406,Australia
AW-00012407,Australia
AW-00012408,United States
AW-00012409,Germany
AW-00012410,Australia
AW-00012411,Australia
AW-00012412,Germany
AW-00012413,Australia
AW-00012414,Australia
AW-00012415,United States
AW-00012416,New Zealand
AW-00012417,United States
AW-00012418,United Kingdom
AW-00012419,United States
AW-00012420,New Zealand
AW-00012421,Australia
AW-00012422,Australia
AW-00012423,France
AW-00012424,United States
AW-00012425,
AW-00012426,Australia
AW-00012427,United Kingdom
AW-00012428,United States
AW-00012429,Australia
AW-00012430,United Kingdom
AW-00012431,Australia
AW-00012432,Australia
AW-00012433,Germany
AW-00012434,Australia
AW-00012435,Germany
AW-00012436,United Kingdom
AW-00012437,Australia
AW-00012438,United States
AW-00012439,Australia
AW-00012440,Australia
AW-00012441,France
AW-00012442,Australia
AW-00012443,United States
AW-00012444,Australia
AW-00012445,Australia
AW-00012446,Australia
AW-00012447,Australia
AW-00012448,Australia
AW-00012449,Australia
AW-00012450,United States
AW-00012451,United States
AW-00012452,United States
AW-00012453,United Kingdom
AW-00012454,United States
AW-00012455,Australia
AW-00012456,Australia
AW-00012457,Australia
AW-00012458,Australia
AW-00012459,Australia
AW-00012460,United States
AW-00012461,
AW-00012462,United States
AW-00012463,Australia
AW-00012464,United States
AW-00012465,Australia
AW-00012466,Australia
AW-00012467,Australia
AW-00012468,Australia
AW-00012469,United States
AW-00012470,Australia
AW-00012471,Australia
AW-00012472,United States
AW-00012473,Australia
AW-00012474,United States
AW-00012475,Canada
AW-00012476,Germany
AW-00012477,Australia
AW-00012478,Germany
AW-00012479,United States
AW-00012480,AU
AW-00012481,Australia
AW-00012482,Australia
AW-00012483,Australia
AW-00012484,Australia
AW-00012485,Australia
AW-00012486,
AW-00012487,Australia
AW-00012488,
AW-00012489,Australia
AW-00012490,United States
AW-00012491,United States
AW-00012492,UK
AW-00012493,Australia
AW-00012494,United States
AW-00012495,Australia
AW-00012496,Australia
AW-00012497,Australia
AW-00012498,Australia
AW-00012499,United States
AW-00012500,Australia
AW-00012501,Australia
AW-00012502,United States
AW-00012503,United States
AW-00012504,Australia
AW-00012505,United States
AW-00012506,United States
AW-00012507,US
AW-00012508,Australia
AW-00012509,New Zealand
AW-00012510,Australia
AW-00012511,Australia
AW-00012512,United States
AW-00012513,Australia
AW-00012514,NZ
AW-00012515,AU
AW-00012516,United States
AW-00012517,Australia
AW-00012518,United Kingdom
AW-00012519,United States
AW-00012520,Australia
AW-00012521,Australia
AW-00012522,United States
AW-00012523,Australia
AW-00012524,United States
AW-00012525,Australia
AW-00012526,New Zealand
AW-00012527,Australia
AW-00012528,United States
AW-00012529,United States
AW-00012530,Australia
AW-00012531,Australia
AW-00012532,United States
AW-00012533,United States
AW-00012534,Australia
AW-00012535,
AW-00012536,Australia
AW-00012537,United States
AW-00012538,United States
AW-00012539,United States
AW-00012540,Australia
AW-00012541,Australia
AW-00012542,United States
AW-00012543,Australia
AW-00012544,Australia
AW-00012545,DE
AW-00012546,United Kingdom
AW-00012547,United States
AW-00012548,United States
AW-00012549,Australia
AW-00012550,United Kingdom
AW-00012551,Germany
AW-00012552,Australia
AW-00012553,Australia
AW-00012554,Australia
AW-00012555,Australia
AW-00012556,France
AW-00012557,New Zealand
AW-00012558,Australia
AW-00012559,United States
AW-00012560,United States
AW-00012561,Australia
AW-00012562,DE
AW-00012563,Australia
AW-00012564,Australia
AW-00012565,United Kingdom
AW-00012566,
AW-00012567,United States
AW-00012568,Australia
AW-00012569,Australia
AW-00012570,Canada
AW-00012571,United States
AW-00012572,Australia
AW-00012573,Australia
AW-00012574,Australia
AW-00012575,United States
AW-00012576,United Kingdom
AW-00012577,France
AW-00012578,United Kingdom
AW-00012579,Canada
AW-00012580,Australia
AW-00012581,United States
AW-00012582,AU
AW-00012583,Australia
AW-00012584,AU
AW-00012585,Australia
AW-00012586,Australia
AW-00012587,Australia
AW-00012588,United States
AW-00012589,Australia
AW-00012590,United Kingdom
AW-00012591,United States
AW-00012592,New Zealand
AW-00012593,Australia
AW-00012594,NZ
AW-00012595,France
AW-00012596,Australia
AW-00012597,Australia
AW-00012598,Australia
AW-00012599,Australia
AW-00012600,New Zealand
AW-00012601,Australia
AW-00012602,New Zealand
AW-00012603,Australia
AW-00012604,Australia
AW-00012605,Australia
AW-00012606,Australia
AW-00012607,Australia
AW-00012608,United Kingdom
AW-00012609,United Kingdom
AW-00012610,Australia
AW-00012611,Australia
AW-00012612,United States
AW-00012613,United States
AW-00012614,United States
AW-00012615,Australia
AW-00012616,United Kingdom
AW-00012617,Australia
AW-00012618,Australia
AW-00012619,Australia
AW-00012620,Australia
AW-00012621,Australia
AW-00012622,Australia
AW-00012623,Canada
AW-00012624,Australia
AW-00012625,Australia
AW-00012626,United States
AW-00012627,United Kingdom
AW-00012628,United States
AW-00012629,New Zealand
AW-00012630,Australia
AW-00012631,Australia
AW-00012632,Australia
AW-00012633,Australia
AW-00012634,United Kingdom
AW-00012635,United Kingdom
AW-00012636,Germany
AW-00012637,Australia
AW-00012638,Australia
AW-00012639,United States
AW-00012640,United States
AW-00012641,France
AW-00012642,United States
AW-00012643,Australia
AW-00012644,United States
AW-00012645,Australia
AW-00012646,Australia
AW-00012647,United Kingdom
AW-00012648,Canada
AW-00012649,Australia
AW-00012650,United States
AW-00012651,Australia
AW-00012652,United Kingdom
AW-00012653,Australia
AW-00012654,Australia
AW-00012655,Australia
AW-00012656,Australia
AW-00012657,NZ
AW-00012658,New Zealand
AW-00012659,New Zealand
AW-00012660,
AW-00012661,United States
AW-00012662,Australia
AW-00012663,Germany
AW-00012664,United States
AW-00012665,Australia
AW-00012666,Australia
AW-00012667,United Kingdom
AW-00012668,Australia
AW-00012669,Australia
AW-00012670,Australia
AW-00012671,Canada
AW-00012672,Australia
AW-00012673,Australia
AW-00012674,United Kingdom
AW-00012675,United Kingdom
AW-00012676,Australia
AW-00012677,Australia
AW-00012678,Canada
AW-00012679,United States
AW-00012680,United Kingdom
AW-00012681,United States
AW-00012682,United Kingdom
AW-00012683,New Zealand
AW-00012684,United States
AW-00012685,Germany
AW-00012686,Germany
AW-00012687,Australia
AW-00012688,Australia
AW-00012689,
AW-00012690,Australia
AW-00012691,Australia
AW-00012692,Australia
AW-00012693,Australia
AW-00012694,Australia
AW-00012695,United Kingdom
AW-00012696,Canada
AW-00012697,Australia
AW-00012698,Canada
AW-00012699,Australia
AW-00012700,United Kingdom
AW-00012701,Germany
AW-00012702,Australia
AW-00012703,New Zealand
AW-00012704,Australia
AW-00012705,New Zealand
AW-00012706,Australia
AW-00012707,Australia
AW-00012708,Germany
AW-00012709,United Kingdom
AW-00012710,United States
AW-00012711,Australia
AW-00012712,NZ
AW-00012713,AU
AW-00012714,United States
AW-00012715,United States
AW-00012716,Australia
AW-00012717,United States
AW-00012718,United Kingdom
AW-00012719,United States
AW-00012720,New Zealand
AW-00012721,United States
AW-00012722,Australia
AW-00012723,Australia
AW-00012724,Canada
AW-00012725,United States
AW-00012726,Australia
AW-00012727,United Kingdom
AW-00012728,New Zealand
AW-00012729,Australia
AW-00012730,Australia
AW-00012731,Canada
AW-00012732,Australia
AW-00012733,United States
AW-00012734,Australia
AW-00012735,Australia
AW-00012736,United States
AW-00012737,Australia
AW-00012738,Australia
AW-00012739,United States
AW-00012740,Australia
AW-00012741,United Kingdom
AW-00012742,United States
AW-00012743,Australia
AW-00012744,Australia
AW-00012745,Australia
AW-00012746,Australia
AW-00012747,Australia
AW-00012748,New Zealand
AW-00012749,Australia
AW-00012750,Australia
AW-00012751,United States
AW-00012752,New Zealand
AW-00012753,Australia
AW-00012754,United Kingdom
AW-00012755,New Zealand
AW-00012756,Australia
AW-00012757,Australia
AW-00012758,France
AW-00012759,Australia
AW-00012760,United States
AW-00012761,Australia
AW-00012762,United States
AW-00012763,United States
AW-00012764,United Kingdom
AW-00012765,France
AW-00012766,France
AW-00012767,United States
AW-00012768,Germany
AW-00012769,Germany
AW-00012770,United States
AW-00012771,Australia
AW-00012772,DE
AW-00012773,Australia
AW-00012774,Australia
AW-00012775,New Zealand
AW-00012776,NZ
AW-00012777,Canada
AW-00012778,Australia
AW-00012779,Canada
AW-00012780,Australia
AW-00012781,Australia
AW-00012782,Australia
AW-00012783,United Kingdom
AW-00012784,Australia
AW-00012785,Australia
AW-00012786,Australia
AW-00012787,Australia
AW-00012788,United Kingdom
AW-00012789,Germany
AW-00012790,Australia
AW-00012791,Germany
AW-00012792,Australia
AW-00012793,New Zealand
AW-00012794,Australia
AW-00012795,Australia
AW-00012796,Australia
AW-00012797,Australia
AW-00012798,Australia
AW-00012799,Australia
AW-00012800,US
AW-00012801,United States
AW-00012802,
AW-00012803,Canada
AW-00012804,New Zealand
AW-00012805,Canada
AW-00012806,Australia
AW-00012807,Canada
AW-00012808,Australia
AW-00012809,United Kingdom
AW-00012810,Australia
AW-00012811,New Zealand
AW-00012812,New Zealand
AW-00012813,Australia
AW-00012814,United Kingdom
AW-00012815,Australia
AW-00012816,Australia
AW-00012817,Canada
AW-00012818,Australia
AW-00012819,USA
AW-00012820,United States
AW-00012821,France
AW-00012822,Australia
AW-00012823,France
AW-00012824,Australia
AW-00012825,Australia
AW-00012826,Australia
AW-00012827,Australia
AW-00012828,United States
AW-00012829,Canada
AW-00012830,United States
AW-00012831,France
AW-00012832,Australia
AW-00012833,Australia
AW-00012834,Australia
AW-00012835,Canada
AW-00012836,Australia
AW-00012837,Australia
AW-00012838,Australia
AW-00012839,Germany
AW-00012840,New Zealand
AW-00012841,Australia
AW-00012842,United Kingdom
AW-00012843,Canada
AW-00012844,Australia
AW-00012845,Australia
AW-00012846,United States
AW-00012847,Australia
AW-00012848,Australia
AW-00012849,United Kingdom
AW-00012850,United Kingdom
AW-00012851,United States
AW-00012852,United Kingdom
AW-00012853,Australia
AW-00012854,United States
AW-00012855,United Kingdom
AW-00012856,France
AW-00012857,France
AW-00012858,United States
AW-00012859,Australia
AW-00012860,Australia
AW-00012861,Germany
AW-00012862,Australia
AW-00012863,United Kingdom
AW-00012864,Canada
AW-00012865,Australia
AW-00012866,Australia
AW-00012867,Germany
AW-00012868,New Zealand
AW-00012869,Australia
AW-00012870,Australia
AW-00012871,United States
AW-00012872,New Zealand
AW-00012873,Australia
AW-00012874,United States
AW-00012875,United States
AW-00012876,Australia
AW-00012877,Australia
AW-00012878,Canada
AW-00012879,Australia
AW-00012880,Australia
AW-00012881,United States
AW-00012882,Australia
AW-00012883,Australia
AW-00012884,Australia
AW-00012885,Australia
AW-00012886,Australia
AW-00012887,Australia
AW-00012888,Australia
AW-00012889,Canada
AW-00012890,United States
AW-00012891,NZ
AW-00012892,Australia
AW-00012893,United States
AW-00012894,New Zealand
AW-00012895,Australia
AW-00012896,United States
AW-00012897,United States
AW-00012898,United Kingdom
AW-00012899,Canada
AW-00012900,Australia
AW-00012901,United Kingdom
AW-00012902,Australia
AW-00012903,United States
AW-00012904,Australia
AW-00012905,United States
AW-00012906,France
AW-00012907,United States
AW-00012908,United Kingdom
AW-00012909,United Kingdom
AW-00012910,United Kingdom
AW-00012911,Australia
AW-00012912,Australia
AW-00012913,United States
AW-00012914,Australia
AW-00012915,United States
AW-00012916,Australia
AW-00012917,United States
AW-00012918,United States
AW-00012919,New Zealand
AW-00012920,Australia
AW-00012921,Canada
AW-00012922,United States
AW-00012923,Australia
AW-00012924,United States
AW-00012925,Canada
AW-00012926,United Kingdom
AW-00012927,Australia
AW-00012928,Australia
AW-00012929,United States
AW-00012930,New Zealand
AW-00012931,United States
AW-00012932,Australia
AW-00012933,Australia
AW-00012934,Australia
AW-00012935,United States
AW-00012936,DE
AW-00012937,Canada
AW-00012938,Australia
AW-00012939,France
AW-00012940,Canada
AW-00012941,Australia
AW-00012942,Australia
AW-00012943,Australia
AW-00012944,Australia
AW-00012945,Australia
AW-00012946,Canada
AW-00012947,Australia
AW-00012948,Australia
AW-00012949,United Kingdom
AW-00012950,United Kingdom
AW-00012951,Australia
AW-00012952,United Kingdom
AW-00012953,France
AW-00012954,Australia
AW-00012955,United States
AW-00012956,United Kingdom
AW-00012957,United States
AW-00012958,United States
AW-00012959,Australia
AW-00012960,United States
AW-00012961,New Zealand
AW-00012962,United States
AW-00012963,United States
AW-00012964,Australia
AW-00012965,Australia
AW-00012966,United States
AW-00012967,United Kingdom
AW-00012968,Australia
AW-00012969,United States
AW-00012970,United States
AW-00012971,Australia
AW-00012972,United States
AW-00012973,Australia
AW-00012974,Canada
AW-00012975,New Zealand
AW-00012976,United States
AW-00012977,United States
AW-00012978,United Kingdom
AW-00012979,United Kingdom
AW-00012980,United Kingdom
AW-00012981,Australia
AW-00012982,Australia
AW-00012983,Australia
AW-00012984,Canada
AW-00012985,United States
AW-00012986,United Kingdom
AW-00012987,Australia
AW-00012988,Canada
AW-00012989,Australia
AW-00012990,Australia
AW-00012991,DE
AW-00012992,Australia
AW-00012993,Australia
AW-00012994,Germany
AW-00012995,United States
AW-00012996,France
AW-00012997,Australia
AW-00012998,United Kingdom
AW-00012999,United Kingdom
AW-00013000,Australia
AW-00013001,US
AW-00013002,USA
AW-00013003,Germany
AW-00013004,United States
AW-00013005,United States
AW-00013006,United Kingdom
AW-00013007,Australia
AW-00013008,United Kingdom
AW-00013009,United States
AW-00013010,Australia
AW-00013011,Australia
AW-00013012,Australia
AW-00013013,Australia
AW-00013014,Canada
AW-00013015,Australia
AW-00013016,
AW-00013017,Australia
AW-00013018,United States
AW-00013019,Australia
AW-00013020,Australia
AW-00013021,France
AW-00013022,United States
AW-00013023,United Kingdom
AW-00013024,New Zealand
AW-00013025,United Kingdom
AW-00013026,New Zealand
AW-00013027,Australia
AW-00013028,Australia
AW-00013029,United States
AW-00013030,Australia
AW-00013031,Australia
AW-00013032,Australia
AW-00013033,New Zealand
AW-00013034,Australia
AW-00013035,New Zealand
AW-00013036,Germany
AW-00013037,United Kingdom
AW-00013038,Germany
AW-00013039,Canada
AW-00013040,Australia
AW-00013041,Australia
AW-00013042,Australia
AW-00013043,United States
AW-00013044,Australia
AW-00013045,United States
AW-00013046,New Zealand
AW-00013047,Germany
AW-00013048,
AW-00013049,Canada
AW-00013050,United States
AW-00013051,Australia
AW-00013052,United States
AW-00013053,United Kingdom
AW-00013054,Australia
AW-00013055,Australia
AW-00013056,Australia
AW-00013057,Australia
AW-00013058,United States
AW-00013059,United Kingdom
AW-00013060,United States
AW-00013061,United Kingdom
AW-00013062,United States
AW-00013063,Germany
AW-00013064,Australia
AW-00013065,New Zealand
AW-00013066,Australia
AW-00013067,Australia
AW-00013068,Australia
AW-00013069,Australia
AW-00013070,Australia
AW-00013071,United States
AW-00013072,New Zealand
AW-00013073,
AW-00013074,Australia
AW-00013075,Australia
AW-00013076,United Kingdom
AW-00013077,Australia
AW-00013078,United Kingdom
AW-00013079,Australia
AW-00013080,Australia
AW-00013081,Australia
AW-00013082,Germany
AW-00013083,New Zealand
AW-00013084,Australia
AW-00013085,United Kingdom
AW-00013086,United States
AW-00013087,Australia
AW-00013088,Australia
AW-00013089,United Kingdom
AW-00013090,Australia
AW-00013091,Australia
AW-00013092,United Kingdom
AW-00013093,United States
AW-00013094,Australia
AW-00013095,Australia
AW-00013096,United States
AW-00013097,United States
AW-00013098,United Kingdom
AW-00013099,UK
AW-00013100,NZ
AW-00013101,Australia
AW-00013102,DE
AW-00013103,Australia
AW-00013104,Australia
AW-00013105,United States
AW-00013106,Australia
AW-00013107,Australia
AW-00013108,Germany
AW-00013109,Australia
AW-00013110,Australia
AW-00013111,United Kingdom
AW-00013112,Australia
AW-00013113,United Kingdom
AW-00013114,Australia
AW-00013115,Australia
AW-00013116,Australia
AW-00013117,United Kingdom
AW-00013118,New Zealand
AW-00013119,Australia
AW-00013120,Australia
AW-00013121,Australia
AW-00013122,Australia
AW-00013123,Australia
AW-00013124,Australia
AW-00013125,Australia
AW-00013126,Australia
AW-00013127,United States
AW-00013128,Australia
AW-00013129,Canada
AW-00013130,France
AW-00013131,United States
AW-00013132,United States
AW-00013133,Australia
AW-00013134,New Zealand
AW-00013135,AU
AW-00013136,New Zealand
AW-00013137,Canada
AW-00013138,France
AW-00013139,Australia
AW-00013140,Australia
AW-00013141,Canada
AW-00013142,Australia
AW-00013143,Australia
AW-00013144,Australia
AW-00013145,United Kingdom
AW-00013146,Australia
AW-00013147,Australia
AW-00013148,Australia
AW-00013149,Australia
AW-00013150,Australia
AW-00013151,Australia
AW-00013152,Australia
AW-00013153,UK
AW-00013154,United States
AW-00013155,United States
AW-00013156,United States
AW-00013157,France
AW-00013158,Australia
AW-00013159,Australia
AW-00013160,United Kingdom
AW-00013161,Australia
AW-00013162,New Zealand
AW-00013163,Australia
AW-00013164,Australia
AW-00013165,
AW-00013166,Australia
AW-00013167,Australia
AW-00013168,Canada
AW-00013169,Germany
AW-00013170,Australia
AW-00013171,Canada
AW-00013172,France
AW-00013173,Australia
AW-00013174,Australia
AW-00013175,United Kingdom
AW-00013176,Australia
AW-00013177,Australia
AW-00013178,United States
AW-00013179,United Kingdom
AW-00013180,Australia
AW-00013181,New Zealand
AW-00013182,US
AW-00013183,Australia
AW-00013184,DE
AW-00013185,Australia
AW-00013186,United States
AW-00013187,Australia
AW-00013188,Germany
AW-00013189,Canada
AW-00013190,New Zealand
AW-00013191,France
AW-00013192,Canada
AW-00013193,United States
AW-00013194,Australia
AW-00013195,United States
AW-00013196,United States
AW-00013197,NZ
AW-00013198,NZ
AW-00013199,Australia
AW-00013200,Germany
AW-00013201,United States
AW-00013202,Australia
AW-00013203,Australia
AW-00013204,United Kingdom
AW-00013205,Australia
AW-00013206,United States
AW-00013207,United States
AW-00013208,United Kingdom
AW-00013209,Australia
AW-00013210,Australia
AW-00013211,Canada
AW-00013212,Australia
AW-00013213,US
AW-00013214,Australia
AW-00013215,United Kingdom
AW-00013216,Australia
AW-00013217,Germany
AW-00013218,Germany
AW-00013219,Australia
AW-00013220,Germany
AW-00013221,Australia
AW-00013222,Australia
AW-00013223,Canada
AW-00013224,France
AW-00013225,United States
AW-00013226,Australia
AW-00013227,Australia
AW-00013228,United Kingdom
AW-00013229,United States
AW-00013230,Australia
AW-00013231,AU
AW-00013232,United States
AW-00013233,United Kingdom
AW-00013234,Australia
AW-00013235,United States
AW-00013236,
AW-00013237,Australia
AW-00013238,New Zealand
AW-00013239,Australia
AW-00013240,Canada
AW-00013241,Australia
AW-00013242,Germany
AW-00013243,Australia
AW-00013244,Australia
AW-00013245,Canada
AW-00013246,Germany
AW-00013247,Australia
AW-00013248,Australia
AW-00013249,United States
AW-00013250,Australia
AW-00013251,Australia
AW-00013252,Australia
AW-00013253,United Kingdom
AW-00013254,New Zealand
AW-00013255,United States
AW-00013256,Australia
AW-00013257,Australia
AW-00013258,United Kingdom
AW-00013259,Australia
AW-00013260,United Kingdom
AW-00013261,United States
AW-00013262,Australia
AW-00013263,Australia
AW-00013264,United Kingdom
AW-00013265,United States
AW-00013266,Australia
AW-00013267,Australia
AW-00013268,United Kingdom
AW-00013269,Australia
AW-00013270,United States
AW-00013271,Australia
AW-00013272,France
AW-00013273,Australia
AW-00013274,United States
AW-00013275,Australia
AW-00013276,United States
AW-00013277,United States
AW-00013278,France
AW-00013279,Australia
AW-00013280,Canada
AW-00013281,United States
AW-00013282,Australia
AW-00013283,AU
AW-00013284,Australia
AW-00013285,Australia
AW-00013286,Australia
AW-00013287,United States
AW-00013288,United States
AW-00013289,United States
AW-00013290,Australia
AW-00013291,United States
AW-00013292,New Zealand
AW-00013293,United Kingdom
AW-00013294,Germany
AW-00013295,Australia
AW-00013296,US
AW-00013297,Canada
AW-00013298,Australia
AW-00013299,Australia
AW-00013300,United States
AW-00013301,United Kingdom
AW-00013302,United Kingdom
AW-00013303,Australia
AW-00013304,France
AW-00013305,United States
AW-00013306,Canada
AW-00013307,Australia
AW-00013308,DE
AW-00013309,Canada
AW-00013310,Canada
AW-00013311,Australia
AW-00013312,Canada
AW-00013313,Australia
AW-00013314,Australia
AW-00013315,United States
AW-00013316,Australia
AW-00013317,France
AW-00013318,United Kingdom
AW-00013319,Australia
AW-00013320,United States
AW-00013321,Australia
AW-00013322,AU
AW-00013323,USA
AW-00013324,Canada
AW-00013325,Australia
AW-00013326,Australia
AW-00013327,Australia
AW-00013328,United States
AW-00013329,Australia
AW-00013330,Australia
AW-00013331,United States
AW-00013332,New Zealand
AW-00013333,Australia
AW-00013334,France
AW-00013335,United States
AW-00013336,Australia
AW-00013337,Canada
AW-00013338,Australia
AW-00013339,United States
AW-00013340,France
AW-00013341,New Zealand
AW-00013342,United States
AW-00013343,United States
AW-00013344,Australia
AW-00013345,Canada
AW-00013346,Australia
AW-00013347,Australia
AW-00013348,Australia
AW-00013349,Canada
AW-00013350,Australia
AW-00013351,United Kingdom
AW-00013352,United States
AW-00013353,Australia
AW-00013354,Australia
AW-00013355,Australia
AW-00013356,Australia
AW-00013357,Australia
AW-00013358,Australia
AW-00013359,Australia
AW-00013360,Australia
AW-00013361,Australia
AW-00013362,France
AW-00013363,United Kingdom
AW-00013364,Australia
AW-00013365,Australia
AW-00013366,DE
AW-00013367,United Kingdom
AW-00013368,Australia
AW-00013369,United States
AW-00013370,Australia
AW-00013371,Canada
AW-00013372,Australia
AW-00013373,United States
AW-00013374,Australia
AW-00013375,France
AW-00013376,New Zealand
AW-00013377,Australia
AW-00013378,US
AW-00013379,Germany
AW-00013380,New Zealand
AW-00013381,Australia
AW-00013382,Australia
AW-00013383,Australia
AW-00013384,United Kingdom
AW-00013385,United Kingdom
AW-00013386,Australia
AW-00013387,United States
AW-00013388,Australia
AW-00013389,Australia
AW-00013390,United States
AW-00013391,Australia
AW-00013392,Australia
AW-00013393,United Kingdom
AW-00013394,New Zealand
AW-00013395,Canada
AW-00013396,Australia
AW-00013397,United Kingdom
AW-00013398,US
AW-00013399,United Kingdom
AW-00013400,Australia
AW-00013401,Australia
AW-00013402,Germany
AW-00013403,United States
AW-00013404,Australia
AW-00013405,Australia
AW-00013406,Canada
AW-00013407,Australia
AW-00013408,Australia
AW-00013409,Australia
AW-00013410,Australia
AW-00013411,Australia
AW-00013412,Germany
AW-00013413,Australia
AW-00013414,Australia
AW-00013415,United Kingdom
AW-00013416,Germany
AW-00013417,
AW-00013418,Australia
AW-00013419,New Zealand
AW-00013420,Australia
AW-00013421,Australia
AW-00013422,Australia
AW-00013423,UK
AW-00013424,Australia
AW-00013425,Canada
AW-00013426,Canada
AW-00013427,United States
AW-00013428,United Kingdom
AW-00013429,France
AW-00013430,Germany
AW-00013431,Australia
AW-00013432,France
AW-00013433,United States
AW-00013434,Australia
AW-00013435,Canada
AW-00013436,Australia
AW-00013437,Australia
AW-00013438,Australia
AW-00013439,United States
AW-00013440,United States
AW-00013441,Australia
AW-00013442,Australia
AW-00013443,United States
AW-00013444,Australia
AW-00013445,Australia
AW-00013446,United States
AW-00013447,France
AW-00013448,United States
AW-00013449,Australia
AW-00013450,NZ
AW-00013451,Australia
AW-00013452,New Zealand
AW-00013453,Canada
AW-00013454,New Zealand
AW-00013455,United Kingdom
AW-00013456,Australia
AW-00013457,Australia
AW-00013458,United States
AW-00013459,
AW-00013460,United States
AW-00013461,Australia
AW-00013462,United States
AW-00013463,United States
AW-00013464,Australia
AW-00013465,Australia
AW-00013466,Germany
AW-00013467,Australia
AW-00013468,New Zealand
AW-00013469,United Kingdom
AW-00013470,Australia
AW-00013471,Germany
AW-00013472,Australia
AW-00013473,United States
AW-00013474,Australia
AW-00013475,Canada
AW-00013476,Australia
AW-00013477,Germany
AW-00013478,NZ
AW-00013479,Australia
AW-00013480,Australia
AW-00013481,Germany
AW-00013482,Australia
AW-00013483,United Kingdom
AW-00013484,United States
AW-00013485,Australia
AW-00013486,United Kingdom
AW-00013487,New Zealand
AW-00013488,United States
AW-00013489,United States
AW-00013490,Germany
AW-00013491,Canada
AW-00013492,United Kingdom
AW-00013493,Australia
AW-00013494,Australia
AW-00013495,Australia
AW-00013496,Australia
AW-00013497,Australia
AW-00013498,Australia
AW-00013499,Australia
AW-00013500,New Zealand
AW-00013501,United States
AW-00013502,Australia
AW-00013503,Australia
AW-00013504,Australia
AW-00013505,Germany
AW-00013506,Australia
AW-00013507,Germany
AW-00013508,United States
AW-00013509,United States
AW-00013510,France
AW-00013511,Australia
AW-00013512,US
AW-00013513,AU
AW-00013514,Australia
AW-00013515,Australia
AW-00013516,Canada
AW-00013517,New Zealand
AW-00013518,Australia
AW-00013519,Australia
AW-00013520,Australia
AW-00013521,Australia
AW-00013522,Canada
AW-00013523,Australia
AW-00013524,Australia
AW-00013525,Australia
AW-00013526,United States
AW-00013527,Australia
AW-00013528,Australia
AW-00013529,Germany
AW-00013530,Australia
AW-00013531,United States
AW-00013532,New Zealand
AW-00013533,Australia
AW-00013534,United States
AW-00013535,New Zealand
AW-00013536,United Kingdom
AW-00013537,Australia
AW-00013538,Australia
AW-00013539,Australia
AW-00013540,Australia
AW-00013541,Australia
AW-00013542,Australia
AW-00013543,Australia
AW-00013544,Australia
AW-00013545,United States
AW-00013546,Australia
AW-00013547,United States
AW-00013548,Germany
AW-00013549,USA
AW-00013550,France
AW-00013551,Australia
AW-00013552,United States
AW-00013553,UK
AW-00013554,United Kingdom
AW-00013555,United Kingdom
AW-00013556,Australia
AW-00013557,Australia
AW-00013558,United States
AW-00013559,New Zealand
AW-00013560,United States
AW-00013561,United States
AW-00013562,United Kingdom
AW-00013563,Australia
AW-00013564,Canada
AW-00013565,United States
AW-00013566,Germany
AW-00013567,Australia
AW-00013568,Australia
AW-00013569,Australia
AW-00013570,Australia
AW-00013571,United States
AW-00013572,Canada
AW-00013573,Australia
AW-00013574,Germany
AW-00013575,United States
AW-00013576,Australia
AW-00013577,Australia
AW-00013578,United Kingdom
AW-00013579,United Kingdom
AW-00013580,United Kingdom
AW-00013581,Australia
AW-00013582,Canada
AW-00013583,New Zealand
AW-00013584,United States
AW-00013585,Australia
AW-00013586,USA
AW-00013587,United States
AW-00013588,Canada
AW-00013589,Australia
AW-00013590,Australia
AW-00013591,Australia
AW-00013592,Australia
AW-00013593,United States
AW-00013594,Australia
AW-00013595,United States
AW-00013596,USA
AW-00013597,Australia
AW-00013598,Canada
AW-00013599,Canada
AW-00013600,New Zealand
AW-00013601,Australia
AW-00013602,United Kingdom
AW-00013603,United States
AW-00013604,United Kingdom
AW-00013605,New Zealand
AW-00013606,United States
AW-00013607,United States
AW-00013608,United Kingdom
AW-00013609,Australia
AW-00013610,USA
AW-00013611,Australia
AW-00013612,Australia
AW-00013613,France
AW-00013614,United Kingdom
AW-00013615,United States
AW-00013616,Australia
AW-00013617,Canada
AW-00013618,New Zealand
AW-00013619,
AW-00013620,Australia
AW-00013621,United Kingdom
AW-00013622,France
AW-00013623,Australia
AW-00013624,Australia
AW-00013625,Germany
AW-00013626,Australia
AW-00013627,Australia
AW-00013628,Germany
AW-00013629,United Kingdom
AW-00013630,United States
AW-00013631,Germany
AW-00013632,France
AW-00013633,Australia
AW-00013634,Australia
AW-00013635,United States
AW-00013636,New Zealand
AW-00013637,United Kingdom
AW-00013638,DE
AW-00013639,United States
AW-00013640,Australia
AW-00013641,France
AW-00013642,Australia
AW-00013643,Australia
AW-00013644,Australia
AW-00013645,France
AW-00013646,Australia
AW-00013647,United Kingdom
AW-00013648,USA
AW-00013649,Canada
AW-00013650,France
AW-00013651,United States
AW-00013652,United States
AW-00013653,US
AW-00013654,Australia
AW-00013655,Australia
AW-00013656,Australia
AW-00013657,United Kingdom
AW-00013658,New Zealand
AW-00013659,Australia
AW-00013660,US
AW-00013661,United States
AW-00013662,Australia
AW-00013663,United States
AW-00013664,United States
AW-00013665,New Zealand
AW-00013666,Australia
AW-00013667,Australia
AW-00013668,Australia
AW-00013669,Australia
AW-00013670,Australia
AW-00013671,New Zealand
AW-00013672,United States
AW-00013673,Australia
AW-00013674,United Kingdom
AW-00013675,United Kingdom
AW-00013676,Canada
AW-00013677,France
AW-00013678,Germany
AW-00013679,Canada
AW-00013680,DE
AW-00013681,Australia
AW-00013682,Australia
AW-00013683,Australia
AW-00013684,United Kingdom
AW-00013685,United Kingdom
AW-00013686,Australia
AW-00013687,Canada
AW-00013688,United States
AW-00013689,US
AW-00013690,Germany
AW-00013691,United States
AW-00013692,Australia
AW-00013693,Australia
AW-00013694,Australia
AW-00013695,Canada
AW-00013696,Australia
AW-00013697,Australia
AW-00013698,Canada
AW-00013699,United States
AW-00013700,Australia
AW-00013701,Australia
AW-00013702,United States
AW-00013703,United States
AW-00013704,United States
AW-00013705,Canada
AW-00013706,Australia
AW-00013707,
AW-00013708,United States
AW-00013709,United States
AW-00013710,Australia
AW-00013711,United States
AW-00013712,United States
AW-00013713,Australia
AW-00013714,Canada
AW-00013715,Australia
AW-00013716,New Zealand
AW-00013717,Australia
AW-00013718,Australia
AW-00013719,Australia
AW-00013720,Canada
AW-00013721,Australia
AW-00013722,Australia
AW-00013723,Australia
AW-00013724,United Kingdom
AW-00013725,Canada
AW-00013726,United States
AW-00013727,Australia
AW-00013728,Australia
AW-00013729,United States
AW-00013730,Canada
AW-00013731,Canada
AW-00013732,Australia
AW-00013733,Australia
AW-00013734,Australia
AW-00013735,Canada
AW-00013736,Canada
AW-00013737,Australia
AW-00013738,Australia
AW-00013739,NZ
AW-00013740,United Kingdom
AW-00013741,Australia
AW-00013742,Australia
AW-00013743,Germany
AW-00013744,Australia
AW-00013745,United States
AW-00013746,DE
AW-00013747,New Zealand
AW-00013748,United States
AW-00013749,Australia
AW-00013750,Australia
AW-00013751,Australia
AW-00013752,New Zealand
AW-00013753,Australia
AW-00013754,Australia
AW-00013755,Australia
AW-00013756,Australia
AW-00013757,United States
AW-00013758,France
AW-00013759,Australia
AW-00013760,Australia
AW-00013761,Australia
AW-00013762,Australia
AW-00013763,Australia
AW-00013764,United States
AW-00013765,Australia
AW-00013766,Australia
AW-00013767,New Zealand
AW-00013768,United Kingdom
AW-00013769,Australia
AW-00013770,Australia
AW-00013771,United States
AW-00013772,United States
AW-00013773,Australia
AW-00013774,United States
AW-00013775,United Kingdom
AW-00013776,NZ
AW-00013777,Australia
AW-00013778,Australia
AW-00013779,Canada
AW-00013780,Australia
AW-00013781,Germany
AW-00013782,Canada
AW-00013783,Canada
AW-00013784,New Zealand
AW-00013785,Australia
AW-00013786,Australia
AW-00013787,United Kingdom
AW-00013788,United Kingdom
AW-00013789,United States
AW-00013790,Australia
AW-00013791,Australia
AW-00013792,Australia
AW-00013793,Australia
AW-00013794,Australia
AW-00013795,Germany
AW-00013796,Australia
AW-00013797,Australia
AW-00013798,
AW-00013799,Australia
AW-00013800,United States
AW-00013801,Australia
AW-00013802,Canada
AW-00013803,Australia
AW-00013804,Australia
AW-00013805,United Kingdom
AW-00013806,United States
AW-00013807,Australia
AW-00013808,Australia
AW-00013809,Australia
AW-00013810,United States
AW-00013811,United Kingdom
AW-00013812,Australia
AW-00013813,Australia
AW-00013814,Australia
AW-00013815,Australia
AW-00013816,Australia
AW-00013817,Australia
AW-00013818,Australia
AW-00013819,Australia
AW-00013820,Australia
AW-00013821,Australia
AW-00013822,Australia
AW-00013823,Australia
AW-00013824,Australia
AW-00013825,Australia
AW-00013826,New Zealand
AW-00013827,United Kingdom
AW-00013828,Australia
AW-00013829,United Kingdom
AW-00013830,Australia
AW-00013831,Canada
AW-00013832,Australia
AW-00013833,Australia
AW-00013834,Australia
AW-00013835,Germany
AW-00013836,United States
AW-00013837,Australia
AW-00013838,United States
AW-00013839,United Kingdom
AW-00013840,Australia
AW-00013841,United States
AW-00013842,Australia
AW-00013843,United Kingdom
AW-00013844,Canada
AW-00013845,United States
AW-00013846,Australia
AW-00013847,Canada
AW-00013848,Australia
AW-00013849,Australia
AW-00013850,Australia
AW-00013851,Australia
AW-00013852,Australia
AW-00013853,United States
AW-00013854,New Zealand
AW-00013855,Canada
AW-00013856,United States
AW-00013857,Australia
AW-00013858,Australia
AW-00013859,New Zealand
AW-00013860,France
AW-00013861,United States
AW-00013862,Canada
AW-00013863,Australia
AW-00013864,NZ
AW-00013865,Australia
AW-00013866,United States
AW-00013867,United States
AW-00013868,Australia
AW-00013869,Australia
AW-00013870,United States
AW-00013871,France
AW-00013872,Australia
AW-00013873,Australia
AW-00013874,Australia
AW-00013875,Australia
AW-00013876,Australia
AW-00013877,United States
AW-00013878,United Kingdom
AW-00013879,Australia
AW-00013880,Australia
AW-00013881,Australia
AW-00013882,Australia
AW-00013883,United States
AW-00013884,United Kingdom
AW-00013885,United States
AW-00013886,Australia
AW-00013887,NZ
AW-00013888,Canada
AW-00013889,United Kingdom
AW-00013890,United Kingdom
AW-00013891,AU
AW-00013892,United States
AW-00013893,United States
AW-00013894,United States
AW-00013895,Australia
AW-00013896,United States
AW-00013897,Australia
AW-00013898,Australia
AW-00013899,Australia
AW-00013900,Australia
AW-00013901,Canada
AW-00013902,United States
AW-00013903,United Kingdom
AW-00013904,Germany
AW-00013905,United States
AW-00013906,Australia
AW-00013907,United States
AW-00013908,Australia
AW-00013909,United States
AW-00013910,France
AW-00013911,New Zealand
AW-00013912,United States
AW-00013913,Australia
AW-00013914,Canada
AW-00013915,United States
AW-00013916,Australia
AW-00013917,Canada
AW-00013918,United States
AW-00013919,United Kingdom
AW-00013920,Australia
AW-00013921,Australia
AW-00013922,United States
AW-00013923,Canada
AW-00013924,Australia
AW-00013925,Australia
AW-00013926,France
AW-00013927,United States
AW-00013928,France
AW-00013929,Australia
AW-00013930,Australia
AW-00013931,Canada
AW-00013932,United Kingdom
AW-00013933,Australia
AW-00013934,Australia
AW-00013935,Australia
AW-00013936,Germany
AW-00013937,NZ
AW-00013938,France
AW-00013939,Australia
AW-00013940,United Kingdom
AW-00013941,New Zealand
AW-00013942,Australia
AW-00013943,United States
AW-00013944,United States
AW-00013945,Australia
AW-00013946,Canada
AW-00013947,Australia
AW-00013948,Australia
AW-00013949,United States
AW-00013950,United States
AW-00013951,Canada
AW-00013952,Australia
AW-00013953,Australia
AW-00013954,United States
AW-00013955,Australia
AW-00013956,Australia
AW-00013957,Australia
AW-00013958,United Kingdom
AW-00013959,Canada
AW-00013960,United States
AW-00013961,United States
AW-00013962,United States
AW-00013963,Australia
AW-00013964,Australia
AW-00013965,Australia
AW-00013966,Australia
AW-00013967,Australia
AW-00013968,Australia
AW-00013969,Australia
AW-00013970,Australia
AW-00013971,United States
AW-00013972,Australia
AW-00013973,Canada
AW-00013974,United States
AW-00013975,Australia
AW-00013976,Australia
AW-00013977,Australia
AW-00013978,Canada
AW-00013979,Australia
AW-00013980,Australia
AW-00013981,Australia
AW-00013982,France
AW-00013983,United Kingdom
AW-00013984,Australia
AW-00013985,Australia
AW-00013986,Canada
AW-00013987,Australia
AW-00013988,USA
AW-00013989,Germany
AW-00013990,Germany
AW-00013991,Australia
AW-00013992,France
AW-00013993,United Kingdom
AW-00013994,United States
AW-00013995,New Zealand
AW-00013996,Canada
AW-00013997,France
AW-00013998,Australia
AW-00013999,Canada
AW-00014000,Australia
AW-00014001,New Zealand
AW-00014002,
AW-00014003,United States
AW-00014004,Australia
AW-00014005,New Zealand
AW-00014006,United States
AW-00014007,United Kingdom
AW-00014008,New Zealand
AW-00014009,United States
AW-00014010,Australia
AW-00014011,United States
AW-00014012,United Kingdom
AW-00014013,Germany
AW-00014014,Australia
AW-00014015,
AW-00014016,United States
AW-00014017,Australia
AW-00014018,Australia
AW-00014019,Australia
AW-00014020,Australia
AW-00014021,Germany
AW-00014022,Canada
AW-00014023,Australia
AW-00014024,Germany
AW-00014025,Australia
AW-00014026,Canada
AW-00014027,United States
AW-00014028,Australia
AW-00014029,Australia
AW-00014030,Australia
AW-00014031,New Zealand
AW-00014032,Australia
AW-00014033,United Kingdom
AW-00014034,France
AW-00014035,France
AW-00014036,Australia
AW-00014037,United Kingdom
AW-00014038,New Zealand
AW-00014039,Australia
AW-00014040,United Kingdom
AW-00014041,Australia
AW-00014042,Australia
AW-00014043,New Zealand
AW-00014044,
AW-00014045,United Kingdom
AW-00014046,New Zealand
AW-00014047,Australia
AW-00014048,Australia
AW-00014049,United States
AW-00014050,United States
AW-00014051,Canada
AW-00014052,Australia
AW-00014053,United Kingdom
AW-00014054,New Zealand
AW-00014055,
AW-00014056,Germany
AW-00014057,Australia
AW-00014058,Australia
AW-00014059,Australia
AW-00014060,Australia
AW-00014061,United States
AW-00014062,Australia
AW-00014063,United States
AW-00014064,Australia
AW-00014065,New Zealand
AW-00014066,Australia
AW-00014067,Australia
AW-00014068,United States
AW-00014069,France
AW-00014070,Australia
AW-00014071,New Zealand
AW-00014072,Australia
AW-00014073,Australia
AW-00014074,Australia
AW-00014075,Australia
AW-00014076,United States
AW-00014077,Australia
AW-00014078,United States
AW-00014079,Australia
AW-00014080,Australia
AW-00014081,Canada
AW-00014082,Germany
AW-00014083,Australia
AW-00014084,Australia
AW-00014085,United States
AW-00014086,Australia
AW-00014087,Australia
AW-00014088,United States
AW-00014089,United States
AW-00014090,Australia
AW-00014091,Australia
AW-00014092,Australia
AW-00014093,Germany
AW-00014094,Australia
AW-00014095,DE
AW-00014096,United States
AW-00014097,Australia
AW-00014098,Australia
AW-00014099,Germany
AW-00014100,Australia
AW-00014101,Australia
AW-00014102,United States
AW-00014103,United Kingdom
AW-00014104,New Zealand
AW-00014105,Australia
AW-00014106,United States
AW-00014107,Germany
AW-00014108,United States
AW-00014109,Australia
AW-00014110,United Kingdom
AW-00014111,Canada
AW-00014112,United Kingdom
AW-00014113,France
AW-00014114,Germany
AW-00014115,Australia
AW-00014116,Australia
AW-00014117,Canada
AW-00014118,Australia
AW-00014119,Australia
AW-00014120,France
AW-00014121,Canada
AW-00014122,United States
AW-00014123,Australia
AW-00014124,Australia
AW-00014125,Australia
AW-00014126,Australia
AW-00014127,United States
AW-00014128,United States
AW-00014129,Australia
AW-00014130,
AW-00014131,France
AW-00014132,Australia
AW-00014133,Australia
AW-00014134,Australia
AW-00014135,France
AW-00014136,United Kingdom
AW-00014137,Australia
AW-00014138,Australia
AW-00014139,United States
AW-00014140,Australia
AW-00014141,Canada
AW-00014142,United States
AW-00014143,United States
AW-00014144,United Kingdom
AW-00014145,New Zealand
AW-00014146,United Kingdom
AW-00014147,Australia
AW-00014148,Canada
AW-00014149,Australia
AW-00014150,New Zealand
AW-00014151,Australia
AW-00014152,Australia
AW-00014153,Australia
AW-00014154,Australia
AW-00014155,Australia
AW-00014156,Australia
AW-00014157,Australia
AW-00014158,UK
AW-00014159,USA
AW-00014160,Australia
AW-00014161,Australia
AW-00014162,United States
AW-00014163,Australia
AW-00014164,Australia
AW-00014165,New Zealand
AW-00014166,United Kingdom
AW-00014167,Australia
AW-00014168,Canada
AW-00014169,United States
AW-00014170,United States
AW-00014171,Australia
AW-00014172,Australia
AW-00014173,New Zealand
AW-00014174,Australia
AW-00014175,United States
AW-00014176,AU
AW-00014177,Australia
AW-00014178,Canada
AW-00014179,United States
AW-00014180,United Kingdom
AW-00014181,United Kingdom
AW-00014182,Australia
AW-00014183,Australia
AW-00014184,New Zealand
AW-00014185,New Zealand
AW-00014186,United States
AW-00014187,New Zealand
AW-00014188,Germany
AW-00014189,United States
AW-00014190,United States
AW-00014191,United Kingdom
AW-00014192,Australia
AW-00014193,Australia
AW-00014194,DE
AW-00014195,United Kingdom
AW-00014196,New Zealand
AW-00014197,US
AW-00014198,United States
AW-00014199,
AW-00014200,Australia
AW-00014201,Australia
AW-00014202,United States
AW-00014203,United Kingdom
AW-00014204,United States
AW-00014205,Australia
AW-00014206,United Kingdom
AW-00014207,Australia
AW-00014208,Australia
AW-00014209,Australia
AW-00014210,New Zealand
AW-00014211,Australia
AW-00014212,Australia
AW-00014213,Australia
AW-00014214,Canada
AW-00014215,Australia
AW-00014216,France
AW-00014217,Australia
AW-00014218,United States
AW-00014219,Australia
AW-00014220,Australia
AW-00014221,New Zealand
AW-00014222,United States
AW-00014223,New Zealand
AW-00014224,United Kingdom
AW-00014225,Australia
AW-00014226,Australia
AW-00014227,Australia
AW-00014228,France
AW-00014229,United States
AW-00014230,Canada
AW-00014231,
AW-00014232,Australia
AW-00014233,United States
AW-00014234,United States
AW-00014235,New Zealand
AW-00014236,Australia
AW-00014237,Australia
AW-00014238,Canada
AW-00014239,Australia
AW-00014240,Australia
AW-00014241,United States
AW-00014242,New Zealand
AW-00014243,
AW-00014244,Australia
AW-00014245,United States
AW-00014246,Australia
AW-00014247,Australia
AW-00014248,France
AW-00014249,New Zealand
AW-00014250,New Zealand
AW-00014251,Australia
AW-00014252,United Kingdom
AW-00014253,United States
AW-00014254,Australia
AW-00014255,Australia
AW-00014256,Australia
AW-00014257,United States
AW-00014258,Canada
AW-00014259,Australia
AW-00014260,Australia
AW-00014261,Australia
AW-00014262,United States
AW-00014263,Australia
AW-00014264,United States
AW-00014265,Canada
AW-00014266,United Kingdom
AW-00014267,Australia
AW-00014268,Australia
AW-00014269,United States
AW-00014270,UK
AW-00014271,New Zealand
AW-00014272,France
AW-00014273,United Kingdom
AW-00014274,France
AW-00014275,Australia
AW-00014276,United States
AW-00014277,Australia
AW-00014278,United States
AW-00014279,Australia
AW-00014280,USA
AW-00014281,United States
AW-00014282,Australia
AW-00014283,Australia
AW-00014284,US
AW-00014285,DE
AW-00014286,New Zealand
AW-00014287,Australia
AW-00014288,Australia
AW-00014289,Australia
AW-00014290,United Kingdom
AW-00014291,Canada
AW-00014292,Australia
AW-00014293,New Zealand
AW-00014294,France
AW-00014295,New Zealand
AW-00014296,Australia
AW-00014297,Australia
AW-00014298,United States
AW-00014299,Australia
AW-00014300,United States
AW-00014301,Australia
AW-00014302,Australia
AW-00014303,Australia
AW-00014304,Canada
AW-00014305,Australia
AW-00014306,Australia
AW-00014307,New Zealand
AW-00014308,Australia
AW-00014309,Australia
AW-00014310,Australia
AW-00014311,US
AW-00014312,Australia
AW-00014313,Germany
AW-00014314,Australia
AW-00014315,Australia
AW-00014316,Australia
AW-00014317,New Zealand
AW-00014318,Australia
AW-00014319,
AW-00014320,USA
AW-00014321,Australia
AW-00014322,United States
AW-00014323,Australia
AW-00014324,Australia
AW-00014325,Australia
AW-00014326,Australia
AW-00014327,United Kingdom
AW-00014328,New Zealand
AW-00014329,United Kingdom
AW-00014330,Canada
AW-00014331,Germany
AW-00014332,United States
AW-00014333,Australia
AW-00014334,New Zealand
AW-00014335,Australia
AW-00014336,Australia
AW-00014337,Australia
AW-00014338,Australia
AW-00014339,Germany
AW-00014340,New Zealand
AW-00014341,Australia
AW-00014342,Australia
AW-00014343,Australia
AW-00014344,United States
AW-00014345,Australia
AW-00014346,Australia
AW-00014347,Australia
AW-00014348,United States
AW-00014349,United States
AW-00014350,Australia
AW-00014351,Australia
AW-00014352,United States
AW-00014353,Australia
AW-00014354,United Kingdom
AW-00014355,United States
AW-00014356,France
AW-00014357,Australia
AW-00014358,New Zealand
AW-00014359,Australia
AW-00014360,United Kingdom
AW-00014361,United Kingdom
AW-00014362,Australia
AW-00014363,
AW-00014364,Australia
AW-00014365,USA
AW-00014366,United States
AW-00014367,United States
AW-00014368,Australia
AW-00014369,Australia
AW-00014370,Australia
AW-00014371,Australia
AW-00014372,New Zealand
AW-00014373,Canada
AW-00014374,Australia
AW-00014375,United States
AW-00014376,Australia
AW-00014377,France
AW-00014378,France
AW-00014379,New Zealand
AW-00014380,Australia
AW-00014381,Australia
AW-00014382,Australia
AW-00014383,United Kingdom
AW-00014384,NZ
AW-00014385,Australia
AW-00014386,Australia
AW-00014387,United States
AW-00014388,Australia
AW-00014389,United Kingdom
AW-00014390,NZ
AW-00014391,Australia
AW-00014392,Australia
AW-00014393,Australia
AW-00014394,Australia
AW-00014395,United States
AW-00014396,United Kingdom
AW-00014397,Australia
AW-00014398,Australia
AW-00014399,Australia
AW-00014400,Australia
AW-00014401,Australia
AW-00014402,United Kingdom
AW-00014403,Australia
AW-00014404,United States
AW-00014405,Australia
AW-00014406,Germany
AW-00014407,France
AW-00014408,Australia
AW-00014409,Australia
AW-00014410,United States
AW-00014411,Australia
AW-00014412,Australia
AW-00014413,Australia
AW-00014414,Australia
AW-00014415,Australia
AW-00014416,United States
AW-00014417,NZ
AW-00014418,United States
AW-00014419,Australia
AW-00014420,Australia
AW-00014421,United Kingdom
AW-00014422,United States
AW-00014423,Australia
AW-00014424,United Kingdom
AW-00014425,Australia
AW-00014426,AU
AW-00014427,Germany
AW-00014428,Australia
AW-00014429,DE
AW-00014430,Germany
AW-00014431,Australia
AW-00014432,Australia
AW-00014433,Australia
AW-00014434,Australia
AW-00014435,United States
AW-00014436,United States
AW-00014437,Australia
AW-00014438,Australia
AW-00014439,Canada
AW-00014440,
AW-00014441,Australia
AW-00014442,Australia
AW-00014443,France
AW-00014444,France
AW-00014445,Australia
AW-00014446,United States
AW-00014447,USA
AW-00014448,Australia
AW-00014449,Australia
AW-00014450,Australia
AW-00014451,New Zealand
AW-00014452,Australia
AW-00014453,Australia
AW-00014454,
AW-00014455,Australia
AW-00014456,France
AW-00014457,Australia
AW-00014458,Australia
AW-00014459,Australia
AW-00014460,Canada
AW-00014461,Australia
AW-00014462,Australia
AW-00014463,Australia
AW-00014464,Australia
AW-00014465,New Zealand
AW-00014466,United Kingdom
AW-00014467,United Kingdom
AW-00014468,Australia
AW-00014469,Australia
AW-00014470,Australia
AW-00014471,New Zealand
AW-00014472,
AW-00014473,United Kingdom
AW-00014474,United States
AW-00014475,United States
AW-00014476,United Kingdom
AW-00014477,France
AW-00014478,United Kingdom
AW-00014479,Australia
AW-00014480,United States
AW-00014481,Australia
AW-00014482,Australia
AW-00014483,United States
AW-00014484,Germany
AW-00014485,Australia
AW-00014486,Australia
AW-00014487,Australia
AW-00014488,Australia
AW-00014489,New Zealand
AW-00014490,Australia
AW-00014491,United States
AW-00014492,United States
AW-00014493,Australia
AW-00014494,Canada
AW-00014495,Australia
AW-00014496,United States
AW-00014497,France
AW-00014498,United States
AW-00014499,Australia
AW-00014500,US
AW-00014501,AU
AW-00014502,Australia
AW-00014503,Australia
AW-00014504,New Zealand
AW-00014505,Australia
AW-00014506,Australia
AW-00014507,United Kingdom
AW-00014508,Australia
AW-00014509,United States
AW-00014510,France
AW-00014511,United States
AW-00014512,Germany
AW-00014513,Australia
AW-00014514,Australia
AW-00014515,Australia
AW-00014516,Australia
AW-00014517,United Kingdom
AW-00014518,US
AW-00014519,United States
AW-00014520,Australia
AW-00014521,France
AW-00014522,Australia
AW-00014523,New Zealand
AW-00014524,New Zealand
AW-00014525,Australia
AW-00014526,United Kingdom
AW-00014527,Australia
AW-00014528,Australia
AW-00014529,Australia
AW-00014530,Australia
AW-00014531,Australia
AW-00014532,Australia
AW-00014533,Canada
AW-00014534,United States
AW-00014535,Australia
AW-00014536,United Kingdom
AW-00014537,Australia
AW-00014538,France
AW-00014539,Australia
AW-00014540,Canada
AW-00014541,Australia
AW-00014542,Australia
AW-00014543,New Zealand
AW-00014544,Australia
AW-00014545,Australia
AW-00014546,Australia
AW-00014547,Australia
AW-00014548,Australia
AW-00014549,Australia
AW-00014550,United States
AW-00014551,United Kingdom
AW-00014552,United States
AW-00014553,New Zealand
AW-00014554,United Kingdom
AW-00014555,United States
AW-00014556,Australia
AW-00014557,United States
AW-00014558,Australia
AW-00014559,Canada
AW-00014560,France
AW-00014561,Australia
AW-00014562,Germany
AW-00014563,United Kingdom
AW-00014564,Germany
AW-00014565,Australia
AW-00014566,
AW-00014567,Australia
AW-00014568,
AW-00014569,Australia
AW-00014570,United States
AW-00014571,Canada
AW-00014572,United States
AW-00014573,Australia
AW-00014574,Australia
AW-00014575,Australia
AW-00014576,New Zealand
AW-00014577,Australia
AW-00014578,Australia
AW-00014579,United States
AW-00014580,United States
AW-00014581,Australia
AW-00014582,United Kingdom
AW-00014583,Australia
AW-00014584,Germany
AW-00014585,Australia
AW-00014586,Australia
AW-00014587,Australia
AW-00014588,Canada
AW-00014589,United States
AW-00014590,United States
AW-00014591,Australia
AW-00014592,France
AW-00014593,Australia
AW-00014594,United Kingdom
AW-00014595,United Kingdom
AW-00014596,Canada
AW-00014597,Australia
AW-00014598,Australia
AW-00014599,Australia
AW-00014600,Australia
AW-00014601,Australia
AW-00014602,Australia
AW-00014603,Australia
AW-00014604,Australia
AW-00014605,New Zealand
AW-00014606,Australia
AW-00014607,Australia
AW-00014608,Canada
AW-00014609,United States
AW-00014610,Australia
AW-00014611,United Kingdom
AW-00014612,Australia
AW-00014613,New Zealand
AW-00014614,Australia
AW-00014615,United States
AW-00014616,Australia
AW-00014617,Australia
AW-00014618,New Zealand
AW-00014619,Australia
AW-00014620,Australia
AW-00014621,Canada
AW-00014622,Australia
AW-00014623,Australia
AW-00014624,Australia
AW-00014625,France
AW-00014626,Australia
AW-00014627,Canada
AW-00014628,New Zealand
AW-00014629,Canada
AW-00014630,New Zealand
AW-00014631,United Kingdom
AW-00014632,Australia
AW-00014633,Germany
AW-00014634,United States
AW-00014635,DE
AW-00014636,United Kingdom
AW-00014637,NZ
AW-00014638,
AW-00014639,United Kingdom
AW-00014640,Australia
AW-00014641,Australia
AW-00014642,Australia
AW-00014643,United States
AW-00014644,United States
AW-00014645,Australia
AW-00014646,Australia
AW-00014647,United States
AW-00014648,United States
AW-00014649,Australia
AW-00014650,United States
AW-00014651,Australia
AW-00014652,Australia
AW-00014653,Australia
AW-00014654,United States
AW-00014655,Australia
AW-00014656,United States
AW-00014657,Australia
AW-00014658,Australia
AW-00014659,France
AW-00014660,United States
AW-00014661,United States
AW-00014662,Australia
AW-00014663,New Zealand
AW-00014664,United Kingdom
AW-00014665,New Zealand
AW-00014666,Canada
AW-00014667,Australia
AW-00014668,United States
AW-00014669,United States
AW-00014670,Australia
AW-00014671,Australia
AW-00014672,New Zealand
AW-00014673,Australia
AW-00014674,United States
AW-00014675,Australia
AW-00014676,United States
AW-00014677,Australia
AW-00014678,Australia
AW-00014679,New Zealand
AW-00014680,United Kingdom
AW-00014681,Australia
AW-00014682,Australia
AW-00014683,United States
AW-00014684,Australia
AW-00014685,Australia
AW-00014686,United States
AW-00014687,
AW-00014688,United States
AW-00014689,Australia
AW-00014690,United Kingdom
AW-00014691,New Zealand
AW-00014692,United States
AW-00014693,France
AW-00014694,USA
AW-00014695,France
AW-00014696,Australia
AW-00014697,Australia
AW-00014698,Germany
AW-00014699,United Kingdom
AW-00014700,France
AW-00014701,Australia
AW-00014702,United States
AW-00014703,Australia
AW-00014704,Australia
AW-00014705,United Kingdom
AW-00014706,Australia
AW-00014707,Australia
AW-00014708,Australia
AW-00014709,Australia
AW-00014710,New Zealand
AW-00014711,United States
AW-00014712,United States
AW-00014713,Australia
AW-00014714,United States
AW-00014715,Australia
AW-00014716,Canada
AW-00014717,New Zealand
AW-00014718,
AW-00014719,United States
AW-00014720,Australia
AW-00014721,Australia
AW-00014722,Australia
AW-00014723,Australia
AW-00014724,Australia
AW-00014725,United States
AW-00014726,United States
AW-00014727,France
AW-00014728,Australia
AW-00014729,United States
AW-00014730,Australia
AW-00014731,US
AW-00014732,New Zealand
AW-00014733,United States
AW-00014734,Australia
AW-00014735,New Zealand
AW-00014736,Australia
AW-00014737,United States
AW-00014738,Australia
AW-00014739,Australia
AW-00014740,Australia
AW-00014741,United States
AW-00014742,UK
AW-00014743,New Zealand
AW-00014744,Germany
AW-00014745,Australia
AW-00014746,United Kingdom
AW-00014747,United States
AW-00014748,Australia
AW-00014749,United States
AW-00014750,Germany
AW-00014751,New Zealand
AW-00014752,United Kingdom
AW-00014753,France
AW-00014754,Canada
AW-00014755,United States
AW-00014756,France
AW-00014757,US
AW-00014758,France
AW-00014759,United Kingdom
AW-00014760,Canada
AW-00014761,Australia
AW-00014762,United States
AW-00014763,United States
AW-00014764,Canada
AW-00014765,Australia
AW-00014766,Australia
AW-00014767,Canada
AW-00014768,New Zealand
AW-00014769,Australia
AW-00014770,Australia
AW-00014771,France
AW-00014772,United Kingdom
AW-00014773,Australia
AW-00014774,Canada
AW-00014775,Germany
AW-00014776,Australia
AW-00014777,Australia
AW-00014778,Australia
AW-00014779,Australia
AW-00014780,Australia
AW-00014781,Canada
AW-00014782,Canada
AW-00014783,United States
AW-00014784,Australia
AW-00014785,Australia
AW-00014786,United States
AW-00014787,United States
AW-00014788,Australia
AW-00014789,Australia
AW-00014790,Australia
AW-00014791,Australia
AW-00014792,Australia
AW-00014793,Canada
AW-00014794,Australia
AW-00014795,Australia
AW-00014796,France
AW-00014797,United States
AW-00014798,Germany
AW-00014799,Australia
AW-00014800,Canada
AW-00014801,United Kingdom
AW-00014802,United Kingdom
AW-00014803,United Kingdom
AW-00014804,Australia
AW-00014805,Australia
AW-00014806,United States
AW-00014807,NZ
AW-00014808,
AW-00014809,Australia
AW-00014810,Australia
AW-00014811,United States
AW-00014812,United States
AW-00014813,United Kingdom
AW-00014814,Australia
AW-00014815,Australia
AW-00014816,Australia
AW-00014817,Australia
AW-00014818,Australia
AW-00014819,Australia
AW-00014820,United States
AW-00014821,Australia
AW-00014822,Canada
AW-00014823,Australia
AW-00014824,Australia
AW-00014825,Australia
AW-00014826,United States
AW-00014827,United States
AW-00014828,Canada
AW-00014829,Australia
AW-00014830,Australia
AW-00014831,Australia
AW-00014832,Australia
AW-00014833,New Zealand
AW-00014834,Canada
AW-00014835,Australia
AW-00014836,Canada
AW-00014837,United Kingdom
AW-00014838,Australia
AW-00014839,Australia
AW-00014840,USA
AW-00014841,Australia
AW-00014842,Australia
AW-00014843,France
AW-00014844,United States
AW-00014845,Australia
AW-00014846,Australia
AW-00014847,Australia
AW-00014848,Australia
AW-00014849,Australia
AW-00014850,Canada
AW-00014851,United Kingdom
AW-00014852,United Kingdom
AW-00014853,France
AW-00014854,Canada
AW-00014855,France
AW-00014856,Australia
AW-00014857,Australia
AW-00014858,Australia
AW-00014859,United Kingdom
AW-00014860,Australia
AW-00014861,United Kingdom
AW-00014862,Australia
AW-00014863,Australia
AW-00014864,Australia
AW-00014865,Australia
AW-00014866,Canada
AW-00014867,United States
AW-00014868,Australia
AW-00014869,Australia
AW-00014870,Australia
AW-00014871,United States
AW-00014872,Australia
AW-00014873,Australia
AW-00014874,Australia
AW-00014875,United States
AW-00014876,Australia
AW-00014877,DE
AW-00014878,Australia
AW-00014879,Australia
AW-00014880,France
AW-00014881,Australia
AW-00014882,Australia
AW-00014883,United Kingdom
AW-00014884,Australia
AW-00014885,DE
AW-00014886,UK
AW-00014887,New Zealand
AW-00014888,Canada
AW-00014889,Australia
AW-00014890,United States
AW-00014891,Canada
AW-00014892,United States
AW-00014893,Australia
AW-00014894,Australia
AW-00014895,Australia
AW-00014896,Australia
AW-00014897,Australia
AW-00014898,United States
AW-00014899,Australia
AW-00014900,United States
AW-00014901,Australia
AW-00014902,Australia
AW-00014903,Australia
AW-00014904,United Kingdom
AW-00014905,United States
AW-00014906,United States
AW-00014907,Australia
AW-00014908,United States
AW-00014909,Australia
AW-00014910,Australia
AW-00014911,United States
AW-00014912,Australia
AW-00014913,USA
AW-00014914,Australia
AW-00014915,United Kingdom
AW-00014916,Australia
AW-00014917,Australia
AW-00014918,Australia
AW-00014919,Australia
AW-00014920,Australia
AW-00014921,Germany
AW-00014922,New Zealand
AW-00014923,Australia
AW-00014924,United Kingdom
AW-00014925,United Kingdom
AW-00014926,United States
AW-00014927,France
AW-00014928,New Zealand
AW-00014929,Australia
AW-00014930,
AW-00014931,Australia
AW-00014932,Australia
AW-00014933,NZ
AW-00014934,United States
AW-00014935,France
AW-00014936,United States
AW-00014937,Australia
AW-00014938,United States
AW-00014939,Germany
AW-00014940,Australia
AW-00014941,Australia
AW-00014942,United States
AW-00014943,Australia
AW-00014944,DE
AW-00014945,Australia
AW-00014946,Australia
AW-00014947,United States
AW-00014948,Australia
AW-00014949,France
AW-00014950,Australia
AW-00014951,Germany
AW-00014952,United Kingdom
AW-00014953,Australia
AW-00014954,Australia
AW-00014955,United Kingdom
AW-00014956,Australia
AW-00014957,Australia
AW-00014958,United States
AW-00014959,Canada
AW-00014960,Australia
AW-00014961,France
AW-00014962,United States
AW-00014963,Australia
AW-00014964,Australia
AW-00014965,Australia
AW-00014966,Australia
AW-00014967,Australia
AW-00014968,Canada
AW-00014969,Canada
AW-00014970,Germany
AW-00014971,Australia
AW-00014972,New Zealand
AW-00014973,United Kingdom
AW-00014974,Canada
AW-00014975,Australia
AW-00014976,Australia
AW-00014977,United Kingdom
AW-00014978,Australia
AW-00014979,United States
AW-00014980,Australia
AW-00014981,Australia
AW-00014982,Australia
AW-00014983,United States
AW-00014984,United States
AW-00014985,Australia
AW-00014986,Australia
AW-00014987,Germany
AW-00014988,Australia
AW-00014989,Australia
AW-00014990,United States
AW-00014991,Canada
AW-00014992,US
AW-00014993,Germany
AW-00014994,United Kingdom
AW-00014995,Australia
AW-00014996,Australia
AW-00014997,United Kingdom
AW-00014998,Australia
AW-00014999,Australia
AW-00015000,United Kingdom
AW-00015001,Australia
AW-00015002,Australia
AW-00015003,France
AW-00015004,Germany
AW-00015005,United States
AW-00015006,Canada
AW-00015007,France
AW-00015008,United States
AW-00015009,Australia
AW-00015010,France
AW-00015011,New Zealand
AW-00015012,Australia
AW-00015013,United Kingdom
AW-00015014,New Zealand
AW-00015015,United Kingdom
AW-00015016,Canada
AW-00015017,Australia
AW-00015018,Australia
AW-00015019,Australia
AW-00015020,Australia
AW-00015021,United Kingdom
AW-00015022,Australia
AW-00015023,Australia
AW-00015024,Australia
AW-00015025,Canada
AW-00015026,United States
AW-00015027,Germany
AW-00015028,United States
AW-00015029,Australia
AW-00015030,New Zealand
AW-00015031,United States
AW-00015032,Australia
AW-00015033,United States
AW-00015034,Australia
AW-00015035,France
AW-00015036,Australia
AW-00015037,Canada
AW-00015038,France
AW-00015039,United States
AW-00015040,Australia
AW-00015041,Australia
AW-00015042,Australia
AW-00015043,Germany
AW-00015044,
AW-00015045,Australia
AW-00015046,Germany
AW-00015047,United States
AW-00015048,Australia
AW-00015049,Australia
AW-00015050,Australia
AW-00015051,Australia
AW-00015052,Australia
AW-00015053,Australia
AW-00015054,United States
AW-00015055,New Zealand
AW-00015056,Australia
AW-00015057,Germany
AW-00015058,New Zealand
AW-00015059,United Kingdom
AW-00015060,Australia
AW-00015061,United States
AW-00015062,Australia
AW-00015063,United States
AW-00015064,United States
AW-00015065,United States
AW-00015066,Australia
AW-00015067,Australia
AW-00015068,Australia
AW-00015069,Canada
AW-00015070,United States
AW-00015071,Australia
AW-00015072,Australia
AW-00015073,Australia
AW-00015074,Australia
AW-00015075,New Zealand
AW-00015076,Australia
AW-00015077,Canada
AW-00015078,Australia
AW-00015079,United States
AW-00015080,United States
AW-00015081,Australia
AW-00015082,Germany
AW-00015083,Australia
AW-00015084,United Kingdom
AW-00015085,Australia
AW-00015086,Australia
AW-00015087,Germany
AW-00015088,New Zealand
AW-00015089,Australia
AW-00015090,Australia
AW-00015091,United States
AW-00015092,Germany
AW-00015093,Germany
AW-00015094,United States
AW-00015095,Australia
AW-00015096,Australia
AW-00015097,Canada
AW-00015098,United States
AW-00015099,Australia
AW-00015100,United States
AW-00015101,Australia
AW-00015102,United States
AW-00015103,United Kingdom
AW-00015104,United States
AW-00015105,Australia
AW-00015106,United Kingdom
AW-00015107,United States
AW-00015108,Australia
AW-00015109,United States
AW-00015110,United Kingdom
AW-00015111,Australia
AW-00015112,Australia
AW-00015113,DE
AW-00015114,Germany
AW-00015115,United States
AW-00015116,Australia
AW-00015117,Australia
AW-00015118,United States
AW-00015119,United Kingdom
AW-00015120,AU
AW-00015121,NZ
AW-00015122,New Zealand
AW-00015123,Australia
AW-00015124,Australia
AW-00015125,United States
AW-00015126,Australia
AW-00015127,Australia
AW-00015128,Canada
AW-00015129,Australia
AW-00015130,US
AW-00015131,New Zealand
AW-00015132,United States
AW-00015133,Australia
AW-00015134,Australia
AW-00015135,Germany
AW-00015136,Germany
AW-00015137,Australia
AW-00015138,Australia
AW-00015139,United States
AW-00015140,Australia
AW-00015141,Australia
AW-00015142,Germany
AW-00015143,Canada
AW-00015144,Canada
AW-00015145,Australia
AW-00015146,Australia
AW-00015147,United Kingdom
AW-00015148,Germany
AW-00015149,Australia
AW-00015150,United States
AW-00015151,Australia
AW-00015152,Australia
AW-00015153,United Kingdom
AW-00015154,USA
AW-00015155,Australia
AW-00015156,United States
AW-00015157,Canada
AW-00015158,United States
AW-00015159,Australia
AW-00015160,Australia
AW-00015161,New Zealand
AW-00015162,Canada
AW-00015163,Australia
AW-00015164,Australia
AW-00015165,Australia
AW-00015166,Australia
AW-00015167,United States
AW-00015168,Australia
AW-00015169,Australia
AW-00015170,France
AW-00015171,United Kingdom
AW-00015172,Germany
AW-00015173,United States
AW-00015174,New Zealand
AW-00015175,Australia
AW-00015176,New Zealand
AW-00015177,United States
AW-00015178,United States
AW-00015179,United Kingdom
AW-00015180,France
AW-00015181,Australia
AW-00015182,United States
AW-00015183,Australia
AW-00015184,Australia
AW-00015185,Australia
AW-00015186,United States
AW-00015187,Australia
AW-00015188,Australia
AW-00015189,Germany
AW-00015190,New Zealand
AW-00015191,United States
AW-00015192,Australia
AW-00015193,United States
AW-00015194,Germany
AW-00015195,Australia
AW-00015196,Australia
AW-00015197,Canada
AW-00015198,Australia
AW-00015199,Australia
AW-00015200,Australia
AW-00015201,Australia
AW-00015202,United States
AW-00015203,Australia
AW-00015204,Canada
AW-00015205,United States
AW-00015206,Canada
AW-00015207,Australia
AW-00015208,France
AW-00015209,United States
AW-00015210,United States
AW-00015211,United States
AW-00015212,Australia
AW-00015213,United States
AW-00015214,Australia
AW-00015215,Australia
AW-00015216,Australia
AW-00015217,United States
AW-00015218,Australia
AW-00015219,Canada
AW-00015220,United States
AW-00015221,Australia
AW-00015222,Australia
AW-00015223,United Kingdom
AW-00015224,Australia
AW-00015225,United Kingdom
AW-00015226,Australia
AW-00015227,Australia
AW-00015228,Australia
AW-00015229,Germany
AW-00015230,Australia
AW-00015231,United States
AW-00015232,New Zealand
AW-00015233,Australia
AW-00015234,Australia
AW-00015235,Germany
AW-00015236,Australia
AW-00015237,New Zealand
AW-00015238,United States
AW-00015239,Australia
AW-00015240,Australia
AW-00015241,Australia
AW-00015242,United Kingdom
AW-00015243,Australia
AW-00015244,Australia
AW-00015245,United Kingdom
AW-00015246,United States
AW-00015247,Australia
AW-00015248,Australia
AW-00015249,Australia
AW-00015250,Canada
AW-00015251,Canada
AW-00015252,New Zealand
AW-00015253,France
AW-00015254,Australia
AW-00015255,Australia
AW-00015256,United States
AW-00015257,AU
AW-00015258,Australia
AW-00015259,Australia
AW-00015260,Australia
AW-00015261,United Kingdom
AW-00015262,France
AW-00015263,New Zealand
AW-00015264,New Zealand
AW-00015265,United Kingdom
AW-00015266,Australia
AW-00015267,United Kingdom
AW-00015268,Australia
AW-00015269,United States
AW-00015270,Australia
AW-00015271,United Kingdom
AW-00015272,United Kingdom
AW-00015273,Australia
AW-00015274,France
AW-00015275,United Kingdom
AW-00015276,United Kingdom
AW-00015277,Australia
AW-00015278,
AW-00015279,Canada
AW-00015280,United States
AW-00015281,United Kingdom
AW-00015282,Australia
AW-00015283,Australia
AW-00015284,Australia
AW-00015285,Canada
AW-00015286,Germany
AW-00015287,United States
AW-00015288,Australia
AW-00015289,United Kingdom
AW-00015290,Australia
AW-00015291,Germany
AW-00015292,Australia
AW-00015293,Australia
AW-00015294,Australia
AW-00015295,United States
AW-00015296,New Zealand
AW-00015297,United States
AW-00015298,France
AW-00015299,United States
AW-00015300,New Zealand
AW-00015301,Australia
AW-00015302,United Kingdom
AW-00015303,Australia
AW-00015304,Australia
AW-00015305,Australia
AW-00015306,New Zealand
AW-00015307,Australia
AW-00015308,NZ
AW-00015309,Australia
AW-00015310,Germany
AW-00015311,United Kingdom
AW-00015312,Australia
AW-00015313,Australia
AW-00015314,Australia
AW-00015315,United Kingdom
AW-00015316,United Kingdom
AW-00015317,Australia
AW-00015318,Australia
AW-00015319,Australia
AW-00015320,Germany
AW-00015321,Australia
AW-00015322,France
AW-00015323,Germany
AW-00015324,Australia
AW-00015325,United States
AW-00015326,United States
AW-00015327,US
AW-00015328,United Kingdom
AW-00015329,Australia
AW-00015330,United States
AW-00015331,Australia
AW-00015332,Australia
AW-00015333,Australia
AW-00015334,New Zealand
AW-00015335,United Kingdom
AW-00015336,Australia
AW-00015337,United States
AW-00015338,France
AW-00015339,Australia
AW-00015340,Germany
AW-00015341,New Zealand
AW-00015342,Australia
AW-00015343,DE
AW-00015344,Canada
AW-00015345,Australia
AW-00015346,Australia
AW-00015347,Australia
AW-00015348,Canada
AW-00015349,New Zealand
AW-00015350,Australia
AW-00015351,Germany
AW-00015352,Australia
AW-00015353,Australia
AW-00015354,United States
AW-00015355,Germany
AW-00015356,Canada
AW-00015357,Australia
AW-00015358,Australia
AW-00015359,Germany
AW-00015360,Australia
AW-00015361,Australia
AW-00015362,Australia
AW-00015363,Australia
AW-00015364,Germany
AW-00015365,Canada
AW-00015366,New Zealand
AW-00015367,Australia
AW-00015368,Australia
AW-00015369,United States
AW-00015370,Australia
AW-00015371,United Kingdom
AW-00015372,Australia
AW-00015373,Canada
AW-00015374,United States
AW-00015375,Australia
AW-00015376,Australia
AW-00015377,Australia
AW-00015378,Australia
AW-00015379,France
AW-00015380,United States
AW-00015381,Germany
AW-00015382,Australia
AW-00015383,United Kingdom
AW-00015384,United States
AW-00015385,New Zealand
AW-00015386,United Kingdom
AW-00015387,Australia
AW-00015388,Australia
AW-00015389,Australia
AW-00015390,Australia
AW-00015391,United Kingdom
AW-00015392,United States
AW-00015393,Australia
AW-00015394,United States
AW-00015395,Australia
AW-00015396,New Zealand
AW-00015397,United States
AW-00015398,Australia
AW-00015399,United Kingdom
AW-00015400,Australia
AW-00015401,United States
AW-00015402,Canada
AW-00015403,
AW-00015404,Australia
AW-00015405,Australia
AW-00015406,United States
AW-00015407,Canada
AW-00015408,New Zealand
AW-00015409,United Kingdom
AW-00015410,Australia
AW-00015411,United Kingdom
AW-00015412,Australia
AW-00015413,United States
AW-00015414,US
AW-00015415,New Zealand
AW-00015416,New Zealand
AW-00015417,Australia
AW-00015418,United States
AW-00015419,Australia
AW-00015420,Australia
AW-00015421,Germany
AW-00015422,United Kingdom
AW-00015423,United Kingdom
AW-00015424,Australia
AW-00015425,Germany
AW-00015426,Canada
AW-00015427,Australia
AW-00015428,Australia
AW-00015429,Australia
AW-00015430,Australia
AW-00015431,Australia
AW-00015432,Germany
AW-00015433,United Kingdom
AW-00015434,Australia
AW-00015435,Australia
AW-00015436,France
AW-00015437,Australia
AW-00015438,Australia
AW-00015439,Australia
AW-00015440,Canada
AW-00015441,United Kingdom
AW-00015442,Australia
AW-00015443,New Zealand
AW-00015444,Australia
AW-00015445,United Kingdom
AW-00015446,Canada
AW-00015447,UK
AW-00015448,
AW-00015449,United States
AW-00015450,USA
AW-00015451,Australia
AW-00015452,United States
AW-00015453,United States
AW-00015454,Canada
AW-00015455,US
AW-00015456,United States
AW-00015457,France
AW-00015458,United States
AW-00015459,Australia
AW-00015460,Australia
AW-00015461,Canada
AW-00015462,Australia
AW-00015463,Australia
AW-00015464,United States
AW-00015465,Australia
AW-00015466,New Zealand
AW-00015467,United States
AW-00015468,
AW-00015469,United States
AW-00015470,Australia
AW-00015471,Australia
AW-00015472,Australia
AW-00015473,United States
AW-00015474,United States
AW-00015475,US
AW-00015476,United Kingdom
AW-00015477,Germany
AW-00015478,Canada
AW-00015479,Australia
AW-00015480,Canada
AW-00015481,Germany
AW-00015482,NZ
AW-00015483,Australia
AW-00015484,United States
AW-00015485,Australia
AW-00015486,United States
AW-00015487,Australia
AW-00015488,Australia
AW-00015489,Australia
AW-00015490,United Kingdom
AW-00015491,Australia
AW-00015492,Australia
AW-00015493,Germany
AW-00015494,Australia
AW-00015495,United States
AW-00015496,Australia
AW-00015497,France
AW-00015498,Australia
AW-00015499,Australia
AW-00015500,Australia
AW-00015501,New Zealand
AW-00015502,Australia
AW-00015503,New Zealand
AW-00015504,United States
AW-00015505,United States
AW-00015506,United States
AW-00015507,United States
AW-00015508,Australia
AW-00015509,Australia
AW-00015510,Australia
AW-00015511,France
AW-00015512,Australia
AW-00015513,Germany
AW-00015514,Australia
AW-00015515,Australia
AW-00015516,Australia
AW-00015517,United Kingdom
AW-00015518,NZ
AW-00015519,Australia
AW-00015520,Canada
AW-00015521,United States
AW-00015522,United States
AW-00015523,United States
AW-00015524,Australia
AW-00015525,Australia
AW-00015526,Australia
AW-00015527,New Zealand
AW-00015528,Australia
AW-00015529,AU
AW-00015530,France
AW-00015531,Australia
AW-00015532,Australia
AW-00015533,Australia
AW-00015534,United States
AW-00015535,Australia
AW-00015536,Australia
AW-00015537,Australia
AW-00015538,France
AW-00015539,United Kingdom
AW-00015540,Australia
AW-00015541,Australia
AW-00015542,Canada
AW-00015543,Canada
AW-00015544,Australia
AW-00015545,Australia
AW-00015546,United Kingdom
AW-00015547,New Zealand
AW-00015548,Australia
AW-00015549,United Kingdom
AW-00015550,New Zealand
AW-00015551,US
AW-00015552,Australia
AW-00015553,United States
AW-00015554,United Kingdom
AW-00015555,New Zealand
AW-00015556,Australia
AW-00015557,DE
AW-00015558,Australia
AW-00015559,United States
AW-00015560,New Zealand
AW-00015561,USA
AW-00015562,Australia
AW-00015563,Germany
AW-00015564,Australia
AW-00015565,Australia
AW-00015566,United States
AW-00015567,United States
AW-00015568,Australia
AW-00015569,United States
AW-00015570,United States
AW-00015571,Australia
AW-00015572,New Zealand
AW-00015573,Germany
AW-00015574,United Kingdom
AW-00015575,United States
AW-00015576,United States
AW-00015577,Australia
AW-00015578,Australia
AW-00015579,Australia
AW-00015580,United Kingdom
AW-00015581,United Kingdom
AW-00015582,United States
AW-00015583,Australia
AW-00015584,New Zealand
AW-00015585,Australia
AW-00015586,Australia
AW-00015587,Canada
AW-00015588,Australia
AW-00015589,Australia
AW-00015590,Australia
AW-00015591,Canada
AW-00015592,Australia
AW-00015593,Australia
AW-00015594,Australia
AW-00015595,Australia
AW-00015596,France
AW-00015597,Canada
AW-00015598,United States
AW-00015599,Australia
AW-00015600,Australia
AW-00015601,Australia
AW-00015602,France
AW-00015603,France
AW-00015604,Australia
AW-00015605,Australia
AW-00015606,Germany
AW-00015607,Australia
AW-00015608,United States
AW-00015609,United Kingdom
AW-00015610,United Kingdom
AW-00015611,US
AW-00015612,
AW-00015613,United States
AW-00015614,Australia
AW-00015615,Australia
AW-00015616,Australia
AW-00015617,United States
AW-00015618,Australia
AW-00015619,United States
AW-00015620,Australia
AW-00015621,France
AW-00015622,United Kingdom
AW-00015623,United Kingdom
AW-00015624,United States
AW-00015625,United Kingdom
AW-00015626,United Kingdom
AW-00015627,New Zealand
AW-00015628,Canada
AW-00015629,France
AW-00015630,New Zealand
AW-00015631,United Kingdom
AW-00015632,Germany
AW-00015633,United Kingdom
AW-00015634,UK
AW-00015635,Australia
AW-00015636,United States
AW-00015637,United Kingdom
AW-00015638,Australia
AW-00015639,Australia
AW-00015640,United Kingdom
AW-00015641,United Kingdom
AW-00015642,France
AW-00015643,Australia
AW-00015644,United States
AW-00015645,United States
AW-00015646,United States
AW-00015647,United States
AW-00015648,Australia
AW-00015649,Australia
AW-00015650,Australia
AW-00015651,Australia
AW-00015652,United States
AW-00015653,Australia
AW-00015654,United States
AW-00015655,Australia
AW-00015656,Australia
AW-00015657,Australia
AW-00015658,United States
AW-00015659,Australia
AW-00015660,Germany
AW-00015661,Australia
AW-00015662,United States
AW-00015663,Australia
AW-00015664,United States
AW-00015665,Australia
AW-00015666,United States
AW-00015667,Australia
AW-00015668,Canada
AW-00015669,US
AW-00015670,Australia
AW-00015671,Canada
AW-00015672,
AW-00015673,Australia
AW-00015674,Australia
AW-00015675,Australia
AW-00015676,France
AW-00015677,Australia
AW-00015678,Germany
AW-00015679,
AW-00015680,
AW-00015681,Australia
AW-00015682,United States
AW-00015683,New Zealand
AW-00015684,Australia
AW-00015685,United States
AW-00015686,New Zealand
AW-00015687,Australia
AW-00015688,United States
AW-00015689,Canada
AW-00015690,United Kingdom
AW-00015691,
AW-00015692,DE
AW-00015693,Australia
AW-00015694,Australia
AW-00015695,Australia
AW-00015696,Canada
AW-00015697,Australia
AW-00015698,Canada
AW-00015699,Australia
AW-00015700,Australia
AW-00015701,United States
AW-00015702,United Kingdom
AW-00015703,UK
AW-00015704,Australia
AW-00015705,Australia
AW-00015706,Canada
AW-00015707,United States
AW-00015708,France
AW-00015709,France
AW-00015710,Germany
AW-00015711,Australia
AW-00015712,Australia
AW-00015713,United Kingdom
AW-00015714,Canada
AW-00015715,Canada
AW-00015716,United Kingdom
AW-00015717,Canada
AW-00015718,United Kingdom
AW-00015719,Australia
AW-00015720,United States
AW-00015721,United States
AW-00015722,Germany
AW-00015723,United States
AW-00015724,France
AW-00015725,United States
AW-00015726,United Kingdom
AW-00015727,Australia
AW-00015728,United States
AW-00015729,New Zealand
AW-00015730,Germany
AW-00015731,Australia
AW-00015732,United States
AW-00015733,Germany
AW-00015734,Australia
AW-00015735,France
AW-00015736,Canada
AW-00015737,New Zealand
AW-00015738,Australia
AW-00015739,Australia
AW-00015740,Australia
AW-00015741,Canada
AW-00015742,Canada
AW-00015743,United States
AW-00015744,Australia
AW-00015745,United States
AW-00015746,Australia
AW-00015747,Australia
AW-00015748,Australia
AW-00015749,United States
AW-00015750,United States
AW-00015751,New Zealand
AW-00015752,Australia
AW-00015753,United States
AW-00015754,Australia
AW-00015755,United States
AW-00015756,United Kingdom
AW-00015757,Canada
AW-00015758,Australia
AW-00015759,New Zealand
AW-00015760,Canada
AW-00015761,
AW-00015762,Australia
AW-00015763,Australia
AW-00015764,Australia
AW-00015765,UK
AW-00015766,Australia
AW-00015767,Germany
AW-00015768,New Zealand
AW-00015769,Canada
AW-00015770,New Zealand
AW-00015771,United Kingdom
AW-00015772,Australia
AW-00015773,United States
AW-00015774,
AW-00015775,United Kingdom
AW-00015776,Australia
AW-00015777,United States
AW-00015778,Australia
AW-00015779,Australia
AW-00015780,Australia
AW-00015781,Australia
AW-00015782,United Kingdom
AW-00015783,Australia
AW-00015784,United Kingdom
AW-00015785,United Kingdom
AW-00015786,Australia
AW-00015787,Australia
AW-00015788,Australia
AW-00015789,Australia
AW-00015790,Australia
AW-00015791,Australia
AW-00015792,Australia
AW-00015793,Australia
AW-00015794,Australia
AW-00015795,Australia
AW-00015796,United States
AW-00015797,United States
AW-00015798,United States
AW-00015799,Australia
AW-00015800,France
AW-00015801,United States
AW-00015802,Australia
AW-00015803,Australia
AW-00015804,Australia
AW-00015805,Australia
AW-00015806,Canada
AW-00015807,United Kingdom
AW-00015808,Australia
AW-00015809,United Kingdom
AW-00015810,United Kingdom
AW-00015811,New Zealand
AW-00015812,Germany
AW-00015813,New Zealand
AW-00015814,Australia
AW-00015815,New Zealand
AW-00015816,Germany
AW-00015817,United Kingdom
AW-00015818,Australia
AW-00015819,New Zealand
AW-00015820,United Kingdom
AW-00015821,Canada
AW-00015822,Germany
AW-00015823,Australia
AW-00015824,Australia
AW-00015825,Australia
AW-00015826,Australia
AW-00015827,United States
AW-00015828,Germany
AW-00015829,Australia
AW-00015830,New Zealand
AW-00015831,United States
AW-00015832,NZ
AW-00015833,United States
AW-00015834,NZ
AW-00015835,New Zealand
AW-00015836,United States
AW-00015837,Australia
AW-00015838,United States
AW-00015839,United States
AW-00015840,Australia
AW-00015841,Australia
AW-00015842,United Kingdom
AW-00015843,Australia
AW-00015844,France
AW-00015845,Germany
AW-00015846,Australia
AW-00015847,Australia
AW-00015848,Australia
AW-00015849,Canada
AW-00015850,Germany
AW-00015851,NZ
AW-00015852,Canada
AW-00015853,Australia
AW-00015854,Germany
AW-00015855,Australia
AW-00015856,Australia
AW-00015857,Australia
AW-00015858,Australia
AW-00015859,Australia
AW-00015860,France
AW-00015861,France
AW-00015862,Australia
AW-00015863,Australia
AW-00015864,United Kingdom
AW-00015865,Australia
AW-00015866,United Kingdom
AW-00015867,Australia
AW-00015868,Australia
AW-00015869,Germany
AW-00015870,Australia
AW-00015871,United Kingdom
AW-00015872,UK
AW-00015873,Australia
AW-00015874,United States
AW-00015875,Australia
AW-00015876,United States
AW-00015877,United States
AW-00015878,United States
AW-00015879,Australia
AW-00015880,Australia
AW-00015881,Australia
AW-00015882,United States
AW-00015883,France
AW-00015884,Australia
AW-00015885,Australia
AW-00015886,United Kingdom
AW-00015887,United States
AW-00015888,United Kingdom
AW-00015889,Australia
AW-00015890,Australia
AW-00015891,Australia
AW-00015892,Australia
AW-00015893,United Kingdom
AW-00015894,Australia
AW-00015895,Australia
AW-00015896,United States
AW-00015897,New Zealand
AW-00015898,United Kingdom
AW-00015899,Australia
AW-00015900,United Kingdom
AW-00015901,France
AW-00015902,United States
AW-00015903,Canada
AW-00015904,United States
AW-00015905,Australia
AW-00015906,United States
AW-00015907,Australia
AW-00015908,Australia
AW-00015909,Australia
AW-00015910,Germany
AW-00015911,Germany
AW-00015912,Canada
AW-00015913,Australia
AW-00015914,United States
AW-00015915,Australia
AW-00015916,Australia
AW-00015917,New Zealand
AW-00015918,Australia
AW-00015919,Australia
AW-00015920,Canada
AW-00015921,France
AW-00015922,Australia
AW-00015923,Canada
AW-00015924,Australia
AW-00015925,Australia
AW-00015926,United Kingdom
AW-00015927,United Kingdom
AW-00015928,New Zealand
AW-00015929,US
AW-00015930,Australia
AW-00015931,United Kingdom
AW-00015932,Australia
AW-00015933,Germany
AW-00015934,Australia
AW-00015935,United Kingdom
AW-00015936,United Kingdom
AW-00015937,Australia
AW-00015938,United States
AW-00015939,Australia
AW-00015940,United States
AW-00015941,United States
AW-00015942,Australia
AW-00015943,United States
AW-00015944,United States
AW-00015945,AU
AW-00015946,Australia
AW-00015947,Australia
AW-00015948,Australia
AW-00015949,Australia
AW-00015950,United States
AW-00015951,Australia
AW-00015952,Australia
AW-00015953,United States
AW-00015954,Australia
AW-00015955,Australia
AW-00015956,United States
AW-00015957,Australia
AW-00015958,Australia
AW-00015959,Australia
AW-00015960,France
AW-00015961,Australia
AW-00015962,United States
AW-00015963,Australia
AW-00015964,Canada
AW-00015965,Australia
AW-00015966,Australia
AW-00015967,New Zealand
AW-00015968,Canada
AW-00015969,Australia
AW-00015970,Australia
AW-00015971,Australia
AW-00015972,Canada
AW-00015973,Australia
AW-00015974,Australia
AW-00015975,Australia
AW-00015976,Australia
AW-00015977,Germany
AW-00015978,United Kingdom
AW-00015979,United States
AW-00015980,Canada
AW-00015981,Australia
AW-00015982,Australia
AW-00015983,Canada
AW-00015984,United States
AW-00015985,United States
AW-00015986,United States
AW-00015987,Canada
AW-00015988,Australia
AW-00015989,France
AW-00015990,United States
AW-00015991,United Kingdom
AW-00015992,Australia
AW-00015993,Australia
AW-00015994,Australia
AW-00015995,United Kingdom
AW-00015996,Canada
AW-00015997,United States
AW-00015998,Australia
AW-00015999,Australia
AW-00016000,Australia
AW-00016001,United States
AW-00016002,Australia
AW-00016003,United States
AW-00016004,Australia
AW-00016005,Australia
AW-00016006,New Zealand
AW-00016007,Australia
AW-00016008,Australia
AW-00016009,United States
AW-00016010,United Kingdom
AW-00016011,Australia
AW-00016012,United States
AW-00016013,Australia
AW-00016014,New Zealand
AW-00016015,United States
AW-00016016,Australia
AW-00016017,Germany
AW-00016018,Australia
AW-00016019,Australia
AW-00016020,Australia
AW-00016021,Australia
AW-00016022,Australia
AW-00016023,United States
AW-00016024,Australia
AW-00016025,United States
AW-00016026,Canada
AW-00016027,Australia
AW-00016028,Australia
AW-00016029,Canada
AW-00016030,United Kingdom
AW-00016031,United States
AW-00016032,Australia
AW-00016033,
AW-00016034,Australia
AW-00016035,Australia
AW-00016036,United States
AW-00016037,Canada
AW-00016038,Australia
AW-00016039,France
AW-00016040,Australia
AW-00016041,New Zealand
AW-00016042,United States
AW-00016043,Australia
AW-00016044,Australia
AW-00016045,Australia
AW-00016046,Australia
AW-00016047,Australia
AW-00016048,Australia
AW-00016049,Australia
AW-00016050,United States
AW-00016051,USA
AW-00016052,Australia
AW-00016053,NZ
AW-00016054,US
AW-00016055,United States
AW-00016056,United Kingdom
AW-00016057,Australia
AW-00016058,New Zealand
AW-00016059,New Zealand
AW-00016060,Australia
AW-00016061,United Kingdom
AW-00016062,United States
AW-00016063,Australia
AW-00016064,Australia
AW-00016065,United States
AW-00016066,Australia
AW-00016067,United Kingdom
AW-00016068,Australia
AW-00016069,New Zealand
AW-00016070,United Kingdom
AW-00016071,United States
AW-00016072,Australia
AW-00016073,Australia
AW-00016074,United States
AW-00016075,Australia
AW-00016076,Canada
AW-00016077,United States
AW-00016078,United States
AW-00016079,Australia
AW-00016080,Australia
AW-00016081,United Kingdom
AW-00016082,Australia
AW-00016083,Australia
AW-00016084,New Zealand
AW-00016085,NZ
AW-00016086,Australia
AW-00016087,Australia
AW-00016088,Canada
AW-00016089,United States
AW-00016090,United Kingdom
AW-00016091,Australia
AW-00016092,United States
AW-00016093,Canada
AW-00016094,Australia
AW-00016095,Australia
AW-00016096,Australia
AW-00016097,United States
AW-00016098,United States
AW-00016099,Australia
AW-00016100,New Zealand
AW-00016101,New Zealand
AW-00016102,United Kingdom
AW-00016103,Australia
AW-00016104,United States
AW-00016105,New Zealand
AW-00016106,Canada
AW-00016107,United States
AW-00016108,Australia
AW-00016109,United Kingdom
AW-00016110,United States
AW-00016111,France
AW-00016112,France
AW-00016113,Australia
AW-00016114,United States
AW-00016115,United Kingdom
AW-00016116,Australia
AW-00016117,United Kingdom
AW-00016118,United States
AW-00016119,United States
AW-00016120,United Kingdom
AW-00016121,Australia
AW-00016122,United States
AW-00016123,Australia
AW-00016124,Australia
AW-00016125,United States
AW-00016126,United States
AW-00016127,United States
AW-00016128,
AW-00016129,Australia
AW-00016130,Canada
AW-00016131,Canada
AW-00016132,France
AW-00016133,Australia
AW-00016134,Australia
AW-00016135,Australia
AW-00016136,Australia
AW-00016137,New Zealand
AW-00016138,Australia
AW-00016139,Australia
AW-00016140,Australia
AW-00016141,Australia
AW-00016142,France
AW-00016143,United Kingdom
AW-00016144,United Kingdom
AW-00016145,Australia
AW-00016146,Australia
AW-00016147,Australia
AW-00016148,Australia
AW-00016149,Australia
AW-00016150,Australia
AW-00016151,Australia
AW-00016152,United Kingdom
AW-00016153,United States
AW-00016154,Germany
AW-00016155,United States
AW-00016156,Germany
AW-00016157,United Kingdom
AW-00016158,United States
AW-00016159,United States
AW-00016160,United Kingdom
AW-00016161,Australia
AW-00016162,Canada
AW-00016163,United States
AW-00016164,United States
AW-00016165,
AW-00016166,Australia
AW-00016167,Australia
AW-00016168,Australia
AW-00016169,New Zealand
AW-00016170,Australia
AW-00016171,Australia
AW-00016172,France
AW-00016173,Australia
AW-00016174,United Kingdom
AW-00016175,Australia
AW-00016176,Australia
AW-00016177,Canada
AW-00016178,Australia
AW-00016179,Australia
AW-00016180,United States
AW-00016181,Australia
AW-00016182,Australia
AW-00016183,Australia
AW-00016184,United States
AW-00016185,Australia
AW-00016186,France
AW-00016187,Australia
AW-00016188,Australia
AW-00016189,Australia
AW-00016190,Australia
AW-00016191,United Kingdom
AW-00016192,US
AW-00016193,Australia
AW-00016194,Australia
AW-00016195,France
AW-00016196,United States
AW-00016197,United Kingdom
AW-00016198,United States
AW-00016199,United States
AW-00016200,France
AW-00016201,Canada
AW-00016202,United States
AW-00016203,Australia
AW-00016204,Australia
AW-00016205,United States
AW-00016206,Australia
AW-00016207,Australia
AW-00016208,Australia
AW-00016209,Australia
AW-00016210,Australia
AW-00016211,United States
AW-00016212,Canada
AW-00016213,Canada
AW-00016214,New Zealand
AW-00016215,Germany
AW-00016216,Australia
AW-00016217,Australia
AW-00016218,Australia
AW-00016219,United States
AW-00016220,United States
AW-00016221,United Kingdom
AW-00016222,United States
AW-00016223,Australia
AW-00016224,United States
AW-00016225,Australia
AW-00016226,New Zealand
AW-00016227,Canada
AW-00016228,Australia
AW-00016229,United Kingdom
AW-00016230,Australia
AW-00016231,Australia
AW-00016232,Australia
AW-00016233,AU
AW-00016234,Australia
AW-00016235,Australia
AW-00016236,Australia
AW-00016237,United States
AW-00016238,Germany
AW-00016239,Australia
AW-00016240,Australia
AW-00016241,Canada
AW-00016242,United Kingdom
AW-00016243,Australia
AW-00016244,Australia
AW-00016245,Germany
AW-00016246,Australia
AW-00016247,France
AW-00016248,AU
AW-00016249,United States
AW-00016250,New Zealand
AW-00016251,United Kingdom
AW-00016252,United Kingdom
AW-00016253,France
AW-00016254,New Zealand
AW-00016255,Australia
AW-00016256,United States
AW-00016257,Australia
AW-00016258,Australia
AW-00016259,Canada
AW-00016260,New Zealand
AW-00016261,France
AW-00016262,United States
AW-00016263,United Kingdom
AW-00016264,Canada
AW-00016265,United States
AW-00016266,France
AW-00016267,Australia
AW-00016268,Canada
AW-00016269,France
AW-00016270,United States
AW-00016271,Australia
AW-00016272,Australia
AW-00016273,Australia
AW-00016274,Australia
AW-00016275,Australia
AW-00016276,New Zealand
AW-00016277,Australia
AW-00016278,Canada
AW-00016279,DE
AW-00016280,Germany
AW-00016281,AU
AW-00016282,Australia
AW-00016283,Australia
AW-00016284,Australia
AW-00016285,Australia
AW-00016286,Australia
AW-00016287,Australia
AW-00016288,Germany
AW-00016289,Australia
AW-00016290,New Zealand
AW-00016291,New Zealand
AW-00016292,France
AW-00016293,Germany
AW-00016294,Australia
AW-00016295,Australia
AW-00016296,United Kingdom
AW-00016297,France
AW-00016298,New Zealand
AW-00016299,Australia
AW-00016300,Australia
AW-00016301,Australia
AW-00016302,New Zealand
AW-00016303,Australia
AW-00016304,United Kingdom
AW-00016305,
AW-00016306,New Zealand
AW-00016307,Australia
AW-00016308,Australia
AW-00016309,United Kingdom
AW-00016310,Australia
AW-00016311,Australia
AW-00016312,United States
AW-00016313,Australia
AW-00016314,United Kingdom
AW-00016315,France
AW-00016316,United States
AW-00016317,Australia
AW-00016318,Australia
AW-00016319,United States
AW-00016320,Australia
AW-00016321,Australia
AW-00016322,Australia
AW-00016323,United States
AW-00016324,Australia
AW-00016325,Australia
AW-00016326,United Kingdom
AW-00016327,Australia
AW-00016328,Australia
AW-00016329,Australia
AW-00016330,United Kingdom
AW-00016331,Australia
AW-00016332,New Zealand
AW-00016333,Australia
AW-00016334,Australia
AW-00016335,Canada
AW-00016336,United States
AW-00016337,New Zealand
AW-00016338,Australia
AW-00016339,Germany
AW-00016340,United States
AW-00016341,Australia
AW-00016342,United Kingdom
AW-00016343,DE
AW-00016344,United Kingdom
AW-00016345,Australia
AW-00016346,Australia
AW-00016347,Australia
AW-00016348,Australia
AW-00016349,France
AW-00016350,Australia
AW-00016351,Australia
AW-00016352,New Zealand
AW-00016353,Australia
AW-00016354,Australia
AW-00016355,France
AW-00016356,Germany
AW-00016357,Australia
AW-00016358,Germany
AW-00016359,Australia
AW-00016360,Australia
AW-00016361,Australia
AW-00016362,United Kingdom
AW-00016363,United States
AW-00016364,United States
AW-00016365,Australia
AW-00016366,United Kingdom
AW-00016367,France
AW-00016368,Australia
AW-00016369,Germany
AW-00016370,United States
AW-00016371,United States
AW-00016372,Canada
AW-00016373,Australia
AW-00016374,UK
AW-00016375,Australia
AW-00016376,Australia
AW-00016377,Australia
AW-00016378,DE
AW-00016379,Canada
AW-00016380,AU
AW-00016381,Australia
AW-00016382,United States
AW-00016383,
AW-00016384,Australia
AW-00016385,Australia
AW-00016386,United States
AW-00016387,Australia
AW-00016388,United States
AW-00016389,Australia
AW-00016390,Australia
AW-00016391,Australia
AW-00016392,United States
AW-00016393,United States
AW-00016394,Australia
AW-00016395,United Kingdom
AW-00016396,Germany
AW-00016397,New Zealand
AW-00016398,Australia
AW-00016399,United Kingdom
AW-00016400,Australia
AW-00016401,Australia
AW-00016402,
AW-00016403,Australia
AW-00016404,Canada
AW-00016405,United States
AW-00016406,United States
AW-00016407,New Zealand
AW-00016408,Australia
AW-00016409,United States
AW-00016410,United States
AW-00016411,United States
AW-00016412,Australia
AW-00016413,United Kingdom
AW-00016414,Australia
AW-00016415,Canada
AW-00016416,Australia
AW-00016417,Australia
AW-00016418,UK
AW-00016419,France
AW-00016420,Australia
AW-00016421,Australia
AW-00016422,Australia
AW-00016423,United States
AW-00016424,Australia
AW-00016425,United Kingdom
AW-00016426,Australia
AW-00016427,United Kingdom
AW-00016428,Australia
AW-00016429,United Kingdom
AW-00016430,Australia
AW-00016431,United Kingdom
AW-00016432,United Kingdom
AW-00016433,United Kingdom
AW-00016434,Australia
AW-00016435,Germany
AW-00016436,Australia
AW-00016437,United States
AW-00016438,Australia
AW-00016439,New Zealand
AW-00016440,Australia
AW-00016441,Australia
AW-00016442,United States
AW-00016443,Australia
AW-00016444,Australia
AW-00016445,USA
AW-00016446,United States
AW-00016447,Australia
AW-00016448,France
AW-00016449,United States
AW-00016450,France
AW-00016451,France
AW-00016452,Australia
AW-00016453,Australia
AW-00016454,United Kingdom
AW-00016455,Canada
AW-00016456,Australia
AW-00016457,NZ
AW-00016458,Australia
AW-00016459,Australia
AW-00016460,Australia
AW-00016461,United States
AW-00016462,United States
AW-00016463,DE
AW-00016464,United States
AW-00016465,United Kingdom
AW-00016466,Germany
AW-00016467,Australia
AW-00016468,Australia
AW-00016469,United Kingdom
AW-00016470,Canada
AW-00016471,Australia
AW-00016472,United Kingdom
AW-00016473,Australia
AW-00016474,Australia
AW-00016475,Australia
AW-00016476,Australia
AW-00016477,Australia
AW-00016478,Australia
AW-00016479,Australia
AW-00016480,Australia
AW-00016481,Australia
AW-00016482,Australia
AW-00016483,United States
AW-00016484,Australia
AW-00016485,United Kingdom
AW-00016486,United States
AW-00016487,Canada
AW-00016488,United Kingdom
AW-00016489,United States
AW-00016490,Australia
AW-00016491,New Zealand
AW-00016492,Australia
AW-00016493,United States
AW-00016494,Australia
AW-00016495,Australia
AW-00016496,United Kingdom
AW-00016497,USA
AW-00016498,Germany
AW-00016499,Australia
AW-00016500,France
AW-00016501,Canada
AW-00016502,New Zealand
AW-00016503,United States
AW-00016504,Australia
AW-00016505,Australia
AW-00016506,Australia
AW-00016507,New Zealand
AW-00016508,Australia
AW-00016509,New Zealand
AW-00016510,Australia
AW-00016511,Australia
AW-00016512,United Kingdom
AW-00016513,Australia
AW-00016514,United Kingdom
AW-00016515,Australia
AW-00016516,United Kingdom
AW-00016517,Australia
AW-00016518,United States
AW-00016519,Canada
AW-00016520,Australia
AW-00016521,France
AW-00016522,United States
AW-00016523,France
AW-00016524,Australia
AW-00016525,Australia
AW-00016526,Australia
AW-00016527,United Kingdom
AW-00016528,United States
AW-00016529,France
AW-00016530,United States
AW-00016531,United Kingdom
AW-00016532,Australia
AW-00016533,Australia
AW-00016534,Australia
AW-00016535,United States
AW-00016536,Australia
AW-00016537,Australia
AW-00016538,United Kingdom
AW-00016539,Australia
AW-00016540,France
AW-00016541,United States
AW-00016542,United States
AW-00016543,Australia
AW-00016544,Australia
AW-00016545,United States
AW-00016546,United States
AW-00016547,USA
AW-00016548,Australia
AW-00016549,Canada
AW-00016550,Canada
AW-00016551,United States
AW-00016552,New Zealand
AW-00016553,United States
AW-00016554,United Kingdom
AW-00016555,United States
AW-00016556,Australia
AW-00016557,France
AW-00016558,Australia
AW-00016559,AU
AW-00016560,
AW-00016561,New Zealand
AW-00016562,Australia
AW-00016563,Australia
AW-00016564,AU
AW-00016565,Australia
AW-00016566,France
AW-00016567,Canada
AW-00016568,United Kingdom
AW-00016569,United States
AW-00016570,Australia
AW-00016571,AU
AW-00016572,Australia
AW-00016573,Australia
AW-00016574,Canada
AW-00016575,United States
AW-00016576,Australia
AW-00016577,Australia
AW-00016578,United States
AW-00016579,Australia
AW-00016580,Australia
AW-00016581,Canada
AW-00016582,Australia
AW-00016583,Australia
AW-00016584,United States
AW-00016585,Australia
AW-00016586,Australia
AW-00016587,Australia
AW-00016588,Australia
AW-00016589,France
AW-00016590,Australia
AW-00016591,Australia
AW-00016592,France
AW-00016593,Australia
AW-00016594,Australia
AW-00016595,NZ
AW-00016596,United States
AW-00016597,United States
AW-00016598,Australia
AW-00016599,Australia
AW-00016600,New Zealand
AW-00016601,France
AW-00016602,Australia
AW-00016603,Australia
AW-00016604,United States
AW-00016605,Australia
AW-00016606,Canada
AW-00016607,Australia
AW-00016608,United States
AW-00016609,Canada
AW-00016610,Australia
AW-00016611,Australia
AW-00016612,Australia
AW-00016613,Canada
AW-00016614,United Kingdom
AW-00016615,Australia
AW-00016616,Germany
AW-00016617,Australia
AW-00016618,Australia
AW-00016619,New Zealand
AW-00016620,Canada
AW-00016621,Australia
AW-00016622,Canada
AW-00016623,United States
AW-00016624,Australia
AW-00016625,Australia
AW-00016626,New Zealand
AW-00016627,New Zealand
AW-00016628,Canada
AW-00016629,Canada
AW-00016630,Canada
AW-00016631,Australia
AW-00016632,Australia
AW-00016633,Australia
AW-00016634,Germany
AW-00016635,Australia
AW-00016636,Australia
AW-00016637,New Zealand
AW-00016638,Canada
AW-00016639,New Zealand
AW-00016640,New Zealand
AW-00016641,United States
AW-00016642,Australia
AW-00016643,United States
AW-00016644,New Zealand
AW-00016645,United States
AW-00016646,United States
AW-00016647,Australia
AW-00016648,Australia
AW-00016649,Australia
AW-00016650,Canada
AW-00016651,United States
AW-00016652,United Kingdom
AW-00016653,Australia
AW-00016654,United Kingdom
AW-00016655,United Kingdom
AW-00016656,Australia
AW-00016657,Australia
AW-00016658,Australia
AW-00016659,Australia
AW-00016660,United States
AW-00016661,United States
AW-00016662,Australia
AW-00016663,United States
AW-00016664,United States
AW-00016665,UK
AW-00016666,Australia
AW-00016667,United States
AW-00016668,Australia
AW-00016669,France
AW-00016670,United Kingdom
AW-00016671,New Zealand
AW-00016672,Australia
AW-00016673,Australia
AW-00016674,Australia
AW-00016675,Australia
AW-00016676,Australia
AW-00016677,Australia
AW-00016678,Australia
AW-00016679,Canada
AW-00016680,United States
AW-00016681,Australia
AW-00016682,Australia
AW-00016683,Australia
AW-00016684,Australia
AW-00016685,United Kingdom
AW-00016686,United States
AW-00016687,Australia
AW-00016688,Australia
AW-00016689,Canada
AW-00016690,Canada
AW-00016691,United States
AW-00016692,New Zealand
AW-00016693,United States
AW-00016694,New Zealand
AW-00016695,Australia
AW-00016696,US
AW-00016697,United States
AW-00016698,United Kingdom
AW-00016699,Australia
AW-00016700,Australia
AW-00016701,Australia
AW-00016702,Australia
AW-00016703,Australia
AW-00016704,United States
AW-00016705,Australia
AW-00016706,United States
AW-00016707,Australia
AW-00016708,Australia
AW-00016709,Australia
AW-00016710,Australia
AW-00016711,United States
AW-00016712,Germany
AW-00016713,United Kingdom
AW-00016714,Australia
AW-00016715,Australia
AW-00016716,Australia
AW-00016717,Australia
AW-00016718,Australia
AW-00016719,Australia
AW-00016720,United States
AW-00016721,Australia
AW-00016722,United States
AW-00016723,United States
AW-00016724,Canada
AW-00016725,US
AW-00016726,United States
AW-00016727,Australia
AW-00016728,New Zealand
AW-00016729,New Zealand
AW-00016730,
AW-00016731,Australia
AW-00016732,AU
AW-00016733,Australia
AW-00016734,Australia
AW-00016735,United States
AW-00016736,Australia
AW-00016737,New Zealand
AW-00016738,New Zealand
AW-00016739,United States
AW-00016740,United States
AW-00016741,Australia
AW-00016742,Australia
AW-00016743,New Zealand
AW-00016744,United States
AW-00016745,United States
AW-00016746,Canada
AW-00016747,Germany
AW-00016748,Germany
AW-00016749,Canada
AW-00016750,AU
AW-00016751,Australia
AW-00016752,United States
AW-00016753,Australia
AW-00016754,Australia
AW-00016755,Australia
AW-00016756,Australia
AW-00016757,Australia
AW-00016758,Australia
AW-00016759,Australia
AW-00016760,Australia
AW-00016761,Australia
AW-00016762,New Zealand
AW-00016763,United States
AW-00016764,Australia
AW-00016765,Canada
AW-00016766,New Zealand
AW-00016767,UK
AW-00016768,Australia
AW-00016769,Australia
AW-00016770,Australia
AW-00016771,Australia
AW-00016772,Australia
AW-00016773,Germany
AW-00016774,France
AW-00016775,Australia
AW-00016776,United States
AW-00016777,Canada
AW-00016778,Australia
AW-00016779,United States
AW-00016780,Australia
AW-00016781,Australia
AW-00016782,Australia
AW-00016783,Australia
AW-00016784,United Kingdom
AW-00016785,Australia
AW-00016786,UK
AW-00016787,Australia
AW-00016788,Australia
AW-00016789,France
AW-00016790,Australia
AW-00016791,Australia
AW-00016792,France
AW-00016793,Germany
AW-00016794,Australia
AW-00016795,Australia
AW-00016796,United Kingdom
AW-00016797,United States
AW-00016798,Australia
AW-00016799,Australia
AW-00016800,Germany
AW-00016801,Australia
AW-00016802,United Kingdom
AW-00016803,Australia
AW-00016804,Australia
AW-00016805,United States
AW-00016806,Australia
AW-00016807,United Kingdom
AW-00016808,United States
AW-00016809,Australia
AW-00016810,Germany
AW-00016811,Australia
AW-00016812,United States
AW-00016813,Australia
AW-00016814,Australia
AW-00016815,United Kingdom
AW-00016816,Australia
AW-00016817,United States
AW-00016818,AU
AW-00016819,Canada
AW-00016820,United States
AW-00016821,Australia
AW-00016822,Australia
AW-00016823,Australia
AW-00016824,United States
AW-00016825,United Kingdom
AW-00016826,New Zealand
AW-00016827,Australia
AW-00016828,Australia
AW-00016829,Australia
AW-00016830,New Zealand
AW-00016831,Australia
AW-00016832,Australia
AW-00016833,Australia
AW-00016834,Canada
AW-00016835,United States
AW-00016836,New Zealand
AW-00016837,France
AW-00016838,France
AW-00016839,Australia
AW-00016840,France
AW-00016841,France
AW-00016842,United States
AW-00016843,Australia
AW-00016844,Australia
AW-00016845,Germany
AW-00016846,United States
AW-00016847,United States
AW-00016848,Canada
AW-00016849,Australia
AW-00016850,United States
AW-00016851,Australia
AW-00016852,Australia
AW-00016853,Australia
AW-00016854,United Kingdom
AW-00016855,Australia
AW-00016856,Australia
AW-00016857,US
AW-00016858,Australia
AW-00016859,New Zealand
AW-00016860,Canada
AW-00016861,Germany
AW-00016862,
AW-00016863,United States
AW-00016864,Germany
AW-00016865,United Kingdom
AW-00016866,Australia
AW-00016867,Australia
AW-00016868,Australia
AW-00016869,New Zealand
AW-00016870,Australia
AW-00016871,United States
AW-00016872,Australia
AW-00016873,New Zealand
AW-00016874,United States
AW-00016875,United States
AW-00016876,NZ
AW-00016877,United States
AW-00016878,Germany
AW-00016879,Canada
AW-00016880,France
AW-00016881,Australia
AW-00016882,United States
AW-00016883,United Kingdom
AW-00016884,United Kingdom
AW-00016885,United Kingdom
AW-00016886,Australia
AW-00016887,Australia
AW-00016888,Australia
AW-00016889,Australia
AW-00016890,New Zealand
AW-00016891,New Zealand
AW-00016892,Australia
AW-00016893,Australia
AW-00016894,United Kingdom
AW-00016895,Australia
AW-00016896,Australia
AW-00016897,United Kingdom
AW-00016898,France
AW-00016899,United States
AW-00016900,United States
AW-00016901,France
AW-00016902,United States
AW-00016903,Australia
AW-00016904,Australia
AW-00016905,Australia
AW-00016906,NZ
AW-00016907,Germany
AW-00016908,France
AW-00016909,United Kingdom
AW-00016910,Australia
AW-00016911,DE
AW-00016912,Australia
AW-00016913,United States
AW-00016914,Australia
AW-00016915,United Kingdom
AW-00016916,Germany
AW-00016917,United States
AW-00016918,Australia
AW-00016919,USA
AW-00016920,Australia
AW-00016921,France
AW-00016922,New Zealand
AW-00016923,United States
AW-00016924,United States
AW-00016925,Canada
AW-00016926,Australia
AW-00016927,Australia
AW-00016928,France
AW-00016929,Germany
AW-00016930,Canada
AW-00016931,US
AW-00016932,United Kingdom
AW-00016933,United States
AW-00016934,Canada
AW-00016935,France
AW-00016936,Australia
AW-00016937,Australia
AW-00016938,Australia
AW-00016939,United Kingdom
AW-00016940,United Kingdom
AW-00016941,Australia
AW-00016942,Australia
AW-00016943,Australia
AW-00016944,Germany
AW-00016945,United Kingdom
AW-00016946,Australia
AW-00016947,Australia
AW-00016948,Australia
AW-00016949,United Kingdom
AW-00016950,Australia
AW-00016951,Australia
AW-00016952,Germany
AW-00016953,Australia
AW-00016954,France
AW-00016955,United States
AW-00016956,United States
AW-00016957,USA
AW-00016958,Australia
AW-00016959,United States
AW-00016960,Canada
AW-00016961,
AW-00016962,Australia
AW-00016963,Canada
AW-00016964,Australia
AW-00016965,United States
AW-00016966,United States
AW-00016967,Australia
AW-00016968,Canada
AW-00016969,DE
AW-00016970,Canada
AW-00016971,Australia
AW-00016972,Australia
AW-00016973,United States
AW-00016974,Germany
AW-00016975,United States
AW-00016976,Australia
AW-00016977,United States
AW-00016978,Australia
AW-00016979,Australia
AW-00016980,Australia
AW-00016981,Australia
AW-00016982,
AW-00016983,Canada
AW-00016984,United Kingdom
AW-00016985,Australia
AW-00016986,Australia
AW-00016987,Australia
AW-00016988,Australia
AW-00016989,Australia
AW-00016990,Australia
AW-00016991,Canada
AW-00016992,Germany
AW-00016993,United States
AW-00016994,Australia
AW-00016995,Australia
AW-00016996,United States
AW-00016997,Australia
AW-00016998,United States
AW-00016999,Australia
AW-00017000,Australia
AW-00017001,Australia
AW-00017002,Australia
AW-00017003,United Kingdom
AW-00017004,Australia
AW-00017005,Canada
AW-00017006,France
AW-00017007,Australia
AW-00017008,Australia
AW-00017009,Canada
AW-00017010,France
AW-00017011,United States
AW-00017012,Australia
AW-00017013,Australia
AW-00017014,Australia
AW-00017015,United States
AW-00017016,New Zealand
AW-00017017,Australia
AW-00017018,Australia
AW-00017019,Australia
AW-00017020,United States
AW-00017021,Australia
AW-00017022,Australia
AW-00017023,Australia
AW-00017024,Germany
AW-00017025,United Kingdom
AW-00017026,Australia
AW-00017027,Australia
AW-00017028,Australia
AW-00017029,United Kingdom
AW-00017030,Germany
AW-00017031,United States
AW-00017032,New Zealand
AW-00017033,Canada
AW-00017034,Canada
AW-00017035,United States
AW-00017036,AU
AW-00017037,Australia
AW-00017038,Australia
AW-00017039,Australia
AW-00017040,USA
AW-00017041,Australia
AW-00017042,Australia
AW-00017043,Australia
AW-00017044,Australia
AW-00017045,Australia
AW-00017046,France
AW-00017047,Australia
AW-00017048,Australia
AW-00017049,Australia
AW-00017050,Australia
AW-00017051,Australia
AW-00017052,Germany
AW-00017053,United Kingdom
AW-00017054,United States
AW-00017055,New Zealand
AW-00017056,New Zealand
AW-00017057,Australia
AW-00017058,Australia
AW-00017059,Australia
AW-00017060,France
AW-00017061,Australia
AW-00017062,Canada
AW-00017063,Australia
AW-00017064,Australia
AW-00017065,New Zealand
AW-00017066,Australia
AW-00017067,Australia
AW-00017068,Australia
AW-00017069,Australia
AW-00017070,Australia
AW-00017071,Australia
AW-00017072,Australia
AW-00017073,Australia
AW-00017074,Australia
AW-00017075,United States
AW-00017076,New Zealand
AW-00017077,Australia
AW-00017078,Australia
AW-00017079,Australia
AW-00017080,Canada
AW-00017081,Australia
AW-00017082,Australia
AW-00017083,USA
AW-00017084,Australia
AW-00017085,AU
AW-00017086,Australia
AW-00017087,DE
AW-00017088,United States
AW-00017089,Australia
AW-00017090,United States
AW-00017091,Australia
AW-00017092,United States
AW-00017093,Australia
AW-00017094,Australia
AW-00017095,Australia
AW-00017096,Germany
AW-00017097,Australia
AW-00017098,Australia
AW-00017099,Germany
AW-00017100,Australia
AW-00017101,United Kingdom
AW-00017102,AU
AW-00017103,
AW-00017104,USA
AW-00017105,United Kingdom
AW-00017106,New Zealand
AW-00017107,United States
AW-00017108,France
AW-00017109,Australia
AW-00017110,Australia
AW-00017111,United States
AW-00017112,Australia
AW-00017113,United Kingdom
AW-00017114,Australia
AW-00017115,United States
AW-00017116,United States
AW-00017117,France
AW-00017118,Germany
AW-00017119,Australia
AW-00017120,New Zealand
AW-00017121,Australia
AW-00017122,
AW-00017123,United Kingdom
AW-00017124,United States
AW-00017125,United Kingdom
AW-00017126,United Kingdom
AW-00017127,United States
AW-00017128,New Zealand
AW-00017129,Australia
AW-00017130,Australia
AW-00017131,United States
AW-00017132,New Zealand
AW-00017133,United States
AW-00017134,Australia
AW-00017135,Australia
AW-00017136,Australia
AW-00017137,Australia
AW-00017138,Canada
AW-00017139,United States
AW-00017140,Australia
AW-00017141,Australia
AW-00017142,United Kingdom
AW-00017143,Australia
AW-00017144,Australia
AW-00017145,United States
AW-00017146,Australia
AW-00017147,Australia
AW-00017148,Australia
AW-00017149,New Zealand
AW-00017150,Australia
AW-00017151,Australia
AW-00017152,Australia
AW-00017153,Australia
AW-00017154,Australia
AW-00017155,Germany
AW-00017156,Australia
AW-00017157,New Zealand
AW-00017158,Australia
AW-00017159,United States
AW-00017160,Australia
AW-00017161,Australia
AW-00017162,NZ
AW-00017163,Australia
AW-00017164,France
AW-00017165,New Zealand
AW-00017166,United Kingdom
AW-00017167,France
AW-00017168,Canada
AW-00017169,Australia
AW-00017170,Australia
AW-00017171,DE
AW-00017172,United States
AW-00017173,United States
AW-00017174,New Zealand
AW-00017175,United States
AW-00017176,Australia
AW-00017177,United Kingdom
AW-00017178,United Kingdom
AW-00017179,Australia
AW-00017180,Australia
AW-00017181,United Kingdom
AW-00017182,Australia
AW-00017183,Australia
AW-00017184,United States
AW-00017185,Australia
AW-00017186,France
AW-00017187,New Zealand
AW-00017188,Australia
AW-00017189,Australia
AW-00017190,Australia
AW-00017191,United States
AW-00017192,United Kingdom
AW-00017193,Australia
AW-00017194,United States
AW-00017195,United States
AW-00017196,United States
AW-00017197,Canada
AW-00017198,Australia
AW-00017199,Australia
AW-00017200,United States
AW-00017201,Australia
AW-00017202,Australia
AW-00017203,Australia
AW-00017204,France
AW-00017205,United States
AW-00017206,United States
AW-00017207,France
AW-00017208,Australia
AW-00017209,United States
AW-00017210,New Zealand
AW-00017211,Australia
AW-00017212,AU
AW-00017213,United States
AW-00017214,United Kingdom
AW-00017215,Germany
AW-00017216,United Kingdom
AW-00017217,United States
AW-00017218,Australia
AW-00017219,Australia
AW-00017220,Australia
AW-00017221,Canada
AW-00017222,Australia
AW-00017223,Canada
AW-00017224,Australia
AW-00017225,France
AW-00017226,United States
AW-00017227,United States
AW-00017228,Australia
AW-00017229,Australia
AW-00017230,United States
AW-00017231,Australia
AW-00017232,Australia
AW-00017233,Australia
AW-00017234,Australia
AW-00017235,US
AW-00017236,Australia
AW-00017237,Australia
AW-00017238,Australia
AW-00017239,Australia
AW-00017240,Germany
AW-00017241,Australia
AW-00017242,Australia
AW-00017243,United States
AW-00017244,Australia
AW-00017245,United States
AW-00017246,United Kingdom
AW-00017247,United States
AW-00017248,Australia
AW-00017249,France
AW-00017250,Australia
AW-00017251,New Zealand
AW-00017252,Australia
AW-00017253,Australia
AW-00017254,United States
AW-00017255,Australia
AW-00017256,United Kingdom
AW-00017257,AU
AW-00017258,US
AW-00017259,Australia
AW-00017260,Australia
AW-00017261,France
AW-00017262,Australia
AW-00017263,Canada
AW-00017264,United States
AW-00017265,Australia
AW-00017266,Australia
AW-00017267,United States
AW-00017268,Canada
AW-00017269,Australia
AW-00017270,United States
AW-00017271,New Zealand
AW-00017272,United States
AW-00017273,Australia
AW-00017274,Australia
AW-00017275,UK
AW-00017276,Australia
AW-00017277,Australia
AW-00017278,United Kingdom
AW-00017279,USA
AW-00017280,Australia
AW-00017281,United States
AW-00017282,Canada
AW-00017283,New Zealand
AW-00017284,United Kingdom
AW-00017285,Australia
AW-00017286,United States
AW-00017287,Germany
AW-00017288,Germany
AW-00017289,Australia
AW-00017290,United Kingdom
AW-00017291,United States
AW-00017292,United States
AW-00017293,France
AW-00017294,United States
AW-00017295,Australia
AW-00017296,Australia
AW-00017297,United States
AW-00017298,Canada
AW-00017299,UK
AW-00017300,Germany
AW-00017301,Australia
AW-00017302,United Kingdom
AW-00017303,Australia
AW-00017304,Australia
AW-00017305,Australia
AW-00017306,
AW-00017307,Australia
AW-00017308,Australia
AW-00017309,United States
AW-00017310,Australia
AW-00017311,Australia
AW-00017312,United Kingdom
AW-00017313,Australia
AW-00017314,Australia
AW-00017315,Australia
AW-00017316,Australia
AW-00017317,United States
AW-00017318,Australia
AW-00017319,Australia
AW-00017320,Australia
AW-00017321,New Zealand
AW-00017322,Australia
AW-00017323,Australia
AW-00017324,Australia
AW-00017325,Australia
AW-00017326,DE
AW-00017327,United States
AW-00017328,France
AW-00017329,Germany
AW-00017330,Canada
AW-00017331,Australia
AW-00017332,Canada
AW-00017333,United States
AW-00017334,United Kingdom
AW-00017335,Australia
AW-00017336,USA
AW-00017337,Australia
AW-00017338,United Kingdom
AW-00017339,United States
AW-00017340,United Kingdom
AW-00017341,UK
AW-00017342,United States
AW-00017343,United States
AW-00017344,United States
AW-00017345,
AW-00017346,Canada
AW-00017347,Australia
AW-00017348,Australia
AW-00017349,United States
AW-00017350,United States
AW-00017351,Australia
AW-00017352,Australia
AW-00017353,US
AW-00017354,Germany
AW-00017355,Australia
AW-00017356,Germany
AW-00017357,Australia
AW-00017358,United States
AW-00017359,Australia
AW-00017360,Australia
AW-00017361,Australia
AW-00017362,France
AW-00017363,Australia
AW-00017364,United Kingdom
AW-00017365,Canada
AW-00017366,United States
AW-00017367,New Zealand
AW-00017368,Canada
AW-00017369,Australia
AW-00017370,United States
AW-00017371,Australia
AW-00017372,Australia
AW-00017373,Australia
AW-00017374,Australia
AW-00017375,Australia
AW-00017376,Australia
AW-00017377,Australia
AW-00017378,Australia
AW-00017379,Australia
AW-00017380,Australia
AW-00017381,New Zealand
AW-00017382,New Zealand
AW-00017383,Australia
AW-00017384,Germany
AW-00017385,Australia
AW-00017386,United States
AW-00017387,Australia
AW-00017388,Australia
AW-00017389,United Kingdom
AW-00017390,Australia
AW-00017391,Australia
AW-00017392,United States
AW-00017393,Australia
AW-00017394,Canada
AW-00017395,USA
AW-00017396,United States
AW-00017397,United States
AW-00017398,France
AW-00017399,France
AW-00017400,Australia
AW-00017401,France
AW-00017402,Australia
AW-00017403,Australia
AW-00017404,Australia
AW-00017405,Australia
AW-00017406,New Zealand
AW-00017407,Australia
AW-00017408,Canada
AW-00017409,Australia
AW-00017410,Canada
AW-00017411,United Kingdom
AW-00017412,Australia
AW-00017413,United States
AW-00017414,Canada
AW-00017415,United States
AW-00017416,United States
AW-00017417,Australia
AW-00017418,UK
AW-00017419,New Zealand
AW-00017420,Canada
AW-00017421,United Kingdom
AW-00017422,Australia
AW-00017423,New Zealand
AW-00017424,New Zealand
AW-00017425,Australia
AW-00017426,Australia
AW-00017427,Australia
AW-00017428,United States
AW-00017429,United Kingdom
AW-00017430,Australia
AW-00017431,France
AW-00017432,France
AW-00017433,Australia
AW-00017434,United Kingdom
AW-00017435,Canada
AW-00017436,United States
AW-00017437,
AW-00017438,United Kingdom
AW-00017439,Australia
AW-00017440,Australia
AW-00017441,United States
AW-00017442,Canada
AW-00017443,Australia
AW-00017444,Australia
AW-00017445,NZ
AW-00017446,United States
AW-00017447,United States
AW-00017448,Australia
AW-00017449,Australia
AW-00017450,Germany
AW-00017451,Australia
AW-00017452,United States
AW-00017453,United States
AW-00017454,France
AW-00017455,United States
AW-00017456,United States
AW-00017457,United Kingdom
AW-00017458,New Zealand
AW-00017459,Australia
AW-00017460,United Kingdom
AW-00017461,Australia
AW-00017462,United States
AW-00017463,United States
AW-00017464,United States
AW-00017465,United States
AW-00017466,Australia
AW-00017467,Australia
AW-00017468,Australia
AW-00017469,USA
AW-00017470,United Kingdom
AW-00017471,Australia
AW-00017472,Australia
AW-00017473,Australia
AW-00017474,United States
AW-00017475,Australia
AW-00017476,United States
AW-00017477,Canada
AW-00017478,Canada
AW-00017479,New Zealand
AW-00017480,Australia
AW-00017481,Australia
AW-00017482,France
AW-00017483,Australia
AW-00017484,United States
AW-00017485,
AW-00017486,Australia
AW-00017487,United Kingdom
AW-00017488,United Kingdom
AW-00017489,Australia
AW-00017490,Germany
AW-00017491,Australia
AW-00017492,Australia
AW-00017493,Australia
AW-00017494,Australia
AW-00017495,US
AW-00017496,United States
AW-00017497,Australia
AW-00017498,Australia
AW-00017499,Australia
AW-00017500,United States
AW-00017501,United States
AW-00017502,Australia
AW-00017503,Australia
AW-00017504,Australia
AW-00017505,United Kingdom
AW-00017506,New Zealand
AW-00017507,Canada
AW-00017508,Australia
AW-00017509,Australia
AW-00017510,Australia
AW-00017511,United States
AW-00017512,New Zealand
AW-00017513,Australia
AW-00017514,United States
AW-00017515,New Zealand
AW-00017516,Australia
AW-00017517,France
AW-00017518,New Zealand
AW-00017519,United States
AW-00017520,United Kingdom
AW-00017521,Canada
AW-00017522,Australia
AW-00017523,Australia
AW-00017524,Australia
AW-00017525,Australia
AW-00017526,Australia
AW-00017527,Australia
AW-00017528,Australia
AW-00017529,Australia
AW-00017530,United States
AW-00017531,Australia
AW-00017532,United Kingdom
AW-00017533,Canada
AW-00017534,Germany
AW-00017535,Australia
AW-00017536,Australia
AW-00017537,Australia
AW-00017538,Australia
AW-00017539,Canada
AW-00017540,Australia
AW-00017541,United Kingdom
AW-00017542,Australia
AW-00017543,Australia
AW-00017544,Australia
AW-00017545,United Kingdom
AW-00017546,Australia
AW-00017547,United Kingdom
AW-00017548,United Kingdom
AW-00017549,France
AW-00017550,Germany
AW-00017551,Australia
AW-00017552,Australia
AW-00017553,United Kingdom
AW-00017554,Germany
AW-00017555,New Zealand
AW-00017556,Australia
AW-00017557,Australia
AW-00017558,New Zealand
AW-00017559,United Kingdom
AW-00017560,Australia
AW-00017561,United States
AW-00017562,New Zealand
AW-00017563,United Kingdom
AW-00017564,Australia
AW-00017565,United States
AW-00017566,Australia
AW-00017567,Australia
AW-00017568,United States
AW-00017569,Australia
AW-00017570,Australia
AW-00017571,Australia
AW-00017572,Australia
AW-00017573,Germany
AW-00017574,Australia
AW-00017575,France
AW-00017576,United Kingdom
AW-00017577,United Kingdom
AW-00017578,United Kingdom
AW-00017579,Australia
AW-00017580,Australia
AW-00017581,Australia
AW-00017582,Australia
AW-00017583,Australia
AW-00017584,United States
AW-00017585,New Zealand
AW-00017586,Australia
AW-00017587,Australia
AW-00017588,Australia
AW-00017589,DE
AW-00017590,Australia
AW-00017591,AU
AW-00017592,United Kingdom
AW-00017593,Australia
AW-00017594,Australia
AW-00017595,Australia
AW-00017596,
AW-00017597,Germany
AW-00017598,Australia
AW-00017599,Australia
AW-00017600,New Zealand
AW-00017601,United States
AW-00017602,Australia
AW-00017603,Australia
AW-00017604,Germany
AW-00017605,Australia
AW-00017606,United States
AW-00017607,Canada
AW-00017608,Australia
AW-00017609,France
AW-00017610,USA
AW-00017611,New Zealand
AW-00017612,New Zealand
AW-00017613,United Kingdom
AW-00017614,New Zealand
AW-00017615,Australia
AW-00017616,United States
AW-00017617,Australia
AW-00017618,Australia
AW-00017619,New Zealand
AW-00017620,United States
AW-00017621,Australia
AW-00017622,United States
AW-00017623,New Zealand
AW-00017624,United Kingdom
AW-00017625,France
AW-00017626,Canada
AW-00017627,Germany
AW-00017628,Canada
AW-00017629,Canada
AW-00017630,Australia
AW-00017631,Australia
AW-00017632,Germany
AW-00017633,USA
AW-00017634,United Kingdom
AW-00017635,United Kingdom
AW-00017636,Australia
AW-00017637,Australia
AW-00017638,United Kingdom
AW-00017639,United States
AW-00017640,Australia
AW-00017641,Australia
AW-00017642,Australia
AW-00017643,United States
AW-00017644,United Kingdom
AW-00017645,
AW-00017646,France
AW-00017647,
AW-00017648,Australia
AW-00017649,Australia
AW-00017650,Australia
AW-00017651,Australia
AW-00017652,Australia
AW-00017653,Australia
AW-00017654,Australia
AW-00017655,United States
AW-00017656,Canada
AW-00017657,Canada
AW-00017658,United Kingdom
AW-00017659,United Kingdom
AW-00017660,Australia
AW-00017661,DE
AW-00017662,United States
AW-00017663,Australia
AW-00017664,Germany
AW-00017665,Australia
AW-00017666,Australia
AW-00017667,United Kingdom
AW-00017668,Australia
AW-00017669,Australia
AW-00017670,United States
AW-00017671,US
AW-00017672,Australia
AW-00017673,Australia
AW-00017674,United Kingdom
AW-00017675,United States
AW-00017676,United Kingdom
AW-00017677,Australia
AW-00017678,Australia
AW-00017679,United States
AW-00017680,Australia
AW-00017681,United States
AW-00017682,Australia
AW-00017683,United Kingdom
AW-00017684,Australia
AW-00017685,UK
AW-00017686,Australia
AW-00017687,Canada
AW-00017688,Canada
AW-00017689,Australia
AW-00017690,United States
AW-00017691,Australia
AW-00017692,Australia
AW-00017693,United States
AW-00017694,United States
AW-00017695,United States
AW-00017696,United States
AW-00017697,Australia
AW-00017698,Australia
AW-00017699,Australia
AW-00017700,Germany
AW-00017701,Australia
AW-00017702,Australia
AW-00017703,United States
AW-00017704,Australia
AW-00017705,Australia
AW-00017706,Australia
AW-00017707,Australia
AW-00017708,Australia
AW-00017709,Australia
AW-00017710,Australia
AW-00017711,New Zealand
AW-00017712,Australia
AW-00017713,United States
AW-00017714,Australia
AW-00017715,Germany
AW-00017716,Australia
AW-00017717,United Kingdom
AW-00017718,Australia
AW-00017719,Australia
AW-00017720,United States
AW-00017721,Australia
AW-00017722,Australia
AW-00017723,Australia
AW-00017724,Australia
AW-00017725,Australia
AW-00017726,Canada
AW-00017727,Canada
AW-00017728,Australia
AW-00017729,Canada
AW-00017730,United States
AW-00017731,United Kingdom
AW-00017732,Australia
AW-00017733,Australia
AW-00017734,Germany
AW-00017735,Australia
AW-00017736,Australia
AW-00017737,Canada
AW-00017738,United Kingdom
AW-00017739,United Kingdom
AW-00017740,United States
AW-00017741,Australia
AW-00017742,Australia
AW-00017743,United Kingdom
AW-00017744,Australia
AW-00017745,Australia
AW-00017746,Australia
AW-00017747,Australia
AW-00017748,United Kingdom
AW-00017749,Australia
AW-00017750,Australia
AW-00017751,New Zealand
AW-00017752,Australia
AW-00017753,France
AW-00017754,Canada
AW-00017755,Australia
AW-00017756,Australia
AW-00017757,Australia
AW-00017758,Australia
AW-00017759,Australia
AW-00017760,United States
AW-00017761,Australia
AW-00017762,Australia
AW-00017763,United States
AW-00017764,United States
AW-00017765,Australia
AW-00017766,New Zealand
AW-00017767,Germany
AW-00017768,United States
AW-00017769,United Kingdom
AW-00017770,France
AW-00017771,Canada
AW-00017772,United Kingdom
AW-00017773,Germany
AW-00017774,Australia
AW-00017775,United States
AW-00017776,Australia
AW-00017777,Australia
AW-00017778,Australia
AW-00017779,Australia
AW-00017780,United States
AW-00017781,New Zealand
AW-00017782,Australia
AW-00017783,Australia
AW-00017784,United Kingdom
AW-00017785,Australia
AW-00017786,Australia
AW-00017787,Canada
AW-00017788,New Zealand
AW-00017789,Australia
AW-00017790,Australia
AW-00017791,United States
AW-00017792,Germany
AW-00017793,United States
AW-00017794,Australia
AW-00017795,New Zealand
AW-00017796,Australia
AW-00017797,Australia
AW-00017798,United Kingdom
AW-00017799,Australia
AW-00017800,United States
AW-00017801,Australia
AW-00017802,Australia
AW-00017803,Australia
AW-00017804,Australia
AW-00017805,DE
AW-00017806,Australia
AW-00017807,Germany
AW-00017808,United States
AW-00017809,United States
AW-00017810,Canada
AW-00017811,United Kingdom
AW-00017812,France
AW-00017813,United Kingdom
AW-00017814,United Kingdom
AW-00017815,Canada
AW-00017816,Australia
AW-00017817,United Kingdom
AW-00017818,Australia
AW-00017819,Canada
AW-00017820,Australia
AW-00017821,Australia
AW-00017822,France
AW-00017823,Australia
AW-00017824,Australia
AW-00017825,France
AW-00017826,United States
AW-00017827,Australia
AW-00017828,United Kingdom
AW-00017829,Australia
AW-00017830,United States
AW-00017831,United States
AW-00017832,United States
AW-00017833,New Zealand
AW-00017834,Australia
AW-00017835,United States
AW-00017836,New Zealand
AW-00017837,Australia
AW-00017838,Germany
AW-00017839,United States
AW-00017840,NZ
AW-00017841,UK
AW-00017842,Germany
AW-00017843,Germany
AW-00017844,France
AW-00017845,Australia
AW-00017846,Australia
AW-00017847,United States
AW-00017848,Australia
AW-00017849,Germany
AW-00017850,France
AW-00017851,Australia
AW-00017852,United States
AW-00017853,United States
AW-00017854,Australia
AW-00017855,United States
AW-00017856,Australia
AW-00017857,United States
AW-00017858,Australia
AW-00017859,Australia
AW-00017860,Australia
AW-00017861,United States
AW-00017862,Australia
AW-00017863,Australia
AW-00017864,Australia
AW-00017865,Australia
AW-00017866,Australia
AW-00017867,New Zealand
AW-00017868,AU
AW-00017869,Australia
AW-00017870,Australia
AW-00017871,Australia
AW-00017872,France
AW-00017873,Australia
AW-00017874,United States
AW-00017875,United States
AW-00017876,Australia
AW-00017877,Australia
AW-00017878,Canada
AW-00017879,Australia
AW-00017880,Australia
AW-00017881,France
AW-00017882,Australia
AW-00017883,Australia
AW-00017884,Australia
AW-00017885,Australia
AW-00017886,Australia
AW-00017887,Australia
AW-00017888,Australia
AW-00017889,Australia
AW-00017890,France
AW-00017891,United Kingdom
AW-00017892,Canada
AW-00017893,Australia
AW-00017894,United States
AW-00017895,Australia
AW-00017896,New Zealand
AW-00017897,UK
AW-00017898,Australia
AW-00017899,Australia
AW-00017900,United States
AW-00017901,Australia
AW-00017902,Germany
AW-00017903,Australia
AW-00017904,Australia
AW-00017905,Australia
AW-00017906,Australia
AW-00017907,United Kingdom
AW-00017908,Canada
AW-00017909,United States
AW-00017910,Australia
AW-00017911,Australia
AW-00017912,Australia
AW-00017913,United States
AW-00017914,Australia
AW-00017915,Canada
AW-00017916,Canada
AW-00017917,Australia
AW-00017918,United States
AW-00017919,New Zealand
AW-00017920,AU
AW-00017921,United Kingdom
AW-00017922,United States
AW-00017923,Australia
AW-00017924,United Kingdom
AW-00017925,Australia
AW-00017926,New Zealand
AW-00017927,New Zealand
AW-00017928,Australia
AW-00017929,Australia
AW-00017930,Germany
AW-00017931,Australia
AW-00017932,Australia
AW-00017933,United States
AW-00017934,Australia
AW-00017935,Australia
AW-00017936,Australia
AW-00017937,Australia
AW-00017938,United States
AW-00017939,Australia
AW-00017940,United States
AW-00017941,France
AW-00017942,AU
AW-00017943,United Kingdom
AW-00017944,New Zealand
AW-00017945,Australia
AW-00017946,United States
AW-00017947,Australia
AW-00017948,United Kingdom
AW-00017949,New Zealand
AW-00017950,Australia
AW-00017951,Australia
AW-00017952,New Zealand
AW-00017953,Australia
AW-00017954,Canada
AW-00017955,United Kingdom
AW-00017956,Australia
AW-00017957,Australia
AW-00017958,United Kingdom
AW-00017959,United Kingdom
AW-00017960,Australia
AW-00017961,United States
AW-00017962,Australia
AW-00017963,New Zealand
AW-00017964,United States
AW-00017965,Germany
AW-00017966,United Kingdom
AW-00017967,Australia
AW-00017968,New Zealand
AW-00017969,France
AW-00017970,Australia
AW-00017971,Australia
AW-00017972,Canada
AW-00017973,Australia
AW-00017974,
AW-00017975,Australia
AW-00017976,Australia
AW-00017977,Australia
AW-00017978,United States
AW-00017979,United States
AW-00017980,Australia
AW-00017981,Australia
AW-00017982,AU
AW-00017983,Australia
AW-00017984,DE
AW-00017985,France
AW-00017986,Germany
AW-00017987,Australia
AW-00017988,Canada
AW-00017989,Australia
AW-00017990,New Zealand
AW-00017991,Australia
AW-00017992,Australia
AW-00017993,Canada
AW-00017994,Australia
AW-00017995,Australia
AW-00017996,Australia
AW-00017997,Australia
AW-00017998,United States
AW-00017999,United States
AW-00018000,Australia
AW-00018001,Canada
AW-00018002,New Zealand
AW-00018003,Australia
AW-00018004,United States
AW-00018005,United States
AW-00018006,Germany
AW-00018007,Australia
AW-00018008,Germany
AW-00018009,Australia
AW-00018010,New Zealand
AW-00018011,Canada
AW-00018012,Australia
AW-00018013,Australia
AW-00018014,New Zealand
AW-00018015,United Kingdom
AW-00018016,Australia
AW-00018017,Australia
AW-00018018,Australia
AW-00018019,United Kingdom
AW-00018020,Australia
AW-00018021,Australia
AW-00018022,Australia
AW-00018023,United Kingdom
AW-00018024,Australia
AW-00018025,Australia
AW-00018026,Australia
AW-00018027,Australia
AW-00018028,Australia
AW-00018029,Australia
AW-00018030,Australia
AW-00018031,France
AW-00018032,Australia
AW-00018033,Germany
AW-00018034,United Kingdom
AW-00018035,Australia
AW-00018036,NZ
AW-00018037,United Kingdom
AW-00018038,Canada
AW-00018039,Australia
AW-00018040,United States
AW-00018041,Australia
AW-00018042,Australia
AW-00018043,United Kingdom
AW-00018044,United States
AW-00018045,Australia
AW-00018046,United States
AW-00018047,United Kingdom
AW-00018048,Australia
AW-00018049,Canada
AW-00018050,United States
AW-00018051,Germany
AW-00018052,Australia
AW-00018053,Australia
AW-00018054,Canada
AW-00018055,United States
AW-00018056,Australia
AW-00018057,France
AW-00018058,New Zealand
AW-00018059,United States
AW-00018060,Australia
AW-00018061,Australia
AW-00018062,United Kingdom
AW-00018063,Germany
AW-00018064,Australia
AW-00018065,United Kingdom
AW-00018066,United Kingdom
AW-00018067,Germany
AW-00018068,AU
AW-00018069,Australia
AW-00018070,United Kingdom
AW-00018071,United States
AW-00018072,Australia
AW-00018073,Germany
AW-00018074,NZ
AW-00018075,United States
AW-00018076,Australia
AW-00018077,United States
AW-00018078,Canada
AW-00018079,Australia
AW-00018080,United States
AW-00018081,Australia
AW-00018082,Australia
AW-00018083,Australia
AW-00018084,Australia
AW-00018085,Australia
AW-00018086,Australia
AW-00018087,Australia
AW-00018088,Australia
AW-00018089,United States
AW-00018090,United States
AW-00018091,Australia
AW-00018092,United Kingdom
AW-00018093,Australia
AW-00018094,Australia
AW-00018095,NZ
AW-00018096,United States
AW-00018097,Australia
AW-00018098,Australia
AW-00018099,Australia
AW-00018100,Australia
AW-00018101,United States
AW-00018102,United Kingdom
AW-00018103,Australia
AW-00018104,Australia
AW-00018105,Australia
AW-00018106,New Zealand
AW-00018107,New Zealand
AW-00018108,United Kingdom
AW-00018109,Germany
AW-00018110,Australia
AW-00018111,Australia
AW-00018112,Australia
AW-00018113,New Zealand
AW-00018114,United States
AW-00018115,UK
AW-00018116,Canada
AW-00018117,DE
AW-00018118,United States
AW-00018119,Australia
AW-00018120,New Zealand
AW-00018121,United States
AW-00018122,United Kingdom
AW-00018123,United States
AW-00018124,Australia
AW-00018125,United Kingdom
AW-00018126,France
AW-00018127,Australia
AW-00018128,Australia
AW-00018129,France
AW-00018130,Australia
AW-00018131,United States
AW-00018132,Australia
AW-00018133,Australia
AW-00018134,Australia
AW-00018135,Canada
AW-00018136,United States
AW-00018137,Australia
AW-00018138,France
AW-00018139,Australia
AW-00018140,Australia
AW-00018141,Australia
AW-00018142,Australia
AW-00018143,United States
AW-00018144,New Zealand
AW-00018145,Germany
AW-00018146,United States
AW-00018147,Australia
AW-00018148,United Kingdom
AW-00018149,Australia
AW-00018150,Australia
AW-00018151,Australia
AW-00018152,Germany
AW-00018153,Australia
AW-00018154,
AW-00018155,Australia
AW-00018156,Australia
AW-00018157,Australia
AW-00018158,Germany
AW-00018159,United States
AW-00018160,Australia
AW-00018161,Australia
AW-00018162,Australia
AW-00018163,United States
AW-00018164,Canada
AW-00018165,Australia
AW-00018166,Canada
AW-00018167,Australia
AW-00018168,United Kingdom
AW-00018169,Australia
AW-00018170,Australia
AW-00018171,Australia
AW-00018172,Germany
AW-00018173,Australia
AW-00018174,Australia
AW-00018175,Australia
AW-00018176,Canada
AW-00018177,Australia
AW-00018178,United States
AW-00018179,Australia
AW-00018180,United States
AW-00018181,UK
AW-00018182,Australia
AW-00018183,United Kingdom
AW-00018184,United States
AW-00018185,United States
AW-00018186,Australia
AW-00018187,Canada
AW-00018188,United Kingdom
AW-00018189,United States
AW-00018190,Australia
AW-00018191,Australia
AW-00018192,Australia
AW-00018193,United States
AW-00018194,Germany
AW-00018195,United States
AW-00018196,Australia
AW-00018197,New Zealand
AW-00018198,Australia
AW-00018199,United States
AW-00018200,Australia
AW-00018201,Australia
AW-00018202,Australia
AW-00018203,Australia
AW-00018204,DE
AW-00018205,New Zealand
AW-00018206,United States
AW-00018207,United Kingdom
AW-00018208,Germany
AW-00018209,United States
AW-00018210,Australia
AW-00018211,United States
AW-00018212,United States
AW-00018213,United States
AW-00018214,France
AW-00018215,United States
AW-00018216,France
AW-00018217,Australia
AW-00018218,Australia
AW-00018219,United States
AW-00018220,United States
AW-00018221,Australia
AW-00018222,Australia
AW-00018223,New Zealand
AW-00018224,UK
AW-00018225,Australia
AW-00018226,Australia
AW-00018227,Australia
AW-00018228,United States
AW-00018229,New Zealand
AW-00018230,United States
AW-00018231,Australia
AW-00018232,Australia
AW-00018233,Australia
AW-00018234,United States
AW-00018235,United Kingdom
AW-00018236,NZ
AW-00018237,United Kingdom
AW-00018238,Australia
AW-00018239,Australia
AW-00018240,Germany
AW-00018241,United States
AW-00018242,Australia
AW-00018243,DE
AW-00018244,Australia
AW-00018245,United States
AW-00018246,Australia
AW-00018247,Australia
AW-00018248,New Zealand
AW-00018249,Australia
AW-00018250,France
AW-00018251,United States
AW-00018252,United States
AW-00018253,Australia
AW-00018254,Australia
AW-00018255,United States
AW-00018256,France
AW-00018257,Australia
AW-00018258,NZ
AW-00018259,Australia
AW-00018260,Australia
AW-00018261,Australia
AW-00018262,France
AW-00018263,United Kingdom
AW-00018264,United States
AW-00018265,Canada
AW-00018266,United States
AW-00018267,United States
AW-00018268,New Zealand
AW-00018269,United Kingdom
AW-00018270,Australia
AW-00018271,Canada
AW-00018272,Germany
AW-00018273,Canada
AW-00018274,United Kingdom
AW-00018275,Australia
AW-00018276,United States
AW-00018277,Australia
AW-00018278,Australia
AW-00018279,
AW-00018280,New Zealand
AW-00018281,Australia
AW-00018282,United States
AW-00018283,Australia
AW-00018284,Australia
AW-00018285,United States
AW-00018286,Australia
AW-00018287,Australia
AW-00018288,Australia
AW-00018289,Australia
AW-00018290,Australia
AW-00018291,United Kingdom
AW-00018292,France
AW-00018293,United Kingdom
AW-00018294,Australia
AW-00018295,Australia
AW-00018296,Australia
AW-00018297,United States
AW-00018298,United States
AW-00018299,DE
AW-00018300,Australia
AW-00018301,Australia
AW-00018302,Australia
AW-00018303,Australia
AW-00018304,Australia
AW-00018305,United Kingdom
AW-00018306,New Zealand
AW-00018307,Australia
AW-00018308,Australia
AW-00018309,DE
AW-00018310,Australia
AW-00018311,United States
AW-00018312,Australia
AW-00018313,Australia
AW-00018314,United States
AW-00018315,United States
AW-00018316,Australia
AW-00018317,Australia
AW-00018318,Australia
AW-00018319,
AW-00018320,United States
AW-00018321,Australia
AW-00018322,Australia
AW-00018323,Canada
AW-00018324,Australia
AW-00018325,Australia
AW-00018326,Australia
AW-00018327,New Zealand
AW-00018328,USA
AW-00018329,Australia
AW-00018330,UK
AW-00018331,Australia
AW-00018332,Australia
AW-00018333,United Kingdom
AW-00018334,Canada
AW-00018335,Australia
AW-00018336,Australia
AW-00018337,Australia
AW-00018338,Australia
AW-00018339,Australia
AW-00018340,Germany
AW-00018341,United States
AW-00018342,Australia
AW-00018343,United States
AW-00018344,United States
AW-00018345,Germany
AW-00018346,United Kingdom
AW-00018347,United States
AW-00018348,Australia
AW-00018349,United States
AW-00018350,Australia
AW-00018351,United States
AW-00018352,Australia
AW-00018353,Australia
AW-00018354,Australia
AW-00018355,Australia
AW-00018356,Australia
AW-00018357,Australia
AW-00018358,United States
AW-00018359,United Kingdom
AW-00018360,Australia
AW-00018361,
AW-00018362,United States
AW-00018363,Australia
AW-00018364,Australia
AW-00018365,United States
AW-00018366,United States
AW-00018367,United States
AW-00018368,Australia
AW-00018369,Australia
AW-00018370,Germany
AW-00018371,United States
AW-00018372,Australia
AW-00018373,Australia
AW-00018374,USA
AW-00018375,NZ
AW-00018376,United States
AW-00018377,Australia
AW-00018378,Australia
AW-00018379,Canada
AW-00018380,Australia
AW-00018381,Australia
AW-00018382,Australia
AW-00018383,Canada
AW-00018384,Australia
AW-00018385,United Kingdom
AW-00018386,United States
AW-00018387,Australia
AW-00018388,Australia
AW-00018389,Australia
AW-00018390,United Kingdom
AW-00018391,United States
AW-00018392,Australia
AW-00018393,Australia
AW-00018394,United States
AW-00018395,Australia
AW-00018396,France
AW-00018397,Canada
AW-00018398,New Zealand
AW-00018399,Canada
AW-00018400,Australia
AW-00018401,United States
AW-00018402,Australia
AW-00018403,New Zealand
AW-00018404,Australia
AW-00018405,United States
AW-00018406,United States
AW-00018407,Australia
AW-00018408,United Kingdom
AW-00018409,New Zealand
AW-00018410,Australia
AW-00018411,Australia
AW-00018412,Australia
AW-00018413,Australia
AW-00018414,Canada
AW-00018415,United Kingdom
AW-00018416,
AW-00018417,United Kingdom
AW-00018418,United Kingdom
AW-00018419,United States
AW-00018420,Germany
AW-00018421,Australia
AW-00018422,Australia
AW-00018423,Australia
AW-00018424,Australia
AW-00018425,United Kingdom
AW-00018426,United States
AW-00018427,Australia
AW-00018428,New Zealand
AW-00018429,Australia
AW-00018430,Australia
AW-00018431,New Zealand
AW-00018432,Canada
AW-00018433,United States
AW-00018434,New Zealand
AW-00018435,United States
AW-00018436,New Zealand
AW-00018437,United States
AW-00018438,France
AW-00018439,Australia
AW-00018440,Australia
AW-00018441,Australia
AW-00018442,Germany
AW-00018443,UK
AW-00018444,Australia
AW-00018445,Australia
AW-00018446,France
AW-00018447,Germany
AW-00018448,UK
AW-00018449,United States
AW-00018450,Australia
AW-00018451,France
AW-00018452,UK
AW-00018453,Australia
AW-00018454,Australia
AW-00018455,United States
AW-00018456,United States
AW-00018457,USA
AW-00018458,United States
AW-00018459,Australia
AW-00018460,Australia
AW-00018461,United States
AW-00018462,Germany
AW-00018463,Australia
AW-00018464,Australia
AW-00018465,Australia
AW-00018466,France
AW-00018467,United Kingdom
AW-00018468,Australia
AW-00018469,Australia
AW-00018470,Australia
AW-00018471,Australia
AW-00018472,Australia
AW-00018473,France
AW-00018474,United Kingdom
AW-00018475,Australia
AW-00018476,France
AW-00018477,Germany
AW-00018478,Canada
AW-00018479,Australia
AW-00018480,Australia
AW-00018481,Australia
AW-00018482,Australia
AW-00018483,United States
AW-00018484,United States
AW-00018485,Australia
AW-00018486,Australia
AW-00018487,Canada
AW-00018488,Canada
AW-00018489,United Kingdom
AW-00018490,Australia
AW-00018491,France
AW-00018492,USA
AW-00018493,France
AW-00018494,New Zealand
AW-00018495,Germany
AW-00018496,UK
AW-00018497,United States
AW-00018498,Germany
AW-00018499,New Zealand
AW-00018500,United Kingdom
AW-00018501,
AW-00018502,Australia
AW-00018503,United Kingdom
AW-00018504,USA
AW-00018505,DE
AW-00018506,
AW-00018507,Australia
AW-00018508,Australia
AW-00018509,Australia
AW-00018510,Australia
AW-00018511,France
AW-00018512,New Zealand
AW-00018513,New Zealand
AW-00018514,Australia
AW-00018515,Australia
AW-00018516,Australia
AW-00018517,France
AW-00018518,United Kingdom
AW-00018519,Australia
AW-00018520,United States
AW-00018521,Australia
AW-00018522,New Zealand
AW-00018523,NZ
AW-00018524,New Zealand
AW-00018525,Australia
AW-00018526,Australia
AW-00018527,New Zealand
AW-00018528,Australia
AW-00018529,Canada
AW-00018530,New Zealand
AW-00018531,Australia
AW-00018532,United Kingdom
AW-00018533,United States
AW-00018534,Australia
AW-00018535,Australia
AW-00018536,New Zealand
AW-00018537,Australia
AW-00018538,Australia
AW-00018539,Australia
AW-00018540,Australia
AW-00018541,Australia
AW-00018542,United States
AW-00018543,United States
AW-00018544,Canada
AW-00018545,United States
AW-00018546,Australia
AW-00018547,Australia
AW-00018548,Australia
AW-00018549,Australia
AW-00018550,Australia
AW-00018551,Australia
AW-00018552,United States
AW-00018553,Canada
AW-00018554,Canada
AW-00018555,Canada
AW-00018556,
AW-00018557,New Zealand
AW-00018558,Australia
AW-00018559,United States
AW-00018560,United Kingdom
AW-00018561,France
AW-00018562,Australia
AW-00018563,United States
AW-00018564,New Zealand
AW-00018565,United Kingdom
AW-00018566,USA
AW-00018567,Australia
AW-00018568,Canada
AW-00018569,Australia
AW-00018570,Australia
AW-00018571,Australia
AW-00018572,Canada
AW-00018573,Australia
AW-00018574,Australia
AW-00018575,United States
AW-00018576,
AW-00018577,Canada
AW-00018578,UK
AW-00018579,Australia
AW-00018580,Australia
AW-00018581,Australia
AW-00018582,Australia
AW-00018583,Australia
AW-00018584,Canada
AW-00018585,Canada
AW-00018586,United States
AW-00018587,United Kingdom
AW-00018588,United States
AW-00018589,Australia
AW-00018590,
AW-00018591,New Zealand
AW-00018592,Australia
AW-00018593,Australia
AW-00018594,Australia
AW-00018595,United Kingdom
AW-00018596,Canada
AW-00018597,Australia
AW-00018598,Australia
AW-00018599,Australia
AW-00018600,France
AW-00018601,Australia
AW-00018602,Australia
AW-00018603,United States
AW-00018604,Australia
AW-00018605,France
AW-00018606,Germany
AW-00018607,DE
AW-00018608,
AW-00018609,Australia
AW-00018610,United States
AW-00018611,United States
AW-00018612,Germany
AW-00018613,Australia
AW-00018614,Australia
AW-00018615,United States
AW-00018616,Australia
AW-00018617,Australia
AW-00018618,United Kingdom
AW-00018619,Australia
AW-00018620,United States
AW-00018621,Australia
AW-00018622,Australia
AW-00018623,United Kingdom
AW-00018624,Australia
AW-00018625,United Kingdom
AW-00018626,Australia
AW-00018627,France
AW-00018628,Australia
AW-00018629,United States
AW-00018630,Australia
AW-00018631,Australia
AW-00018632,United Kingdom
AW-00018633,United States
AW-00018634,Australia
AW-00018635,Canada
AW-00018636,United States
AW-00018637,United States
AW-00018638,Australia
AW-00018639,France
AW-00018640,Australia
AW-00018641,United States
AW-00018642,United States
AW-00018643,United Kingdom
AW-00018644,France
AW-00018645,Australia
AW-00018646,Australia
AW-00018647,Australia
AW-00018648,United States
AW-00018649,France
AW-00018650,Australia
AW-00018651,Germany
AW-00018652,Australia
AW-00018653,New Zealand
AW-00018654,United Kingdom
AW-00018655,United Kingdom
AW-00018656,Australia
AW-00018657,United Kingdom
AW-00018658,New Zealand
AW-00018659,United States
AW-00018660,
AW-00018661,Australia
AW-00018662,New Zealand
AW-00018663,Australia
AW-00018664,United Kingdom
AW-00018665,Germany
AW-00018666,Australia
AW-00018667,United States
AW-00018668,United States
AW-00018669,Australia
AW-00018670,Australia
AW-00018671,Australia
AW-00018672,Australia
AW-00018673,Australia
AW-00018674,Australia
AW-00018675,Australia
AW-00018676,Australia
AW-00018677,New Zealand
AW-00018678,Australia
AW-00018679,Australia
AW-00018680,Australia
AW-00018681,Australia
AW-00018682,New Zealand
AW-00018683,United States
AW-00018684,United States
AW-00018685,New Zealand
AW-00018686,United States
AW-00018687,New Zealand
AW-00018688,Australia
AW-00018689,United States
AW-00018690,Australia
AW-00018691,Australia
AW-00018692,Canada
AW-00018693,Australia
AW-00018694,United Kingdom
AW-00018695,United Kingdom
AW-00018696,New Zealand
AW-00018697,United States
AW-00018698,Australia
AW-00018699,Australia
AW-00018700,United States
AW-00018701,Australia
AW-00018702,US
AW-00018703,Canada
AW-00018704,Australia
AW-00018705,United Kingdom
AW-00018706,Australia
AW-00018707,New Zealand
AW-00018708,United Kingdom
AW-00018709,Australia
AW-00018710,United Kingdom
AW-00018711,Australia
AW-00018712,Australia
AW-00018713,United States
AW-00018714,New Zealand
AW-00018715,United States
AW-00018716,Australia
AW-00018717,United Kingdom
AW-00018718,Australia
AW-00018719,United States
AW-00018720,United States
AW-00018721,Australia
AW-00018722,Germany
AW-00018723,Australia
AW-00018724,Germany
AW-00018725,Australia
AW-00018726,AU
AW-00018727,Germany
AW-00018728,Australia
AW-00018729,Australia
AW-00018730,Australia
AW-00018731,United States
AW-00018732,United States
AW-00018733,Australia
AW-00018734,Australia
AW-00018735,United States
AW-00018736,US
AW-00018737,New Zealand
AW-00018738,Australia
AW-00018739,United States
AW-00018740,Australia
AW-00018741,Canada
AW-00018742,Germany
AW-00018743,Australia
AW-00018744,France
AW-00018745,United States
AW-00018746,Germany
AW-00018747,AU
AW-00018748,Australia
AW-00018749,Australia
AW-00018750,Australia
AW-00018751,Australia
AW-00018752,Australia
AW-00018753,Australia
AW-00018754,United States
AW-00018755,Australia
AW-00018756,Germany
AW-00018757,United States
AW-00018758,Australia
AW-00018759,Australia
AW-00018760,Australia
AW-00018761,Australia
AW-00018762,Australia
AW-00018763,Australia
AW-00018764,United States
AW-00018765,Australia
AW-00018766,United States
AW-00018767,Germany
AW-00018768,United Kingdom
AW-00018769,United Kingdom
AW-00018770,Australia
AW-00018771,Australia
AW-00018772,Australia
AW-00018773,United States
AW-00018774,Australia
AW-00018775,Canada
AW-00018776,Australia
AW-00018777,Germany
AW-00018778,New Zealand
AW-00018779,United Kingdom
AW-00018780,Australia
AW-00018781,France
AW-00018782,AU
AW-00018783,Germany
AW-00018784,France
AW-00018785,Canada
AW-00018786,DE
AW-00018787,Australia
AW-00018788,Canada
AW-00018789,Australia
AW-00018790,Australia
AW-00018791,Australia
AW-00018792,Canada
AW-00018793,Australia
AW-00018794,United Kingdom
AW-00018795,Germany
AW-00018796,Australia
AW-00018797,United Kingdom
AW-00018798,Australia
AW-00018799,Canada
AW-00018800,Australia
AW-00018801,United States
AW-00018802,United States
AW-00018803,Germany
AW-00018804,Australia
AW-00018805,Australia
AW-00018806,Australia
AW-00018807,Australia
AW-00018808,Australia
AW-00018809,Canada
AW-00018810,United States
AW-00018811,United States
AW-00018812,United States
AW-00018813,United States
AW-00018814,Australia
AW-00018815,France
AW-00018816,United Kingdom
AW-00018817,Australia
AW-00018818,Australia
AW-00018819,Australia
AW-00018820,Australia
AW-00018821,Australia
AW-00018822,US
AW-00018823,US
AW-00018824,United Kingdom
AW-00018825,United Kingdom
AW-00018826,Australia
AW-00018827,Australia
AW-00018828,Australia
AW-00018829,Australia
AW-00018830,Australia
AW-00018831,Australia
AW-00018832,Australia
AW-00018833,United Kingdom
AW-00018834,United Kingdom
AW-00018835,Australia
AW-00018836,Australia
AW-00018837,France
AW-00018838,United Kingdom
AW-00018839,United States
AW-00018840,Australia
AW-00018841,Australia
AW-00018842,United States
AW-00018843,United Kingdom
AW-00018844,Germany
AW-00018845,Germany
AW-00018846,United States
AW-00018847,Australia
AW-00018848,Australia
AW-00018849,United States
AW-00018850,Australia
AW-00018851,Australia
AW-00018852,Canada
AW-00018853,Canada
AW-00018854,Australia
AW-00018855,Australia
AW-00018856,United States
AW-00018857,France
AW-00018858,Australia
AW-00018859,Australia
AW-00018860,Germany
AW-00018861,Germany
AW-00018862,France
AW-00018863,Australia
AW-00018864,Australia
AW-00018865,USA
AW-00018866,France
AW-00018867,Australia
AW-00018868,France
AW-00018869,Australia
AW-00018870,United States
AW-00018871,Australia
AW-00018872,Australia
AW-00018873,France
AW-00018874,AU
AW-00018875,Australia
AW-00018876,United Kingdom
AW-00018877,New Zealand
AW-00018878,United Kingdom
AW-00018879,Germany
AW-00018880,Canada
AW-00018881,Australia
AW-00018882,United States
AW-00018883,Australia
AW-00018884,France
AW-00018885,Australia
AW-00018886,Australia
AW-00018887,United States
AW-00018888,Australia
AW-00018889,Australia
AW-00018890,United States
AW-00018891,United Kingdom
AW-00018892,Australia
AW-00018893,United States
AW-00018894,Australia
AW-00018895,United States
AW-00018896,Australia
AW-00018897,United States
AW-00018898,United States
AW-00018899,Australia
AW-00018900,United States
AW-00018901,United States
AW-00018902,United States
AW-00018903,Australia
AW-00018904,US
AW-00018905,Australia
AW-00018906,Australia
AW-00018907,Australia
AW-00018908,United Kingdom
AW-00018909,Australia
AW-00018910,New Zealand
AW-00018911,United Kingdom
AW-00018912,Australia
AW-00018913,Canada
AW-00018914,France
AW-00018915,New Zealand
AW-00018916,Australia
AW-00018917,United States
AW-00018918,United States
AW-00018919,France
AW-00018920,Australia
AW-00018921,United States
AW-00018922,Australia
AW-00018923,United Kingdom
AW-00018924,United States
AW-00018925,USA
AW-00018926,Australia
AW-00018927,Australia
AW-00018928,United Kingdom
AW-00018929,Australia
AW-00018930,Australia
AW-00018931,United States
AW-00018932,Australia
AW-00018933,Australia
AW-00018934,Germany
AW-00018935,Australia
AW-00018936,Australia
AW-00018937,Australia
AW-00018938,France
AW-00018939,Australia
AW-00018940,Australia
AW-00018941,New Zealand
AW-00018942,Australia
AW-00018943,Australia
AW-00018944,Australia
AW-00018945,Australia
AW-00018946,Australia
AW-00018947,Australia
AW-00018948,United States
AW-00018949,Australia
AW-00018950,United States
AW-00018951,Canada
AW-00018952,Australia
AW-00018953,Australia
AW-00018954,Australia
AW-00018955,United States
AW-00018956,Canada
AW-00018957,Canada
AW-00018958,Australia
AW-00018959,Australia
AW-00018960,United Kingdom
AW-00018961,New Zealand
AW-00018962,Australia
AW-00018963,United States
AW-00018964,Australia
AW-00018965,Australia
AW-00018966,France
AW-00018967,Australia
AW-00018968,Australia
AW-00018969,Germany
AW-00018970,France
AW-00018971,Canada
AW-00018972,France
AW-00018973,Australia
AW-00018974,United Kingdom
AW-00018975,United States
AW-00018976,Australia
AW-00018977,Australia
AW-00018978,United Kingdom
AW-00018979,Canada
AW-00018980,United Kingdom
AW-00018981,Germany
AW-00018982,Germany
AW-00018983,Australia
AW-00018984,Canada
AW-00018985,New Zealand
AW-00018986,Australia
AW-00018987,Australia
AW-00018988,Canada
AW-00018989,United States
AW-00018990,New Zealand
AW-00018991,Australia
AW-00018992,United States
AW-00018993,Australia
AW-00018994,Canada
AW-00018995,United Kingdom
AW-00018996,Australia
AW-00018997,Australia
AW-00018998,United States
AW-00018999,Australia
AW-00019000,Australia
AW-00019001,Germany
AW-00019002,Canada
AW-00019003,Australia
AW-00019004,Australia
AW-00019005,United States
AW-00019006,Australia
AW-00019007,Australia
AW-00019008,United States
AW-00019009,Australia
AW-00019010,United States
AW-00019011,Australia
AW-00019012,New Zealand
AW-00019013,Australia
AW-00019014,United States
AW-00019015,Australia
AW-00019016,United States
AW-00019017,Australia
AW-00019018,United States
AW-00019019,Australia
AW-00019020,United States
AW-00019021,United States
AW-00019022,
AW-00019023,Australia
AW-00019024,Australia
AW-00019025,Canada
AW-00019026,Australia
AW-00019027,Germany
AW-00019028,United States
AW-00019029,Australia
AW-00019030,United States
AW-00019031,United States
AW-00019032,New Zealand
AW-00019033,Australia
AW-00019034,United States
AW-00019035,Germany
AW-00019036,United States
AW-00019037,Australia
AW-00019038,United States
AW-00019039,France
AW-00019040,NZ
AW-00019041,New Zealand
AW-00019042,United States
AW-00019043,Australia
AW-00019044,United States
AW-00019045,United States
AW-00019046,United Kingdom
AW-00019047,Australia
AW-00019048,United States
AW-00019049,Australia
AW-00019050,Australia
AW-00019051,Australia
AW-00019052,United Kingdom
AW-00019053,Germany
AW-00019054,United States
AW-00019055,United States
AW-00019056,Australia
AW-00019057,United States
AW-00019058,Canada
AW-00019059,Germany
AW-00019060,New Zealand
AW-00019061,France
AW-00019062,United States
AW-00019063,Australia
AW-00019064,United States
AW-00019065,Australia
AW-00019066,Australia
AW-00019067,United States
AW-00019068,United Kingdom
AW-00019069,Australia
AW-00019070,Australia
AW-00019071,United States
AW-00019072,Australia
AW-00019073,Germany
AW-00019074,Australia
AW-00019075,Australia
AW-00019076,United Kingdom
AW-00019077,Australia
AW-00019078,Australia
AW-00019079,Australia
AW-00019080,Australia
AW-00019081,Australia
AW-00019082,United Kingdom
AW-00019083,DE
AW-00019084,DE
AW-00019085,Australia
AW-00019086,Australia
AW-00019087,Canada
AW-00019088,United Kingdom
AW-00019089,Australia
AW-00019090,Australia
AW-00019091,Australia
AW-00019092,United States
AW-00019093,United States
AW-00019094,Australia
AW-00019095,Australia
AW-00019096,United States
AW-00019097,Australia
AW-00019098,United States
AW-00019099,United States
AW-00019100,Australia
AW-00019101,AU
AW-00019102,Australia
AW-00019103,France
AW-00019104,Canada
AW-00019105,Australia
AW-00019106,United States
AW-00019107,Australia
AW-00019108,Australia
AW-00019109,Australia
AW-00019110,France
AW-00019111,New Zealand
AW-00019112,Australia
AW-00019113,Germany
AW-00019114,Australia
AW-00019115,United Kingdom
AW-00019116,Australia
AW-00019117,New Zealand
AW-00019118,United States
AW-00019119,Canada
AW-00019120,United States
AW-00019121,Australia
AW-00019122,United Kingdom
AW-00019123,United States
AW-00019124,United States
AW-00019125,
AW-00019126,Australia
AW-00019127,United Kingdom
AW-00019128,United Kingdom
AW-00019129,Australia
AW-00019130,United States
AW-00019131,Australia
AW-00019132,Germany
AW-00019133,United States
AW-00019134,United Kingdom
AW-00019135,Australia
AW-00019136,Canada
AW-00019137,United States
AW-00019138,Australia
AW-00019139,Australia
AW-00019140,Australia
AW-00019141,Australia
AW-00019142,Australia
AW-00019143,Australia
AW-00019144,United Kingdom
AW-00019145,Australia
AW-00019146,United States
AW-00019147,Australia
AW-00019148,Canada
AW-00019149,Australia
AW-00019150,Australia
AW-00019151,Canada
AW-00019152,Australia
AW-00019153,United Kingdom
AW-00019154,Germany
AW-00019155,Australia
AW-00019156,United States
AW-00019157,United Kingdom
AW-00019158,Australia
AW-00019159,Australia
AW-00019160,Australia
AW-00019161,United States
AW-00019162,United States
AW-00019163,Australia
AW-00019164,Australia
AW-00019165,Germany
AW-00019166,United States
AW-00019167,United States
AW-00019168,Canada
AW-00019169,Australia
AW-00019170,Canada
AW-00019171,Australia
AW-00019172,United States
AW-00019173,Australia
AW-00019174,United States
AW-00019175,Australia
AW-00019176,US
AW-00019177,Australia
AW-00019178,United States
AW-00019179,France
AW-00019180,New Zealand
AW-00019181,Canada
AW-00019182,Australia
AW-00019183,United States
AW-00019184,Australia
AW-00019185,New Zealand
AW-00019186,Australia
AW-00019187,Canada
AW-00019188,Australia
AW-00019189,United States
AW-00019190,United States
AW-00019191,Australia
AW-00019192,Australia
AW-00019193,Australia
AW-00019194,United States
AW-00019195,Australia
AW-00019196,Australia
AW-00019197,Australia
AW-00019198,United Kingdom
AW-00019199,Australia
AW-00019200,Australia
AW-00019201,New Zealand
AW-00019202,New Zealand
AW-00019203,Australia
AW-00019204,Australia
AW-00019205,United States
AW-00019206,Australia
AW-00019207,Australia
AW-00019208,Canada
AW-00019209,United States
AW-00019210,Australia
AW-00019211,Australia
AW-00019212,United States
AW-00019213,Australia
AW-00019214,New Zealand
AW-00019215,Australia
AW-00019216,Australia
AW-00019217,Australia
AW-00019218,Australia
AW-00019219,New Zealand
AW-00019220,Australia
AW-00019221,Australia
AW-00019222,Australia
AW-00019223,United States
AW-00019224,United States
AW-00019225,Australia
AW-00019226,United States
AW-00019227,Australia
AW-00019228,Canada
AW-00019229,Australia
AW-00019230,Australia
AW-00019231,Canada
AW-00019232,United States
AW-00019233,United States
AW-00019234,United States
AW-00019235,Germany
AW-00019236,New Zealand
AW-00019237,Australia
AW-00019238,New Zealand
AW-00019239,Australia
AW-00019240,Germany
AW-00019241,United States
AW-00019242,Australia
AW-00019243,Australia
AW-00019244,Australia
AW-00019245,United States
AW-00019246,Australia
AW-00019247,DE
AW-00019248,Australia
AW-00019249,Canada
AW-00019250,Australia
AW-00019251,United States
AW-00019252,
AW-00019253,Canada
AW-00019254,Australia
AW-00019255,Australia
AW-00019256,NZ
AW-00019257,United Kingdom
AW-00019258,United States
AW-00019259,France
AW-00019260,Australia
AW-00019261,Germany
AW-00019262,Australia
AW-00019263,Australia
AW-00019264,
AW-00019265,United States
AW-00019266,Canada
AW-00019267,Australia
AW-00019268,United States
AW-00019269,United Kingdom
AW-00019270,Australia
AW-00019271,
AW-00019272,Australia
AW-00019273,Australia
AW-00019274,Australia
AW-00019275,Australia
AW-00019276,Australia
AW-00019277,DE
AW-00019278,France
AW-00019279,Australia
AW-00019280,Australia
AW-00019281,New Zealand
AW-00019282,France
AW-00019283,Australia
AW-00019284,United States
AW-00019285,Australia
AW-00019286,United States
AW-00019287,Australia
AW-00019288,United States
AW-00019289,Australia
AW-00019290,Australia
AW-00019291,Australia
AW-00019292,Australia
AW-00019293,United States
AW-00019294,United Kingdom
AW-00019295,United States
AW-00019296,Australia
AW-00019297,Australia
AW-00019298,Germany
AW-00019299,United States
AW-00019300,United States
AW-00019301,France
AW-00019302,Australia
AW-00019303,United States
AW-00019304,Australia
AW-00019305,France
AW-00019306,Australia
AW-00019307,United States
AW-00019308,Australia
AW-00019309,Australia
AW-00019310,Australia
AW-00019311,Australia
AW-00019312,United States
AW-00019313,Australia
AW-00019314,Canada
AW-00019315,United States
AW-00019316,Australia
AW-00019317,New Zealand
AW-00019318,Australia
AW-00019319,United Kingdom
AW-00019320,Australia
AW-00019321,Australia
AW-00019322,France
AW-00019323,New Zealand
AW-00019324,Australia
AW-00019325,United Kingdom
AW-00019326,United States
AW-00019327,Australia
AW-00019328,United Kingdom
AW-00019329,New Zealand
AW-00019330,Germany
AW-00019331,NZ
AW-00019332,United States
AW-00019333,Australia
AW-00019334,Australia
AW-00019335,Australia
AW-00019336,Germany
AW-00019337,New Zealand
AW-00019338,United States
AW-00019339,Australia
AW-00019340,
AW-00019341,Australia
AW-00019342,Australia
AW-00019343,United States
AW-00019344,Canada
AW-00019345,Australia
AW-00019346,United States
AW-00019347,Australia
AW-00019348,United States
AW-00019349,Australia
AW-00019350,Australia
AW-00019351,New Zealand
AW-00019352,United Kingdom
AW-00019353,Australia
AW-00019354,Australia
AW-00019355,Australia
AW-00019356,Australia
AW-00019357,Australia
AW-00019358,United Kingdom
AW-00019359,Australia
AW-00019360,Canada
AW-00019361,Germany
AW-00019362,Australia
AW-00019363,United States
AW-00019364,Australia
AW-00019365,United States
AW-00019366,United States
AW-00019367,Australia
AW-00019368,Australia
AW-00019369,Australia
AW-00019370,Canada
AW-00019371,Australia
AW-00019372,Australia
AW-00019373,Australia
AW-00019374,Australia
AW-00019375,Australia
AW-00019376,Australia
AW-00019377,Australia
AW-00019378,Australia
AW-00019379,United States
AW-00019380,Australia
AW-00019381,Australia
AW-00019382,New Zealand
AW-00019383,Australia
AW-00019384,Australia
AW-00019385,United States
AW-00019386,France
AW-00019387,United Kingdom
AW-00019388,Australia
AW-00019389,Australia
AW-00019390,Australia
AW-00019391,Australia
AW-00019392,New Zealand
AW-00019393,Australia
AW-00019394,Australia
AW-00019395,United States
AW-00019396,United Kingdom
AW-00019397,New Zealand
AW-00019398,United Kingdom
AW-00019399,France
AW-00019400,France
AW-00019401,New Zealand
AW-00019402,DE
AW-00019403,Australia
AW-00019404,Australia
AW-00019405,United Kingdom
AW-00019406,Australia
AW-00019407,Canada
AW-00019408,Australia
AW-00019409,Germany
AW-00019410,United Kingdom
AW-00019411,Australia
AW-00019412,Australia
AW-00019413,US
AW-00019414,France
AW-00019415,Australia
AW-00019416,United Kingdom
AW-00019417,United States
AW-00019418,United States
AW-00019419,Canada
AW-00019420,Australia
AW-00019421,Australia
AW-00019422,Australia
AW-00019423,Australia
AW-00019424,Australia
AW-00019425,Australia
AW-00019426,New Zealand
AW-00019427,Australia
AW-00019428,Australia
AW-00019429,Australia
AW-00019430,Australia
AW-00019431,United States
AW-00019432,Canada
AW-00019433,United States
AW-00019434,New Zealand
AW-00019435,Australia
AW-00019436,Australia
AW-00019437,United Kingdom
AW-00019438,Germany
AW-00019439,Australia
AW-00019440,Australia
AW-00019441,Australia
AW-00019442,Australia
AW-00019443,Australia
AW-00019444,
AW-00019445,Australia
AW-00019446,Australia
AW-00019447,Australia
AW-00019448,Australia
AW-00019449,Australia
AW-00019450,Australia
AW-00019451,Australia
AW-00019452,United States
AW-00019453,Australia
AW-00019454,New Zealand
AW-00019455,United States
AW-00019456,Canada
AW-00019457,France
AW-00019458,United States
AW-00019459,New Zealand
AW-00019460,Australia
AW-00019461,Australia
AW-00019462,Canada
AW-00019463,United Kingdom
AW-00019464,New Zealand
AW-00019465,Australia
AW-00019466,New Zealand
AW-00019467,United States
AW-00019468,United States
AW-00019469,Australia
AW-00019470,United Kingdom
AW-00019471,Canada
AW-00019472,United States
AW-00019473,United States
AW-00019474,Canada
AW-00019475,Australia
AW-00019476,United Kingdom
AW-00019477,Australia
AW-00019478,Germany
AW-00019479,Australia
AW-00019480,United States
AW-00019481,Australia
AW-00019482,France
AW-00019483,France
AW-00019484,United States
AW-00019485,Australia
AW-00019486,Germany
AW-00019487,Australia
AW-00019488,Australia
AW-00019489,United States
AW-00019490,New Zealand
AW-00019491,Australia
AW-00019492,United Kingdom
AW-00019493,Australia
AW-00019494,Australia
AW-00019495,New Zealand
AW-00019496,Australia
AW-00019497,Australia
AW-00019498,Australia
AW-00019499,Canada
AW-00019500,United States
AW-00019501,United Kingdom
AW-00019502,United States
AW-00019503,Germany
AW-00019504,Australia
AW-00019505,Australia
AW-00019506,France
AW-00019507,Australia
AW-00019508,Australia
AW-00019509,United States
AW-00019510,United States
AW-00019511,Australia
AW-00019512,United States
AW-00019513,Germany
AW-00019514,Australia
AW-00019515,Canada
AW-00019516,Australia
AW-00019517,Australia
AW-00019518,United States
AW-00019519,New Zealand
AW-00019520,United Kingdom
AW-00019521,Australia
AW-00019522,Australia
AW-00019523,Australia
AW-00019524,United Kingdom
AW-00019525,Canada
AW-00019526,United Kingdom
AW-00019527,Australia
AW-00019528,United States
AW-00019529,Germany
AW-00019530,Australia
AW-00019531,Australia
AW-00019532,United Kingdom
AW-00019533,United States
AW-00019534,Australia
AW-00019535,New Zealand
AW-00019536,Germany
AW-00019537,Australia
AW-00019538,Australia
AW-00019539,Australia
AW-00019540,New Zealand
AW-00019541,New Zealand
AW-00019542,Australia
AW-00019543,Australia
AW-00019544,US
AW-00019545,Australia
AW-00019546,Australia
AW-00019547,Australia
AW-00019548,Germany
AW-00019549,Canada
AW-00019550,United States
AW-00019551,Australia
AW-00019552,United States
AW-00019553,Australia
AW-00019554,Australia
AW-00019555,Canada
AW-00019556,United States
AW-00019557,Australia
AW-00019558,Australia
AW-00019559,Germany
AW-00019560,United Kingdom
AW-00019561,Australia
AW-00019562,United States
AW-00019563,New Zealand
AW-00019564,United States
AW-00019565,Australia
AW-00019566,
AW-00019567,France
AW-00019568,Australia
AW-00019569,Canada
AW-00019570,United Kingdom
AW-00019571,United States
AW-00019572,Canada
AW-00019573,New Zealand
AW-00019574,Australia
AW-00019575,Canada
AW-00019576,United Kingdom
AW-00019577,United Kingdom
AW-00019578,Australia
AW-00019579,Australia
AW-00019580,United Kingdom
AW-00019581,Australia
AW-00019582,Australia
AW-00019583,Germany
AW-00019584,France
AW-00019585,United States
AW-00019586,Canada
AW-00019587,United States
AW-00019588,Australia
AW-00019589,United Kingdom
AW-00019590,Australia
AW-00019591,Australia
AW-00019592,
AW-00019593,Australia
AW-00019594,Australia
AW-00019595,Australia
AW-00019596,Australia
AW-00019597,Australia
AW-00019598,United Kingdom
AW-00019599,New Zealand
AW-00019600,United Kingdom
AW-00019601,Australia
AW-00019602,United States
AW-00019603,New Zealand
AW-00019604,Canada
AW-00019605,United States
AW-00019606,Australia
AW-00019607,New Zealand
AW-00019608,United Kingdom
AW-00019609,Canada
AW-00019610,United States
AW-00019611,United Kingdom
AW-00019612,Australia
AW-00019613,Australia
AW-00019614,Australia
AW-00019615,United Kingdom
AW-00019616,United States
AW-00019617,Australia
AW-00019618,Australia
AW-00019619,UK
AW-00019620,Australia
AW-00019621,United States
AW-00019622,
AW-00019623,NZ
AW-00019624,United States
AW-00019625,Australia
AW-00019626,United States
AW-00019627,Canada
AW-00019628,Australia
AW-00019629,Australia
AW-00019630,Australia
AW-00019631,Australia
AW-00019632,United States
AW-00019633,United Kingdom
AW-00019634,Germany
AW-00019635,France
AW-00019636,Canada
AW-00019637,United States
AW-00019638,Canada
AW-00019639,Australia
AW-00019640,France
AW-00019641,United States
AW-00019642,Australia
AW-00019643,Australia
AW-00019644,United States
AW-00019645,United Kingdom
AW-00019646,Canada
AW-00019647,United Kingdom
AW-00019648,Australia
AW-00019649,Australia
AW-00019650,Australia
AW-00019651,Australia
AW-00019652,USA
AW-00019653,New Zealand
AW-00019654,United States
AW-00019655,Australia
AW-00019656,Australia
AW-00019657,Canada
AW-00019658,Australia
AW-00019659,United Kingdom
AW-00019660,France
AW-00019661,Australia
AW-00019662,United States
AW-00019663,New Zealand
AW-00019664,AU
AW-00019665,Australia
AW-00019666,Australia
AW-00019667,United States
AW-00019668,Australia
AW-00019669,United States
AW-00019670,United Kingdom
AW-00019671,Australia
AW-00019672,United States
AW-00019673,Australia
AW-00019674,United Kingdom
AW-00019675,Australia
AW-00019676,Australia
AW-00019677,Australia
AW-00019678,Australia
AW-00019679,Australia
AW-00019680,Australia
AW-00019681,DE
AW-00019682,United Kingdom
AW-00019683,United States
AW-00019684,United States
AW-00019685,United States
AW-00019686,Australia
AW-00019687,Australia
AW-00019688,Australia
AW-00019689,New Zealand
AW-00019690,Germany
AW-00019691,UK
AW-00019692,Australia
AW-00019693,United States
AW-00019694,Australia
AW-00019695,United States
AW-00019696,United Kingdom
AW-00019697,Australia
AW-00019698,United Kingdom
AW-00019699,United States
AW-00019700,Australia
AW-00019701,United Kingdom
AW-00019702,AU
AW-00019703,Australia
AW-00019704,France
AW-00019705,United Kingdom
AW-00019706,United States
AW-00019707,United States
AW-00019708,United Kingdom
AW-00019709,New Zealand
AW-00019710,Australia
AW-00019711,Canada
AW-00019712,Australia
AW-00019713,United States
AW-00019714,Australia
AW-00019715,United States
AW-00019716,United Kingdom
AW-00019717,United Kingdom
AW-00019718,United States
AW-00019719,New Zealand
AW-00019720,United States
AW-00019721,Australia
AW-00019722,Australia
AW-00019723,Australia
AW-00019724,Australia
AW-00019725,Canada
AW-00019726,NZ
AW-00019727,Australia
AW-00019728,Canada
AW-00019729,Australia
AW-00019730,DE
AW-00019731,United States
AW-00019732,United States
AW-00019733,Canada
AW-00019734,Australia
AW-00019735,United States
AW-00019736,United States
AW-00019737,United States
AW-00019738,Australia
AW-00019739,Australia
AW-00019740,Canada
AW-00019741,Australia
AW-00019742,New Zealand
AW-00019743,Canada
AW-00019744,Canada
AW-00019745,New Zealand
AW-00019746,Australia
AW-00019747,Australia
AW-00019748,Australia
AW-00019749,Australia
AW-00019750,United States
AW-00019751,United States
AW-00019752,Australia
AW-00019753,Canada
AW-00019754,Germany
AW-00019755,France
AW-00019756,Australia
AW-00019757,Canada
AW-00019758,United States
AW-00019759,Australia
AW-00019760,Australia
AW-00019761,Australia
AW-00019762,Australia
AW-00019763,Australia
AW-00019764,Australia
AW-00019765,United States
AW-00019766,Australia
AW-00019767,New Zealand
AW-00019768,Australia
AW-00019769,Canada
AW-00019770,Australia
AW-00019771,France
AW-00019772,Australia
AW-00019773,United States
AW-00019774,United Kingdom
AW-00019775,Australia
AW-00019776,Australia
AW-00019777,Canada
AW-00019778,United States
AW-00019779,Australia
AW-00019780,France
AW-00019781,United Kingdom
AW-00019782,Australia
AW-00019783,Australia
AW-00019784,Australia
AW-00019785,Germany
AW-00019786,United Kingdom
AW-00019787,Australia
AW-00019788,United States
AW-00019789,Canada
AW-00019790,Australia
AW-00019791,
AW-00019792,France
AW-00019793,Australia
AW-00019794,Australia
AW-00019795,Australia
AW-00019796,France
AW-00019797,NZ
AW-00019798,Australia
AW-00019799,Australia
AW-00019800,Australia
AW-00019801,
AW-00019802,Canada
AW-00019803,Australia
AW-00019804,Canada
AW-00019805,Australia
AW-00019806,Australia
AW-00019807,Canada
AW-00019808,Germany
AW-00019809,United States
AW-00019810,Australia
AW-00019811,United States
AW-00019812,Australia
AW-00019813,United States
AW-00019814,Australia
AW-00019815,Canada
AW-00019816,Germany
AW-00019817,Australia
AW-00019818,United Kingdom
AW-00019819,United States
AW-00019820,France
AW-00019821,United Kingdom
AW-00019822,Canada
AW-00019823,New Zealand
AW-00019824,United Kingdom
AW-00019825,Australia
AW-00019826,Australia
AW-00019827,Australia
AW-00019828,Canada
AW-00019829,United States
AW-00019830,Australia
AW-00019831,Australia
AW-00019832,New Zealand
AW-00019833,United States
AW-00019834,Australia
AW-00019835,Germany
AW-00019836,Australia
AW-00019837,Australia
AW-00019838,Australia
AW-00019839,Australia
AW-00019840,United States
AW-00019841,United Kingdom
AW-00019842,Australia
AW-00019843,Canada
AW-00019844,Australia
AW-00019845,Germany
AW-00019846,Australia
AW-00019847,United Kingdom
AW-00019848,Australia
AW-00019849,Australia
AW-00019850,UK
AW-00019851,Canada
AW-00019852,Australia
AW-00019853,United States
AW-00019854,United States
AW-00019855,Canada
AW-00019856,Australia
AW-00019857,Canada
AW-00019858,Australia
AW-00019859,Australia
AW-00019860,Australia
AW-00019861,Australia
AW-00019862,US
AW-00019863,Australia
AW-00019864,
AW-00019865,Canada
AW-00019866,Australia
AW-00019867,New Zealand
AW-00019868,United States
AW-00019869,NZ
AW-00019870,Australia
AW-00019871,Australia
AW-00019872,Australia
AW-00019873,New Zealand
AW-00019874,United States
AW-00019875,Germany
AW-00019876,Australia
AW-00019877,Germany
AW-00019878,DE
AW-00019879,Australia
AW-00019880,Australia
AW-00019881,Germany
AW-00019882,Canada
AW-00019883,Australia
AW-00019884,United States
AW-00019885,Australia
AW-00019886,Germany
AW-00019887,United States
AW-00019888,Germany
AW-00019889,Australia
AW-00019890,United Kingdom
AW-00019891,Australia
AW-00019892,United States
AW-00019893,Australia
AW-00019894,Australia
AW-00019895,Australia
AW-00019896,Australia
AW-00019897,Germany
AW-00019898,United States
AW-00019899,United States
AW-00019900,Australia
AW-00019901,
AW-00019902,New Zealand
AW-00019903,United States
AW-00019904,United States
AW-00019905,Canada
AW-00019906,United States
AW-00019907,Australia
AW-00019908,New Zealand
AW-00019909,Australia
AW-00019910,Australia
AW-00019911,Australia
AW-00019912,Australia
AW-00019913,Australia
AW-00019914,New Zealand
AW-00019915,Australia
AW-00019916,Australia
AW-00019917,Australia
AW-00019918,Australia
AW-00019919,Australia
AW-00019920,USA
AW-00019921,Australia
AW-00019922,United States
AW-00019923,
AW-00019924,Australia
AW-00019925,AU
AW-00019926,Australia
AW-00019927,United States
AW-00019928,United States
AW-00019929,Australia
AW-00019930,United States
AW-00019931,United Kingdom
AW-00019932,Australia
AW-00019933,United Kingdom
AW-00019934,Australia
AW-00019935,Australia
AW-00019936,United Kingdom
AW-00019937,New Zealand
AW-00019938,France
AW-00019939,Australia
AW-00019940,Australia
AW-00019941,Canada
AW-00019942,Germany
AW-00019943,Australia
AW-00019944,United States
AW-00019945,Canada
AW-00019946,Australia
AW-00019947,United States
AW-00019948,United Kingdom
AW-00019949,Australia
AW-00019950,Australia
AW-00019951,Australia
AW-00019952,New Zealand
AW-00019953,United States
AW-00019954,United Kingdom
AW-00019955,Australia
AW-00019956,United States
AW-00019957,Australia
AW-00019958,New Zealand
AW-00019959,United Kingdom
AW-00019960,Canada
AW-00019961,Canada
AW-00019962,New Zealand
AW-00019963,United States
AW-00019964,United States
AW-00019965,United States
AW-00019966,Australia
AW-00019967,United Kingdom
AW-00019968,United Kingdom
AW-00019969,United Kingdom
AW-00019970,Australia
AW-00019971,Australia
AW-00019972,Germany
AW-00019973,Australia
AW-00019974,New Zealand
AW-00019975,United States
AW-00019976,United States
AW-00019977,France
AW-00019978,Australia
AW-00019979,Canada
AW-00019980,United States
AW-00019981,United States
AW-00019982,Australia
AW-00019983,Australia
AW-00019984,Australia
AW-00019985,United Kingdom
AW-00019986,Germany
AW-00019987,Australia
AW-00019988,Australia
AW-00019989,Australia
AW-00019990,Australia
AW-00019991,Australia
AW-00019992,Australia
AW-00019993,United States
AW-00019994,Australia
AW-00019995,Australia
AW-00019996,United Kingdom
AW-00019997,Australia
AW-00019998,Australia
AW-00019999,Australia
AW-00020000,DE
AW-00020001,Australia
AW-00020002,United Kingdom
AW-00020003,France
AW-00020004,Canada
AW-00020005,Australia
AW-00020006,New Zealand
AW-00020007,United States
AW-00020008,Australia
AW-00020009,France
AW-00020010,Germany
AW-00020011,France
AW-00020012,Australia
AW-00020013,Australia
AW-00020014,United Kingdom
AW-00020015,United States
AW-00020016,Australia
AW-00020017,Germany
AW-00020018,Germany
AW-00020019,Germany
AW-00020020,Canada
AW-00020021,Australia
AW-00020022,United States
AW-00020023,United States
AW-00020024,New Zealand
AW-00020025,Australia
AW-00020026,United Kingdom
AW-00020027,Australia
AW-00020028,Australia
AW-00020029,France
AW-00020030,Germany
AW-00020031,Australia
AW-00020032,Australia
AW-00020033,France
AW-00020034,United Kingdom
AW-00020035,Australia
AW-00020036,Australia
AW-00020037,Australia
AW-00020038,Canada
AW-00020039,United States
AW-00020040,Australia
AW-00020041,Australia
AW-00020042,New Zealand
AW-00020043,Australia
AW-00020044,Germany
AW-00020045,United States
AW-00020046,Australia
AW-00020047,Australia
AW-00020048,United Kingdom
AW-00020049,UK
AW-00020050,United States
AW-00020051,New Zealand
AW-00020052,Australia
AW-00020053,Australia
AW-00020054,Australia
AW-00020055,France
AW-00020056,Australia
AW-00020057,Australia
AW-00020058,Australia
AW-00020059,New Zealand
AW-00020060,Australia
AW-00020061,Australia
AW-00020062,Australia
AW-00020063,United States
AW-00020064,United States
AW-00020065,Canada
AW-00020066,Australia
AW-00020067,Australia
AW-00020068,United Kingdom
AW-00020069,United States
AW-00020070,Australia
AW-00020071,United States
AW-00020072,Australia
AW-00020073,Australia
AW-00020074,Australia
AW-00020075,New Zealand
AW-00020076,New Zealand
AW-00020077,Australia
AW-00020078,Canada
AW-00020079,Australia
AW-00020080,Australia
AW-00020081,Australia
AW-00020082,United States
AW-00020083,Australia
AW-00020084,Canada
AW-00020085,Australia
AW-00020086,United States
AW-00020087,United Kingdom
AW-00020088,France
AW-00020089,Australia
AW-00020090,Australia
AW-00020091,United Kingdom
AW-00020092,Australia
AW-00020093,Australia
AW-00020094,Australia
AW-00020095,Australia
AW-00020096,AU
AW-00020097,Australia
AW-00020098,Canada
AW-00020099,Australia
AW-00020100,Australia
AW-00020101,Germany
AW-00020102,Australia
AW-00020103,Australia
AW-00020104,Australia
AW-00020105,United States
AW-00020106,Australia
AW-00020107,Canada
AW-00020108,Canada
AW-00020109,United Kingdom
AW-00020110,Australia
AW-00020111,Australia
AW-00020112,
AW-00020113,Australia
AW-00020114,United States
AW-00020115,Australia
AW-00020116,France
AW-00020117,United States
AW-00020118,Australia
AW-00020119,United States
AW-00020120,United Kingdom
AW-00020121,Canada
AW-00020122,Australia
AW-00020123,Australia
AW-00020124,Australia
AW-00020125,Australia
AW-00020126,United States
AW-00020127,Australia
AW-00020128,Australia
AW-00020129,United States
AW-00020130,Australia
AW-00020131,Australia
AW-00020132,Australia
AW-00020133,Canada
AW-00020134,United States
AW-00020135,Australia
AW-00020136,Australia
AW-00020137,Australia
AW-00020138,Australia
AW-00020139,New Zealand
AW-00020140,Australia
AW-00020141,Australia
AW-00020142,France
AW-00020143,United Kingdom
AW-00020144,Canada
AW-00020145,United States
AW-00020146,Australia
AW-00020147,Australia
AW-00020148,New Zealand
AW-00020149,France
AW-00020150,Australia
AW-00020151,Australia
AW-00020152,New Zealand
AW-00020153,New Zealand
AW-00020154,United Kingdom
AW-00020155,France
AW-00020156,Australia
AW-00020157,New Zealand
AW-00020158,Australia
AW-00020159,United States
AW-00020160,Australia
AW-00020161,Australia
AW-00020162,Australia
AW-00020163,United States
AW-00020164,New Zealand
AW-00020165,United States
AW-00020166,United Kingdom
AW-00020167,United States
AW-00020168,United States
AW-00020169,Australia
AW-00020170,France
AW-00020171,Australia
AW-00020172,Australia
AW-00020173,Canada
AW-00020174,Australia
AW-00020175,France
AW-00020176,United States
AW-00020177,Australia
AW-00020178,France
AW-00020179,Australia
AW-00020180,Germany
AW-00020181,Australia
AW-00020182,France
AW-00020183,Australia
AW-00020184,United States
AW-00020185,Australia
AW-00020186,United States
AW-00020187,United Kingdom
AW-00020188,France
AW-00020189,United States
AW-00020190,Australia
AW-00020191,Australia
AW-00020192,United Kingdom
AW-00020193,Australia
AW-00020194,US
AW-00020195,Australia
AW-00020196,New Zealand
AW-00020197,Canada
AW-00020198,Australia
AW-00020199,Canada
AW-00020200,United States
AW-00020201,Australia
AW-00020202,France
AW-00020203,Australia
AW-00020204,Australia
AW-00020205,United States
AW-00020206,Canada
AW-00020207,Australia
AW-00020208,Australia
AW-00020209,United Kingdom
AW-00020210,Australia
AW-00020211,Australia
AW-00020212,United States
AW-00020213,Australia
AW-00020214,Australia
AW-00020215,Australia
AW-00020216,Australia
AW-00020217,Australia
AW-00020218,Australia
AW-00020219,United Kingdom
AW-00020220,United States
AW-00020221,United States
AW-00020222,Australia
AW-00020223,Australia
AW-00020224,Germany
AW-00020225,United Kingdom
AW-00020226,France
AW-00020227,Australia
AW-00020228,Australia
AW-00020229,United States
AW-00020230,Australia
AW-00020231,France
AW-00020232,United States
AW-00020233,United States
AW-00020234,Canada
AW-00020235,Australia
AW-00020236,France
AW-00020237,New Zealand
AW-00020238,Australia
AW-00020239,Australia
AW-00020240,United Kingdom
AW-00020241,Australia
AW-00020242,Australia
AW-00020243,Australia
AW-00020244,Australia
AW-00020245,United States
AW-00020246,United States
AW-00020247,United States
AW-00020248,Australia
AW-00020249,UK
AW-00020250,United States
AW-00020251,Australia
AW-00020252,Australia
AW-00020253,Australia
AW-00020254,Australia
AW-00020255,Australia
AW-00020256,Australia
AW-00020257,Australia
AW-00020258,Australia
AW-00020259,Australia
AW-00020260,United Kingdom
AW-00020261,Australia
AW-00020262,New Zealand
AW-00020263,Australia
AW-00020264,
AW-00020265,Australia
AW-00020266,Australia
AW-00020267,Germany
AW-00020268,United Kingdom
AW-00020269,France
AW-00020270,United States
AW-00020271,NZ
AW-00020272,Australia
AW-00020273,Australia
AW-00020274,Australia
AW-00020275,Australia
AW-00020276,France
AW-00020277,Germany
AW-00020278,Australia
AW-00020279,USA
AW-00020280,DE
AW-00020281,Australia
AW-00020282,Australia
AW-00020283,New Zealand
AW-00020284,Australia
AW-00020285,Australia
AW-00020286,Australia
AW-00020287,Germany
AW-00020288,New Zealand
AW-00020289,United States
AW-00020290,United Kingdom
AW-00020291,New Zealand
AW-00020292,Canada
AW-00020293,Australia
AW-00020294,Germany
AW-00020295,Australia
AW-00020296,Australia
AW-00020297,New Zealand
AW-00020298,Canada
AW-00020299,Canada
AW-00020300,France
AW-00020301,United States
AW-00020302,New Zealand
AW-00020303,Australia
AW-00020304,Australia
AW-00020305,Australia
AW-00020306,Australia
AW-00020307,United States
AW-00020308,United States
AW-00020309,United States
AW-00020310,Australia
AW-00020311,United States
AW-00020312,Australia
AW-00020313,New Zealand
AW-00020314,United States
AW-00020315,United Kingdom
AW-00020316,United States
AW-00020317,United Kingdom
AW-00020318,United States
AW-00020319,AU
AW-00020320,Australia
AW-00020321,Australia
AW-00020322,New Zealand
AW-00020323,Canada
AW-00020324,Australia
AW-00020325,Australia
AW-00020326,France
AW-00020327,United Kingdom
AW-00020328,Australia
AW-00020329,Australia
AW-00020330,New Zealand
AW-00020331,Australia
AW-00020332,United States
AW-00020333,United Kingdom
AW-00020334,Australia
AW-00020335,Australia
AW-00020336,Australia
AW-00020337,France
AW-00020338,Canada
AW-00020339,New Zealand
AW-00020340,USA
AW-00020341,Australia
AW-00020342,
AW-00020343,United Kingdom
AW-00020344,Australia
AW-00020345,AU
AW-00020346,Australia
AW-00020347,United States
AW-00020348,Australia
AW-00020349,Australia
AW-00020350,Canada
AW-00020351,Australia
AW-00020352,Australia
AW-00020353,United States
AW-00020354,Australia
AW-00020355,Canada
AW-00020356,New Zealand
AW-00020357,DE
AW-00020358,New Zealand
AW-00020359,France
AW-00020360,Canada
AW-00020361,Australia
AW-00020362,Australia
AW-00020363,United States
AW-00020364,Australia
AW-00020365,Australia
AW-00020366,United States
AW-00020367,Australia
AW-00020368,Canada
AW-00020369,Germany
AW-00020370,New Zealand
AW-00020371,Australia
AW-00020372,Canada
AW-00020373,United States
AW-00020374,United States
AW-00020375,Germany
AW-00020376,United States
AW-00020377,Australia
AW-00020378,Australia
AW-00020379,United Kingdom
AW-00020380,Germany
AW-00020381,Australia
AW-00020382,Australia
AW-00020383,Australia
AW-00020384,Canada
AW-00020385,Australia
AW-00020386,France
AW-00020387,United States
AW-00020388,United States
AW-00020389,Australia
AW-00020390,Australia
AW-00020391,France
AW-00020392,Australia
AW-00020393,New Zealand
AW-00020394,Australia
AW-00020395,Australia
AW-00020396,Australia
AW-00020397,Australia
AW-00020398,US
AW-00020399,AU
AW-00020400,United States
AW-00020401,United States
AW-00020402,Australia
AW-00020403,New Zealand
AW-00020404,AU
AW-00020405,Australia
AW-00020406,United States
AW-00020407,Australia
AW-00020408,Australia
AW-00020409,Australia
AW-00020410,Australia
AW-00020411,Australia
AW-00020412,Australia
AW-00020413,United Kingdom
AW-00020414,Australia
AW-00020415,United States
AW-00020416,Australia
AW-00020417,Australia
AW-00020418,Canada
AW-00020419,United Kingdom
AW-00020420,Australia
AW-00020421,Canada
AW-00020422,United States
AW-00020423,United States
AW-00020424,Australia
AW-00020425,AU
AW-00020426,DE
AW-00020427,Australia
AW-00020428,United States
AW-00020429,United States
AW-00020430,New Zealand
AW-00020431,Australia
AW-00020432,Australia
AW-00020433,New Zealand
AW-00020434,New Zealand
AW-00020435,United States
AW-00020436,United States
AW-00020437,United Kingdom
AW-00020438,Australia
AW-00020439,New Zealand
AW-00020440,Canada
AW-00020441,France
AW-00020442,New Zealand
AW-00020443,Australia
AW-00020444,Canada
AW-00020445,United Kingdom
AW-00020446,United Kingdom
AW-00020447,Australia
AW-00020448,Australia
AW-00020449,Australia
AW-00020450,United States
AW-00020451,Australia
AW-00020452,Australia
AW-00020453,Australia
AW-00020454,Australia
AW-00020455,United States
AW-00020456,Australia
AW-00020457,United Kingdom
AW-00020458,Australia
AW-00020459,Australia
AW-00020460,Australia
AW-00020461,Australia
AW-00020462,United Kingdom
AW-00020463,United Kingdom
AW-00020464,United Kingdom
AW-00020465,Canada
AW-00020466,Canada
AW-00020467,Australia
AW-00020468,Canada
AW-00020469,Australia
AW-00020470,Australia
AW-00020471,Australia
AW-00020472,Germany
AW-00020473,France
AW-00020474,Australia
AW-00020475,United Kingdom
AW-00020476,New Zealand
AW-00020477,France
AW-00020478,Canada
AW-00020479,Australia
AW-00020480,United States
AW-00020481,United States
AW-00020482,United Kingdom
AW-00020483,United States
AW-00020484,Australia
AW-00020485,Australia
AW-00020486,UK
AW-00020487,United States
AW-00020488,Australia
AW-00020489,United Kingdom
AW-00020490,Australia
AW-00020491,United States
AW-00020492,Australia
AW-00020493,Australia
AW-00020494,Australia
AW-00020495,Australia
AW-00020496,France
AW-00020497,New Zealand
AW-00020498,Australia
AW-00020499,Australia
AW-00020500,Australia
AW-00020501,Australia
AW-00020502,Australia
AW-00020503,United States
AW-00020504,United Kingdom
AW-00020505,Australia
AW-00020506,France
AW-00020507,United States
AW-00020508,France
AW-00020509,Australia
AW-00020510,Australia
AW-00020511,Australia
AW-00020512,United States
AW-00020513,DE
AW-00020514,UK
AW-00020515,Germany
AW-00020516,New Zealand
AW-00020517,Australia
AW-00020518,United Kingdom
AW-00020519,DE
AW-00020520,
AW-00020521,United Kingdom
AW-00020522,US
AW-00020523,Germany
AW-00020524,United States
AW-00020525,United States
AW-00020526,Canada
AW-00020527,Germany
AW-00020528,Australia
AW-00020529,Australia
AW-00020530,United Kingdom
AW-00020531,US
AW-00020532,Australia
AW-00020533,Australia
AW-00020534,Australia
AW-00020535,Australia
AW-00020536,Australia
AW-00020537,United Kingdom
AW-00020538,Australia
AW-00020539,Australia
AW-00020540,Australia
AW-00020541,Canada
AW-00020542,United States
AW-00020543,United States
AW-00020544,Australia
AW-00020545,Australia
AW-00020546,Australia
AW-00020547,New Zealand
AW-00020548,Australia
AW-00020549,United Kingdom
AW-00020550,United States
AW-00020551,United Kingdom
AW-00020552,United States
AW-00020553,Australia
AW-00020554,Australia
AW-00020555,United Kingdom
AW-00020556,Germany
AW-00020557,United States
AW-00020558,United Kingdom
AW-00020559,Australia
AW-00020560,United States
AW-00020561,Australia
AW-00020562,United Kingdom
AW-00020563,Australia
AW-00020564,Australia
AW-00020565,United States
AW-00020566,Australia
AW-00020567,Australia
AW-00020568,Australia
AW-00020569,New Zealand
AW-00020570,United Kingdom
AW-00020571,Australia
AW-00020572,Australia
AW-00020573,France
AW-00020574,United States
AW-00020575,Australia
AW-00020576,Australia
AW-00020577,Australia
AW-00020578,United States
AW-00020579,Australia
AW-00020580,New Zealand
AW-00020581,Australia
AW-00020582,United States
AW-00020583,US
AW-00020584,United Kingdom
AW-00020585,United Kingdom
AW-00020586,Australia
AW-00020587,Australia
AW-00020588,France
AW-00020589,Australia
AW-00020590,Australia
AW-00020591,Canada
AW-00020592,United States
AW-00020593,Australia
AW-00020594,Australia
AW-00020595,New Zealand
AW-00020596,Australia
AW-00020597,Australia
AW-00020598,United States
AW-00020599,Australia
AW-00020600,United Kingdom
AW-00020601,Australia
AW-00020602,Australia
AW-00020603,Australia
AW-00020604,Australia
AW-00020605,Australia
AW-00020606,UK
AW-00020607,Australia
AW-00020608,Germany
AW-00020609,United States
AW-00020610,Australia
AW-00020611,Australia
AW-00020612,Australia
AW-00020613,Australia
AW-00020614,Australia
AW-00020615,Australia
AW-00020616,New Zealand
AW-00020617,Australia
AW-00020618,United Kingdom
AW-00020619,Australia
AW-00020620,USA
AW-00020621,Canada
AW-00020622,United States
AW-00020623,Australia
AW-00020624,Canada
AW-00020625,Australia
AW-00020626,United States
AW-00020627,United Kingdom
AW-00020628,Canada
AW-00020629,Australia
AW-00020630,Australia
AW-00020631,United States
AW-00020632,Germany
AW-00020633,United Kingdom
AW-00020634,Germany
AW-00020635,
AW-00020636,Australia
AW-00020637,Australia
AW-00020638,Australia
AW-00020639,Canada
AW-00020640,United States
AW-00020641,Australia
AW-00020642,Germany
AW-00020643,Australia
AW-00020644,Australia
AW-00020645,Germany
AW-00020646,United States
AW-00020647,Australia
AW-00020648,New Zealand
AW-00020649,Australia
AW-00020650,Australia
AW-00020651,France
AW-00020652,Canada
AW-00020653,Australia
AW-00020654,Australia
AW-00020655,Germany
AW-00020656,Australia
AW-00020657,Australia
AW-00020658,United States
AW-00020659,Australia
AW-00020660,France
AW-00020661,Australia
AW-00020662,Australia
AW-00020663,United States
AW-00020664,Germany
AW-00020665,Australia
AW-00020666,Australia
AW-00020667,United Kingdom
AW-00020668,United States
AW-00020669,Australia
AW-00020670,France
AW-00020671,France
AW-00020672,Australia
AW-00020673,United States
AW-00020674,New Zealand
AW-00020675,NZ
AW-00020676,Germany
AW-00020677,United Kingdom
AW-00020678,Australia
AW-00020679,Australia
AW-00020680,France
AW-00020681,United States
AW-00020682,Australia
AW-00020683,Australia
AW-00020684,United States
AW-00020685,Australia
AW-00020686,France
AW-00020687,Australia
AW-00020688,United States
AW-00020689,Australia
AW-00020690,Germany
AW-00020691,Australia
AW-00020692,Australia
AW-00020693,New Zealand
AW-00020694,New Zealand
AW-00020695,Australia
AW-00020696,United States
AW-00020697,Australia
AW-00020698,United Kingdom
AW-00020699,Australia
AW-00020700,Australia
AW-00020701,United Kingdom
AW-00020702,Australia
AW-00020703,Australia
AW-00020704,Australia
AW-00020705,Australia
AW-00020706,United Kingdom
AW-00020707,United Kingdom
AW-00020708,Australia
AW-00020709,AU
AW-00020710,United States
AW-00020711,United Kingdom
AW-00020712,Australia
AW-00020713,Australia
AW-00020714,New Zealand
AW-00020715,
AW-00020716,United Kingdom
AW-00020717,Australia
AW-00020718,Canada
AW-00020719,Australia
AW-00020720,Australia
AW-00020721,United States
AW-00020722,Australia
AW-00020723,United Kingdom
AW-00020724,United States
AW-00020725,United States
AW-00020726,USA
AW-00020727,US
AW-00020728,Australia
AW-00020729,United States
AW-00020730,Germany
AW-00020731,Australia
AW-00020732,Australia
AW-00020733,Australia
AW-00020734,Australia
AW-00020735,United States
AW-00020736,Germany
AW-00020737,Australia
AW-00020738,Australia
AW-00020739,Australia
AW-00020740,Australia
AW-00020741,Australia
AW-00020742,Australia
AW-00020743,Australia
AW-00020744,Australia
AW-00020745,United States
AW-00020746,Australia
AW-00020747,Germany
AW-00020748,United Kingdom
AW-00020749,United States
AW-00020750,United States
AW-00020751,Australia
AW-00020752,Australia
AW-00020753,Canada
AW-00020754,Australia
AW-00020755,Australia
AW-00020756,Germany
AW-00020757,Australia
AW-00020758,New Zealand
AW-00020759,Australia
AW-00020760,Australia
AW-00020761,Australia
AW-00020762,Australia
AW-00020763,New Zealand
AW-00020764,Australia
AW-00020765,Australia
AW-00020766,Australia
AW-00020767,Australia
AW-00020768,NZ
AW-00020769,DE
AW-00020770,
AW-00020771,Australia
AW-00020772,France
AW-00020773,Australia
AW-00020774,Australia
AW-00020775,United States
AW-00020776,Australia
AW-00020777,Australia
AW-00020778,Australia
AW-00020779,Australia
AW-00020780,Canada
AW-00020781,Australia
AW-00020782,Australia
AW-00020783,Canada
AW-00020784,United States
AW-00020785,Australia
AW-00020786,Australia
AW-00020787,Australia
AW-00020788,Australia
AW-00020789,Australia
AW-00020790,United States
AW-00020791,United Kingdom
AW-00020792,Canada
AW-00020793,AU
AW-00020794,Australia
AW-00020795,Australia
AW-00020796,Germany
AW-00020797,
AW-00020798,United States
AW-00020799,Canada
AW-00020800,NZ
AW-00020801,United Kingdom
AW-00020802,Australia
AW-00020803,United Kingdom
AW-00020804,Australia
AW-00020805,Australia
AW-00020806,Australia
AW-00020807,Australia
AW-00020808,Australia
AW-00020809,New Zealand
AW-00020810,France
AW-00020811,United Kingdom
AW-00020812,United States
AW-00020813,United Kingdom
AW-00020814,Australia
AW-00020815,Germany
AW-00020816,US
AW-00020817,New Zealand
AW-00020818,Germany
AW-00020819,Australia
AW-00020820,Australia
AW-00020821,United States
AW-00020822,Australia
AW-00020823,Australia
AW-00020824,Australia
AW-00020825,United States
AW-00020826,France
AW-00020827,United Kingdom
AW-00020828,New Zealand
AW-00020829,Australia
AW-00020830,UK
AW-00020831,Canada
AW-00020832,United States
AW-00020833,Australia
AW-00020834,Australia
AW-00020835,Australia
AW-00020836,Australia
AW-00020837,Australia
AW-00020838,NZ
AW-00020839,New Zealand
AW-00020840,USA
AW-00020841,Canada
AW-00020842,United States
AW-00020843,United States
AW-00020844,Australia
AW-00020845,Australia
AW-00020846,Australia
AW-00020847,United Kingdom
AW-00020848,Canada
AW-00020849,Australia
AW-00020850,Australia
AW-00020851,Australia
AW-00020852,Australia
AW-00020853,Australia
AW-00020854,Australia
AW-00020855,Australia
AW-00020856,Australia
AW-00020857,Australia
AW-00020858,Australia
AW-00020859,Australia
AW-00020860,United Kingdom
AW-00020861,Australia
AW-00020862,Australia
AW-00020863,Australia
AW-00020864,US
AW-00020865,United States
AW-00020866,Australia
AW-00020867,France
AW-00020868,Australia
AW-00020869,USA
AW-00020870,UK
AW-00020871,United States
AW-00020872,United Kingdom
AW-00020873,Australia
AW-00020874,Australia
AW-00020875,Australia
AW-00020876,Germany
AW-00020877,United States
AW-00020878,Australia
AW-00020879,Australia
AW-00020880,Australia
AW-00020881,United States
AW-00020882,United States
AW-00020883,United States
AW-00020884,Australia
AW-00020885,United Kingdom
AW-00020886,Canada
AW-00020887,United States
AW-00020888,Australia
AW-00020889,Australia
AW-00020890,New Zealand
AW-00020891,Australia
AW-00020892,Australia
AW-00020893,Australia
AW-00020894,Canada
AW-00020895,Australia
AW-00020896,Australia
AW-00020897,Australia
AW-00020898,Germany
AW-00020899,United Kingdom
AW-00020900,Australia
AW-00020901,Australia
AW-00020902,United States
AW-00020903,Australia
AW-00020904,Canada
AW-00020905,United States
AW-00020906,Australia
AW-00020907,New Zealand
AW-00020908,Australia
AW-00020909,Germany
AW-00020910,Australia
AW-00020911,United Kingdom
AW-00020912,Australia
AW-00020913,Australia
AW-00020914,New Zealand
AW-00020915,Canada
AW-00020916,United States
AW-00020917,Germany
AW-00020918,Australia
AW-00020919,United Kingdom
AW-00020920,Australia
AW-00020921,Australia
AW-00020922,Australia
AW-00020923,Australia
AW-00020924,Australia
AW-00020925,Australia
AW-00020926,Australia
AW-00020927,NZ
AW-00020928,Australia
AW-00020929,Canada
AW-00020930,Australia
AW-00020931,Australia
AW-00020932,United States
AW-00020933,United States
AW-00020934,Australia
AW-00020935,United Kingdom
AW-00020936,Australia
AW-00020937,Germany
AW-00020938,United States
AW-00020939,Australia
AW-00020940,United States
AW-00020941,United States
AW-00020942,United States
AW-00020943,Canada
AW-00020944,New Zealand
AW-00020945,Canada
AW-00020946,France
AW-00020947,United States
AW-00020948,Australia
AW-00020949,Australia
AW-00020950,Australia
AW-00020951,Australia
AW-00020952,United States
AW-00020953,Australia
AW-00020954,Australia
AW-00020955,Germany
AW-00020956,
AW-00020957,United States
AW-00020958,New Zealand
AW-00020959,New Zealand
AW-00020960,United Kingdom
AW-00020961,Australia
AW-00020962,US
AW-00020963,Australia
AW-00020964,New Zealand
AW-00020965,Canada
AW-00020966,Australia
AW-00020967,Australia
AW-00020968,Australia
AW-00020969,United States
AW-00020970,United Kingdom
AW-00020971,United States
AW-00020972,United Kingdom
AW-00020973,Australia
AW-00020974,Canada
AW-00020975,Australia
AW-00020976,United States
AW-00020977,Australia
AW-00020978,Australia
AW-00020979,United Kingdom
AW-00020980,Australia
AW-00020981,Australia
AW-00020982,Australia
AW-00020983,United Kingdom
AW-00020984,United Kingdom
AW-00020985,US
AW-00020986,Australia
AW-00020987,Australia
AW-00020988,DE
AW-00020989,Australia
AW-00020990,Australia
AW-00020991,Australia
AW-00020992,Australia
AW-00020993,Australia
AW-00020994,United Kingdom
AW-00020995,United States
AW-00020996,Australia
AW-00020997,Australia
AW-00020998,Australia
AW-00020999,United Kingdom
AW-00021000,New Zealand
AW-00021001,Australia
AW-00021002,Canada
AW-00021003,New Zealand
AW-00021004,Australia
AW-00021005,Germany
AW-00021006,New Zealand
AW-00021007,Germany
AW-00021008,Australia
AW-00021009,Australia
AW-00021010,Canada
AW-00021011,New Zealand
AW-00021012,Australia
AW-00021013,United Kingdom
AW-00021014,Canada
AW-00021015,United States
AW-00021016,Australia
AW-00021017,Germany
AW-00021018,Australia
AW-00021019,Germany
AW-00021020,United States
AW-00021021,Australia
AW-00021022,Australia
AW-00021023,Australia
AW-00021024,Australia
AW-00021025,France
AW-00021026,Australia
AW-00021027,United Kingdom
AW-00021028,Germany
AW-00021029,France
AW-00021030,United Kingdom
AW-00021031,Australia
AW-00021032,Australia
AW-00021033,United States
AW-00021034,Australia
AW-00021035,Canada
AW-00021036,United Kingdom
AW-00021037,Australia
AW-00021038,United Kingdom
AW-00021039,Australia
AW-00021040,Australia
AW-00021041,United Kingdom
AW-00021042,United States
AW-00021043,UK
AW-00021044,United States
AW-00021045,Canada
AW-00021046,United States
AW-00021047,Australia
AW-00021048,Australia
AW-00021049,NZ
AW-00021050,Australia
AW-00021051,Australia
AW-00021052,Canada
AW-00021053,Australia
AW-00021054,New Zealand
AW-00021055,Australia
AW-00021056,Australia
AW-00021057,Australia
AW-00021058,Canada
AW-00021059,Germany
AW-00021060,New Zealand
AW-00021061,Canada
AW-00021062,Canada
AW-00021063,Australia
AW-00021064,Australia
AW-00021065,Australia
AW-00021066,Australia
AW-00021067,Australia
AW-00021068,Australia
AW-00021069,NZ
AW-00021070,Australia
AW-00021071,Australia
AW-00021072,Canada
AW-00021073,United Kingdom
AW-00021074,Germany
AW-00021075,Australia
AW-00021076,Canada
AW-00021077,United Kingdom
AW-00021078,Canada
AW-00021079,Australia
AW-00021080,Australia
AW-00021081,France
AW-00021082,Australia
AW-00021083,Australia
AW-00021084,AU
AW-00021085,United Kingdom
AW-00021086,
AW-00021087,Canada
AW-00021088,United Kingdom
AW-00021089,Australia
AW-00021090,Australia
AW-00021091,United States
AW-00021092,United States
AW-00021093,United States
AW-00021094,US
AW-00021095,Canada
AW-00021096,Australia
AW-00021097,Australia
AW-00021098,United States
AW-00021099,Australia
AW-00021100,France
AW-00021101,United States
AW-00021102,Australia
AW-00021103,United States
AW-00021104,Australia
AW-00021105,Australia
AW-00021106,Australia
AW-00021107,Australia
AW-00021108,Australia
AW-00021109,Australia
AW-00021110,Australia
AW-00021111,Australia
AW-00021112,New Zealand
AW-00021113,United Kingdom
AW-00021114,United States
AW-00021115,Australia
AW-00021116,Australia
AW-00021117,Germany
AW-00021118,United States
AW-00021119,France
AW-00021120,Australia
AW-00021121,Canada
AW-00021122,Australia
AW-00021123,United Kingdom
AW-00021124,Australia
AW-00021125,France
AW-00021126,Australia
AW-00021127,France
AW-00021128,United States
AW-00021129,Australia
AW-00021130,United Kingdom
AW-00021131,Australia
AW-00021132,Australia
AW-00021133,Australia
AW-00021134,United States
AW-00021135,United Kingdom
AW-00021136,New Zealand
AW-00021137,Australia
AW-00021138,Australia
AW-00021139,New Zealand
AW-00021140,Australia
AW-00021141,Australia
AW-00021142,United States
AW-00021143,United Kingdom
AW-00021144,United Kingdom
AW-00021145,Australia
AW-00021146,New Zealand
AW-00021147,Australia
AW-00021148,Australia
AW-00021149,Australia
AW-00021150,United States
AW-00021151,Canada
AW-00021152,UK
AW-00021153,DE
AW-00021154,Australia
AW-00021155,United States
AW-00021156,Australia
AW-00021157,Australia
AW-00021158,Australia
AW-00021159,Australia
AW-00021160,Canada
AW-00021161,Australia
AW-00021162,Australia
AW-00021163,Canada
AW-00021164,Australia
AW-00021165,United States
AW-00021166,Australia
AW-00021167,Australia
AW-00021168,Australia
AW-00021169,Australia
AW-00021170,United Kingdom
AW-00021171,Australia
AW-00021172,Australia
AW-00021173,United States
AW-00021174,Canada
AW-00021175,Australia
AW-00021176,Australia
AW-00021177,Canada
AW-00021178,Australia
AW-00021179,United States
AW-00021180,United States
AW-00021181,Australia
AW-00021182,Australia
AW-00021183,Australia
AW-00021184,United Kingdom
AW-00021185,United States
AW-00021186,Canada
AW-00021187,Australia
AW-00021188,United States
AW-00021189,United States
AW-00021190,United States
AW-00021191,Australia
AW-00021192,Australia
AW-00021193,Australia
AW-00021194,United States
AW-00021195,Australia
AW-00021196,United States
AW-00021197,Australia
AW-00021198,United States
AW-00021199,Australia
AW-00021200,Australia
AW-00021201,Australia
AW-00021202,Australia
AW-00021203,Australia
AW-00021204,New Zealand
AW-00021205,United States
AW-00021206,Australia
AW-00021207,Germany
AW-00021208,Germany
AW-00021209,New Zealand
AW-00021210,Australia
AW-00021211,France
AW-00021212,Australia
AW-00021213,Canada
AW-00021214,United States
AW-00021215,Australia
AW-00021216,Australia
AW-00021217,Australia
AW-00021218,Australia
AW-00021219,Australia
AW-00021220,United States
AW-00021221,Australia
AW-00021222,Australia
AW-00021223,United Kingdom
AW-00021224,
AW-00021225,United Kingdom
AW-00021226,Australia
AW-00021227,United States
AW-00021228,France
AW-00021229,France
AW-00021230,United States
AW-00021231,Germany
AW-00021232,Australia
AW-00021233,United States
AW-00021234,Australia
AW-00021235,Australia
AW-00021236,New Zealand
AW-00021237,United States
AW-00021238,Australia
AW-00021239,Australia
AW-00021240,Australia
AW-00021241,Australia
AW-00021242,New Zealand
AW-00021243,Canada
AW-00021244,Australia
AW-00021245,United States
AW-00021246,United Kingdom
AW-00021247,Australia
AW-00021248,
AW-00021249,Australia
AW-00021250,Australia
AW-00021251,Canada
AW-00021252,Australia
AW-00021253,Australia
AW-00021254,United Kingdom
AW-00021255,United States
AW-00021256,United Kingdom
AW-00021257,Australia
AW-00021258,Canada
AW-00021259,Australia
AW-00021260,Australia
AW-00021261,Australia
AW-00021262,Australia
AW-00021263,United States
AW-00021264,New Zealand
AW-00021265,United States
AW-00021266,Australia
AW-00021267,Australia
AW-00021268,
AW-00021269,Canada
AW-00021270,Germany
AW-00021271,United States
AW-00021272,Canada
AW-00021273,Australia
AW-00021274,United States
AW-00021275,United Kingdom
AW-00021276,NZ
AW-00021277,United Kingdom
AW-00021278,United States
AW-00021279,Australia
AW-00021280,United States
AW-00021281,Australia
AW-00021282,United States
AW-00021283,
AW-00021284,France
AW-00021285,Germany
AW-00021286,Australia
AW-00021287,France
AW-00021288,United States
AW-00021289,Australia
AW-00021290,Australia
AW-00021291,Australia
AW-00021292,Australia
AW-00021293,Australia
AW-00021294,Australia
AW-00021295,Australia
AW-00021296,Australia
AW-00021297,Canada
AW-00021298,Germany
AW-00021299,Australia
AW-00021300,United States
AW-00021301,Australia
AW-00021302,Australia
AW-00021303,United States
AW-00021304,Canada
AW-00021305,Canada
AW-00021306,United Kingdom
AW-00021307,New Zealand
AW-00021308,Australia
AW-00021309,Australia
AW-00021310,Australia
AW-00021311,Australia
AW-00021312,New Zealand
AW-00021313,Australia
AW-00021314,Australia
AW-00021315,United States
AW-00021316,Australia
AW-00021317,Germany
AW-00021318,United States
AW-00021319,Australia
AW-00021320,Australia
AW-00021321,United States
AW-00021322,United Kingdom
AW-00021323,Australia
AW-00021324,United Kingdom
AW-00021325,Australia
AW-00021326,Australia
AW-00021327,Australia
AW-00021328,Australia
AW-00021329,United States
AW-00021330,United States
AW-00021331,Australia
AW-00021332,Australia
AW-00021333,Australia
AW-00021334,United States
AW-00021335,Canada
AW-00021336,Canada
AW-00021337,United States
AW-00021338,United Kingdom
AW-00021339,New Zealand
AW-00021340,United States
AW-00021341,New Zealand
AW-00021342,Canada
AW-00021343,United States
AW-00021344,Australia
AW-00021345,United States
AW-00021346,Canada
AW-00021347,New Zealand
AW-00021348,Australia
AW-00021349,United Kingdom
AW-00021350,Australia
AW-00021351,United States
AW-00021352,Australia
AW-00021353,Australia
AW-00021354,United States
AW-00021355,Australia
AW-00021356,Australia
AW-00021357,Australia
AW-00021358,New Zealand
AW-00021359,France
AW-00021360,Germany
AW-00021361,New Zealand
AW-00021362,Australia
AW-00021363,Australia
AW-00021364,New Zealand
AW-00021365,Australia
AW-00021366,Australia
AW-00021367,Australia
AW-00021368,Australia
AW-00021369,Australia
AW-00021370,Australia
AW-00021371,Australia
AW-00021372,United States
AW-00021373,Australia
AW-00021374,Australia
AW-00021375,Canada
AW-00021376,Australia
AW-00021377,United Kingdom
AW-00021378,United States
AW-00021379,Australia
AW-00021380,Australia
AW-00021381,Australia
AW-00021382,Australia
AW-00021383,Australia
AW-00021384,
AW-00021385,Australia
AW-00021386,Australia
AW-00021387,Canada
AW-00021388,United Kingdom
AW-00021389,AU
AW-00021390,Australia
AW-00021391,Germany
AW-00021392,United States
AW-00021393,Australia
AW-00021394,Australia
AW-00021395,Australia
AW-00021396,United States
AW-00021397,United States
AW-00021398,United Kingdom
AW-00021399,Germany
AW-00021400,AU
AW-00021401,Germany
AW-00021402,Australia
AW-00021403,Australia
AW-00021404,United States
AW-00021405,Australia
AW-00021406,United States
AW-00021407,New Zealand
AW-00021408,USA
AW-00021409,Australia
AW-00021410,Canada
AW-00021411,Australia
AW-00021412,United States
AW-00021413,Australia
AW-00021414,Canada
AW-00021415,United Kingdom
AW-00021416,Australia
AW-00021417,Australia
AW-00021418,Australia
AW-00021419,US
AW-00021420,Australia
AW-00021421,Australia
AW-00021422,Germany
AW-00021423,Australia
AW-00021424,Australia
AW-00021425,Germany
AW-00021426,United States
AW-00021427,France
AW-00021428,United Kingdom
AW-00021429,United Kingdom
AW-00021430,New Zealand
AW-00021431,Australia
AW-00021432,Australia
AW-00021433,UK
AW-00021434,United Kingdom
AW-00021435,Australia
AW-00021436,Germany
AW-00021437,US
AW-00021438,Germany
AW-00021439,France
AW-00021440,Australia
AW-00021441,United Kingdom
AW-00021442,Australia
AW-00021443,Australia
AW-00021444,Australia
AW-00021445,United States
AW-00021446,Australia
AW-00021447,Australia
AW-00021448,Australia
AW-00021449,United Kingdom
AW-00021450,United States
AW-00021451,Australia
AW-00021452,Australia
AW-00021453,United Kingdom
AW-00021454,Australia
AW-00021455,United States
AW-00021456,France
AW-00021457,Australia
AW-00021458,
AW-00021459,Canada
AW-00021460,Australia
AW-00021461,United Kingdom
AW-00021462,United States
AW-00021463,Australia
AW-00021464,Australia
AW-00021465,France
AW-00021466,United States
AW-00021467,Australia
AW-00021468,Australia
AW-00021469,United States
AW-00021470,United States
AW-00021471,United States
AW-00021472,Australia
AW-00021473,New Zealand
AW-00021474,United States
AW-00021475,Australia
AW-00021476,Australia
AW-00021477,United States
AW-00021478,Australia
AW-00021479,Australia
AW-00021480,Australia
AW-00021481,Australia
AW-00021482,Australia
AW-00021483,Australia
AW-00021484,United States
AW-00021485,New Zealand
AW-00021486,United Kingdom
AW-00021487,Australia
AW-00021488,France
AW-00021489,Canada
AW-00021490,NZ
AW-00021491,Australia
AW-00021492,Australia
AW-00021493,Australia
AW-00021494,Australia
AW-00021495,UK
AW-00021496,United Kingdom
AW-00021497,Australia
AW-00021498,United Kingdom
AW-00021499,France
AW-00021500,Australia
AW-00021501,United States
AW-00021502,Germany
AW-00021503,United States
AW-00021504,Australia
AW-00021505,Australia
AW-00021506,United States
AW-00021507,Australia
AW-00021508,Germany
AW-00021509,Australia
AW-00021510,Australia
AW-00021511,Germany
AW-00021512,Germany
AW-00021513,United States
AW-00021514,Australia
AW-00021515,United Kingdom
AW-00021516,United States
AW-00021517,Canada
AW-00021518,Canada
AW-00021519,Germany
AW-00021520,Australia
AW-00021521,Australia
AW-00021522,United States
AW-00021523,Canada
AW-00021524,United States
AW-00021525,United Kingdom
AW-00021526,Australia
AW-00021527,Australia
AW-00021528,United States
AW-00021529,Australia
AW-00021530,Australia
AW-00021531,United Kingdom
AW-00021532,Australia
AW-00021533,USA
AW-00021534,United Kingdom
AW-00021535,Australia
AW-00021536,Australia
AW-00021537,Australia
AW-00021538,Australia
AW-00021539,France
AW-00021540,Australia
AW-00021541,United States
AW-00021542,Germany
AW-00021543,Germany
AW-00021544,Canada
AW-00021545,NZ
AW-00021546,Australia
AW-00021547,New Zealand
AW-00021548,Australia
AW-00021549,Australia
AW-00021550,Australia
AW-00021551,France
AW-00021552,United States
AW-00021553,United States
AW-00021554,Australia
AW-00021555,Australia
AW-00021556,Australia
AW-00021557,Australia
AW-00021558,France
AW-00021559,United States
AW-00021560,United Kingdom
AW-00021561,New Zealand
AW-00021562,United Kingdom
AW-00021563,United States
AW-00021564,Germany
AW-00021565,Australia
AW-00021566,Australia
AW-00021567,Germany
AW-00021568,Australia
AW-00021569,United States
AW-00021570,Australia
AW-00021571,United States
AW-00021572,United States
AW-00021573,Australia
AW-00021574,United Kingdom
AW-00021575,Australia
AW-00021576,New Zealand
AW-00021577,Australia
AW-00021578,New Zealand
AW-00021579,Germany
AW-00021580,Australia
AW-00021581,France
AW-00021582,Australia
AW-00021583,Australia
AW-00021584,Australia
AW-00021585,United Kingdom
AW-00021586,United Kingdom
AW-00021587,United Kingdom
AW-00021588,Australia
AW-00021589,Australia
AW-00021590,Germany
AW-00021591,Australia
AW-00021592,Australia
AW-00021593,United States
AW-00021594,Australia
AW-00021595,NZ
AW-00021596,United States
AW-00021597,United States
AW-00021598,France
AW-00021599,Australia
AW-00021600,Australia
AW-00021601,New Zealand
AW-00021602,Australia
AW-00021603,Australia
AW-00021604,Australia
AW-00021605,Australia
AW-00021606,Australia
AW-00021607,Australia
AW-00021608,New Zealand
AW-00021609,United States
AW-00021610,Australia
AW-00021611,Australia
AW-00021612,Australia
AW-00021613,Australia
AW-00021614,Australia
AW-00021615,United States
AW-00021616,Australia
AW-00021617,USA
AW-00021618,Australia
AW-00021619,Australia
AW-00021620,Australia
AW-00021621,Germany
AW-00021622,Australia
AW-00021623,Australia
AW-00021624,
AW-00021625,New Zealand
AW-00021626,Australia
AW-00021627,Australia
AW-00021628,Canada
AW-00021629,Australia
AW-00021630,Australia
AW-00021631,United States
AW-00021632,Germany
AW-00021633,Canada
AW-00021634,Canada
AW-00021635,Australia
AW-00021636,Australia
AW-00021637,Australia
AW-00021638,Canada
AW-00021639,Australia
AW-00021640,Australia
AW-00021641,Australia
AW-00021642,United States
AW-00021643,United States
AW-00021644,Australia
AW-00021645,Germany
AW-00021646,United Kingdom
AW-00021647,Australia
AW-00021648,United States
AW-00021649,Australia
AW-00021650,Australia
AW-00021651,United States
AW-00021652,Australia
AW-00021653,Australia
AW-00021654,Australia
AW-00021655,United States
AW-00021656,United States
AW-00021657,Canada
AW-00021658,United States
AW-00021659,Australia
AW-00021660,United Kingdom
AW-00021661,United Kingdom
AW-00021662,Australia
AW-00021663,Canada
AW-00021664,United States
AW-00021665,Australia
AW-00021666,Australia
AW-00021667,Canada
AW-00021668,UK
AW-00021669,United Kingdom
AW-00021670,Germany
AW-00021671,Australia
AW-00021672,United States
AW-00021673,New Zealand
AW-00021674,Germany
AW-00021675,Canada
AW-00021676,Australia
AW-00021677,Australia
AW-00021678,Australia
AW-00021679,United States
AW-00021680,United Kingdom
AW-00021681,Canada
AW-00021682,Australia
AW-00021683,United States
AW-00021684,Australia
AW-00021685,Australia
AW-00021686,United States
AW-00021687,Australia
AW-00021688,Australia
AW-00021689,UK
AW-00021690,Australia
AW-00021691,United Kingdom
AW-00021692,United States
AW-00021693,United States
AW-00021694,Australia
AW-00021695,United States
AW-00021696,France
AW-00021697,Australia
AW-00021698,United Kingdom
AW-00021699,Australia
AW-00021700,United States
AW-00021701,Australia
AW-00021702,Australia
AW-00021703,Australia
AW-00021704,Canada
AW-00021705,United States
AW-00021706,Australia
AW-00021707,Australia
AW-00021708,Australia
AW-00021709,New Zealand
AW-00021710,Australia
AW-00021711,United States
AW-00021712,Canada
AW-00021713,USA
AW-00021714,Canada
AW-00021715,Australia
AW-00021716,Australia
AW-00021717,France
AW-00021718,France
AW-00021719,United States
AW-00021720,AU
AW-00021721,United States
AW-00021722,France
AW-00021723,Australia
AW-00021724,Canada
AW-00021725,
AW-00021726,United States
AW-00021727,Australia
AW-00021728,Australia
AW-00021729,Australia
AW-00021730,Australia
AW-00021731,United States
AW-00021732,New Zealand
AW-00021733,Australia
AW-00021734,Canada
AW-00021735,Australia
AW-00021736,United Kingdom
AW-00021737,Australia
AW-00021738,Australia
AW-00021739,New Zealand
AW-00021740,Australia
AW-00021741,New Zealand
AW-00021742,United States
AW-00021743,United States
AW-00021744,United States
AW-00021745,France
AW-00021746,Australia
AW-00021747,Australia
AW-00021748,USA
AW-00021749,Australia
AW-00021750,Canada
AW-00021751,Australia
AW-00021752,DE
AW-00021753,Germany
AW-00021754,Australia
AW-00021755,New Zealand
AW-00021756,United Kingdom
AW-00021757,Australia
AW-00021758,New Zealand
AW-00021759,Australia
AW-00021760,Australia
AW-00021761,United Kingdom
AW-00021762,Australia
AW-00021763,United States
AW-00021764,Germany
AW-00021765,United Kingdom
AW-00021766,Australia
AW-00021767,Australia
AW-00021768,Australia
AW-00021769,United Kingdom
AW-00021770,Australia
AW-00021771,Australia
AW-00021772,Canada
AW-00021773,United Kingdom
AW-00021774,United States
AW-00021775,Canada
AW-00021776,Germany
AW-00021777,New Zealand
AW-00021778,Australia
AW-00021779,Australia
AW-00021780,Australia
AW-00021781,Australia
AW-00021782,Australia
AW-00021783,Australia
AW-00021784,Australia
AW-00021785,United Kingdom
AW-00021786,Australia
AW-00021787,United Kingdom
AW-00021788,Australia
AW-00021789,Australia
AW-00021790,Canada
AW-00021791,Australia
AW-00021792,United Kingdom
AW-00021793,Australia
AW-00021794,United States
AW-00021795,Canada
AW-00021796,Australia
AW-00021797,
AW-00021798,United Kingdom
AW-00021799,Australia
AW-00021800,Australia
AW-00021801,France
AW-00021802,Germany
AW-00021803,Australia
AW-00021804,Australia
AW-00021805,Australia
AW-00021806,United Kingdom
AW-00021807,UK
AW-00021808,United States
AW-00021809,Australia
AW-00021810,France
AW-00021811,United States
AW-00021812,France
AW-00021813,United Kingdom
AW-00021814,United States
AW-00021815,Australia
AW-00021816,Australia
AW-00021817,France
AW-00021818,France
AW-00021819,Australia
AW-00021820,Australia
AW-00021821,Australia
AW-00021822,Australia
AW-00021823,Australia
AW-00021824,Australia
AW-00021825,
AW-00021826,Australia
AW-00021827,United Kingdom
AW-00021828,Australia
AW-00021829,US
AW-00021830,United States
AW-00021831,Australia
AW-00021832,United Kingdom
AW-00021833,Canada
AW-00021834,US
AW-00021835,Australia
AW-00021836,Australia
AW-00021837,Australia
AW-00021838,United States
AW-00021839,Australia
AW-00021840,Australia
AW-00021841,Germany
AW-00021842,United States
AW-00021843,Australia
AW-00021844,Australia
AW-00021845,United Kingdom
AW-00021846,Australia
AW-00021847,France
AW-00021848,United States
AW-00021849,Australia
AW-00021850,Australia
AW-00021851,New Zealand
AW-00021852,Australia
AW-00021853,Australia
AW-00021854,United Kingdom
AW-00021855,Australia
AW-00021856,Australia
AW-00021857,Australia
AW-00021858,United Kingdom
AW-00021859,Australia
AW-00021860,United Kingdom
AW-00021861,Australia
AW-00021862,Australia
AW-00021863,France
AW-00021864,Canada
AW-00021865,Australia
AW-00021866,Germany
AW-00021867,United States
AW-00021868,United Kingdom
AW-00021869,United Kingdom
AW-00021870,Australia
AW-00021871,Australia
AW-00021872,Australia
AW-00021873,New Zealand
AW-00021874,Australia
AW-00021875,United States
AW-00021876,
AW-00021877,United Kingdom
AW-00021878,Australia
AW-00021879,United States
AW-00021880,Australia
AW-00021881,United States
AW-00021882,US
AW-00021883,US
AW-00021884,Germany
AW-00021885,United Kingdom
AW-00021886,United States
AW-00021887,Australia
AW-00021888,United Kingdom
AW-00021889,Canada
AW-00021890,United Kingdom
AW-00021891,United States
AW-00021892,New Zealand
AW-00021893,Australia
AW-00021894,Australia
AW-00021895,USA
AW-00021896,Australia
AW-00021897,Australia
AW-00021898,Canada
AW-00021899,Australia
AW-00021900,Australia
AW-00021901,United States
AW-00021902,Australia
AW-00021903,Australia
AW-00021904,Australia
AW-00021905,Australia
AW-00021906,New Zealand
AW-00021907,Germany
AW-00021908,Australia
AW-00021909,Australia
AW-00021910,United States
AW-00021911,France
AW-00021912,Australia
AW-00021913,United States
AW-00021914,Australia
AW-00021915,Australia
AW-00021916,Germany
AW-00021917,United States
AW-00021918,United Kingdom
AW-00021919,Australia
AW-00021920,United States
AW-00021921,Australia
AW-00021922,Australia
AW-00021923,Canada
AW-00021924,France
AW-00021925,Australia
AW-00021926,United States
AW-00021927,Australia
AW-00021928,USA
AW-00021929,United Kingdom
AW-00021930,New Zealand
AW-00021931,New Zealand
AW-00021932,Australia
AW-00021933,Australia
AW-00021934,United States
AW-00021935,Australia
AW-00021936,Australia
AW-00021937,France
AW-00021938,Australia
AW-00021939,Canada
AW-00021940,Canada
AW-00021941,United Kingdom
AW-00021942,Australia
AW-00021943,United States
AW-00021944,Germany
AW-00021945,France
AW-00021946,Australia
AW-00021947,United States
AW-00021948,United States
AW-00021949,Germany
AW-00021950,UK
AW-00021951,Australia
AW-00021952,United Kingdom
AW-00021953,Australia
AW-00021954,Germany
AW-00021955,Australia
AW-00021956,Australia
AW-00021957,Canada
AW-00021958,Australia
AW-00021959,United States
AW-00021960,Canada
AW-00021961,Australia
AW-00021962,United States
AW-00021963,United States
AW-00021964,New Zealand
AW-00021965,United Kingdom
AW-00021966,United States
AW-00021967,Australia
AW-00021968,United Kingdom
AW-00021969,Australia
AW-00021970,United Kingdom
AW-00021971,United Kingdom
AW-00021972,
AW-00021973,United Kingdom
AW-00021974,United Kingdom
AW-00021975,Australia
AW-00021976,NZ
AW-00021977,Australia
AW-00021978,New Zealand
AW-00021979,New Zealand
AW-00021980,Canada
AW-00021981,United States
AW-00021982,Australia
AW-00021983,France
AW-00021984,Australia
AW-00021985,United States
AW-00021986,United States
AW-00021987,Canada
AW-00021988,United Kingdom
AW-00021989,Canada
AW-00021990,Australia
AW-00021991,United Kingdom
AW-00021992,Australia
AW-00021993,UK
AW-00021994,United Kingdom
AW-00021995,Australia
AW-00021996,Canada
AW-00021997,United Kingdom
AW-00021998,Australia
AW-00021999,Australia
AW-00022000,United States
AW-00022001,Australia
AW-00022002,United Kingdom
AW-00022003,United States
AW-00022004,France
AW-00022005,Australia
AW-00022006,Australia
AW-00022007,Australia
AW-00022008,Australia
AW-00022009,Australia
AW-00022010,France
AW-00022011,USA
AW-00022012,United States
AW-00022013,France
AW-00022014,Australia
AW-00022015,USA
AW-00022016,Canada
AW-00022017,United States
AW-00022018,Australia
AW-00022019,United States
AW-00022020,Australia
AW-00022021,United Kingdom
AW-00022022,DE
AW-00022023,Australia
AW-00022024,Germany
AW-00022025,UK
AW-00022026,Australia
AW-00022027,Australia
AW-00022028,Australia
AW-00022029,United States
AW-00022030,Australia
AW-00022031,Australia
AW-00022032,Australia
AW-00022033,Australia
AW-00022034,New Zealand
AW-00022035,Australia
AW-00022036,Australia
AW-00022037,Australia
AW-00022038,Australia
AW-00022039,United Kingdom
AW-00022040,United States
AW-00022041,Australia
AW-00022042,Germany
AW-00022043,New Zealand
AW-00022044,Australia
AW-00022045,Australia
AW-00022046,New Zealand
AW-00022047,Canada
AW-00022048,United Kingdom
AW-00022049,Australia
AW-00022050,
AW-00022051,Canada
AW-00022052,Australia
AW-00022053,Germany
AW-00022054,Australia
AW-00022055,Australia
AW-00022056,UK
AW-00022057,Australia
AW-00022058,Australia
AW-00022059,US
AW-00022060,
AW-00022061,United States
AW-00022062,United States
AW-00022063,United Kingdom
AW-00022064,Australia
AW-00022065,Australia
AW-00022066,Australia
AW-00022067,Australia
AW-00022068,Australia
AW-00022069,France
AW-00022070,United States
AW-00022071,United Kingdom
AW-00022072,Germany
AW-00022073,Australia
AW-00022074,Australia
AW-00022075,US
AW-00022076,Australia
AW-00022077,Germany
AW-00022078,Australia
AW-00022079,Australia
AW-00022080,Australia
AW-00022081,Australia
AW-00022082,United States
AW-00022083,Australia
AW-00022084,Australia
AW-00022085,Australia
AW-00022086,Australia
AW-00022087,Australia
AW-00022088,Germany
AW-00022089,United Kingdom
AW-00022090,Australia
AW-00022091,Australia
AW-00022092,Australia
AW-00022093,Australia
AW-00022094,Germany
AW-00022095,United Kingdom
AW-00022096,Australia
AW-00022097,United States
AW-00022098,Germany
AW-00022099,United States
AW-00022100,Australia
AW-00022101,United States
AW-00022102,Australia
AW-00022103,Germany
AW-00022104,AU
AW-00022105,United Kingdom
AW-00022106,Australia
AW-00022107,Australia
AW-00022108,Canada
AW-00022109,Australia
AW-00022110,Australia
AW-00022111,Australia
AW-00022112,Canada
AW-00022113,Canada
AW-00022114,Australia
AW-00022115,Australia
AW-00022116,Australia
AW-00022117,Canada
AW-00022118,Australia
AW-00022119,Australia
AW-00022120,United Kingdom
AW-00022121,United States
AW-00022122,Australia
AW-00022123,Australia
AW-00022124,Australia
AW-00022125,United States
AW-00022126,Germany
AW-00022127,United States
AW-00022128,Australia
AW-00022129,Canada
AW-00022130,Australia
AW-00022131,DE
AW-00022132,NZ
AW-00022133,United States
AW-00022134,Australia
AW-00022135,Australia
AW-00022136,Australia
AW-00022137,Australia
AW-00022138,New Zealand
AW-00022139,
AW-00022140,United Kingdom
AW-00022141,United States
AW-00022142,Australia
AW-00022143,United Kingdom
AW-00022144,Australia
AW-00022145,United States
AW-00022146,Germany
AW-00022147,Australia
AW-00022148,Australia
AW-00022149,Australia
AW-00022150,US
AW-00022151,Germany
AW-00022152,Australia
AW-00022153,Germany
AW-00022154,Australia
AW-00022155,Australia
AW-00022156,Australia
AW-00022157,AU
AW-00022158,Australia
AW-00022159,Canada
AW-00022160,Australia
AW-00022161,Australia
AW-00022162,Germany
AW-00022163,Australia
AW-00022164,Australia
AW-00022165,United Kingdom
AW-00022166,Australia
AW-00022167,United States
AW-00022168,Australia
AW-00022169,Australia
AW-00022170,Australia
AW-00022171,United Kingdom
AW-00022172,Australia
AW-00022173,Australia
AW-00022174,Australia
AW-00022175,Canada
AW-00022176,United States
AW-00022177,United States
AW-00022178,NZ
AW-00022179,Canada
AW-00022180,Australia
AW-00022181,Australia
AW-00022182,Australia
AW-00022183,Canada
AW-00022184,Australia
AW-00022185,AU
AW-00022186,United States
AW-00022187,Australia
AW-00022188,Australia
AW-00022189,Australia
AW-00022190,United Kingdom
AW-00022191,Australia
AW-00022192,Australia
AW-00022193,Australia
AW-00022194,United States
AW-00022195,United States
AW-00022196,United States
AW-00022197,United Kingdom
AW-00022198,Germany
AW-00022199,United Kingdom
AW-00022200,United States
AW-00022201,USA
AW-00022202,
AW-00022203,Australia
AW-00022204,Australia
AW-00022205,United Kingdom
AW-00022206,Australia
AW-00022207,United States
AW-00022208,Australia
AW-00022209,Australia
AW-00022210,Germany
AW-00022211,United Kingdom
AW-00022212,Australia
AW-00022213,Australia
AW-00022214,Australia
AW-00022215,United States
AW-00022216,Australia
AW-00022217,Australia
AW-00022218,France
AW-00022219,United Kingdom
AW-00022220,New Zealand
AW-00022221,Canada
AW-00022222,United States
AW-00022223,Australia
AW-00022224,Germany
AW-00022225,Australia
AW-00022226,Australia
AW-00022227,United Kingdom
AW-00022228,Australia
AW-00022229,Australia
AW-00022230,Australia
AW-00022231,United States
AW-00022232,United States
AW-00022233,United States
AW-00022234,Australia
AW-00022235,United States
AW-00022236,New Zealand
AW-00022237,Australia
AW-00022238,Australia
AW-00022239,United States
AW-00022240,Australia
AW-00022241,Australia
AW-00022242,Australia
AW-00022243,Australia
AW-00022244,France
AW-00022245,Australia
AW-00022246,United States
AW-00022247,France
AW-00022248,Australia
AW-00022249,Germany
AW-00022250,Australia
AW-00022251,United States
AW-00022252,United States
AW-00022253,Canada
AW-00022254,Australia
AW-00022255,DE
AW-00022256,United States
AW-00022257,Australia
AW-00022258,Australia
AW-00022259,United States
AW-00022260,United States
AW-00022261,United Kingdom
AW-00022262,United Kingdom
AW-00022263,United Kingdom
AW-00022264,
AW-00022265,Australia
AW-00022266,Australia
AW-00022267,Australia
AW-00022268,United States
AW-00022269,United Kingdom
AW-00022270,Canada
AW-00022271,United States
AW-00022272,United States
AW-00022273,United States
AW-00022274,Germany
AW-00022275,Canada
AW-00022276,United Kingdom
AW-00022277,United States
AW-00022278,Australia
AW-00022279,France
AW-00022280,Canada
AW-00022281,United Kingdom
AW-00022282,United States
AW-00022283,Australia
AW-00022284,Australia
AW-00022285,Australia
AW-00022286,Germany
AW-00022287,Australia
AW-00022288,NZ
AW-00022289,United States
AW-00022290,Australia
AW-00022291,Australia
AW-00022292,Australia
AW-00022293,United Kingdom
AW-00022294,Australia
AW-00022295,Germany
AW-00022296,United Kingdom
AW-00022297,United States
AW-00022298,United States
AW-00022299,Australia
AW-00022300,France
AW-00022301,Australia
AW-00022302,Germany
AW-00022303,Australia
AW-00022304,Canada
AW-00022305,Australia
AW-00022306,United States
AW-00022307,United States
AW-00022308,United States
AW-00022309,Canada
AW-00022310,New Zealand
AW-00022311,Germany
AW-00022312,Australia
AW-00022313,United States
AW-00022314,Australia
AW-00022315,Australia
AW-00022316,United States
AW-00022317,DE
AW-00022318,New Zealand
AW-00022319,United States
AW-00022320,Australia
AW-00022321,Australia
AW-00022322,New Zealand
AW-00022323,Australia
AW-00022324,Australia
AW-00022325,Canada
AW-00022326,New Zealand
AW-00022327,United Kingdom
AW-00022328,United States
AW-00022329,New Zealand
AW-00022330,Australia
AW-00022331,Australia
AW-00022332,United Kingdom
AW-00022333,Germany
AW-00022334,Australia
AW-00022335,Australia
AW-00022336,US
AW-00022337,Australia
AW-00022338,Canada
AW-00022339,Canada
AW-00022340,Australia
AW-00022341,Canada
AW-00022342,Australia
AW-00022343,United States
AW-00022344,United Kingdom
AW-00022345,United States
AW-00022346,United States
AW-00022347,Australia
AW-00022348,Australia
AW-00022349,Canada
AW-00022350,USA
AW-00022351,Australia
AW-00022352,Germany
AW-00022353,United States
AW-00022354,Germany
AW-00022355,United States
AW-00022356,Australia
AW-00022357,Australia
AW-00022358,Australia
AW-00022359,USA
AW-00022360,Australia
AW-00022361,Australia
AW-00022362,New Zealand
AW-00022363,Australia
AW-00022364,New Zealand
AW-00022365,Australia
AW-00022366,Australia
AW-00022367,Australia
AW-00022368,Germany
AW-00022369,Australia
AW-00022370,Australia
AW-00022371,United States
AW-00022372,Australia
AW-00022373,Australia
AW-00022374,United States
AW-00022375,Australia
AW-00022376,Australia
AW-00022377,Australia
AW-00022378,United Kingdom
AW-00022379,Canada
AW-00022380,Australia
AW-00022381,Australia
AW-00022382,Australia
AW-00022383,Australia
AW-00022384,United States
AW-00022385,United States
AW-00022386,Australia
AW-00022387,UK
AW-00022388,Australia
AW-00022389,Australia
AW-00022390,Germany
AW-00022391,Australia
AW-00022392,Australia
AW-00022393,
AW-00022394,United States
AW-00022395,United States
AW-00022396,United Kingdom
AW-00022397,Australia
AW-00022398,France
AW-00022399,Australia
AW-00022400,France
AW-00022401,Australia
AW-00022402,Australia
AW-00022403,Australia
AW-00022404,Australia
AW-00022405,Australia
AW-00022406,Australia
AW-00022407,Australia
AW-00022408,United States
AW-00022409,
AW-00022410,United Kingdom
AW-00022411,Canada
AW-00022412,Australia
AW-00022413,New Zealand
AW-00022414,Australia
AW-00022415,United States
AW-00022416,Australia
AW-00022417,United Kingdom
AW-00022418,Australia
AW-00022419,Australia
AW-00022420,Australia
AW-00022421,United States
AW-00022422,United States
AW-00022423,Germany
AW-00022424,Australia
AW-00022425,Australia
AW-00022426,Australia
AW-00022427,Australia
AW-00022428,Canada
AW-00022429,NZ
AW-00022430,United States
AW-00022431,New Zealand
AW-00022432,New Zealand
AW-00022433,Canada
AW-00022434,New Zealand
AW-00022435,Australia
AW-00022436,United States
AW-00022437,Australia
AW-00022438,Australia
AW-00022439,New Zealand
AW-00022440,Canada
AW-00022441,United States
AW-00022442,Australia
AW-00022443,Australia
AW-00022444,Germany
AW-00022445,New Zealand
AW-00022446,Australia
AW-00022447,Australia
AW-00022448,Australia
AW-00022449,Australia
AW-00022450,United States
AW-00022451,Canada
AW-00022452,Australia
AW-00022453,Canada
AW-00022454,Germany
AW-00022455,Germany
AW-00022456,Australia
AW-00022457,Australia
AW-00022458,United States
AW-00022459,Australia
AW-00022460,United Kingdom
AW-00022461,Australia
AW-00022462,Germany
AW-00022463,United States
AW-00022464,Australia
AW-00022465,United States
AW-00022466,United Kingdom
AW-00022467,New Zealand
AW-00022468,Australia
AW-00022469,United Kingdom
AW-00022470,United States
AW-00022471,Australia
AW-00022472,Canada
AW-00022473,Canada
AW-00022474,Australia
AW-00022475,Australia
AW-00022476,Australia
AW-00022477,Canada
AW-00022478,United States
AW-00022479,Australia
AW-00022480,United States
AW-00022481,United Kingdom
AW-00022482,United States
AW-00022483,Canada
AW-00022484,Canada
AW-00022485,Australia
AW-00022486,Australia
AW-00022487,Canada
AW-00022488,Australia
AW-00022489,Canada
AW-00022490,United States
AW-00022491,Australia
AW-00022492,Canada
AW-00022493,Australia
AW-00022494,Australia
AW-00022495,Australia
AW-00022496,DE
AW-00022497,New Zealand
AW-00022498,Australia
AW-00022499,United States
AW-00022500,Australia
AW-00022501,United States
AW-00022502,United States
AW-00022503,Australia
AW-00022504,Australia
AW-00022505,Australia
AW-00022506,United States
AW-00022507,Canada
AW-00022508,United States
AW-00022509,Australia
AW-00022510,United Kingdom
AW-00022511,Canada
AW-00022512,Australia
AW-00022513,Canada
AW-00022514,United States
AW-00022515,United States
AW-00022516,Australia
AW-00022517,Australia
AW-00022518,Australia
AW-00022519,Germany
AW-00022520,US
AW-00022521,Australia
AW-00022522,New Zealand
AW-00022523,US
AW-00022524,Canada
AW-00022525,UK
AW-00022526,Australia
AW-00022527,Australia
AW-00022528,New Zealand
AW-00022529,United States
AW-00022530,Australia
AW-00022531,Australia
AW-00022532,Australia
AW-00022533,United Kingdom
AW-00022534,Australia
AW-00022535,United States
AW-00022536,Australia
AW-00022537,France
AW-00022538,Australia
AW-00022539,United Kingdom
AW-00022540,Australia
AW-00022541,United States
AW-00022542,Australia
AW-00022543,United Kingdom
AW-00022544,Australia
AW-00022545,Germany
AW-00022546,United Kingdom
AW-00022547,Australia
AW-00022548,Australia
AW-00022549,Australia
AW-00022550,Australia
AW-00022551,US
AW-00022552,Australia
AW-00022553,United States
AW-00022554,Australia
AW-00022555,AU
AW-00022556,United States
AW-00022557,France
AW-00022558,United Kingdom
AW-00022559,Australia
AW-00022560,United States
AW-00022561,USA
AW-00022562,New Zealand
AW-00022563,United Kingdom
AW-00022564,New Zealand
AW-00022565,United Kingdom
AW-00022566,Australia
AW-00022567,United States
AW-00022568,Australia
AW-00022569,New Zealand
AW-00022570,Australia
AW-00022571,United Kingdom
AW-00022572,Australia
AW-00022573,United Kingdom
AW-00022574,United States
AW-00022575,New Zealand
AW-00022576,Australia
AW-00022577,Australia
AW-00022578,New Zealand
AW-00022579,United Kingdom
AW-00022580,Australia
AW-00022581,Australia
AW-00022582,France
AW-00022583,Australia
AW-00022584,Australia
AW-00022585,United States
AW-00022586,Australia
AW-00022587,France
AW-00022588,Germany
AW-00022589,Australia
AW-00022590,Canada
AW-00022591,United Kingdom
AW-00022592,United Kingdom
AW-00022593,NZ
AW-00022594,Australia
AW-00022595,Australia
AW-00022596,Australia
AW-00022597,Australia
AW-00022598,Australia
AW-00022599,United States
AW-00022600,United States
AW-00022601,New Zealand
AW-00022602,New Zealand
AW-00022603,Australia
AW-00022604,Australia
AW-00022605,DE
AW-00022606,United Kingdom
AW-00022607,Canada
AW-00022608,Australia
AW-00022609,New Zealand
AW-00022610,United States
AW-00022611,New Zealand
AW-00022612,United States
AW-00022613,Australia
AW-00022614,Australia
AW-00022615,Australia
AW-00022616,United Kingdom
AW-00022617,Canada
AW-00022618,United States
AW-00022619,Australia
AW-00022620,Australia
AW-00022621,Australia
AW-00022622,NZ
AW-00022623,France
AW-00022624,Australia
AW-00022625,New Zealand
AW-00022626,Australia
AW-00022627,DE
AW-00022628,Australia
AW-00022629,Australia
AW-00022630,United States
AW-00022631,United States
AW-00022632,Australia
AW-00022633,Australia
AW-00022634,United States
AW-00022635,Australia
AW-00022636,United States
AW-00022637,France
AW-00022638,New Zealand
AW-00022639,United Kingdom
AW-00022640,Germany
AW-00022641,
AW-00022642,Australia
AW-00022643,USA
AW-00022644,Germany
AW-00022645,Australia
AW-00022646,Germany
AW-00022647,
AW-00022648,United States
AW-00022649,Australia
AW-00022650,Australia
AW-00022651,Australia
AW-00022652,United States
AW-00022653,UK
AW-00022654,New Zealand
AW-00022655,Canada
AW-00022656,Australia
AW-00022657,Australia
AW-00022658,Australia
AW-00022659,Australia
AW-00022660,United Kingdom
AW-00022661,France
AW-00022662,United States
AW-00022663,Australia
AW-00022664,Australia
AW-00022665,Canada
AW-00022666,Canada
AW-00022667,Australia
AW-00022668,Australia
AW-00022669,Australia
AW-00022670,Australia
AW-00022671,Australia
AW-00022672,Australia
AW-00022673,Australia
AW-00022674,Australia
AW-00022675,United States
AW-00022676,Australia
AW-00022677,Australia
AW-00022678,Australia
AW-00022679,Australia
AW-00022680,Australia
AW-00022681,United States
AW-00022682,United States
AW-00022683,Australia
AW-00022684,New Zealand
AW-00022685,United Kingdom
AW-00022686,Australia
AW-00022687,United States
AW-00022688,United Kingdom
AW-00022689,United States
AW-00022690,Australia
AW-00022691,Germany
AW-00022692,Australia
AW-00022693,United States
AW-00022694,Canada
AW-00022695,Australia
AW-00022696,Australia
AW-00022697,United Kingdom
AW-00022698,Australia
AW-00022699,United States
AW-00022700,Australia
AW-00022701,Australia
AW-00022702,United Kingdom
AW-00022703,Australia
AW-00022704,Canada
AW-00022705,United States
AW-00022706,Canada
AW-00022707,New Zealand
AW-00022708,Australia
AW-00022709,Germany
AW-00022710,Canada
AW-00022711,United States
AW-00022712,Canada
AW-00022713,Australia
AW-00022714,United States
AW-00022715,United States
AW-00022716,Germany
AW-00022717,Australia
AW-00022718,Australia
AW-00022719,United States
AW-00022720,Germany
AW-00022721,Australia
AW-00022722,Australia
AW-00022723,
AW-00022724,Australia
AW-00022725,Australia
AW-00022726,New Zealand
AW-00022727,Australia
AW-00022728,Australia
AW-00022729,Australia
AW-00022730,Australia
AW-00022731,Australia
AW-00022732,Canada
AW-00022733,Canada
AW-00022734,Australia
AW-00022735,United Kingdom
AW-00022736,France
AW-00022737,Australia
AW-00022738,Canada
AW-00022739,NZ
AW-00022740,Australia
AW-00022741,Australia
AW-00022742,Australia
AW-00022743,Germany
AW-00022744,Australia
AW-00022745,New Zealand
AW-00022746,Australia
AW-00022747,Australia
AW-00022748,DE
AW-00022749,United States
AW-00022750,Australia
AW-00022751,Australia
AW-00022752,Australia
AW-00022753,Australia
AW-00022754,United States
AW-00022755,Australia
AW-00022756,United States
AW-00022757,Australia
AW-00022758,Canada
AW-00022759,Australia
AW-00022760,Australia
AW-00022761,Australia
AW-00022762,United States
AW-00022763,Canada
AW-00022764,Australia
AW-00022765,Australia
AW-00022766,United States
AW-00022767,Australia
AW-00022768,Australia
AW-00022769,US
AW-00022770,France
AW-00022771,Australia
AW-00022772,United States
AW-00022773,US
AW-00022774,United States
AW-00022775,United Kingdom
AW-00022776,Australia
AW-00022777,Australia
AW-00022778,United States
AW-00022779,United States
AW-00022780,United Kingdom
AW-00022781,United States
AW-00022782,Australia
AW-00022783,Australia
AW-00022784,United States
AW-00022785,Australia
AW-00022786,Australia
AW-00022787,Australia
AW-00022788,Australia
AW-00022789,Australia
AW-00022790,USA
AW-00022791,Australia
AW-00022792,Australia
AW-00022793,United Kingdom
AW-00022794,Australia
AW-00022795,Australia
AW-00022796,France
AW-00022797,UK
AW-00022798,United States
AW-00022799,Australia
AW-00022800,Australia
AW-00022801,United Kingdom
AW-00022802,Australia
AW-00022803,United States
AW-00022804,New Zealand
AW-00022805,Australia
AW-00022806,Australia
AW-00022807,Australia
AW-00022808,Australia
AW-00022809,Australia
AW-00022810,United Kingdom
AW-00022811,France
AW-00022812,New Zealand
AW-00022813,Australia
AW-00022814,Australia
AW-00022815,United Kingdom
AW-00022816,United States
AW-00022817,United States
AW-00022818,NZ
AW-00022819,Australia
AW-00022820,United Kingdom
AW-00022821,Canada
AW-00022822,Australia
AW-00022823,Australia
AW-00022824,Germany
AW-00022825,Canada
AW-00022826,Australia
AW-00022827,Australia
AW-00022828,Australia
AW-00022829,Australia
AW-00022830,Australia
AW-00022831,United States
AW-00022832,Australia
AW-00022833,Australia
AW-00022834,United States
AW-00022835,Australia
AW-00022836,Australia
AW-00022837,AU
AW-00022838,Germany
AW-00022839,Australia
AW-00022840,Australia
AW-00022841,United States
AW-00022842,New Zealand
AW-00022843,United Kingdom
AW-00022844,Australia
AW-00022845,United Kingdom
AW-00022846,Australia
AW-00022847,Canada
AW-00022848,United Kingdom
AW-00022849,Canada
AW-00022850,Germany
AW-00022851,Australia
AW-00022852,Germany
AW-00022853,New Zealand
AW-00022854,United Kingdom
AW-00022855,United States
AW-00022856,Australia
AW-00022857,Australia
AW-00022858,Australia
AW-00022859,Canada
AW-00022860,AU
AW-00022861,Australia
AW-00022862,Australia
AW-00022863,Canada
AW-00022864,Australia
AW-00022865,France
AW-00022866,Australia
AW-00022867,Australia
AW-00022868,United Kingdom
AW-00022869,Australia
AW-00022870,Australia
AW-00022871,United States
AW-00022872,Australia
AW-00022873,Australia
AW-00022874,Canada
AW-00022875,Canada
AW-00022876,Australia
AW-00022877,Canada
AW-00022878,Australia
AW-00022879,Australia
AW-00022880,Australia
AW-00022881,Australia
AW-00022882,Germany
AW-00022883,United Kingdom
AW-00022884,Australia
AW-00022885,
AW-00022886,Australia
AW-00022887,Australia
AW-00022888,United States
AW-00022889,Australia
AW-00022890,Australia
AW-00022891,United Kingdom
AW-00022892,Australia
AW-00022893,Australia
AW-00022894,Australia
AW-00022895,Germany
AW-00022896,United States
AW-00022897,AU
AW-00022898,Australia
AW-00022899,Australia
AW-00022900,Australia
AW-00022901,United Kingdom
AW-00022902,Australia
AW-00022903,Australia
AW-00022904,United Kingdom
AW-00022905,Canada
AW-00022906,United Kingdom
AW-00022907,United States
AW-00022908,United States
AW-00022909,Australia
AW-00022910,Australia
AW-00022911,Australia
AW-00022912,Australia
AW-00022913,Australia
AW-00022914,Australia
AW-00022915,Australia
AW-00022916,US
AW-00022917,Australia
AW-00022918,Australia
AW-00022919,Australia
AW-00022920,United States
AW-00022921,United States
AW-00022922,United Kingdom
AW-00022923,Canada
AW-00022924,United States
AW-00022925,Australia
AW-00022926,Australia
AW-00022927,Canada
AW-00022928,United States
AW-00022929,Australia
AW-00022930,United States
AW-00022931,United Kingdom
AW-00022932,US
AW-00022933,Australia
AW-00022934,United States
AW-00022935,United States
AW-00022936,United States
AW-00022937,Australia
AW-00022938,Australia
AW-00022939,Australia
AW-00022940,Australia
AW-00022941,United States
AW-00022942,Australia
AW-00022943,Australia
AW-00022944,United States
AW-00022945,Australia
AW-00022946,Australia
AW-00022947,France
AW-00022948,France
AW-00022949,
AW-00022950,Australia
AW-00022951,Australia
AW-00022952,Germany
AW-00022953,United States
AW-00022954,Australia
AW-00022955,New Zealand
AW-00022956,Australia
AW-00022957,France
AW-00022958,New Zealand
AW-00022959,New Zealand
AW-00022960,United States
AW-00022961,Australia
AW-00022962,United Kingdom
AW-00022963,Australia
AW-00022964,United States
AW-00022965,United States
AW-00022966,United States
AW-00022967,New Zealand
AW-00022968,NZ
AW-00022969,United States
AW-00022970,Australia
AW-00022971,Australia
AW-00022972,United Kingdom
AW-00022973,New Zealand
AW-00022974,Australia
AW-00022975,Australia
AW-00022976,Canada
AW-00022977,Canada
AW-00022978,Australia
AW-00022979,Australia
AW-00022980,Australia
AW-00022981,Australia
AW-00022982,United Kingdom
AW-00022983,United States
AW-00022984,Australia
AW-00022985,Canada
AW-00022986,New Zealand
AW-00022987,AU
AW-00022988,Australia
AW-00022989,Australia
AW-00022990,Australia
AW-00022991,United Kingdom
AW-00022992,New Zealand
AW-00022993,Australia
AW-00022994,Australia
AW-00022995,Canada
AW-00022996,Australia
AW-00022997,United States
AW-00022998,Australia
AW-00022999,Australia
AW-00023000,New Zealand
AW-00023001,France
AW-00023002,United Kingdom
AW-00023003,US
AW-00023004,Australia
AW-00023005,USA
AW-00023006,United States
AW-00023007,Australia
AW-00023008,Australia
AW-00023009,United Kingdom
AW-00023010,Australia
AW-00023011,Australia
AW-00023012,Australia
AW-00023013,Australia
AW-00023014,
AW-00023015,Australia
AW-00023016,France
AW-00023017,NZ
AW-00023018,New Zealand
AW-00023019,Australia
AW-00023020,UK
AW-00023021,Australia
AW-00023022,New Zealand
AW-00023023,United States
AW-00023024,United States
AW-00023025,Australia
AW-00023026,Australia
AW-00023027,Australia
AW-00023028,United States
AW-00023029,Australia
AW-00023030,United Kingdom
AW-00023031,United States
AW-00023032,Australia
AW-00023033,United Kingdom
AW-00023034,United States
AW-00023035,Australia
AW-00023036,Australia
AW-00023037,United States
AW-00023038,United States
AW-00023039,New Zealand
AW-00023040,United States
AW-00023041,Australia
AW-00023042,Australia
AW-00023043,United States
AW-00023044,Australia
AW-00023045,Germany
AW-00023046,Australia
AW-00023047,Canada
AW-00023048,United States
AW-00023049,DE
AW-00023050,New Zealand
AW-00023051,Australia
AW-00023052,United Kingdom
AW-00023053,Australia
AW-00023054,United Kingdom
AW-00023055,Australia
AW-00023056,United States
AW-00023057,DE
AW-00023058,Australia
AW-00023059,Australia
AW-00023060,France
AW-00023061,France
AW-00023062,Australia
AW-00023063,New Zealand
AW-00023064,United States
AW-00023065,Australia
AW-00023066,NZ
AW-00023067,United States
AW-00023068,Canada
AW-00023069,Australia
AW-00023070,Australia
AW-00023071,New Zealand
AW-00023072,Germany
AW-00023073,Germany
AW-00023074,New Zealand
AW-00023075,Australia
AW-00023076,Australia
AW-00023077,UK
AW-00023078,United Kingdom
AW-00023079,Australia
AW-00023080,United States
AW-00023081,United States
AW-00023082,United States
AW-00023083,Australia
AW-00023084,Germany
AW-00023085,Australia
AW-00023086,Australia
AW-00023087,New Zealand
AW-00023088,UK
AW-00023089,Australia
AW-00023090,United Kingdom
AW-00023091,USA
AW-00023092,Australia
AW-00023093,France
AW-00023094,Australia
AW-00023095,Germany
AW-00023096,Australia
AW-00023097,United States
AW-00023098,Australia
AW-00023099,Australia
AW-00023100,Australia
AW-00023101,United States
AW-00023102,Germany
AW-00023103,United States
AW-00023104,United States
AW-00023105,Germany
AW-00023106,Canada
AW-00023107,Germany
AW-00023108,France
AW-00023109,France
AW-00023110,Australia
AW-00023111,New Zealand
AW-00023112,Canada
AW-00023113,Australia
AW-00023114,Australia
AW-00023115,Australia
AW-00023116,France
AW-00023117,Canada
AW-00023118,France
AW-00023119,United Kingdom
AW-00023120,Australia
AW-00023121,United States
AW-00023122,Australia
AW-00023123,Australia
AW-00023124,Australia
AW-00023125,Australia
AW-00023126,Australia
AW-00023127,Australia
AW-00023128,Australia
AW-00023129,United Kingdom
AW-00023130,France
AW-00023131,Germany
AW-00023132,Australia
AW-00023133,UK
AW-00023134,Australia
AW-00023135,United Kingdom
AW-00023136,Australia
AW-00023137,Australia
AW-00023138,United States
AW-00023139,Australia
AW-00023140,New Zealand
AW-00023141,Canada
AW-00023142,United Kingdom
AW-00023143,United States
AW-00023144,Canada
AW-00023145,United States
AW-00023146,New Zealand
AW-00023147,UK
AW-00023148,Australia
AW-00023149,Australia
AW-00023150,United States
AW-00023151,Australia
AW-00023152,Australia
AW-00023153,Australia
AW-00023154,Australia
AW-00023155,Australia
AW-00023156,Australia
AW-00023157,Australia
AW-00023158,Australia
AW-00023159,Canada
AW-00023160,Canada
AW-00023161,Australia
AW-00023162,United States
AW-00023163,Australia
AW-00023164,United States
AW-00023165,Australia
AW-00023166,Canada
AW-00023167,Australia
AW-00023168,Australia
AW-00023169,United States
AW-00023170,DE
AW-00023171,Australia
AW-00023172,Australia
AW-00023173,United States
AW-00023174,United Kingdom
AW-00023175,Germany
AW-00023176,Australia
AW-00023177,Australia
AW-00023178,United States
AW-00023179,Australia
AW-00023180,US
AW-00023181,Canada
AW-00023182,France
AW-00023183,United Kingdom
AW-00023184,Canada
AW-00023185,USA
AW-00023186,Australia
AW-00023187,United States
AW-00023188,United States
AW-00023189,United Kingdom
AW-00023190,France
AW-00023191,Australia
AW-00023192,Australia
AW-00023193,Germany
AW-00023194,France
AW-00023195,Australia
AW-00023196,United Kingdom
AW-00023197,Australia
AW-00023198,New Zealand
AW-00023199,Australia
AW-00023200,New Zealand
AW-00023201,Australia
AW-00023202,Australia
AW-00023203,Australia
AW-00023204,USA
AW-00023205,Germany
AW-00023206,DE
AW-00023207,Germany
AW-00023208,Australia
AW-00023209,Australia
AW-00023210,Australia
AW-00023211,Australia
AW-00023212,United Kingdom
AW-00023213,United States
AW-00023214,Australia
AW-00023215,Australia
AW-00023216,United States
AW-00023217,Canada
AW-00023218,Australia
AW-00023219,Canada
AW-00023220,United States
AW-00023221,United States
AW-00023222,Australia
AW-00023223,Australia
AW-00023224,New Zealand
AW-00023225,New Zealand
AW-00023226,
AW-00023227,Australia
AW-00023228,Australia
AW-00023229,Australia
AW-00023230,France
AW-00023231,Australia
AW-00023232,Canada
AW-00023233,Australia
AW-00023234,Australia
AW-00023235,United Kingdom
AW-00023236,Australia
AW-00023237,Australia
AW-00023238,Australia
AW-00023239,Australia
AW-00023240,Australia
AW-00023241,USA
AW-00023242,Australia
AW-00023243,Germany
AW-00023244,Australia
AW-00023245,Australia
AW-00023246,France
AW-00023247,United States
AW-00023248,US
AW-00023249,United Kingdom
AW-00023250,Australia
AW-00023251,Australia
AW-00023252,Australia
AW-00023253,Canada
AW-00023254,Canada
AW-00023255,United States
AW-00023256,Australia
AW-00023257,Australia
AW-00023258,Australia
AW-00023259,Australia
AW-00023260,Australia
AW-00023261,United States
AW-00023262,Germany
AW-00023263,Australia
AW-00023264,Australia
AW-00023265,United States
AW-00023266,United States
AW-00023267,Canada
AW-00023268,Australia
AW-00023269,France
AW-00023270,Australia
AW-00023271,United States
AW-00023272,Australia
AW-00023273,Australia
AW-00023274,United Kingdom
AW-00023275,Australia
AW-00023276,United States
AW-00023277,United Kingdom
AW-00023278,Australia
AW-00023279,Australia
AW-00023280,United Kingdom
AW-00023281,United States
AW-00023282,Germany
AW-00023283,Australia
AW-00023284,Australia
AW-00023285,Australia
AW-00023286,Australia
AW-00023287,Australia
AW-00023288,New Zealand
AW-00023289,Australia
AW-00023290,Canada
AW-00023291,Australia
AW-00023292,Australia
AW-00023293,Canada
AW-00023294,New Zealand
AW-00023295,Australia
AW-00023296,Australia
AW-00023297,Australia
AW-00023298,Australia
AW-00023299,United States
AW-00023300,Germany
AW-00023301,Australia
AW-00023302,United States
AW-00023303,Australia
AW-00023304,Australia
AW-00023305,Australia
AW-00023306,United States
AW-00023307,United States
AW-00023308,Australia
AW-00023309,Australia
AW-00023310,United States
AW-00023311,Australia
AW-00023312,United States
AW-00023313,Germany
AW-00023314,Australia
AW-00023315,United States
AW-00023316,Australia
AW-00023317,United Kingdom
AW-00023318,Australia
AW-00023319,United States
AW-00023320,United States
AW-00023321,United States
AW-00023322,New Zealand
AW-00023323,United States
AW-00023324,United States
AW-00023325,New Zealand
AW-00023326,Australia
AW-00023327,United States
AW-00023328,Germany
AW-00023329,United States
AW-00023330,Australia
AW-00023331,United States
AW-00023332,Australia
AW-00023333,Australia
AW-00023334,Australia
AW-00023335,Australia
AW-00023336,United Kingdom
AW-00023337,Australia
AW-00023338,United States
AW-00023339,Australia
AW-00023340,Australia
AW-00023341,DE
AW-00023342,United States
AW-00023343,Australia
AW-00023344,New Zealand
AW-00023345,Australia
AW-00023346,United States
AW-00023347,United Kingdom
AW-00023348,Australia
AW-00023349,United States
AW-00023350,New Zealand
AW-00023351,United Kingdom
AW-00023352,United Kingdom
AW-00023353,Germany
AW-00023354,Australia
AW-00023355,Germany
AW-00023356,Canada
AW-00023357,Australia
AW-00023358,Australia
AW-00023359,France
AW-00023360,Australia
AW-00023361,US
AW-00023362,Australia
AW-00023363,Australia
AW-00023364,United States
AW-00023365,United States
AW-00023366,Canada
AW-00023367,Germany
AW-00023368,United States
AW-00023369,New Zealand
AW-00023370,US
AW-00023371,Canada
AW-00023372,Australia
AW-00023373,Germany
AW-00023374,Australia
AW-00023375,Australia
AW-00023376,United States
AW-00023377,United Kingdom
AW-00023378,Australia
AW-00023379,United States
AW-00023380,Australia
AW-00023381,Australia
AW-00023382,Australia
AW-00023383,Canada
AW-00023384,Australia
AW-00023385,Canada
AW-00023386,Australia
AW-00023387,Australia
AW-00023388,United States
AW-00023389,France
AW-00023390,Australia
AW-00023391,United States
AW-00023392,United Kingdom
AW-00023393,Australia
AW-00023394,Australia
AW-00023395,New Zealand
AW-00023396,Canada
AW-00023397,Germany
AW-00023398,Australia
AW-00023399,United Kingdom
AW-00023400,France
AW-00023401,Australia
AW-00023402,United Kingdom
AW-00023403,Australia
AW-00023404,Canada
AW-00023405,Australia
AW-00023406,Germany
AW-00023407,United Kingdom
AW-00023408,Canada
AW-00023409,United States
AW-00023410,United States
AW-00023411,United Kingdom
AW-00023412,AU
AW-00023413,United States
AW-00023414,France
AW-00023415,Australia
AW-00023416,Australia
AW-00023417,Canada
AW-00023418,Australia
AW-00023419,Australia
AW-00023420,United Kingdom
AW-00023421,United States
AW-00023422,United Kingdom
AW-00023423,United States
AW-00023424,Australia
AW-00023425,Australia
AW-00023426,Australia
AW-00023427,Australia
AW-00023428,United Kingdom
AW-00023429,Canada
AW-00023430,Australia
AW-00023431,Australia
AW-00023432,Canada
AW-00023433,Australia
AW-00023434,Australia
AW-00023435,Australia
AW-00023436,Canada
AW-00023437,Australia
AW-00023438,France
AW-00023439,Australia
AW-00023440,France
AW-00023441,Australia
AW-00023442,Australia
AW-00023443,Australia
AW-00023444,France
AW-00023445,Australia
AW-00023446,Australia
AW-00023447,Australia
AW-00023448,Australia
AW-00023449,Australia
AW-00023450,Australia
AW-00023451,Canada
AW-00023452,Australia
AW-00023453,Australia
AW-00023454,UK
AW-00023455,New Zealand
AW-00023456,Australia
AW-00023457,United States
AW-00023458,Australia
AW-00023459,New Zealand
AW-00023460,AU
AW-00023461,United Kingdom
AW-00023462,United States
AW-00023463,Australia
AW-00023464,United Kingdom
AW-00023465,Australia
AW-00023466,Canada
AW-00023467,United Kingdom
AW-00023468,Australia
AW-00023469,Australia
AW-00023470,United Kingdom
AW-00023471,United Kingdom
AW-00023472,United States
AW-00023473,United Kingdom
AW-00023474,France
AW-00023475,Australia
AW-00023476,Australia
AW-00023477,Australia
AW-00023478,United States
AW-00023479,United States
AW-00023480,United States
AW-00023481,United States
AW-00023482,Australia
AW-00023483,United Kingdom
AW-00023484,France
AW-00023485,Australia
AW-00023486,Germany
AW-00023487,Australia
AW-00023488,Australia
AW-00023489,Australia
AW-00023490,NZ
AW-00023491,Australia
AW-00023492,France
AW-00023493,United Kingdom
AW-00023494,Australia
AW-00023495,NZ
AW-00023496,United Kingdom
AW-00023497,New Zealand
AW-00023498,Australia
AW-00023499,Germany
AW-00023500,Canada
AW-00023501,Australia
AW-00023502,Australia
AW-00023503,US
AW-00023504,United States
AW-00023505,United States
AW-00023506,United Kingdom
AW-00023507,
AW-00023508,United States
AW-00023509,Australia
AW-00023510,Australia
AW-00023511,Germany
AW-00023512,Australia
AW-00023513,Australia
AW-00023514,Australia
AW-00023515,United Kingdom
AW-00023516,Germany
AW-00023517,United Kingdom
AW-00023518,USA
AW-00023519,United States
AW-00023520,New Zealand
AW-00023521,United States
AW-00023522,Australia
AW-00023523,Australia
AW-00023524,
AW-00023525,Germany
AW-00023526,United States
AW-00023527,Australia
AW-00023528,Australia
AW-00023529,Australia
AW-00023530,United Kingdom
AW-00023531,New Zealand
AW-00023532,United Kingdom
AW-00023533,United Kingdom
AW-00023534,Australia
AW-00023535,Canada
AW-00023536,United States
AW-00023537,Australia
AW-00023538,New Zealand
AW-00023539,Australia
AW-00023540,Australia
AW-00023541,Australia
AW-00023542,Australia
AW-00023543,Australia
AW-00023544,United States
AW-00023545,
AW-00023546,Canada
AW-00023547,Australia
AW-00023548,United Kingdom
AW-00023549,Australia
AW-00023550,United Kingdom
AW-00023551,Australia
AW-00023552,Germany
AW-00023553,Canada
AW-00023554,France
AW-00023555,United Kingdom
AW-00023556,Australia
AW-00023557,Australia
AW-00023558,United States
AW-00023559,Australia
AW-00023560,Australia
AW-00023561,Germany
AW-00023562,Australia
AW-00023563,New Zealand
AW-00023564,Australia
AW-00023565,Australia
AW-00023566,Australia
AW-00023567,Australia
AW-00023568,United Kingdom
AW-00023569,New Zealand
AW-00023570,Australia
AW-00023571,AU
AW-00023572,Australia
AW-00023573,UK
AW-00023574,United States
AW-00023575,Australia
AW-00023576,Australia
AW-00023577,Australia
AW-00023578,New Zealand
AW-00023579,Australia
AW-00023580,United States
AW-00023581,Australia
AW-00023582,Australia
AW-00023583,Germany
AW-00023584,Australia
AW-00023585,Australia
AW-00023586,Australia
AW-00023587,Australia
AW-00023588,United Kingdom
AW-00023589,Australia
AW-00023590,Germany
AW-00023591,Australia
AW-00023592,United Kingdom
AW-00023593,Australia
AW-00023594,New Zealand
AW-00023595,United Kingdom
AW-00023596,Australia
AW-00023597,France
AW-00023598,United States
AW-00023599,Australia
AW-00023600,United Kingdom
AW-00023601,Australia
AW-00023602,United States
AW-00023603,United States
AW-00023604,Australia
AW-00023605,Australia
AW-00023606,AU
AW-00023607,
AW-00023608,Australia
AW-00023609,Australia
AW-00023610,Australia
AW-00023611,Australia
AW-00023612,Australia
AW-00023613,United States
AW-00023614,United States
AW-00023615,Australia
AW-00023616,United States
AW-00023617,Australia
AW-00023618,Australia
AW-00023619,Australia
AW-00023620,United States
AW-00023621,Australia
AW-00023622,Australia
AW-00023623,Australia
AW-00023624,USA
AW-00023625,New Zealand
AW-00023626,United States
AW-00023627,Australia
AW-00023628,United States
AW-00023629,New Zealand
AW-00023630,Australia
AW-00023631,United Kingdom
AW-00023632,United Kingdom
AW-00023633,
AW-00023634,Australia
AW-00023635,United Kingdom
AW-00023636,United States
AW-00023637,France
AW-00023638,Canada
AW-00023639,New Zealand
AW-00023640,France
AW-00023641,Canada
AW-00023642,United States
AW-00023643,United Kingdom
AW-00023644,Australia
AW-00023645,Australia
AW-00023646,United States
AW-00023647,Australia
AW-00023648,Australia
AW-00023649,Australia
AW-00023650,Australia
AW-00023651,Australia
AW-00023652,United States
AW-00023653,France
AW-00023654,New Zealand
AW-00023655,Australia
AW-00023656,Germany
AW-00023657,Australia
AW-00023658,Canada
AW-00023659,Australia
AW-00023660,Australia
AW-00023661,France
AW-00023662,New Zealand
AW-00023663,United States
AW-00023664,United States
AW-00023665,Australia
AW-00023666,United Kingdom
AW-00023667,Australia
AW-00023668,Australia
AW-00023669,Australia
AW-00023670,United States
AW-00023671,Australia
AW-00023672,Australia
AW-00023673,Australia
AW-00023674,DE
AW-00023675,Australia
AW-00023676,Australia
AW-00023677,United States
AW-00023678,Australia
AW-00023679,Canada
AW-00023680,United States
AW-00023681,
AW-00023682,New Zealand
AW-00023683,United States
AW-00023684,Australia
AW-00023685,Germany
AW-00023686,Australia
AW-00023687,Australia
AW-00023688,United States
AW-00023689,Australia
AW-00023690,France
AW-00023691,United Kingdom
AW-00023692,Australia
AW-00023693,Australia
AW-00023694,Australia
AW-00023695,Australia
AW-00023696,New Zealand
AW-00023697,Canada
AW-00023698,Australia
AW-00023699,Australia
AW-00023700,France
AW-00023701,United States
AW-00023702,Australia
AW-00023703,Canada
AW-00023704,Australia
AW-00023705,United Kingdom
AW-00023706,United States
AW-00023707,Australia
AW-00023708,Australia
AW-00023709,Australia
AW-00023710,Australia
AW-00023711,Australia
AW-00023712,United States
AW-00023713,United States
AW-00023714,United States
AW-00023715,Australia
AW-00023716,New Zealand
AW-00023717,United States
AW-00023718,United States
AW-00023719,Australia
AW-00023720,Australia
AW-00023721,New Zealand
AW-00023722,New Zealand
AW-00023723,New Zealand
AW-00023724,Canada
AW-00023725,New Zealand
AW-00023726,Australia
AW-00023727,United Kingdom
AW-00023728,United States
AW-00023729,United States
AW-00023730,Australia
AW-00023731,United States
AW-00023732,Australia
AW-00023733,Australia
AW-00023734,United Kingdom
AW-00023735,United Kingdom
AW-00023736,Australia
AW-00023737,Canada
AW-00023738,United Kingdom
AW-00023739,United States
AW-00023740,Australia
AW-00023741,France
AW-00023742,Germany
AW-00023743,UK
AW-00023744,Australia
AW-00023745,Australia
AW-00023746,NZ
AW-00023747,Canada
AW-00023748,AU
AW-00023749,Germany
AW-00023750,Australia
AW-00023751,Germany
AW-00023752,United Kingdom
AW-00023753,United Kingdom
AW-00023754,Germany
AW-00023755,
AW-00023756,France
AW-00023757,Australia
AW-00023758,United States
AW-00023759,Canada
AW-00023760,United Kingdom
AW-00023761,Australia
AW-00023762,Australia
AW-00023763,Australia
AW-00023764,New Zealand
AW-00023765,Australia
AW-00023766,United States
AW-00023767,United States
AW-00023768,United States
AW-00023769,United States
AW-00023770,United Kingdom
AW-00023771,Australia
AW-00023772,Australia
AW-00023773,Australia
AW-00023774,Canada
AW-00023775,Australia
AW-00023776,Australia
AW-00023777,Canada
AW-00023778,United Kingdom
AW-00023779,Australia
AW-00023780,United States
AW-00023781,United States
AW-00023782,Australia
AW-00023783,United Kingdom
AW-00023784,Australia
AW-00023785,Australia
AW-00023786,United States
AW-00023787,Germany
AW-00023788,United States
AW-00023789,Canada
AW-00023790,
AW-00023791,Australia
AW-00023792,Australia
AW-00023793,Australia
AW-00023794,United States
AW-00023795,Australia
AW-00023796,Australia
AW-00023797,New Zealand
AW-00023798,Australia
AW-00023799,Australia
AW-00023800,Canada
AW-00023801,United States
AW-00023802,Australia
AW-00023803,Australia
AW-00023804,Australia
AW-00023805,Australia
AW-00023806,United States
AW-00023807,United States
AW-00023808,Australia
AW-00023809,Australia
AW-00023810,United States
AW-00023811,United Kingdom
AW-00023812,United Kingdom
AW-00023813,United States
AW-00023814,Australia
AW-00023815,Australia
AW-00023816,Australia
AW-00023817,Australia
AW-00023818,United States
AW-00023819,Australia
AW-00023820,Canada
AW-00023821,Australia
AW-00023822,United States
AW-00023823,AU
AW-00023824,France
AW-00023825,United States
AW-00023826,United Kingdom
AW-00023827,Canada
AW-00023828,Canada
AW-00023829,Canada
AW-00023830,Australia
AW-00023831,Australia
AW-00023832,United Kingdom
AW-00023833,Germany
AW-00023834,Canada
AW-00023835,United States
AW-00023836,Canada
AW-00023837,Australia
AW-00023838,Australia
AW-00023839,United States
AW-00023840,Canada
AW-00023841,Australia
AW-00023842,United States
AW-00023843,Australia
AW-00023844,Australia
AW-00023845,United Kingdom
AW-00023846,France
AW-00023847,
AW-00023848,Australia
AW-00023849,Australia
AW-00023850,United States
AW-00023851,Australia
AW-00023852,Australia
AW-00023853,New Zealand
AW-00023854,United States
AW-00023855,Australia
AW-00023856,Germany
AW-00023857,Australia
AW-00023858,United Kingdom
AW-00023859,Australia
AW-00023860,United States
AW-00023861,Germany
AW-00023862,Australia
AW-00023863,United Kingdom
AW-00023864,New Zealand
AW-00023865,Australia
AW-00023866,United States
AW-00023867,Australia
AW-00023868,Canada
AW-00023869,Australia
AW-00023870,Australia
AW-00023871,Australia
AW-00023872,United States
AW-00023873,United States
AW-00023874,Canada
AW-00023875,Australia
AW-00023876,Australia
AW-00023877,United Kingdom
AW-00023878,United Kingdom
AW-00023879,Australia
AW-00023880,New Zealand
AW-00023881,Australia
AW-00023882,United States
AW-00023883,Canada
AW-00023884,Australia
AW-00023885,Australia
AW-00023886,New Zealand
AW-00023887,Australia
AW-00023888,Australia
AW-00023889,Canada
AW-00023890,United States
AW-00023891,Australia
AW-00023892,Canada
AW-00023893,Australia
AW-00023894,Australia
AW-00023895,Australia
AW-00023896,Canada
AW-00023897,Australia
AW-00023898,United Kingdom
AW-00023899,Australia
AW-00023900,Canada
AW-00023901,Australia
AW-00023902,Australia
AW-00023903,United States
AW-00023904,United Kingdom
AW-00023905,
AW-00023906,United Kingdom
AW-00023907,United Kingdom
AW-00023908,Australia
AW-00023909,New Zealand
AW-00023910,United States
AW-00023911,Australia
AW-00023912,New Zealand
AW-00023913,Canada
AW-00023914,Australia
AW-00023915,Australia
AW-00023916,Canada
AW-00023917,Australia
AW-00023918,Australia
AW-00023919,Australia
AW-00023920,Australia
AW-00023921,Canada
AW-00023922,New Zealand
AW-00023923,Australia
AW-00023924,Australia
AW-00023925,Australia
AW-00023926,Canada
AW-00023927,Australia
AW-00023928,New Zealand
AW-00023929,United States
AW-00023930,Australia
AW-00023931,Australia
AW-00023932,Australia
AW-00023933,United Kingdom
AW-00023934,Australia
AW-00023935,
AW-00023936,Australia
AW-00023937,Australia
AW-00023938,Germany
AW-00023939,Australia
AW-00023940,Australia
AW-00023941,Australia
AW-00023942,New Zealand
AW-00023943,Australia
AW-00023944,Australia
AW-00023945,Australia
AW-00023946,United States
AW-00023947,Australia
AW-00023948,Australia
AW-00023949,Australia
AW-00023950,Australia
AW-00023951,Canada
AW-00023952,United States
AW-00023953,Australia
AW-00023954,Australia
AW-00023955,Australia
AW-00023956,Canada
AW-00023957,Australia
AW-00023958,Australia
AW-00023959,Canada
AW-00023960,Canada
AW-00023961,Australia
AW-00023962,Germany
AW-00023963,Australia
AW-00023964,United Kingdom
AW-00023965,New Zealand
AW-00023966,Australia
AW-00023967,Canada
AW-00023968,Australia
AW-00023969,France
AW-00023970,Australia
AW-00023971,Australia
AW-00023972,United States
AW-00023973,United States
AW-00023974,AU
AW-00023975,Australia
AW-00023976,Australia
AW-00023977,US
AW-00023978,France
AW-00023979,Australia
AW-00023980,United Kingdom
AW-00023981,United Kingdom
AW-00023982,United States
AW-00023983,Australia
AW-00023984,United States
AW-00023985,Australia
AW-00023986,Australia
AW-00023987,United States
AW-00023988,United States
AW-00023989,Australia
AW-00023990,Australia
AW-00023991,Australia
AW-00023992,Australia
AW-00023993,New Zealand
AW-00023994,United Kingdom
AW-00023995,Australia
AW-00023996,New Zealand
AW-00023997,France
AW-00023998,United States
AW-00023999,Canada
AW-00024000,United States
AW-00024001,Australia
AW-00024002,Germany
AW-00024003,Australia
AW-00024004,United States
AW-00024005,Australia
AW-00024006,United States
AW-00024007,Australia
AW-00024008,Australia
AW-00024009,United States
AW-00024010,United Kingdom
AW-00024011,United States
AW-00024012,Australia
AW-00024013,United Kingdom
AW-00024014,Australia
AW-00024015,Australia
AW-00024016,New Zealand
AW-00024017,Germany
AW-00024018,Australia
AW-00024019,Australia
AW-00024020,Australia
AW-00024021,Canada
AW-00024022,United States
AW-00024023,Canada
AW-00024024,Australia
AW-00024025,Canada
AW-00024026,Australia
AW-00024027,Australia
AW-00024028,United States
AW-00024029,Australia
AW-00024030,Canada
AW-00024031,Canada
AW-00024032,United Kingdom
AW-00024033,Australia
AW-00024034,Australia
AW-00024035,New Zealand
AW-00024036,United States
AW-00024037,USA
AW-00024038,Australia
AW-00024039,United States
AW-00024040,New Zealand
AW-00024041,United States
AW-00024042,United Kingdom
AW-00024043,United States
AW-00024044,Australia
AW-00024045,France
AW-00024046,Australia
AW-00024047,Australia
AW-00024048,Australia
AW-00024049,Canada
AW-00024050,United Kingdom
AW-00024051,United States
AW-00024052,Australia
AW-00024053,Germany
AW-00024054,Australia
AW-00024055,Australia
AW-00024056,Australia
AW-00024057,Australia
AW-00024058,Australia
AW-00024059,Australia
AW-00024060,United States
AW-00024061,Australia
AW-00024062,Australia
AW-00024063,Canada
AW-00024064,New Zealand
AW-00024065,Australia
AW-00024066,Australia
AW-00024067,Australia
AW-00024068,United States
AW-00024069,United Kingdom
AW-00024070,Australia
AW-00024071,Canada
AW-00024072,Australia
AW-00024073,Australia
AW-00024074,Australia
AW-00024075,France
AW-00024076,Australia
AW-00024077,Australia
AW-00024078,United Kingdom
AW-00024079,New Zealand
AW-00024080,Australia
AW-00024081,Australia
AW-00024082,Australia
AW-00024083,New Zealand
AW-00024084,Australia
AW-00024085,Australia
AW-00024086,United States
AW-00024087,Australia
AW-00024088,Australia
AW-00024089,Australia
AW-00024090,Germany
AW-00024091,Canada
AW-00024092,Australia
AW-00024093,Canada
AW-00024094,Australia
AW-00024095,Germany
AW-00024096,United Kingdom
AW-00024097,Australia
AW-00024098,Australia
AW-00024099,United States
AW-00024100,Australia
AW-00024101,Australia
AW-00024102,New Zealand
AW-00024103,United States
AW-00024104,Australia
AW-00024105,Australia
AW-00024106,Australia
AW-00024107,Australia
AW-00024108,Germany
AW-00024109,Australia
AW-00024110,United Kingdom
AW-00024111,Australia
AW-00024112,France
AW-00024113,New Zealand
AW-00024114,United States
AW-00024115,Australia
AW-00024116,Australia
AW-00024117,New Zealand
AW-00024118,DE
AW-00024119,Australia
AW-00024120,Australia
AW-00024121,United Kingdom
AW-00024122,Australia
AW-00024123,Australia
AW-00024124,Germany
AW-00024125,United Kingdom
AW-00024126,Australia
AW-00024127,Germany
AW-00024128,United States
AW-00024129,United States
AW-00024130,New Zealand
AW-00024131,Canada
AW-00024132,United States
AW-00024133,Australia
AW-00024134,Australia
AW-00024135,Australia
AW-00024136,United States
AW-00024137,Australia
AW-00024138,Australia
AW-00024139,Germany
AW-00024140,France
AW-00024141,Australia
AW-00024142,Australia
AW-00024143,Canada
AW-00024144,Australia
AW-00024145,United Kingdom
AW-00024146,Canada
AW-00024147,Australia
AW-00024148,Australia
AW-00024149,Australia
AW-00024150,Germany
AW-00024151,United States
AW-00024152,Australia
AW-00024153,United Kingdom
AW-00024154,Australia
AW-00024155,Australia
AW-00024156,Australia
AW-00024157,Australia
AW-00024158,United States
AW-00024159,Australia
AW-00024160,Australia
AW-00024161,Canada
AW-00024162,Australia
AW-00024163,Australia
AW-00024164,Canada
AW-00024165,United States
AW-00024166,Canada
AW-00024167,Australia
AW-00024168,United States
AW-00024169,Australia
AW-00024170,France
AW-00024171,Australia
AW-00024172,Australia
AW-00024173,New Zealand
AW-00024174,Australia
AW-00024175,Canada
AW-00024176,USA
AW-00024177,Canada
AW-00024178,AU
AW-00024179,Canada
AW-00024180,New Zealand
AW-00024181,France
AW-00024182,United States
AW-00024183,New Zealand
AW-00024184,United States
AW-00024185,Australia
AW-00024186,Canada
AW-00024187,Germany
AW-00024188,Australia
AW-00024189,United States
AW-00024190,Australia
AW-00024191,United States
AW-00024192,Australia
AW-00024193,United States
AW-00024194,United Kingdom
AW-00024195,Germany
AW-00024196,Germany
AW-00024197,United States
AW-00024198,Australia
AW-00024199,Australia
AW-00024200,Australia
AW-00024201,Australia
AW-00024202,Australia
AW-00024203,Australia
AW-00024204,Australia
AW-00024205,Canada
AW-00024206,United Kingdom
AW-00024207,United Kingdom
AW-00024208,NZ
AW-00024209,Australia
AW-00024210,Australia
AW-00024211,United States
AW-00024212,Australia
AW-00024213,United States
AW-00024214,United States
AW-00024215,United Kingdom
AW-00024216,Canada
AW-00024217,Canada
AW-00024218,Australia
AW-00024219,Australia
AW-00024220,Canada
AW-00024221,New Zealand
AW-00024222,Canada
AW-00024223,United States
AW-00024224,Australia
AW-00024225,USA
AW-00024226,Australia
AW-00024227,Australia
AW-00024228,Australia
AW-00024229,Australia
AW-00024230,Australia
AW-00024231,United States
AW-00024232,United Kingdom
AW-00024233,United Kingdom
AW-00024234,United States
AW-00024235,Australia
AW-00024236,
AW-00024237,France
AW-00024238,Canada
AW-00024239,Australia
AW-00024240,United Kingdom
AW-00024241,United States
AW-00024242,Australia
AW-00024243,France
AW-00024244,United Kingdom
AW-00024245,Australia
AW-00024246,Australia
AW-00024247,Australia
AW-00024248,Australia
AW-00024249,United States
AW-00024250,Australia
AW-00024251,Australia
AW-00024252,Australia
AW-00024253,Australia
AW-00024254,Australia
AW-00024255,Australia
AW-00024256,United States
AW-00024257,
AW-00024258,Australia
AW-00024259,Australia
AW-00024260,Canada
AW-00024261,Australia
AW-00024262,Australia
AW-00024263,Australia
AW-00024264,New Zealand
AW-00024265,United States
AW-00024266,New Zealand
AW-00024267,Canada
AW-00024268,Germany
AW-00024269,DE
AW-00024270,France
AW-00024271,Canada
AW-00024272,Australia
AW-00024273,Australia
AW-00024274,Australia
AW-00024275,Germany
AW-00024276,United States
AW-00024277,Australia
AW-00024278,United States
AW-00024279,New Zealand
AW-00024280,NZ
AW-00024281,United Kingdom
AW-00024282,
AW-00024283,United States
AW-00024284,France
AW-00024285,United States
AW-00024286,Australia
AW-00024287,New Zealand
AW-00024288,Australia
AW-00024289,France
AW-00024290,Canada
AW-00024291,United Kingdom
AW-00024292,Australia
AW-00024293,Australia
AW-00024294,UK
AW-00024295,United States
AW-00024296,New Zealand
AW-00024297,Australia
AW-00024298,United States
AW-00024299,NZ
AW-00024300,United States
AW-00024301,Australia
AW-00024302,Canada
AW-00024303,United States
AW-00024304,United States
AW-00024305,Australia
AW-00024306,Australia
AW-00024307,Australia
AW-00024308,United States
AW-00024309,United States
AW-00024310,Canada
AW-00024311,Australia
AW-00024312,Australia
AW-00024313,New Zealand
AW-00024314,Australia
AW-00024315,United States
AW-00024316,AU
AW-00024317,Australia
AW-00024318,NZ
AW-00024319,Australia
AW-00024320,Germany
AW-00024321,Australia
AW-00024322,New Zealand
AW-00024323,Canada
AW-00024324,New Zealand
AW-00024325,Australia
AW-00024326,Australia
AW-00024327,Australia
AW-00024328,USA
AW-00024329,NZ
AW-00024330,Australia
AW-00024331,Australia
AW-00024332,Australia
AW-00024333,New Zealand
AW-00024334,France
AW-00024335,Australia
AW-00024336,Australia
AW-00024337,Australia
AW-00024338,Australia
AW-00024339,Australia
AW-00024340,United States
AW-00024341,Australia
AW-00024342,New Zealand
AW-00024343,Australia
AW-00024344,Australia
AW-00024345,Australia
AW-00024346,Australia
AW-00024347,USA
AW-00024348,Australia
AW-00024349,Australia
AW-00024350,Germany
AW-00024351,Australia
AW-00024352,New Zealand
AW-00024353,France
AW-00024354,United States
AW-00024355,Australia
AW-00024356,Australia
AW-00024357,New Zealand
AW-00024358,Australia
AW-00024359,Australia
AW-00024360,Australia
AW-00024361,Australia
AW-00024362,Australia
AW-00024363,Australia
AW-00024364,Canada
AW-00024365,Australia
AW-00024366,Australia
AW-00024367,United States
AW-00024368,New Zealand
AW-00024369,Australia
AW-00024370,New Zealand
AW-00024371,Canada
AW-00024372,Australia
AW-00024373,United States
AW-00024374,United Kingdom
AW-00024375,France
AW-00024376,Australia
AW-00024377,Germany
AW-00024378,Canada
AW-00024379,Australia
AW-00024380,Australia
AW-00024381,Australia
AW-00024382,Canada
AW-00024383,Germany
AW-00024384,Canada
AW-00024385,Australia
AW-00024386,United Kingdom
AW-00024387,Australia
AW-00024388,Germany
AW-00024389,Australia
AW-00024390,Australia
AW-00024391,Australia
AW-00024392,United States
AW-00024393,Australia
AW-00024394,Australia
AW-00024395,Germany
AW-00024396,United States
AW-00024397,Australia
AW-00024398,Australia
AW-00024399,Australia
AW-00024400,Australia
AW-00024401,Australia
AW-00024402,Australia
AW-00024403,Australia
AW-00024404,New Zealand
AW-00024405,Australia
AW-00024406,United States
AW-00024407,Australia
AW-00024408,Australia
AW-00024409,Australia
AW-00024410,UK
AW-00024411,Australia
AW-00024412,
AW-00024413,Australia
AW-00024414,Australia
AW-00024415,Germany
AW-00024416,Australia
AW-00024417,Australia
AW-00024418,Canada
AW-00024419,Australia
AW-00024420,Canada
AW-00024421,Australia
AW-00024422,Germany
AW-00024423,Australia
AW-00024424,Australia
AW-00024425,United States
AW-00024426,Australia
AW-00024427,Australia
AW-00024428,United States
AW-00024429,United Kingdom
AW-00024430,Canada
AW-00024431,Australia
AW-00024432,Australia
AW-00024433,Australia
AW-00024434,Australia
AW-00024435,France
AW-00024436,Germany
AW-00024437,United States
AW-00024438,AU
AW-00024439,Australia
AW-00024440,United Kingdom
AW-00024441,Australia
AW-00024442,Canada
AW-00024443,United States
AW-00024444,New Zealand
AW-00024445,Australia
AW-00024446,Australia
AW-00024447,Australia
AW-00024448,Canada
AW-00024449,Germany
AW-00024450,Australia
AW-00024451,Australia
AW-00024452,Australia
AW-00024453,New Zealand
AW-00024454,Australia
AW-00024455,Australia
AW-00024456,NZ
AW-00024457,Australia
AW-00024458,United States
AW-00024459,New Zealand
AW-00024460,United States
AW-00024461,France
AW-00024462,Australia
AW-00024463,United States
AW-00024464,Australia
AW-00024465,United States
AW-00024466,United States
AW-00024467,France
AW-00024468,AU
AW-00024469,United States
AW-00024470,Australia
AW-00024471,Australia
AW-00024472,United States
AW-00024473,Australia
AW-00024474,Australia
AW-00024475,United Kingdom
AW-00024476,United States
AW-00024477,United States
AW-00024478,Australia
AW-00024479,Australia
AW-00024480,Australia
AW-00024481,Australia
AW-00024482,
AW-00024483,United Kingdom
AW-00024484,Canada
AW-00024485,United States
AW-00024486,United Kingdom
AW-00024487,Australia
AW-00024488,United States
AW-00024489,Australia
AW-00024490,United States
AW-00024491,Australia
AW-00024492,Australia
AW-00024493,United States
AW-00024494,Australia
AW-00024495,Canada
AW-00024496,United States
AW-00024497,United Kingdom
AW-00024498,Australia
AW-00024499,United States
AW-00024500,Australia
AW-00024501,United Kingdom
AW-00024502,Canada
AW-00024503,United States
AW-00024504,Australia
AW-00024505,Australia
AW-00024506,United States
AW-00024507,United Kingdom
AW-00024508,Australia
AW-00024509,New Zealand
AW-00024510,Germany
AW-00024511,Australia
AW-00024512,Australia
AW-00024513,United States
AW-00024514,Australia
AW-00024515,New Zealand
AW-00024516,United States
AW-00024517,Australia
AW-00024518,France
AW-00024519,United States
AW-00024520,United States
AW-00024521,Australia
AW-00024522,Australia
AW-00024523,Canada
AW-00024524,Australia
AW-00024525,Australia
AW-00024526,United States
AW-00024527,Australia
AW-00024528,France
AW-00024529,United Kingdom
AW-00024530,United Kingdom
AW-00024531,Germany
AW-00024532,United States
AW-00024533,Australia
AW-00024534,
AW-00024535,Australia
AW-00024536,Australia
AW-00024537,New Zealand
AW-00024538,Australia
AW-00024539,United States
AW-00024540,United Kingdom
AW-00024541,Australia
AW-00024542,DE
AW-00024543,Australia
AW-00024544,United States
AW-00024545,Australia
AW-00024546,Australia
AW-00024547,Canada
AW-00024548,New Zealand
AW-00024549,United Kingdom
AW-00024550,United States
AW-00024551,Australia
AW-00024552,United States
AW-00024553,France
AW-00024554,Germany
AW-00024555,United Kingdom
AW-00024556,Australia
AW-00024557,France
AW-00024558,New Zealand
AW-00024559,Australia
AW-00024560,Canada
AW-00024561,Canada
AW-00024562,Australia
AW-00024563,France
AW-00024564,Australia
AW-00024565,
AW-00024566,Germany
AW-00024567,Australia
AW-00024568,United States
AW-00024569,Australia
AW-00024570,United States
AW-00024571,New Zealand
AW-00024572,United Kingdom
AW-00024573,Canada
AW-00024574,Australia
AW-00024575,Australia
AW-00024576,Australia
AW-00024577,
AW-00024578,Germany
AW-00024579,Australia
AW-00024580,France
AW-00024581,United States
AW-00024582,AU
AW-00024583,Canada
AW-00024584,
AW-00024585,Australia
AW-00024586,Australia
AW-00024587,United Kingdom
AW-00024588,New Zealand
AW-00024589,New Zealand
AW-00024590,Australia
AW-00024591,Australia
AW-00024592,Australia
AW-00024593,United States
AW-00024594,United Kingdom
AW-00024595,United States
AW-00024596,Australia
AW-00024597,Canada
AW-00024598,Germany
AW-00024599,United States
AW-00024600,Australia
AW-00024601,Australia
AW-00024602,United States
AW-00024603,Germany
AW-00024604,Australia
AW-00024605,United Kingdom
AW-00024606,Australia
AW-00024607,United States
AW-00024608,Australia
AW-00024609,Australia
AW-00024610,United Kingdom
AW-00024611,New Zealand
AW-00024612,Australia
AW-00024613,Canada
AW-00024614,Australia
AW-00024615,France
AW-00024616,Australia
AW-00024617,United States
AW-00024618,New Zealand
AW-00024619,United Kingdom
AW-00024620,Canada
AW-00024621,Australia
AW-00024622,Germany
AW-00024623,AU
AW-00024624,Australia
AW-00024625,United States
AW-00024626,Canada
AW-00024627,Australia
AW-00024628,Australia
AW-00024629,Australia
AW-00024630,Australia
AW-00024631,Australia
AW-00024632,Germany
AW-00024633,Australia
AW-00024634,Canada
AW-00024635,Australia
AW-00024636,Australia
AW-00024637,Australia
AW-00024638,Australia
AW-00024639,United States
AW-00024640,United States
AW-00024641,Australia
AW-00024642,United States
AW-00024643,Australia
AW-00024644,United States
AW-00024645,Australia
AW-00024646,Australia
AW-00024647,United Kingdom
AW-00024648,United States
AW-00024649,Australia
AW-00024650,United Kingdom
AW-00024651,Australia
AW-00024652,United Kingdom
AW-00024653,New Zealand
AW-00024654,Australia
AW-00024655,United States
AW-00024656,Australia
AW-00024657,United States
AW-00024658,Australia
AW-00024659,Australia
AW-00024660,United States
AW-00024661,Australia
AW-00024662,Australia
AW-00024663,United States
AW-00024664,Australia
AW-00024665,United States
AW-00024666,United States
AW-00024667,United States
AW-00024668,United States
AW-00024669,United Kingdom
AW-00024670,New Zealand
AW-00024671,Australia
AW-00024672,Australia
AW-00024673,Canada
AW-00024674,Canada
AW-00024675,UK
AW-00024676,New Zealand
AW-00024677,United Kingdom
AW-00024678,Canada
AW-00024679,Australia
AW-00024680,Australia
AW-00024681,Germany
AW-00024682,Australia
AW-00024683,United States
AW-00024684,United States
AW-00024685,United Kingdom
AW-00024686,Germany
AW-00024687,Canada
AW-00024688,United States
AW-00024689,Australia
AW-00024690,France
AW-00024691,United States
AW-00024692,Canada
AW-00024693,United Kingdom
AW-00024694,New Zealand
AW-00024695,United Kingdom
AW-00024696,Germany
AW-00024697,France
AW-00024698,Australia
AW-00024699,United States
AW-00024700,United Kingdom
AW-00024701,New Zealand
AW-00024702,Australia
AW-00024703,United States
AW-00024704,Canada
AW-00024705,Australia
AW-00024706,Australia
AW-00024707,United Kingdom
AW-00024708,United Kingdom
AW-00024709,Australia
AW-00024710,Australia
AW-00024711,Australia
AW-00024712,Australia
AW-00024713,France
AW-00024714,France
AW-00024715,Australia
AW-00024716,Australia
AW-00024717,Australia
AW-00024718,Australia
AW-00024719,Australia
AW-00024720,Australia
AW-00024721,
AW-00024722,Australia
AW-00024723,Germany
AW-00024724,Australia
AW-00024725,Australia
AW-00024726,Canada
AW-00024727,Canada
AW-00024728,Australia
AW-00024729,United States
AW-00024730,Australia
AW-00024731,Australia
AW-00024732,United Kingdom
AW-00024733,France
AW-00024734,United States
AW-00024735,United Kingdom
AW-00024736,United States
AW-00024737,USA
AW-00024738,Australia
AW-00024739,New Zealand
AW-00024740,Canada
AW-00024741,Australia
AW-00024742,Australia
AW-00024743,Australia
AW-00024744,United States
AW-00024745,United States
AW-00024746,Canada
AW-00024747,Australia
AW-00024748,New Zealand
AW-00024749,Australia
AW-00024750,Australia
AW-00024751,Australia
AW-00024752,Australia
AW-00024753,Australia
AW-00024754,Australia
AW-00024755,Canada
AW-00024756,Australia
AW-00024757,Australia
AW-00024758,Australia
AW-00024759,Germany
AW-00024760,Australia
AW-00024761,United Kingdom
AW-00024762,United Kingdom
AW-00024763,United States
AW-00024764,United Kingdom
AW-00024765,Australia
AW-00024766,Australia
AW-00024767,United States
AW-00024768,Australia
AW-00024769,United States
AW-00024770,US
AW-00024771,United Kingdom
AW-00024772,New Zealand
AW-00024773,Australia
AW-00024774,Australia
AW-00024775,Australia
AW-00024776,Germany
AW-00024777,United Kingdom
AW-00024778,Australia
AW-00024779,United Kingdom
AW-00024780,Germany
AW-00024781,United States
AW-00024782,New Zealand
AW-00024783,Australia
AW-00024784,Australia
AW-00024785,Australia
AW-00024786,Australia
AW-00024787,Canada
AW-00024788,
AW-00024789,Australia
AW-00024790,Australia
AW-00024791,United States
AW-00024792,New Zealand
AW-00024793,
AW-00024794,Australia
AW-00024795,United States
AW-00024796,New Zealand
AW-00024797,Australia
AW-00024798,United States
AW-00024799,Australia
AW-00024800,Canada
AW-00024801,Australia
AW-00024802,Australia
AW-00024803,United Kingdom
AW-00024804,United Kingdom
AW-00024805,United Kingdom
AW-00024806,Canada
AW-00024807,Canada
AW-00024808,Australia
AW-00024809,Australia
AW-00024810,Australia
AW-00024811,Australia
AW-00024812,AU
AW-00024813,Australia
AW-00024814,
AW-00024815,United States
AW-00024816,Australia
AW-00024817,USA
AW-00024818,Australia
AW-00024819,Canada
AW-00024820,United Kingdom
AW-00024821,Australia
AW-00024822,Australia
AW-00024823,Australia
AW-00024824,France
AW-00024825,United States
AW-00024826,Canada
AW-00024827,Australia
AW-00024828,Australia
AW-00024829,United States
AW-00024830,United States
AW-00024831,United States
AW-00024832,Canada
AW-00024833,Australia
AW-00024834,Australia
AW-00024835,Canada
AW-00024836,United States
AW-00024837,AU
AW-00024838,Australia
AW-00024839,Australia
AW-00024840,Australia
AW-00024841,Australia
AW-00024842,United States
AW-00024843,Australia
AW-00024844,France
AW-00024845,Germany
AW-00024846,USA
AW-00024847,United States
AW-00024848,Australia
AW-00024849,United States
AW-00024850,Australia
AW-00024851,France
AW-00024852,Australia
AW-00024853,Australia
AW-00024854,United Kingdom
AW-00024855,United Kingdom
AW-00024856,United States
AW-00024857,United States
AW-00024858,France
AW-00024859,Australia
AW-00024860,Australia
AW-00024861,Australia
AW-00024862,Australia
AW-00024863,Canada
AW-00024864,United Kingdom
AW-00024865,Australia
AW-00024866,United Kingdom
AW-00024867,
AW-00024868,Australia
AW-00024869,United States
AW-00024870,Australia
AW-00024871,Australia
AW-00024872,Australia
AW-00024873,Australia
AW-00024874,United Kingdom
AW-00024875,Australia
AW-00024876,New Zealand
AW-00024877,Australia
AW-00024878,Australia
AW-00024879,United States
AW-00024880,United Kingdom
AW-00024881,Australia
AW-00024882,United Kingdom
AW-00024883,Australia
AW-00024884,Australia
AW-00024885,Australia
AW-00024886,United States
AW-00024887,New Zealand
AW-00024888,Canada
AW-00024889,Australia
AW-00024890,United Kingdom
AW-00024891,Australia
AW-00024892,United Kingdom
AW-00024893,Australia
AW-00024894,Germany
AW-00024895,Australia
AW-00024896,United States
AW-00024897,Australia
AW-00024898,Australia
AW-00024899,Australia
AW-00024900,United States
AW-00024901,Australia
AW-00024902,Australia
AW-00024903,United States
AW-00024904,United States
AW-00024905,United States
AW-00024906,Germany
AW-00024907,France
AW-00024908,United Kingdom
AW-00024909,Australia
AW-00024910,Australia
AW-00024911,United States
AW-00024912,Australia
AW-00024913,United States
AW-00024914,Australia
AW-00024915,Australia
AW-00024916,USA
AW-00024917,United Kingdom
AW-00024918,Canada
AW-00024919,Australia
AW-00024920,France
AW-00024921,New Zealand
AW-00024922,United States
AW-00024923,France
AW-00024924,Australia
AW-00024925,Australia
AW-00024926,Australia
AW-00024927,Australia
AW-00024928,United States
AW-00024929,Germany
AW-00024930,Australia
AW-00024931,Australia
AW-00024932,Australia
AW-00024933,United States
AW-00024934,New Zealand
AW-00024935,United Kingdom
AW-00024936,United States
AW-00024937,United Kingdom
AW-00024938,Canada
AW-00024939,United States
AW-00024940,
AW-00024941,United States
AW-00024942,United Kingdom
AW-00024943,Australia
AW-00024944,United Kingdom
AW-00024945,Australia
AW-00024946,New Zealand
AW-00024947,United States
AW-00024948,Australia
AW-00024949,Australia
AW-00024950,New Zealand
AW-00024951,Australia
AW-00024952,France
AW-00024953,Australia
AW-00024954,United States
AW-00024955,Australia
AW-00024956,Australia
AW-00024957,Australia
AW-00024958,United States
AW-00024959,United Kingdom
AW-00024960,New Zealand
AW-00024961,United States
AW-00024962,Australia
AW-00024963,Australia
AW-00024964,United States
AW-00024965,Australia
AW-00024966,Australia
AW-00024967,Australia
AW-00024968,Germany
AW-00024969,NZ
AW-00024970,Australia
AW-00024971,United States
AW-00024972,United Kingdom
AW-00024973,United Kingdom
AW-00024974,Germany
AW-00024975,Australia
AW-00024976,United States
AW-00024977,Australia
AW-00024978,Australia
AW-00024979,Canada
AW-00024980,Australia
AW-00024981,New Zealand
AW-00024982,France
AW-00024983,Canada
AW-00024984,Australia
AW-00024985,Australia
AW-00024986,Australia
AW-00024987,United States
AW-00024988,Australia
AW-00024989,AU
AW-00024990,United Kingdom
AW-00024991,United States
AW-00024992,Australia
AW-00024993,Canada
AW-00024994,Australia
AW-00024995,United States
AW-00024996,Australia
AW-00024997,United Kingdom
AW-00024998,Australia
AW-00024999,Australia
AW-00025000,United States
AW-00025001,Australia
AW-00025002,New Zealand
AW-00025003,United States
AW-00025004,France
AW-00025005,Germany
AW-00025006,United Kingdom
AW-00025007,Australia
AW-00025008,DE
AW-00025009,United States
AW-00025010,Germany
AW-00025011,Australia
AW-00025012,Australia
AW-00025013,New Zealand
AW-00025014,Australia
AW-00025015,Australia
AW-00025016,UK
AW-00025017,Australia
AW-00025018,Australia
AW-00025019,Australia
AW-00025020,Australia
AW-00025021,Australia
AW-00025022,Australia
AW-00025023,Australia
AW-00025024,Australia
AW-00025025,Australia
AW-00025026,Australia
AW-00025027,
AW-00025028,Australia
AW-00025029,United Kingdom
AW-00025030,US
AW-00025031,United States
AW-00025032,Australia
AW-00025033,Australia
AW-00025034,Australia
AW-00025035,Germany
AW-00025036,Australia
AW-00025037,Australia
AW-00025038,Australia
AW-00025039,Australia
AW-00025040,Australia
AW-00025041,Germany
AW-00025042,Australia
AW-00025043,Australia
AW-00025044,United States
AW-00025045,Australia
AW-00025046,Australia
AW-00025047,Australia
AW-00025048,Australia
AW-00025049,Australia
AW-00025050,United States
AW-00025051,United States
AW-00025052,Australia
AW-00025053,Australia
AW-00025054,Canada
AW-00025055,United Kingdom
AW-00025056,Canada
AW-00025057,Australia
AW-00025058,United States
AW-00025059,Australia
AW-00025060,Australia
AW-00025061,United Kingdom
AW-00025062,Australia
AW-00025063,Australia
AW-00025064,NZ
AW-00025065,United States
AW-00025066,United States
AW-00025067,Australia
AW-00025068,United States
AW-00025069,United States
AW-00025070,United States
AW-00025071,Australia
AW-00025072,Australia
AW-00025073,New Zealand
AW-00025074,United States
AW-00025075,Australia
AW-00025076,New Zealand
AW-00025077,Australia
AW-00025078,Australia
AW-00025079,Australia
AW-00025080,United States
AW-00025081,Germany
AW-00025082,Germany
AW-00025083,Australia
AW-00025084,United Kingdom
AW-00025085,New Zealand
AW-00025086,Australia
AW-00025087,Australia
AW-00025088,Australia
AW-00025089,Australia
AW-00025090,New Zealand
AW-00025091,United Kingdom
AW-00025092,Germany
AW-00025093,Australia
AW-00025094,United States
AW-00025095,United Kingdom
AW-00025096,United States
AW-00025097,United States
AW-00025098,Australia
AW-00025099,United States
AW-00025100,United States
AW-00025101,Australia
AW-00025102,United States
AW-00025103,Australia
AW-00025104,Australia
AW-00025105,Australia
AW-00025106,Canada
AW-00025107,Australia
AW-00025108,Australia
AW-00025109,Australia
AW-00025110,New Zealand
AW-00025111,Australia
AW-00025112,
AW-00025113,Australia
AW-00025114,United Kingdom
AW-00025115,Canada
AW-00025116,France
AW-00025117,Australia
AW-00025118,Australia
AW-00025119,Canada
AW-00025120,United Kingdom
AW-00025121,
AW-00025122,Canada
AW-00025123,Australia
AW-00025124,United Kingdom
AW-00025125,Australia
AW-00025126,France
AW-00025127,United States
AW-00025128,Australia
AW-00025129,United Kingdom
AW-00025130,United Kingdom
AW-00025131,Australia
AW-00025132,Germany
AW-00025133,Australia
AW-00025134,Australia
AW-00025135,Australia
AW-00025136,Australia
AW-00025137,Australia
AW-00025138,Australia
AW-00025139,Australia
AW-00025140,Australia
AW-00025141,Germany
AW-00025142,AU
AW-00025143,France
AW-00025144,United States
AW-00025145,Australia
AW-00025146,United States
AW-00025147,New Zealand
AW-00025148,Australia
AW-00025149,Australia
AW-00025150,United States
AW-00025151,United States
AW-00025152,Australia
AW-00025153,Australia
AW-00025154,United Kingdom
AW-00025155,Canada
AW-00025156,Australia
AW-00025157,Australia
AW-00025158,Australia
AW-00025159,United Kingdom
AW-00025160,Australia
AW-00025161,United States
AW-00025162,United States
AW-00025163,Australia
AW-00025164,Australia
AW-00025165,United States
AW-00025166,United States
AW-00025167,USA
AW-00025168,NZ
AW-00025169,Canada
AW-00025170,Australia
AW-00025171,Australia
AW-00025172,Australia
AW-00025173,United States
AW-00025174,United States
AW-00025175,United States
AW-00025176,United States
AW-00025177,United States
AW-00025178,United Kingdom
AW-00025179,United States
AW-00025180,Australia
AW-00025181,Australia
AW-00025182,United States
AW-00025183,Canada
AW-00025184,France
AW-00025185,Australia
AW-00025186,Australia
AW-00025187,Australia
AW-00025188,Australia
AW-00025189,Australia
AW-00025190,United States
AW-00025191,United States
AW-00025192,Australia
AW-00025193,Australia
AW-00025194,Australia
AW-00025195,Australia
AW-00025196,Australia
AW-00025197,Australia
AW-00025198,Australia
AW-00025199,AU
AW-00025200,Australia
AW-00025201,Australia
AW-00025202,United States
AW-00025203,Australia
AW-00025204,Australia
AW-00025205,Australia
AW-00025206,Canada
AW-00025207,Australia
AW-00025208,Germany
AW-00025209,United Kingdom
AW-00025210,Australia
AW-00025211,Australia
AW-00025212,Australia
AW-00025213,Germany
AW-00025214,United States
AW-00025215,Australia
AW-00025216,Australia
AW-00025217,United Kingdom
AW-00025218,Australia
AW-00025219,Australia
AW-00025220,United Kingdom
AW-00025221,Germany
AW-00025222,Australia
AW-00025223,Australia
AW-00025224,Australia
AW-00025225,New Zealand
AW-00025226,Canada
AW-00025227,Canada
AW-00025228,Canada
AW-00025229,United States
AW-00025230,United States
AW-00025231,Australia
AW-00025232,Australia
AW-00025233,United States
AW-00025234,France
AW-00025235,Australia
AW-00025236,USA
AW-00025237,Australia
AW-00025238,United Kingdom
AW-00025239,France
AW-00025240,Australia
AW-00025241,Germany
AW-00025242,Australia
AW-00025243,United States
AW-00025244,Canada
AW-00025245,Australia
AW-00025246,Canada
AW-00025247,Australia
AW-00025248,Australia
AW-00025249,New Zealand
AW-00025250,Germany
AW-00025251,United States
AW-00025252,Australia
AW-00025253,Australia
AW-00025254,Australia
AW-00025255,United Kingdom
AW-00025256,United Kingdom
AW-00025257,Australia
AW-00025258,Australia
AW-00025259,Australia
AW-00025260,
AW-00025261,United Kingdom
AW-00025262,New Zealand
AW-00025263,United Kingdom
AW-00025264,Australia
AW-00025265,Australia
AW-00025266,Australia
AW-00025267,Australia
AW-00025268,United States
AW-00025269,Australia
AW-00025270,Australia
AW-00025271,New Zealand
AW-00025272,Australia
AW-00025273,United States
AW-00025274,Australia
AW-00025275,Australia
AW-00025276,Australia
AW-00025277,Australia
AW-00025278,United States
AW-00025279,Australia
AW-00025280,Australia
AW-00025281,Australia
AW-00025282,NZ
AW-00025283,France
AW-00025284,United Kingdom
AW-00025285,Australia
AW-00025286,New Zealand
AW-00025287,Australia
AW-00025288,United Kingdom
AW-00025289,Australia
AW-00025290,Australia
AW-00025291,Australia
AW-00025292,Australia
AW-00025293,Australia
AW-00025294,Australia
AW-00025295,Canada
AW-00025296,New Zealand
AW-00025297,Australia
AW-00025298,New Zealand
AW-00025299,Australia
AW-00025300,Germany
AW-00025301,Australia
AW-00025302,United States
AW-00025303,Australia
AW-00025304,United States
AW-00025305,Australia
AW-00025306,France
AW-00025307,Australia
AW-00025308,Canada
AW-00025309,Australia
AW-00025310,Australia
AW-00025311,Australia
AW-00025312,Australia
AW-00025313,Canada
AW-00025314,United Kingdom
AW-00025315,Germany
AW-00025316,Australia
AW-00025317,Australia
AW-00025318,United States
AW-00025319,Germany
AW-00025320,France
AW-00025321,Australia
AW-00025322,Australia
AW-00025323,Germany
AW-00025324,Australia
AW-00025325,United Kingdom
AW-00025326,United States
AW-00025327,Australia
AW-00025328,United States
AW-00025329,Canada
AW-00025330,United Kingdom
AW-00025331,Australia
AW-00025332,United States
AW-00025333,Australia
AW-00025334,United States
AW-00025335,Australia
AW-00025336,New Zealand
AW-00025337,Australia
AW-00025338,Germany
AW-00025339,Australia
AW-00025340,DE
AW-00025341,New Zealand
AW-00025342,Australia
AW-00025343,Australia
AW-00025344,Australia
AW-00025345,Australia
AW-00025346,Australia
AW-00025347,Germany
AW-00025348,Australia
AW-00025349,United States
AW-00025350,UK
AW-00025351,Australia
AW-00025352,Australia
AW-00025353,France
AW-00025354,Australia
AW-00025355,United States
AW-00025356,Australia
AW-00025357,United States
AW-00025358,Australia
AW-00025359,New Zealand
AW-00025360,United States
AW-00025361,New Zealand
AW-00025362,Australia
AW-00025363,UK
AW-00025364,Australia
AW-00025365,Australia
AW-00025366,United Kingdom
AW-00025367,Australia
AW-00025368,US
AW-00025369,New Zealand
AW-00025370,United Kingdom
AW-00025371,Canada
AW-00025372,United States
AW-00025373,Australia
AW-00025374,Australia
AW-00025375,United Kingdom
AW-00025376,Australia
AW-00025377,AU
AW-00025378,Australia
AW-00025379,Australia
AW-00025380,Australia
AW-00025381,United Kingdom
AW-00025382,United States
AW-00025383,Australia
AW-00025384,United Kingdom
AW-00025385,Australia
AW-00025386,New Zealand
AW-00025387,New Zealand
AW-00025388,United Kingdom
AW-00025389,United Kingdom
AW-00025390,Australia
AW-00025391,France
AW-00025392,United States
AW-00025393,Australia
AW-00025394,Canada
AW-00025395,Australia
AW-00025396,Australia
AW-00025397,Canada
AW-00025398,United Kingdom
AW-00025399,Australia
AW-00025400,Australia
AW-00025401,United States
AW-00025402,Australia
AW-00025403,Australia
AW-00025404,Germany
AW-00025405,France
AW-00025406,Australia
AW-00025407,United Kingdom
AW-00025408,United States
AW-00025409,United Kingdom
AW-00025410,Canada
AW-00025411,United Kingdom
AW-00025412,United States
AW-00025413,Australia
AW-00025414,France
AW-00025415,Canada
AW-00025416,United States
AW-00025417,Australia
AW-00025418,United States
AW-00025419,Australia
AW-00025420,United States
AW-00025421,Australia
AW-00025422,USA
AW-00025423,Germany
AW-00025424,Australia
AW-00025425,United States
AW-00025426,France
AW-00025427,US
AW-00025428,Australia
AW-00025429,DE
AW-00025430,New Zealand
AW-00025431,Australia
AW-00025432,USA
AW-00025433,United States
AW-00025434,New Zealand
AW-00025435,Australia
AW-00025436,NZ
AW-00025437,Australia
AW-00025438,Australia
AW-00025439,Australia
AW-00025440,Australia
AW-00025441,Australia
AW-00025442,Australia
AW-00025443,Australia
AW-00025444,United Kingdom
AW-00025445,United Kingdom
AW-00025446,United States
AW-00025447,Germany
AW-00025448,Canada
AW-00025449,Australia
AW-00025450,Australia
AW-00025451,United States
AW-00025452,Australia
AW-00025453,France
AW-00025454,Germany
AW-00025455,New Zealand
AW-00025456,Australia
AW-00025457,Australia
AW-00025458,Germany
AW-00025459,Australia
AW-00025460,Germany
AW-00025461,United States
AW-00025462,Germany
AW-00025463,Australia
AW-00025464,Australia
AW-00025465,Australia
AW-00025466,Australia
AW-00025467,Australia
AW-00025468,Australia
AW-00025469,New Zealand
AW-00025470,Canada
AW-00025471,Australia
AW-00025472,Germany
AW-00025473,United States
AW-00025474,New Zealand
AW-00025475,Australia
AW-00025476,France
AW-00025477,Australia
AW-00025478,UK
AW-00025479,United States
AW-00025480,United Kingdom
AW-00025481,AU
AW-00025482,Australia
AW-00025483,Australia
AW-00025484,Australia
AW-00025485,Australia
AW-00025486,Australia
AW-00025487,Australia
AW-00025488,France
AW-00025489,Australia
AW-00025490,United States
AW-00025491,Australia
AW-00025492,New Zealand
AW-00025493,Australia
AW-00025494,United Kingdom
AW-00025495,AU
AW-00025496,United States
AW-00025497,United Kingdom
AW-00025498,Australia
AW-00025499,United States
AW-00025500,Australia
AW-00025501,Australia
AW-00025502,Australia
AW-00025503,Australia
AW-00025504,United States
AW-00025505,Australia
AW-00025506,United States
AW-00025507,Australia
AW-00025508,Australia
AW-00025509,Australia
AW-00025510,Australia
AW-00025511,Australia
AW-00025512,United States
AW-00025513,Australia
AW-00025514,United States
AW-00025515,Australia
AW-00025516,Germany
AW-00025517,AU
AW-00025518,Canada
AW-00025519,France
AW-00025520,United States
AW-00025521,Australia
AW-00025522,Australia
AW-00025523,France
AW-00025524,Australia
AW-00025525,United Kingdom
AW-00025526,Australia
AW-00025527,Australia
AW-00025528,Australia
AW-00025529,Germany
AW-00025530,Germany
AW-00025531,Australia
AW-00025532,Australia
AW-00025533,Australia
AW-00025534,United States
AW-00025535,Canada
AW-00025536,United States
AW-00025537,United Kingdom
AW-00025538,United States
AW-00025539,New Zealand
AW-00025540,United States
AW-00025541,United Kingdom
AW-00025542,Australia
AW-00025543,Australia
AW-00025544,United States
AW-00025545,France
AW-00025546,Australia
AW-00025547,Canada
AW-00025548,France
AW-00025549,Australia
AW-00025550,France
AW-00025551,Germany
AW-00025552,Canada
AW-00025553,Australia
AW-00025554,United Kingdom
AW-00025555,Australia
AW-00025556,Australia
AW-00025557,United States
AW-00025558,Australia
AW-00025559,Australia
AW-00025560,Canada
AW-00025561,France
AW-00025562,Canada
AW-00025563,AU
AW-00025564,Australia
AW-00025565,United States
AW-00025566,DE
AW-00025567,Australia
AW-00025568,United States
AW-00025569,United States
AW-00025570,Australia
AW-00025571,Australia
AW-00025572,Australia
AW-00025573,Australia
AW-00025574,Australia
AW-00025575,United States
AW-00025576,Canada
AW-00025577,Canada
AW-00025578,Australia
AW-00025579,United States
AW-00025580,Australia
AW-00025581,Australia
AW-00025582,Australia
AW-00025583,New Zealand
AW-00025584,Australia
AW-00025585,Germany
AW-00025586,United Kingdom
AW-00025587,Australia
AW-00025588,United States
AW-00025589,Australia
AW-00025590,United States
AW-00025591,United States
AW-00025592,New Zealand
AW-00025593,United Kingdom
AW-00025594,United Kingdom
AW-00025595,Australia
AW-00025596,Australia
AW-00025597,Australia
AW-00025598,Australia
AW-00025599,Australia
AW-00025600,Germany
AW-00025601,Canada
AW-00025602,Australia
AW-00025603,France
AW-00025604,United Kingdom
AW-00025605,US
AW-00025606,United States
AW-00025607,Australia
AW-00025608,United States
AW-00025609,Australia
AW-00025610,Australia
AW-00025611,Australia
AW-00025612,United States
AW-00025613,Australia
AW-00025614,France
AW-00025615,United Kingdom
AW-00025616,Australia
AW-00025617,France
AW-00025618,Germany
AW-00025619,Australia
AW-00025620,Australia
AW-00025621,Australia
AW-00025622,Australia
AW-00025623,United Kingdom
AW-00025624,Australia
AW-00025625,United Kingdom
AW-00025626,United States
AW-00025627,United Kingdom
AW-00025628,Australia
AW-00025629,Australia
AW-00025630,United Kingdom
AW-00025631,United States
AW-00025632,United Kingdom
AW-00025633,United States
AW-00025634,Australia
AW-00025635,United States
AW-00025636,Australia
AW-00025637,Australia
AW-00025638,United States
AW-00025639,United Kingdom
AW-00025640,Australia
AW-00025641,Australia
AW-00025642,Australia
AW-00025643,Australia
AW-00025644,Australia
AW-00025645,Australia
AW-00025646,Australia
AW-00025647,Australia
AW-00025648,Australia
AW-00025649,AU
AW-00025650,Australia
AW-00025651,Australia
AW-00025652,Australia
AW-00025653,
AW-00025654,Germany
AW-00025655,Australia
AW-00025656,Australia
AW-00025657,France
AW-00025658,United Kingdom
AW-00025659,United States
AW-00025660,United States
AW-00025661,New Zealand
AW-00025662,United Kingdom
AW-00025663,Canada
AW-00025664,New Zealand
AW-00025665,Australia
AW-00025666,Canada
AW-00025667,France
AW-00025668,United States
AW-00025669,New Zealand
AW-00025670,Australia
AW-00025671,Australia
AW-00025672,Australia
AW-00025673,AU
AW-00025674,Australia
AW-00025675,United Kingdom
AW-00025676,Australia
AW-00025677,France
AW-00025678,United States
AW-00025679,Australia
AW-00025680,Australia
AW-00025681,United States
AW-00025682,Australia
AW-00025683,United Kingdom
AW-00025684,Australia
AW-00025685,
AW-00025686,United Kingdom
AW-00025687,Canada
AW-00025688,Canada
AW-00025689,United States
AW-00025690,United States
AW-00025691,Australia
AW-00025692,United States
AW-00025693,Australia
AW-00025694,United States
AW-00025695,United States
AW-00025696,New Zealand
AW-00025697,Australia
AW-00025698,New Zealand
AW-00025699,Canada
AW-00025700,Australia
AW-00025701,Australia
AW-00025702,United States
AW-00025703,Australia
AW-00025704,New Zealand
AW-00025705,Australia
AW-00025706,Australia
AW-00025707,Australia
AW-00025708,Australia
AW-00025709,Australia
AW-00025710,United States
AW-00025711,UK
AW-00025712,Australia
AW-00025713,United States
AW-00025714,United States
AW-00025715,Australia
AW-00025716,Canada
AW-00025717,United States
AW-00025718,United Kingdom
AW-00025719,Australia
AW-00025720,Australia
AW-00025721,New Zealand
AW-00025722,Australia
AW-00025723,United States
AW-00025724,Australia
AW-00025725,Australia
AW-00025726,Australia
AW-00025727,Australia
AW-00025728,Australia
AW-00025729,United States
AW-00025730,Canada
AW-00025731,Australia
AW-00025732,Australia
AW-00025733,Australia
AW-00025734,France
AW-00025735,Australia
AW-00025736,Australia
AW-00025737,United States
AW-00025738,Australia
AW-00025739,Australia
AW-00025740,Germany
AW-00025741,Australia
AW-00025742,France
AW-00025743,United Kingdom
AW-00025744,Australia
AW-00025745,Australia
AW-00025746,France
AW-00025747,Australia
AW-00025748,Australia
AW-00025749,Canada
AW-00025750,Australia
AW-00025751,France
AW-00025752,Australia
AW-00025753,Australia
AW-00025754,Australia
AW-00025755,Australia
AW-00025756,Germany
AW-00025757,United States
AW-00025758,France
AW-00025759,United Kingdom
AW-00025760,Australia
AW-00025761,Germany
AW-00025762,Australia
AW-00025763,Canada
AW-00025764,Australia
AW-00025765,United Kingdom
AW-00025766,Australia
AW-00025767,Australia
AW-00025768,Australia
AW-00025769,Australia
AW-00025770,Australia
AW-00025771,New Zealand
AW-00025772,Australia
AW-00025773,United Kingdom
AW-00025774,Australia
AW-00025775,Australia
AW-00025776,Australia
AW-00025777,United Kingdom
AW-00025778,Australia
AW-00025779,France
AW-00025780,United States
AW-00025781,Australia
AW-00025782,Australia
AW-00025783,United States
AW-00025784,Australia
AW-00025785,New Zealand
AW-00025786,United States
AW-00025787,Australia
AW-00025788,United States
AW-00025789,Australia
AW-00025790,Australia
AW-00025791,United Kingdom
AW-00025792,AU
AW-00025793,Canada
AW-00025794,Australia
AW-00025795,NZ
AW-00025796,United States
AW-00025797,USA
AW-00025798,United States
AW-00025799,New Zealand
AW-00025800,New Zealand
AW-00025801,United States
AW-00025802,Australia
AW-00025803,Canada
AW-00025804,Australia
AW-00025805,Australia
AW-00025806,New Zealand
AW-00025807,Australia
AW-00025808,Australia
AW-00025809,Australia
AW-00025810,United Kingdom
AW-00025811,Canada
AW-00025812,USA
AW-00025813,Australia
AW-00025814,United States
AW-00025815,Australia
AW-00025816,Australia
AW-00025817,France
AW-00025818,Australia
AW-00025819,New Zealand
AW-00025820,Germany
AW-00025821,United States
AW-00025822,United Kingdom
AW-00025823,Australia
AW-00025824,Australia
AW-00025825,Australia
AW-00025826,United States
AW-00025827,Germany
AW-00025828,New Zealand
AW-00025829,Australia
AW-00025830,Australia
AW-00025831,France
AW-00025832,Germany
AW-00025833,Canada
AW-00025834,Australia
AW-00025835,Australia
AW-00025836,Germany
AW-00025837,Australia
AW-00025838,Australia
AW-00025839,United Kingdom
AW-00025840,Canada
AW-00025841,Australia
AW-00025842,Australia
AW-00025843,Canada
AW-00025844,France
AW-00025845,USA
AW-00025846,Australia
AW-00025847,Australia
AW-00025848,USA
AW-00025849,United States
AW-00025850,United States
AW-00025851,Canada
AW-00025852,United Kingdom
AW-00025853,Australia
AW-00025854,Australia
AW-00025855,Australia
AW-00025856,Australia
AW-00025857,Australia
AW-00025858,New Zealand
AW-00025859,France
AW-00025860,United Kingdom
AW-00025861,United States
AW-00025862,United Kingdom
AW-00025863,United Kingdom
AW-00025864,Canada
AW-00025865,United Kingdom
AW-00025866,Australia
AW-00025867,New Zealand
AW-00025868,DE
AW-00025869,Australia
AW-00025870,Canada
AW-00025871,AU
AW-00025872,Australia
AW-00025873,Australia
AW-00025874,Australia
AW-00025875,Canada
AW-00025876,Canada
AW-00025877,Australia
AW-00025878,Canada
AW-00025879,Australia
AW-00025880,Australia
AW-00025881,United States
AW-00025882,United Kingdom
AW-00025883,UK
AW-00025884,Australia
AW-00025885,United Kingdom
AW-00025886,United Kingdom
AW-00025887,Australia
AW-00025888,Australia
AW-00025889,Australia
AW-00025890,United States
AW-00025891,Australia
AW-00025892,Australia
AW-00025893,United States
AW-00025894,United States
AW-00025895,Australia
AW-00025896,Canada
AW-00025897,Germany
AW-00025898,Germany
AW-00025899,Australia
AW-00025900,Australia
AW-00025901,Australia
AW-00025902,United States
AW-00025903,New Zealand
AW-00025904,New Zealand
AW-00025905,United Kingdom
AW-00025906,Canada
AW-00025907,Australia
AW-00025908,Canada
AW-00025909,United States
AW-00025910,United States
AW-00025911,United States
AW-00025912,United Kingdom
AW-00025913,Australia
AW-00025914,Australia
AW-00025915,New Zealand
AW-00025916,New Zealand
AW-00025917,United States
AW-00025918,Australia
AW-00025919,Australia
AW-00025920,Germany
AW-00025921,AU
AW-00025922,United States
AW-00025923,Australia
AW-00025924,Australia
AW-00025925,Canada
AW-00025926,Australia
AW-00025927,Canada
AW-00025928,Australia
AW-00025929,USA
AW-00025930,United Kingdom
AW-00025931,United Kingdom
AW-00025932,Australia
AW-00025933,Canada
AW-00025934,Germany
AW-00025935,United States
AW-00025936,Australia
AW-00025937,Australia
AW-00025938,Australia
AW-00025939,Australia
AW-00025940,Australia
AW-00025941,Australia
AW-00025942,Australia
AW-00025943,United States
AW-00025944,United States
AW-00025945,Australia
AW-00025946,France
AW-00025947,United States
AW-00025948,Australia
AW-00025949,United States
AW-00025950,Canada
AW-00025951,Germany
AW-00025952,France
AW-00025953,United States
AW-00025954,United Kingdom
AW-00025955,Australia
AW-00025956,New Zealand
AW-00025957,United States
AW-00025958,Germany
AW-00025959,Australia
AW-00025960,Australia
AW-00025961,Australia
AW-00025962,Australia
AW-00025963,Australia
AW-00025964,Australia
AW-00025965,US
AW-00025966,United States
AW-00025967,Canada
AW-00025968,USA
AW-00025969,Australia
AW-00025970,France
AW-00025971,Australia
AW-00025972,Australia
AW-00025973,USA
AW-00025974,Australia
AW-00025975,Australia
AW-00025976,New Zealand
AW-00025977,United States
AW-00025978,Germany
AW-00025979,Australia
AW-00025980,Australia
AW-00025981,Australia
AW-00025982,United States
AW-00025983,Australia
AW-00025984,Australia
AW-00025985,New Zealand
AW-00025986,Australia
AW-00025987,United Kingdom
AW-00025988,Australia
AW-00025989,Australia
AW-00025990,Australia
AW-00025991,United States
AW-00025992,Australia
AW-00025993,New Zealand
AW-00025994,New Zealand
AW-00025995,New Zealand
AW-00025996,Australia
AW-00025997,Australia
AW-00025998,United States
AW-00025999,United Kingdom
AW-00026000,Australia
AW-00026001,Canada
AW-00026002,Australia
AW-00026003,Germany
AW-00026004,Australia
AW-00026005,
AW-00026006,New Zealand
AW-00026007,Australia
AW-00026008,France
AW-00026009,United States
AW-00026010,Australia
AW-00026011,United Kingdom
AW-00026012,New Zealand
AW-00026013,France
AW-00026014,Australia
AW-00026015,United States
AW-00026016,France
AW-00026017,AU
AW-00026018,United States
AW-00026019,Australia
AW-00026020,Australia
AW-00026021,
AW-00026022,
AW-00026023,United States
AW-00026024,Australia
AW-00026025,Australia
AW-00026026,Australia
AW-00026027,Australia
AW-00026028,
AW-00026029,Australia
AW-00026030,France
AW-00026031,United States
AW-00026032,United States
AW-00026033,Australia
AW-00026034,Australia
AW-00026035,Canada
AW-00026036,Australia
AW-00026037,United Kingdom
AW-00026038,United States
AW-00026039,Germany
AW-00026040,United States
AW-00026041,Australia
AW-00026042,Australia
AW-00026043,New Zealand
AW-00026044,Australia
AW-00026045,Australia
AW-00026046,New Zealand
AW-00026047,Australia
AW-00026048,United States
AW-00026049,Australia
AW-00026050,United States
AW-00026051,United States
AW-00026052,New Zealand
AW-00026053,United Kingdom
AW-00026054,Australia
AW-00026055,Australia
AW-00026056,Australia
AW-00026057,Australia
AW-00026058,United Kingdom
AW-00026059,Australia
AW-00026060,Germany
AW-00026061,United States
AW-00026062,New Zealand
AW-00026063,Australia
AW-00026064,Germany
AW-00026065,Australia
AW-00026066,Australia
AW-00026067,Australia
AW-00026068,Australia
AW-00026069,United States
AW-00026070,United States
AW-00026071,Australia
AW-00026072,Australia
AW-00026073,New Zealand
AW-00026074,France
AW-00026075,Australia
AW-00026076,United Kingdom
AW-00026077,United States
AW-00026078,Australia
AW-00026079,Australia
AW-00026080,Germany
AW-00026081,United States
AW-00026082,Germany
AW-00026083,
AW-00026084,United Kingdom
AW-00026085,USA
AW-00026086,Australia
AW-00026087,Australia
AW-00026088,USA
AW-00026089,Australia
AW-00026090,New Zealand
AW-00026091,Australia
AW-00026092,United Kingdom
AW-00026093,Australia
AW-00026094,Australia
AW-00026095,New Zealand
AW-00026096,Australia
AW-00026097,New Zealand
AW-00026098,United States
AW-00026099,United Kingdom
AW-00026100,Australia
AW-00026101,Australia
AW-00026102,New Zealand
AW-00026103,Australia
AW-00026104,United States
AW-00026105,United States
AW-00026106,United States
AW-00026107,France
AW-00026108,United States
AW-00026109,Australia
AW-00026110,Australia
AW-00026111,Australia
AW-00026112,Canada
AW-00026113,Australia
AW-00026114,New Zealand
AW-00026115,Canada
AW-00026116,United States
AW-00026117,United States
AW-00026118,Australia
AW-00026119,United Kingdom
AW-00026120,New Zealand
AW-00026121,United States
AW-00026122,Australia
AW-00026123,Australia
AW-00026124,United States
AW-00026125,Australia
AW-00026126,United States
AW-00026127,United States
AW-00026128,Australia
AW-00026129,United States
AW-00026130,France
AW-00026131,United Kingdom
AW-00026132,Australia
AW-00026133,Australia
AW-00026134,Australia
AW-00026135,Canada
AW-00026136,Germany
AW-00026137,United States
AW-00026138,Australia
AW-00026139,Canada
AW-00026140,New Zealand
AW-00026141,Australia
AW-00026142,France
AW-00026143,United States
AW-00026144,Australia
AW-00026145,Canada
AW-00026146,Australia
AW-00026147,Australia
AW-00026148,United States
AW-00026149,Australia
AW-00026150,United States
AW-00026151,New Zealand
AW-00026152,Australia
AW-00026153,United States
AW-00026154,Australia
AW-00026155,Australia
AW-00026156,France
AW-00026157,Germany
AW-00026158,Australia
AW-00026159,New Zealand
AW-00026160,France
AW-00026161,Australia
AW-00026162,United States
AW-00026163,France
AW-00026164,United States
AW-00026165,United States
AW-00026166,DE
AW-00026167,Australia
AW-00026168,Australia
AW-00026169,United States
AW-00026170,United Kingdom
AW-00026171,Australia
AW-00026172,Australia
AW-00026173,Australia
AW-00026174,United States
AW-00026175,United Kingdom
AW-00026176,Australia
AW-00026177,Australia
AW-00026178,Australia
AW-00026179,United Kingdom
AW-00026180,Australia
AW-00026181,Australia
AW-00026182,Germany
AW-00026183,Germany
AW-00026184,Australia
AW-00026185,Australia
AW-00026186,Canada
AW-00026187,Australia
AW-00026188,New Zealand
AW-00026189,Canada
AW-00026190,United Kingdom
AW-00026191,United States
AW-00026192,New Zealand
AW-00026193,Australia
AW-00026194,Australia
AW-00026195,Canada
AW-00026196,Canada
AW-00026197,United Kingdom
AW-00026198,Canada
AW-00026199,United States
AW-00026200,Australia
AW-00026201,Australia
AW-00026202,United States
AW-00026203,Australia
AW-00026204,United Kingdom
AW-00026205,Australia
AW-00026206,United States
AW-00026207,Australia
AW-00026208,Australia
AW-00026209,Australia
AW-00026210,United States
AW-00026211,Australia
AW-00026212,Australia
AW-00026213,Australia
AW-00026214,Canada
AW-00026215,Germany
AW-00026216,United States
AW-00026217,United States
AW-00026218,United Kingdom
AW-00026219,Australia
AW-00026220,Australia
AW-00026221,United States
AW-00026222,Australia
AW-00026223,Australia
AW-00026224,Australia
AW-00026225,United Kingdom
AW-00026226,Australia
AW-00026227,Australia
AW-00026228,New Zealand
AW-00026229,Australia
AW-00026230,United States
AW-00026231,Germany
AW-00026232,New Zealand
AW-00026233,United States
AW-00026234,Australia
AW-00026235,Australia
AW-00026236,Australia
AW-00026237,Canada
AW-00026238,Germany
AW-00026239,Canada
AW-00026240,Australia
AW-00026241,United States
AW-00026242,Australia
AW-00026243,United Kingdom
AW-00026244,Australia
AW-00026245,Australia
AW-00026246,United States
AW-00026247,Australia
AW-00026248,Australia
AW-00026249,Germany
AW-00026250,Canada
AW-00026251,Canada
AW-00026252,France
AW-00026253,Australia
AW-00026254,Australia
AW-00026255,United States
AW-00026256,Australia
AW-00026257,United Kingdom
AW-00026258,Australia
AW-00026259,Canada
AW-00026260,United Kingdom
AW-00026261,United Kingdom
AW-00026262,United States
AW-00026263,Australia
AW-00026264,Australia
AW-00026265,Australia
AW-00026266,Germany
AW-00026267,Australia
AW-00026268,UK
AW-00026269,Germany
AW-00026270,Australia
AW-00026271,Australia
AW-00026272,France
AW-00026273,United Kingdom
AW-00026274,Canada
AW-00026275,France
AW-00026276,France
AW-00026277,United States
AW-00026278,Australia
AW-00026279,Australia
AW-00026280,New Zealand
AW-00026281,Australia
AW-00026282,Australia
AW-00026283,New Zealand
AW-00026284,United Kingdom
AW-00026285,United Kingdom
AW-00026286,Australia
AW-00026287,Australia
AW-00026288,Australia
AW-00026289,United Kingdom
AW-00026290,United States
AW-00026291,AU
AW-00026292,United States
AW-00026293,United Kingdom
AW-00026294,France
AW-00026295,Australia
AW-00026296,Australia
AW-00026297,United States
AW-00026298,Canada
AW-00026299,Australia
AW-00026300,Australia
AW-00026301,United States
AW-00026302,Australia
AW-00026303,Australia
AW-00026304,Australia
AW-00026305,United States
AW-00026306,France
AW-00026307,United States
AW-00026308,United Kingdom
AW-00026309,United States
AW-00026310,Australia
AW-00026311,Canada
AW-00026312,Australia
AW-00026313,Australia
AW-00026314,Canada
AW-00026315,New Zealand
AW-00026316,Australia
AW-00026317,Australia
AW-00026318,United States
AW-00026319,Australia
AW-00026320,Australia
AW-00026321,Australia
AW-00026322,Australia
AW-00026323,New Zealand
AW-00026324,United Kingdom
AW-00026325,Germany
AW-00026326,United Kingdom
AW-00026327,Australia
AW-00026328,United States
AW-00026329,Australia
AW-00026330,Australia
AW-00026331,New Zealand
AW-00026332,Germany
AW-00026333,Australia
AW-00026334,New Zealand
AW-00026335,Australia
AW-00026336,United States
AW-00026337,United States
AW-00026338,United States
AW-00026339,Australia
AW-00026340,New Zealand
AW-00026341,Australia
AW-00026342,Australia
AW-00026343,United States
AW-00026344,Australia
AW-00026345,Canada
AW-00026346,United States
AW-00026347,Australia
AW-00026348,Australia
AW-00026349,Australia
AW-00026350,United States
AW-00026351,United States
AW-00026352,Australia
AW-00026353,Australia
AW-00026354,Australia
AW-00026355,United States
AW-00026356,Australia
AW-00026357,Australia
AW-00026358,
AW-00026359,Australia
AW-00026360,Australia
AW-00026361,Germany
AW-00026362,Australia
AW-00026363,United States
AW-00026364,Australia
AW-00026365,Australia
AW-00026366,Australia
AW-00026367,Australia
AW-00026368,Australia
AW-00026369,USA
AW-00026370,United States
AW-00026371,Australia
AW-00026372,United Kingdom
AW-00026373,Australia
AW-00026374,United States
AW-00026375,United States
AW-00026376,United Kingdom
AW-00026377,AU
AW-00026378,United States
AW-00026379,Australia
AW-00026380,United States
AW-00026381,Australia
AW-00026382,Australia
AW-00026383,Australia
AW-00026384,United States
AW-00026385,Australia
AW-00026386,New Zealand
AW-00026387,Canada
AW-00026388,Australia
AW-00026389,United States
AW-00026390,New Zealand
AW-00026391,Australia
AW-00026392,Australia
AW-00026393,Germany
AW-00026394,New Zealand
AW-00026395,France
AW-00026396,Australia
AW-00026397,France
AW-00026398,Australia
AW-00026399,Australia
AW-00026400,Australia
AW-00026401,United Kingdom
AW-00026402,Canada
AW-00026403,Australia
AW-00026404,New Zealand
AW-00026405,Australia
AW-00026406,Australia
AW-00026407,Australia
AW-00026408,Australia
AW-00026409,Australia
AW-00026410,Australia
AW-00026411,Australia
AW-00026412,United States
AW-00026413,Australia
AW-00026414,Canada
AW-00026415,United States
AW-00026416,United States
AW-00026417,Australia
AW-00026418,United States
AW-00026419,Australia
AW-00026420,United States
AW-00026421,Germany
AW-00026422,United States
AW-00026423,France
AW-00026424,Australia
AW-00026425,Canada
AW-00026426,New Zealand
AW-00026427,Canada
AW-00026428,United Kingdom
AW-00026429,Australia
AW-00026430,France
AW-00026431,Australia
AW-00026432,Canada
AW-00026433,Australia
AW-00026434,Australia
AW-00026435,Australia
AW-00026436,Australia
AW-00026437,US
AW-00026438,New Zealand
AW-00026439,Australia
AW-00026440,Australia
AW-00026441,United Kingdom
AW-00026442,Australia
AW-00026443,Australia
AW-00026444,Australia
AW-00026445,NZ
AW-00026446,United States
AW-00026447,Australia
AW-00026448,Germany
AW-00026449,Australia
AW-00026450,Canada
AW-00026451,United Kingdom
AW-00026452,Germany
AW-00026453,Australia
AW-00026454,Australia
AW-00026455,United States
AW-00026456,US
AW-00026457,New Zealand
AW-00026458,Australia
AW-00026459,Australia
AW-00026460,New Zealand
AW-00026461,Germany
AW-00026462,United States
AW-00026463,United States
AW-00026464,Australia
AW-00026465,Canada
AW-00026466,Australia
AW-00026467,Australia
AW-00026468,United Kingdom
AW-00026469,United States
AW-00026470,United States
AW-00026471,Germany
AW-00026472,United States
AW-00026473,Germany
AW-00026474,United States
AW-00026475,Australia
AW-00026476,Australia
AW-00026477,United Kingdom
AW-00026478,Australia
AW-00026479,New Zealand
AW-00026480,Australia
AW-00026481,France
AW-00026482,United Kingdom
AW-00026483,Australia
AW-00026484,United States
AW-00026485,United States
AW-00026486,Germany
AW-00026487,United Kingdom
AW-00026488,United States
AW-00026489,United States
AW-00026490,Australia
AW-00026491,Australia
AW-00026492,United Kingdom
AW-00026493,Canada
AW-00026494,Australia
AW-00026495,United States
AW-00026496,Australia
AW-00026497,France
AW-00026498,Australia
AW-00026499,Australia
AW-00026500,Australia
AW-00026501,United Kingdom
AW-00026502,Australia
AW-00026503,Canada
AW-00026504,Australia
AW-00026505,United Kingdom
AW-00026506,United States
AW-00026507,Australia
AW-00026508,Australia
AW-00026509,Australia
AW-00026510,United States
AW-00026511,United States
AW-00026512,New Zealand
AW-00026513,France
AW-00026514,France
AW-00026515,United Kingdom
AW-00026516,United States
AW-00026517,Australia
AW-00026518,Australia
AW-00026519,United Kingdom
AW-00026520,Australia
AW-00026521,United Kingdom
AW-00026522,United States
AW-00026523,Australia
AW-00026524,United States
AW-00026525,AU
AW-00026526,Australia
AW-00026527,France
AW-00026528,New Zealand
AW-00026529,Canada
AW-00026530,United Kingdom
AW-00026531,Australia
AW-00026532,Australia
AW-00026533,United States
AW-00026534,Australia
AW-00026535,Australia
AW-00026536,Canada
AW-00026537,New Zealand
AW-00026538,United States
AW-00026539,Australia
AW-00026540,Australia
AW-00026541,Australia
AW-00026542,United Kingdom
AW-00026543,Australia
AW-00026544,United States
AW-00026545,France
AW-00026546,United Kingdom
AW-00026547,Germany
AW-00026548,Australia
AW-00026549,Australia
AW-00026550,Canada
AW-00026551,Australia
AW-00026552,United States
AW-00026553,United States
AW-00026554,Australia
AW-00026555,United States
AW-00026556,Germany
AW-00026557,United States
AW-00026558,United States
AW-00026559,Australia
AW-00026560,Australia
AW-00026561,United Kingdom
AW-00026562,Australia
AW-00026563,Australia
AW-00026564,Australia
AW-00026565,Australia
AW-00026566,Australia
AW-00026567,New Zealand
AW-00026568,Australia
AW-00026569,Australia
AW-00026570,Canada
AW-00026571,Australia
AW-00026572,
AW-00026573,United States
AW-00026574,United States
AW-00026575,New Zealand
AW-00026576,New Zealand
AW-00026577,United States
AW-00026578,United States
AW-00026579,United Kingdom
AW-00026580,Australia
AW-00026581,Australia
AW-00026582,Australia
AW-00026583,New Zealand
AW-00026584,United Kingdom
AW-00026585,Australia
AW-00026586,Canada
AW-00026587,United Kingdom
AW-00026588,United States
AW-00026589,Australia
AW-00026590,Australia
AW-00026591,New Zealand
AW-00026592,Germany
AW-00026593,Australia
AW-00026594,New Zealand
AW-00026595,Australia
AW-00026596,Australia
AW-00026597,Australia
AW-00026598,Canada
AW-00026599,Germany
AW-00026600,United States
AW-00026601,Australia
AW-00026602,United Kingdom
AW-00026603,Australia
AW-00026604,Australia
AW-00026605,New Zealand
AW-00026606,United States
AW-00026607,
AW-00026608,United States
AW-00026609,Germany
AW-00026610,Australia
AW-00026611,United States
AW-00026612,Australia
AW-00026613,United States
AW-00026614,New Zealand
AW-00026615,Australia
AW-00026616,Australia
AW-00026617,United States
AW-00026618,United Kingdom
AW-00026619,Australia
AW-00026620,
AW-00026621,Australia
AW-00026622,Australia
AW-00026623,Australia
AW-00026624,United Kingdom
AW-00026625,Germany
AW-00026626,United Kingdom
AW-00026627,United States
AW-00026628,Australia
AW-00026629,United States
AW-00026630,Australia
AW-00026631,Australia
AW-00026632,Canada
AW-00026633,Australia
AW-00026634,UK
AW-00026635,Canada
AW-00026636,United States
AW-00026637,United States
AW-00026638,Canada
AW-00026639,Australia
AW-00026640,United States
AW-00026641,US
AW-00026642,United Kingdom
AW-00026643,United Kingdom
AW-00026644,Canada
AW-00026645,
AW-00026646,Australia
AW-00026647,United States
AW-00026648,United Kingdom
AW-00026649,France
AW-00026650,Australia
AW-00026651,Australia
AW-00026652,Australia
AW-00026653,Australia
AW-00026654,Australia
AW-00026655,US
AW-00026656,Germany
AW-00026657,Canada
AW-00026658,Australia
AW-00026659,Australia
AW-00026660,New Zealand
AW-00026661,Australia
AW-00026662,Australia
AW-00026663,New Zealand
AW-00026664,United States
AW-00026665,New Zealand
AW-00026666,Australia
AW-00026667,Australia
AW-00026668,Australia
AW-00026669,Australia
AW-00026670,United States
AW-00026671,Australia
AW-00026672,Australia
AW-00026673,Australia
AW-00026674,Canada
AW-00026675,US
AW-00026676,United States
AW-00026677,Australia
AW-00026678,Australia
AW-00026679,Australia
AW-00026680,United States
AW-00026681,Australia
AW-00026682,Canada
AW-00026683,Australia
AW-00026684,France
AW-00026685,United Kingdom
AW-00026686,Germany
AW-00026687,Canada
AW-00026688,Germany
AW-00026689,United Kingdom
AW-00026690,Germany
AW-00026691,United States
AW-00026692,United Kingdom
AW-00026693,New Zealand
AW-00026694,Australia
AW-00026695,Australia
AW-00026696,Germany
AW-00026697,Australia
AW-00026698,Australia
AW-00026699,Australia
AW-00026700,Australia
AW-00026701,New Zealand
AW-00026702,Canada
AW-00026703,United States
AW-00026704,Canada
AW-00026705,New Zealand
AW-00026706,Canada
AW-00026707,United States
AW-00026708,New Zealand
AW-00026709,Australia
AW-00026710,United States
AW-00026711,New Zealand
AW-00026712,New Zealand
AW-00026713,Germany
AW-00026714,Australia
AW-00026715,Canada
AW-00026716,Australia
AW-00026717,DE
AW-00026718,United States
AW-00026719,Australia
AW-00026720,Australia
AW-00026721,Australia
AW-00026722,USA
AW-00026723,New Zealand
AW-00026724,United Kingdom
AW-00026725,Australia
AW-00026726,United States
AW-00026727,Australia
AW-00026728,United Kingdom
AW-00026729,Germany
AW-00026730,United States
AW-00026731,New Zealand
AW-00026732,United States
AW-00026733,Australia
AW-00026734,NZ
AW-00026735,Australia
AW-00026736,Australia
AW-00026737,Australia
AW-00026738,Canada
AW-00026739,United States
AW-00026740,United States
AW-00026741,France
AW-00026742,United States
AW-00026743,United Kingdom
AW-00026744,Australia
AW-00026745,Australia
AW-00026746,United Kingdom
AW-00026747,United Kingdom
AW-00026748,Australia
AW-00026749,Australia
AW-00026750,NZ
AW-00026751,United States
AW-00026752,Australia
AW-00026753,Australia
AW-00026754,Australia
AW-00026755,Australia
AW-00026756,France
AW-00026757,France
AW-00026758,United States
AW-00026759,United States
AW-00026760,Australia
AW-00026761,Australia
AW-00026762,United Kingdom
AW-00026763,United States
AW-00026764,Australia
AW-00026765,Australia
AW-00026766,Australia
AW-00026767,United States
AW-00026768,Australia
AW-00026769,Australia
AW-00026770,United States
AW-00026771,United States
AW-00026772,United States
AW-00026773,United States
AW-00026774,Australia
AW-00026775,Australia
AW-00026776,Australia
AW-00026777,New Zealand
AW-00026778,Australia
AW-00026779,Australia
AW-00026780,Australia
AW-00026781,Australia
AW-00026782,United States
AW-00026783,Australia
AW-00026784,United States
AW-00026785,United States
AW-00026786,United States
AW-00026787,Australia
AW-00026788,Australia
AW-00026789,Australia
AW-00026790,Australia
AW-00026791,Australia
AW-00026792,Australia
AW-00026793,Australia
AW-00026794,Australia
AW-00026795,Australia
AW-00026796,Australia
AW-00026797,United States
AW-00026798,Australia
AW-00026799,United Kingdom
AW-00026800,Canada
AW-00026801,United Kingdom
AW-00026802,United States
AW-00026803,United States
AW-00026804,DE
AW-00026805,Australia
AW-00026806,United Kingdom
AW-00026807,United Kingdom
AW-00026808,United States
AW-00026809,Germany
AW-00026810,Australia
AW-00026811,Australia
AW-00026812,Australia
AW-00026813,Australia
AW-00026814,United States
AW-00026815,USA
AW-00026816,New Zealand
AW-00026817,
AW-00026818,Australia
AW-00026819,Australia
AW-00026820,United States
AW-00026821,United Kingdom
AW-00026822,Australia
AW-00026823,Australia
AW-00026824,Australia
AW-00026825,Canada
AW-00026826,New Zealand
AW-00026827,Australia
AW-00026828,
AW-00026829,Australia
AW-00026830,Australia
AW-00026831,United Kingdom
AW-00026832,Australia
AW-00026833,New Zealand
AW-00026834,Australia
AW-00026835,United Kingdom
AW-00026836,Australia
AW-00026837,Australia
AW-00026838,Australia
AW-00026839,DE
AW-00026840,Australia
AW-00026841,Australia
AW-00026842,New Zealand
AW-00026843,United Kingdom
AW-00026844,Canada
AW-00026845,Australia
AW-00026846,Australia
AW-00026847,Canada
AW-00026848,Australia
AW-00026849,United States
AW-00026850,United Kingdom
AW-00026851,US
AW-00026852,New Zealand
AW-00026853,Australia
AW-00026854,United States
AW-00026855,United States
AW-00026856,Australia
AW-00026857,France
AW-00026858,Germany
AW-00026859,United Kingdom
AW-00026860,United States
AW-00026861,United Kingdom
AW-00026862,France
AW-00026863,Australia
AW-00026864,New Zealand
AW-00026865,Australia
AW-00026866,United States
AW-00026867,Australia
AW-00026868,United States
AW-00026869,United Kingdom
AW-00026870,Australia
AW-00026871,USA
AW-00026872,Australia
AW-00026873,United States
AW-00026874,Australia
AW-00026875,United States
AW-00026876,Australia
AW-00026877,Australia
AW-00026878,Australia
AW-00026879,United States
AW-00026880,Germany
AW-00026881,Canada
AW-00026882,Germany
AW-00026883,United Kingdom
AW-00026884,Australia
AW-00026885,Australia
AW-00026886,Australia
AW-00026887,United States
AW-00026888,Canada
AW-00026889,New Zealand
AW-00026890,Australia
AW-00026891,United States
AW-00026892,Australia
AW-00026893,Australia
AW-00026894,Australia
AW-00026895,Australia
AW-00026896,United States
AW-00026897,NZ
AW-00026898,Australia
AW-00026899,United Kingdom
AW-00026900,Australia
AW-00026901,Australia
AW-00026902,Australia
AW-00026903,Australia
AW-00026904,Canada
AW-00026905,USA
AW-00026906,United States
AW-00026907,United States
AW-00026908,Australia
AW-00026909,Canada
AW-00026910,Canada
AW-00026911,New Zealand
AW-00026912,Australia
AW-00026913,United States
AW-00026914,Canada
AW-00026915,Australia
AW-00026916,Canada
AW-00026917,United Kingdom
AW-00026918,France
AW-00026919,New Zealand
AW-00026920,Australia
AW-00026921,New Zealand
AW-00026922,United States
AW-00026923,Australia
AW-00026924,United Kingdom
AW-00026925,United States
AW-00026926,AU
AW-00026927,Australia
AW-00026928,United States
AW-00026929,Australia
AW-00026930,Australia
AW-00026931,United States
AW-00026932,Germany
AW-00026933,New Zealand
AW-00026934,Australia
AW-00026935,United States
AW-00026936,Germany
AW-00026937,Australia
AW-00026938,Australia
AW-00026939,New Zealand
AW-00026940,Germany
AW-00026941,United States
AW-00026942,United States
AW-00026943,Australia
AW-00026944,Australia
AW-00026945,United States
AW-00026946,Germany
AW-00026947,Australia
AW-00026948,United States
AW-00026949,New Zealand
AW-00026950,Australia
AW-00026951,Australia
AW-00026952,Canada
AW-00026953,Australia
AW-00026954,Australia
AW-00026955,
AW-00026956,UK
AW-00026957,Australia
AW-00026958,France
AW-00026959,Germany
AW-00026960,Australia
AW-00026961,Australia
AW-00026962,Australia
AW-00026963,Australia
AW-00026964,United States
AW-00026965,Australia
AW-00026966,Germany
AW-00026967,New Zealand
AW-00026968,Australia
AW-00026969,United States
AW-00026970,United States
AW-00026971,Australia
AW-00026972,Australia
AW-00026973,New Zealand
AW-00026974,United Kingdom
AW-00026975,United States
AW-00026976,United States
AW-00026977,Australia
AW-00026978,Australia
AW-00026979,Canada
AW-00026980,United Kingdom
AW-00026981,United Kingdom
AW-00026982,Australia
AW-00026983,Australia
AW-00026984,Australia
AW-00026985,United Kingdom
AW-00026986,United Kingdom
AW-00026987,Australia
AW-00026988,Australia
AW-00026989,United Kingdom
AW-00026990,Australia
AW-00026991,France
AW-00026992,Germany
AW-00026993,Australia
AW-00026994,Germany
AW-00026995,Australia
AW-00026996,United Kingdom
AW-00026997,United States
AW-00026998,Australia
AW-00026999,UK
AW-00027000,Australia
AW-00027001,Australia
AW-00027002,Australia
AW-00027003,New Zealand
AW-00027004,Australia
AW-00027005,Germany
AW-00027006,United States
AW-00027007,United Kingdom
AW-00027008,Australia
AW-00027009,France
AW-00027010,Australia
AW-00027011,Australia
AW-00027012,Australia
AW-00027013,Australia
AW-00027014,Australia
AW-00027015,France
AW-00027016,Australia
AW-00027017,Canada
AW-00027018,United Kingdom
AW-00027019,United Kingdom
AW-00027020,United States
AW-00027021,France
AW-00027022,Australia
AW-00027023,United States
AW-00027024,Australia
AW-00027025,United States
AW-00027026,AU
AW-00027027,Australia
AW-00027028,Australia
AW-00027029,Australia
AW-00027030,Australia
AW-00027031,United States
AW-00027032,Australia
AW-00027033,Australia
AW-00027034,United Kingdom
AW-00027035,Australia
AW-00027036,United States
AW-00027037,Australia
AW-00027038,Australia
AW-00027039,Australia
AW-00027040,Canada
AW-00027041,United Kingdom
AW-00027042,Australia
AW-00027043,United Kingdom
AW-00027044,Australia
AW-00027045,United States
AW-00027046,Australia
AW-00027047,Canada
AW-00027048,United Kingdom
AW-00027049,United States
AW-00027050,Australia
AW-00027051,France
AW-00027052,United Kingdom
AW-00027053,Canada
AW-00027054,United States
AW-00027055,Australia
AW-00027056,Australia
AW-00027057,United Kingdom
AW-00027058,New Zealand
AW-00027059,Australia
AW-00027060,Australia
AW-00027061,Australia
AW-00027062,Australia
AW-00027063,Canada
AW-00027064,Australia
AW-00027065,Canada
AW-00027066,Australia
AW-00027067,New Zealand
AW-00027068,Australia
AW-00027069,Germany
AW-00027070,Germany
AW-00027071,Australia
AW-00027072,United States
AW-00027073,United Kingdom
AW-00027074,United States
AW-00027075,Australia
AW-00027076,Canada
AW-00027077,Australia
AW-00027078,Australia
AW-00027079,Australia
AW-00027080,
AW-00027081,Australia
AW-00027082,United States
AW-00027083,France
AW-00027084,Australia
AW-00027085,New Zealand
AW-00027086,United States
AW-00027087,France
AW-00027088,United States
AW-00027089,France
AW-00027090,Australia
AW-00027091,Australia
AW-00027092,France
AW-00027093,US
AW-00027094,United Kingdom
AW-00027095,Australia
AW-00027096,Canada
AW-00027097,Australia
AW-00027098,Germany
AW-00027099,United States
AW-00027100,Australia
AW-00027101,Australia
AW-00027102,Australia
AW-00027103,Canada
AW-00027104,New Zealand
AW-00027105,Germany
AW-00027106,Australia
AW-00027107,Australia
AW-00027108,Australia
AW-00027109,Canada
AW-00027110,Germany
AW-00027111,New Zealand
AW-00027112,United Kingdom
AW-00027113,United States
AW-00027114,Australia
AW-00027115,Australia
AW-00027116,Australia
AW-00027117,Australia
AW-00027118,United States
AW-00027119,Australia
AW-00027120,United Kingdom
AW-00027121,United States
AW-00027122,Australia
AW-00027123,Canada
AW-00027124,United Kingdom
AW-00027125,Australia
AW-00027126,United States
AW-00027127,New Zealand
AW-00027128,AU
AW-00027129,United States
AW-00027130,Australia
AW-00027131,Australia
AW-00027132,Australia
AW-00027133,Australia
AW-00027134,Australia
AW-00027135,United Kingdom
AW-00027136,Australia
AW-00027137,Germany
AW-00027138,New Zealand
AW-00027139,United Kingdom
AW-00027140,Australia
AW-00027141,United Kingdom
AW-00027142,DE
AW-00027143,United States
AW-00027144,Australia
AW-00027145,Australia
AW-00027146,Australia
AW-00027147,Canada
AW-00027148,Australia
AW-00027149,Germany
AW-00027150,Australia
AW-00027151,Australia
AW-00027152,France
AW-00027153,Australia
AW-00027154,Australia
AW-00027155,Australia
AW-00027156,Australia
AW-00027157,Australia
AW-00027158,NZ
AW-00027159,United States
AW-00027160,Canada
AW-00027161,Australia
AW-00027162,Australia
AW-00027163,Canada
AW-00027164,Australia
AW-00027165,Australia
AW-00027166,Australia
AW-00027167,United Kingdom
AW-00027168,United States
AW-00027169,Canada
AW-00027170,Australia
AW-00027171,Australia
AW-00027172,Australia
AW-00027173,United States
AW-00027174,New Zealand
AW-00027175,Australia
AW-00027176,United Kingdom
AW-00027177,Australia
AW-00027178,Australia
AW-00027179,USA
AW-00027180,Australia
AW-00027181,Canada
AW-00027182,United Kingdom
AW-00027183,Australia
AW-00027184,Australia
AW-00027185,Australia
AW-00027186,Australia
AW-00027187,
AW-00027188,Australia
AW-00027189,United States
AW-00027190,United States
AW-00027191,NZ
AW-00027192,United States
AW-00027193,Australia
AW-00027194,
AW-00027195,United Kingdom
AW-00027196,Australia
AW-00027197,Australia
AW-00027198,Australia
AW-00027199,Australia
AW-00027200,United States
AW-00027201,Australia
AW-00027202,United Kingdom
AW-00027203,Australia
AW-00027204,Australia
AW-00027205,Australia
AW-00027206,Germany
AW-00027207,United Kingdom
AW-00027208,Australia
AW-00027209,Australia
AW-00027210,Australia
AW-00027211,United Kingdom
AW-00027212,Australia
AW-00027213,France
AW-00027214,Australia
AW-00027215,United States
AW-00027216,United States
AW-00027217,Australia
AW-00027218,Australia
AW-00027219,United Kingdom
AW-00027220,Australia
AW-00027221,Australia
AW-00027222,Australia
AW-00027223,New Zealand
AW-00027224,United States
AW-00027225,United Kingdom
AW-00027226,Australia
AW-00027227,Australia
AW-00027228,Australia
AW-00027229,Australia
AW-00027230,New Zealand
AW-00027231,United States
AW-00027232,France
AW-00027233,Australia
AW-00027234,Australia
AW-00027235,Australia
AW-00027236,United Kingdom
AW-00027237,Australia
AW-00027238,Australia
AW-00027239,United States
AW-00027240,Germany
AW-00027241,United Kingdom
AW-00027242,Australia
AW-00027243,Australia
AW-00027244,United States
AW-00027245,Germany
AW-00027246,Australia
AW-00027247,Australia
AW-00027248,Australia
AW-00027249,Australia
AW-00027250,Australia
AW-00027251,United Kingdom
AW-00027252,France
AW-00027253,Australia
AW-00027254,Australia
AW-00027255,Australia
AW-00027256,NZ
AW-00027257,Canada
AW-00027258,Australia
AW-00027259,Australia
AW-00027260,France
AW-00027261,Canada
AW-00027262,United States
AW-00027263,
AW-00027264,Australia
AW-00027265,Australia
AW-00027266,Australia
AW-00027267,Canada
AW-00027268,Australia
AW-00027269,Australia
AW-00027270,Australia
AW-00027271,United Kingdom
AW-00027272,Germany
AW-00027273,Australia
AW-00027274,United Kingdom
AW-00027275,United States
AW-00027276,Australia
AW-00027277,Australia
AW-00027278,New Zealand
AW-00027279,US
AW-00027280,United Kingdom
AW-00027281,Australia
AW-00027282,Australia
AW-00027283,Australia
AW-00027284,United Kingdom
AW-00027285,United States
AW-00027286,United States
AW-00027287,United States
AW-00027288,Australia
AW-00027289,United States
AW-00027290,United States
AW-00027291,Australia
AW-00027292,United States
AW-00027293,Australia
AW-00027294,France
AW-00027295,United Kingdom
AW-00027296,United States
AW-00027297,United States
AW-00027298,Australia
AW-00027299,New Zealand
AW-00027300,United States
AW-00027301,Australia
AW-00027302,Australia
AW-00027303,New Zealand
AW-00027304,Australia
AW-00027305,Australia
AW-00027306,United States
AW-00027307,Canada
AW-00027308,New Zealand
AW-00027309,Australia
AW-00027310,France
AW-00027311,Australia
AW-00027312,New Zealand
AW-00027313,Australia
AW-00027314,
AW-00027315,Canada
AW-00027316,United States
AW-00027317,Australia
AW-00027318,United States
AW-00027319,United Kingdom
AW-00027320,United States
AW-00027321,United Kingdom
AW-00027322,France
AW-00027323,Australia
AW-00027324,United Kingdom
AW-00027325,Germany
AW-00027326,Canada
AW-00027327,France
AW-00027328,Canada
AW-00027329,Australia
AW-00027330,New Zealand
AW-00027331,United Kingdom
AW-00027332,Canada
AW-00027333,United States
AW-00027334,Germany
AW-00027335,Australia
AW-00027336,UK
AW-00027337,United Kingdom
AW-00027338,Australia
AW-00027339,Australia
AW-00027340,Australia
AW-00027341,Australia
AW-00027342,Australia
AW-00027343,United States
AW-00027344,United States
AW-00027345,Canada
AW-00027346,Australia
AW-00027347,Australia
AW-00027348,Australia
AW-00027349,New Zealand
AW-00027350,Canada
AW-00027351,Australia
AW-00027352,France
AW-00027353,United States
AW-00027354,Germany
AW-00027355,United Kingdom
AW-00027356,Australia
AW-00027357,
AW-00027358,United States
AW-00027359,Australia
AW-00027360,Australia
AW-00027361,United States
AW-00027362,USA
AW-00027363,Australia
AW-00027364,Australia
AW-00027365,United States
AW-00027366,Australia
AW-00027367,Australia
AW-00027368,United Kingdom
AW-00027369,Australia
AW-00027370,Australia
AW-00027371,Australia
AW-00027372,Australia
AW-00027373,Australia
AW-00027374,France
AW-00027375,Australia
AW-00027376,United States
AW-00027377,USA
AW-00027378,New Zealand
AW-00027379,Australia
AW-00027380,Australia
AW-00027381,Australia
AW-00027382,New Zealand
AW-00027383,United Kingdom
AW-00027384,France
AW-00027385,United States
AW-00027386,United Kingdom
AW-00027387,United Kingdom
AW-00027388,US
AW-00027389,New Zealand
AW-00027390,France
AW-00027391,Canada
AW-00027392,Australia
AW-00027393,Australia
AW-00027394,France
AW-00027395,United Kingdom
AW-00027396,United Kingdom
AW-00027397,United States
AW-00027398,Australia
AW-00027399,United States
AW-00027400,France
AW-00027401,France
AW-00027402,Australia
AW-00027403,Australia
AW-00027404,New Zealand
AW-00027405,Australia
AW-00027406,United Kingdom
AW-00027407,Australia
AW-00027408,France
AW-00027409,Australia
AW-00027410,Australia
AW-00027411,Australia
AW-00027412,United Kingdom
AW-00027413,United Kingdom
AW-00027414,Australia
AW-00027415,Australia
AW-00027416,Australia
AW-00027417,Australia
AW-00027418,Australia
AW-00027419,France
AW-00027420,Australia
AW-00027421,New Zealand
AW-00027422,Canada
AW-00027423,Australia
AW-00027424,United States
AW-00027425,United Kingdom
AW-00027426,Australia
AW-00027427,Australia
AW-00027428,New Zealand
AW-00027429,Australia
AW-00027430,Australia
AW-00027431,France
AW-00027432,Australia
AW-00027433,Australia
AW-00027434,United States
AW-00027435,United Kingdom
AW-00027436,Canada
AW-00027437,Australia
AW-00027438,United States
AW-00027439,Australia
AW-00027440,Australia
AW-00027441,New Zealand
AW-00027442,United States
AW-00027443,United States
AW-00027444,Australia
AW-00027445,
AW-00027446,United States
AW-00027447,United States
AW-00027448,Canada
AW-00027449,United States
AW-00027450,Canada
AW-00027451,Australia
AW-00027452,Australia
AW-00027453,France
AW-00027454,Australia
AW-00027455,New Zealand
AW-00027456,Australia
AW-00027457,France
AW-00027458,Australia
AW-00027459,Australia
AW-00027460,Germany
AW-00027461,New Zealand
AW-00027462,Australia
AW-00027463,Australia
AW-00027464,Australia
AW-00027465,Australia
AW-00027466,Australia
AW-00027467,Australia
AW-00027468,United States
AW-00027469,Germany
AW-00027470,United States
AW-00027471,United States
AW-00027472,United States
AW-00027473,Australia
AW-00027474,New Zealand
AW-00027475,Australia
AW-00027476,United States
AW-00027477,Australia
AW-00027478,United States
AW-00027479,Australia
AW-00027480,United States
AW-00027481,AU
AW-00027482,Australia
AW-00027483,Australia
AW-00027484,Australia
AW-00027485,DE
AW-00027486,United States
AW-00027487,Australia
AW-00027488,United States
AW-00027489,New Zealand
AW-00027490,Australia
AW-00027491,Germany
AW-00027492,France
AW-00027493,Australia
AW-00027494,United States
AW-00027495,Australia
AW-00027496,Germany
AW-00027497,New Zealand
AW-00027498,Australia
AW-00027499,France
AW-00027500,Canada
AW-00027501,United Kingdom
AW-00027502,Australia
AW-00027503,Australia
AW-00027504,Australia
AW-00027505,United Kingdom
AW-00027506,United States
AW-00027507,New Zealand
AW-00027508,United States
AW-00027509,United Kingdom
AW-00027510,Australia
AW-00027511,Australia
AW-00027512,Australia
AW-00027513,New Zealand
AW-00027514,United Kingdom
AW-00027515,Germany
AW-00027516,
AW-00027517,France
AW-00027518,Australia
AW-00027519,United States
AW-00027520,New Zealand
AW-00027521,Australia
AW-00027522,United States
AW-00027523,Australia
AW-00027524,AU
AW-00027525,Australia
AW-00027526,Australia
AW-00027527,France
AW-00027528,United States
AW-00027529,Australia
AW-00027530,Australia
AW-00027531,Germany
AW-00027532,Australia
AW-00027533,Australia
AW-00027534,United Kingdom
AW-00027535,United States
AW-00027536,Australia
AW-00027537,United Kingdom
AW-00027538,United States
AW-00027539,France
AW-00027540,US
AW-00027541,Australia
AW-00027542,Australia
AW-00027543,Australia
AW-00027544,Australia
AW-00027545,Canada
AW-00027546,Australia
AW-00027547,Australia
AW-00027548,Australia
AW-00027549,United States
AW-00027550,United States
AW-00027551,Australia
AW-00027552,Australia
AW-00027553,France
AW-00027554,New Zealand
AW-00027555,New Zealand
AW-00027556,Australia
AW-00027557,United States
AW-00027558,Germany
AW-00027559,Australia
AW-00027560,Australia
AW-00027561,Australia
AW-00027562,UK
AW-00027563,Germany
AW-00027564,UK
AW-00027565,United States
AW-00027566,Australia
AW-00027567,Australia
AW-00027568,Australia
AW-00027569,Australia
AW-00027570,United States
AW-00027571,New Zealand
AW-00027572,France
AW-00027573,Australia
AW-00027574,Australia
AW-00027575,New Zealand
AW-00027576,New Zealand
AW-00027577,Australia
AW-00027578,New Zealand
AW-00027579,Australia
AW-00027580,
AW-00027581,Germany
AW-00027582,Canada
AW-00027583,United Kingdom
AW-00027584,Australia
AW-00027585,Canada
AW-00027586,Canada
AW-00027587,United Kingdom
AW-00027588,Australia
AW-00027589,Australia
AW-00027590,Australia
AW-00027591,Canada
AW-00027592,Australia
AW-00027593,United States
AW-00027594,Australia
AW-00027595,United States
AW-00027596,United Kingdom
AW-00027597,Australia
AW-00027598,Canada
AW-00027599,Australia
AW-00027600,Australia
AW-00027601,Australia
AW-00027602,
AW-00027603,NZ
AW-00027604,Australia
AW-00027605,Canada
AW-00027606,Australia
AW-00027607,Australia
AW-00027608,Australia
AW-00027609,United Kingdom
AW-00027610,United Kingdom
AW-00027611,Australia
AW-00027612,United States
AW-00027613,Canada
AW-00027614,Australia
AW-00027615,Australia
AW-00027616,United Kingdom
AW-00027617,DE
AW-00027618,United States
AW-00027619,Australia
AW-00027620,Canada
AW-00027621,Australia
AW-00027622,France
AW-00027623,Canada
AW-00027624,Australia
AW-00027625,Australia
AW-00027626,Australia
AW-00027627,Australia
AW-00027628,Canada
AW-00027629,Canada
AW-00027630,Australia
AW-00027631,Australia
AW-00027632,Australia
AW-00027633,Canada
AW-00027634,Australia
AW-00027635,United States
AW-00027636,DE
AW-00027637,United Kingdom
AW-00027638,United States
AW-00027639,Australia
AW-00027640,Australia
AW-00027641,United Kingdom
AW-00027642,United Kingdom
AW-00027643,Australia
AW-00027644,Australia
AW-00027645,Australia
AW-00027646,New Zealand
AW-00027647,United Kingdom
AW-00027648,Germany
AW-00027649,United States
AW-00027650,Australia
AW-00027651,Australia
AW-00027652,Australia
AW-00027653,Australia
AW-00027654,United Kingdom
AW-00027655,New Zealand
AW-00027656,Australia
AW-00027657,France
AW-00027658,Australia
AW-00027659,Australia
AW-00027660,United States
AW-00027661,Germany
AW-00027662,Australia
AW-00027663,United Kingdom
AW-00027664,Australia
AW-00027665,United Kingdom
AW-00027666,Australia
AW-00027667,Australia
AW-00027668,Australia
AW-00027669,Canada
AW-00027670,Australia
AW-00027671,Canada
AW-00027672,Australia
AW-00027673,Australia
AW-00027674,Australia
AW-00027675,United States
AW-00027676,France
AW-00027677,Canada
AW-00027678,Australia
AW-00027679,Australia
AW-00027680,Canada
AW-00027681,New Zealand
AW-00027682,Australia
AW-00027683,Australia
AW-00027684,Australia
AW-00027685,United States
AW-00027686,United States
AW-00027687,Australia
AW-00027688,Australia
AW-00027689,Australia
AW-00027690,Australia
AW-00027691,Australia
AW-00027692,United Kingdom
AW-00027693,Australia
AW-00027694,Australia
AW-00027695,Australia
AW-00027696,United States
AW-00027697,Canada
AW-00027698,United States
AW-00027699,United States
AW-00027700,United Kingdom
AW-00027701,United Kingdom
AW-00027702,Germany
AW-00027703,Australia
AW-00027704,United Kingdom
AW-00027705,Australia
AW-00027706,Australia
AW-00027707,United States
AW-00027708,United Kingdom
AW-00027709,United Kingdom
AW-00027710,United States
AW-00027711,Australia
AW-00027712,United States
AW-00027713,UK
AW-00027714,Australia
AW-00027715,Australia
AW-00027716,Australia
AW-00027717,Australia
AW-00027718,Germany
AW-00027719,United Kingdom
AW-00027720,United States
AW-00027721,Australia
AW-00027722,NZ
AW-00027723,New Zealand
AW-00027724,Germany
AW-00027725,
AW-00027726,United States
AW-00027727,US
AW-00027728,Australia
AW-00027729,United States
AW-00027730,United States
AW-00027731,Australia
AW-00027732,Australia
AW-00027733,Australia
AW-00027734,United Kingdom
AW-00027735,Australia
AW-00027736,Australia
AW-00027737,United Kingdom
AW-00027738,United States
AW-00027739,Canada
AW-00027740,Canada
AW-00027741,United Kingdom
AW-00027742,Australia
AW-00027743,United States
AW-00027744,Australia
AW-00027745,United States
AW-00027746,Australia
AW-00027747,Australia
AW-00027748,Canada
AW-00027749,New Zealand
AW-00027750,United States
AW-00027751,Canada
AW-00027752,Australia
AW-00027753,Canada
AW-00027754,Australia
AW-00027755,Australia
AW-00027756,Australia
AW-00027757,Australia
AW-00027758,United States
AW-00027759,New Zealand
AW-00027760,United States
AW-00027761,Australia
AW-00027762,United States
AW-00027763,Australia
AW-00027764,Australia
AW-00027765,Australia
AW-00027766,Australia
AW-00027767,Australia
AW-00027768,Australia
AW-00027769,Australia
AW-00027770,United Kingdom
AW-00027771,United States
AW-00027772,New Zealand
AW-00027773,Australia
AW-00027774,Germany
AW-00027775,United States
AW-00027776,Australia
AW-00027777,Canada
AW-00027778,Australia
AW-00027779,Australia
AW-00027780,Canada
AW-00027781,United States
AW-00027782,New Zealand
AW-00027783,Australia
AW-00027784,Australia
AW-00027785,Australia
AW-00027786,United States
AW-00027787,United Kingdom
AW-00027788,Australia
AW-00027789,France
AW-00027790,Australia
AW-00027791,Australia
AW-00027792,United States
AW-00027793,United States
AW-00027794,Australia
AW-00027795,New Zealand
AW-00027796,Australia
AW-00027797,Australia
AW-00027798,France
AW-00027799,United Kingdom
AW-00027800,Germany
AW-00027801,United Kingdom
AW-00027802,United States
AW-00027803,NZ
AW-00027804,United Kingdom
AW-00027805,Australia
AW-00027806,Germany
AW-00027807,New Zealand
AW-00027808,USA
AW-00027809,Australia
AW-00027810,United Kingdom
AW-00027811,Germany
AW-00027812,
AW-00027813,Australia
AW-00027814,Germany
AW-00027815,United States
AW-00027816,Australia
AW-00027817,United States
AW-00027818,Australia
AW-00027819,United States
AW-00027820,Canada
AW-00027821,Australia
AW-00027822,UK
AW-00027823,Australia
AW-00027824,New Zealand
AW-00027825,Australia
AW-00027826,Germany
AW-00027827,Australia
AW-00027828,DE
AW-00027829,United States
AW-00027830,Australia
AW-00027831,France
AW-00027832,United States
AW-00027833,United Kingdom
AW-00027834,United Kingdom
AW-00027835,Australia
AW-00027836,United States
AW-00027837,United States
AW-00027838,Australia
AW-00027839,United Kingdom
AW-00027840,Australia
AW-00027841,Australia
AW-00027842,Australia
AW-00027843,United States
AW-00027844,Germany
AW-00027845,United Kingdom
AW-00027846,Canada
AW-00027847,Canada
AW-00027848,Australia
AW-00027849,Australia
AW-00027850,New Zealand
AW-00027851,DE
AW-00027852,Canada
AW-00027853,NZ
AW-00027854,Australia
AW-00027855,United Kingdom
AW-00027856,Australia
AW-00027857,
AW-00027858,Australia
AW-00027859,Australia
AW-00027860,Australia
AW-00027861,New Zealand
AW-00027862,France
AW-00027863,Australia
AW-00027864,United Kingdom
AW-00027865,United Kingdom
AW-00027866,Australia
AW-00027867,Germany
AW-00027868,UK
AW-00027869,United States
AW-00027870,Australia
AW-00027871,Canada
AW-00027872,Australia
AW-00027873,Australia
AW-00027874,Australia
AW-00027875,Australia
AW-00027876,United States
AW-00027877,Australia
AW-00027878,United States
AW-00027879,Australia
AW-00027880,United Kingdom
AW-00027881,Australia
AW-00027882,Australia
AW-00027883,Australia
AW-00027884,Australia
AW-00027885,Germany
AW-00027886,Australia
AW-00027887,Australia
AW-00027888,United Kingdom
AW-00027889,Australia
AW-00027890,United States
AW-00027891,Australia
AW-00027892,France
AW-00027893,Australia
AW-00027894,Australia
AW-00027895,Australia
AW-00027896,United Kingdom
AW-00027897,Australia
AW-00027898,Australia
AW-00027899,United Kingdom
AW-00027900,New Zealand
AW-00027901,Australia
AW-00027902,Australia
AW-00027903,United States
AW-00027904,United States
AW-00027905,United States
AW-00027906,United States
AW-00027907,Australia
AW-00027908,Australia
AW-00027909,Australia
AW-00027910,United States
AW-00027911,United States
AW-00027912,Canada
AW-00027913,Australia
AW-00027914,Australia
AW-00027915,United Kingdom
AW-00027916,Germany
AW-00027917,Australia
AW-00027918,Canada
AW-00027919,Australia
AW-00027920,Australia
AW-00027921,Australia
AW-00027922,United Kingdom
AW-00027923,Germany
AW-00027924,United States
AW-00027925,France
AW-00027926,Australia
AW-00027927,Australia
AW-00027928,Australia
AW-00027929,United Kingdom
AW-00027930,Australia
AW-00027931,United Kingdom
AW-00027932,United Kingdom
AW-00027933,New Zealand
AW-00027934,France
AW-00027935,United Kingdom
AW-00027936,United States
AW-00027937,United States
AW-00027938,Australia
AW-00027939,Australia
AW-00027940,Australia
AW-00027941,Australia
AW-00027942,United Kingdom
AW-00027943,United States
AW-00027944,Australia
AW-00027945,Australia
AW-00027946,United States
AW-00027947,Australia
AW-00027948,Australia
AW-00027949,United Kingdom
AW-00027950,United States
AW-00027951,Canada
AW-00027952,Australia
AW-00027953,Australia
AW-00027954,United States
AW-00027955,United States
AW-00027956,Australia
AW-00027957,AU
AW-00027958,NZ
AW-00027959,Australia
AW-00027960,United Kingdom
AW-00027961,Australia
AW-00027962,United Kingdom
AW-00027963,United Kingdom
AW-00027964,Australia
AW-00027965,
AW-00027966,Australia
AW-00027967,Australia
AW-00027968,New Zealand
AW-00027969,United States
AW-00027970,Australia
AW-00027971,Australia
AW-00027972,Australia
AW-00027973,Australia
AW-00027974,Australia
AW-00027975,Australia
AW-00027976,United Kingdom
AW-00027977,Australia
AW-00027978,Australia
AW-00027979,Australia
AW-00027980,Australia
AW-00027981,Australia
AW-00027982,United Kingdom
AW-00027983,New Zealand
AW-00027984,Canada
AW-00027985,Australia
AW-00027986,Australia
AW-00027987,United States
AW-00027988,Australia
AW-00027989,UK
AW-00027990,Australia
AW-00027991,Australia
AW-00027992,United States
AW-00027993,Australia
AW-00027994,United Kingdom
AW-00027995,Australia
AW-00027996,Australia
AW-00027997,United States
AW-00027998,Australia
AW-00027999,New Zealand
AW-00028000,Australia
AW-00028001,United States
AW-00028002,New Zealand
AW-00028003,Australia
AW-00028004,USA
AW-00028005,Canada
AW-00028006,Canada
AW-00028007,United States
AW-00028008,United States
AW-00028009,United States
AW-00028010,United States
AW-00028011,New Zealand
AW-00028012,Australia
AW-00028013,Australia
AW-00028014,Australia
AW-00028015,Australia
AW-00028016,Australia
AW-00028017,Australia
AW-00028018,United States
AW-00028019,United States
AW-00028020,United States
AW-00028021,United States
AW-00028022,Germany
AW-00028023,United Kingdom
AW-00028024,United States
AW-00028025,Australia
AW-00028026,Australia
AW-00028027,Canada
AW-00028028,Australia
AW-00028029,Australia
AW-00028030,Australia
AW-00028031,Australia
AW-00028032,United Kingdom
AW-00028033,Australia
AW-00028034,United States
AW-00028035,United States
AW-00028036,United States
AW-00028037,United States
AW-00028038,United States
AW-00028039,Australia
AW-00028040,Australia
AW-00028041,Germany
AW-00028042,United Kingdom
AW-00028043,Germany
AW-00028044,France
AW-00028045,United States
AW-00028046,United States
AW-00028047,United Kingdom
AW-00028048,Australia
AW-00028049,AU
AW-00028050,Australia
AW-00028051,France
AW-00028052,Australia
AW-00028053,United States
AW-00028054,France
AW-00028055,New Zealand
AW-00028056,Germany
AW-00028057,Australia
AW-00028058,United Kingdom
AW-00028059,Australia
AW-00028060,Canada
AW-00028061,United States
AW-00028062,Australia
AW-00028063,USA
AW-00028064,New Zealand
AW-00028065,United States
AW-00028066,Australia
AW-00028067,United Kingdom
AW-00028068,Australia
AW-00028069,United States
AW-00028070,Australia
AW-00028071,Australia
AW-00028072,Australia
AW-00028073,Australia
AW-00028074,United Kingdom
AW-00028075,Germany
AW-00028076,Germany
AW-00028077,United States
AW-00028078,Australia
AW-00028079,Australia
AW-00028080,Canada
AW-00028081,Australia
AW-00028082,United Kingdom
AW-00028083,United Kingdom
AW-00028084,France
AW-00028085,France
AW-00028086,Canada
AW-00028087,Germany
AW-00028088,Australia
AW-00028089,USA
AW-00028090,Australia
AW-00028091,Australia
AW-00028092,Australia
AW-00028093,United States
AW-00028094,Australia
AW-00028095,New Zealand
AW-00028096,Australia
AW-00028097,Australia
AW-00028098,Australia
AW-00028099,Germany
AW-00028100,Australia
AW-00028101,Australia
AW-00028102,United States
AW-00028103,Canada
AW-00028104,Australia
AW-00028105,United States
AW-00028106,Australia
AW-00028107,New Zealand
AW-00028108,Australia
AW-00028109,United Kingdom
AW-00028110,Canada
AW-00028111,Australia
AW-00028112,New Zealand
AW-00028113,Australia
AW-00028114,Germany
AW-00028115,France
AW-00028116,New Zealand
AW-00028117,Australia
AW-00028118,United States
AW-00028119,Australia
AW-00028120,Australia
AW-00028121,Australia
AW-00028122,Australia
AW-00028123,Canada
AW-00028124,Australia
AW-00028125,Germany
AW-00028126,Canada
AW-00028127,Australia
AW-00028128,Australia
AW-00028129,Canada
AW-00028130,United States
AW-00028131,Australia
AW-00028132,Australia
AW-00028133,Australia
AW-00028134,Australia
AW-00028135,Australia
AW-00028136,Australia
AW-00028137,Australia
AW-00028138,Australia
AW-00028139,Australia
AW-00028140,United States
AW-00028141,France
AW-00028142,Australia
AW-00028143,Australia
AW-00028144,United States
AW-00028145,Australia
AW-00028146,New Zealand
AW-00028147,Australia
AW-00028148,United States
AW-00028149,Australia
AW-00028150,Australia
AW-00028151,Australia
AW-00028152,Australia
AW-00028153,Australia
AW-00028154,Australia
AW-00028155,Australia
AW-00028156,Australia
AW-00028157,Australia
AW-00028158,Australia
AW-00028159,Australia
AW-00028160,Australia
AW-00028161,Australia
AW-00028162,New Zealand
AW-00028163,Australia
AW-00028164,Australia
AW-00028165,France
AW-00028166,Germany
AW-00028167,New Zealand
AW-00028168,France
AW-00028169,Germany
AW-00028170,Australia
AW-00028171,Australia
AW-00028172,Canada
AW-00028173,United Kingdom
AW-00028174,Australia
AW-00028175,Australia
AW-00028176,Australia
AW-00028177,New Zealand
AW-00028178,Australia
AW-00028179,United States
AW-00028180,United States
AW-00028181,Australia
AW-00028182,Australia
AW-00028183,Australia
AW-00028184,Australia
AW-00028185,Australia
AW-00028186,United Kingdom
AW-00028187,Germany
AW-00028188,United Kingdom
AW-00028189,Australia
AW-00028190,United States
AW-00028191,Australia
AW-00028192,Australia
AW-00028193,Australia
AW-00028194,United States
AW-00028195,France
AW-00028196,Australia
AW-00028197,Canada
AW-00028198,Australia
AW-00028199,Australia
AW-00028200,New Zealand
AW-00028201,New Zealand
AW-00028202,United Kingdom
AW-00028203,Australia
AW-00028204,Canada
AW-00028205,United States
AW-00028206,Germany
AW-00028207,Australia
AW-00028208,Germany
AW-00028209,Australia
AW-00028210,Canada
AW-00028211,Australia
AW-00028212,Australia
AW-00028213,United States
AW-00028214,United Kingdom
AW-00028215,France
AW-00028216,United Kingdom
AW-00028217,Canada
AW-00028218,Australia
AW-00028219,Australia
AW-00028220,United Kingdom
AW-00028221,Canada
AW-00028222,Australia
AW-00028223,Australia
AW-00028224,France
AW-00028225,Australia
AW-00028226,Canada
AW-00028227,United Kingdom
AW-00028228,NZ
AW-00028229,Canada
AW-00028230,Australia
AW-00028231,Australia
AW-00028232,United States
AW-00028233,Australia
AW-00028234,Australia
AW-00028235,Australia
AW-00028236,New Zealand
AW-00028237,Australia
AW-00028238,Australia
AW-00028239,Australia
AW-00028240,Australia
AW-00028241,UK
AW-00028242,Australia
AW-00028243,France
AW-00028244,US
AW-00028245,United Kingdom
AW-00028246,United Kingdom
AW-00028247,Australia
AW-00028248,Australia
AW-00028249,France
AW-00028250,Australia
AW-00028251,New Zealand
AW-00028252,Australia
AW-00028253,United States
AW-00028254,New Zealand
AW-00028255,United States
AW-00028256,Germany
AW-00028257,Australia
AW-00028258,United States
AW-00028259,Australia
AW-00028260,United Kingdom
AW-00028261,Canada
AW-00028262,Canada
AW-00028263,Australia
AW-00028264,New Zealand
AW-00028265,Australia
AW-00028266,Australia
AW-00028267,Australia
AW-00028268,New Zealand
AW-00028269,United States
AW-00028270,Canada
AW-00028271,Australia
AW-00028272,Australia
AW-00028273,Canada
AW-00028274,Australia
AW-00028275,United Kingdom
AW-00028276,Australia
AW-00028277,Australia
AW-00028278,Australia
AW-00028279,UK
AW-00028280,United Kingdom
AW-00028281,Australia
AW-00028282,Germany
AW-00028283,United States
AW-00028284,Australia
AW-00028285,Australia
AW-00028286,United States
AW-00028287,United States
AW-00028288,United States
AW-00028289,Australia
AW-00028290,United States
AW-00028291,United States
AW-00028292,Australia
AW-00028293,Australia
AW-00028294,Australia
AW-00028295,Australia
AW-00028296,United Kingdom
AW-00028297,Australia
AW-00028298,United States
AW-00028299,United States
AW-00028300,Australia
AW-00028301,Australia
AW-00028302,Canada
AW-00028303,Australia
AW-00028304,Germany
AW-00028305,Australia
AW-00028306,Germany
AW-00028307,Australia
AW-00028308,Australia
AW-00028309,Australia
AW-00028310,United Kingdom
AW-00028311,Australia
AW-00028312,Germany
AW-00028313,United States
AW-00028314,Australia
AW-00028315,Australia
AW-00028316,Australia
AW-00028317,Australia
AW-00028318,Australia
AW-00028319,Australia
AW-00028320,United States
AW-00028321,Australia
AW-00028322,United States
AW-00028323,United Kingdom
AW-00028324,United Kingdom
AW-00028325,Germany
AW-00028326,United States
AW-00028327,Canada
AW-00028328,United States
AW-00028329,United States
AW-00028330,Australia
AW-00028331,United States
AW-00028332,United States
AW-00028333,New Zealand
AW-00028334,
AW-00028335,United Kingdom
AW-00028336,United States
AW-00028337,UK
AW-00028338,Australia
AW-00028339,Canada
AW-00028340,Australia
AW-00028341,Germany
AW-00028342,New Zealand
AW-00028343,United Kingdom
AW-00028344,Australia
AW-00028345,Australia
AW-00028346,Australia
AW-00028347,Germany
AW-00028348,Germany
AW-00028349,Germany
AW-00028350,Australia
AW-00028351,Australia
AW-00028352,United Kingdom
AW-00028353,Australia
AW-00028354,Australia
AW-00028355,Australia
AW-00028356,Australia
AW-00028357,Australia
AW-00028358,United States
AW-00028359,Australia
AW-00028360,Australia
AW-00028361,Australia
AW-00028362,United States
AW-00028363,DE
AW-00028364,DE
AW-00028365,Australia
AW-00028366,Australia
AW-00028367,United Kingdom
AW-00028368,Australia
AW-00028369,Australia
AW-00028370,Australia
AW-00028371,Australia
AW-00028372,Australia
AW-00028373,Australia
AW-00028374,United States
AW-00028375,UK
AW-00028376,Germany
AW-00028377,Canada
AW-00028378,United States
AW-00028379,Australia
AW-00028380,Australia
AW-00028381,France
AW-00028382,United Kingdom
AW-00028383,AU
AW-00028384,Canada
AW-00028385,France
AW-00028386,United States
AW-00028387,US
AW-00028388,Australia
AW-00028389,United Kingdom
AW-00028390,Australia
AW-00028391,Australia
AW-00028392,Australia
AW-00028393,Australia
AW-00028394,Germany
AW-00028395,United States
AW-00028396,
AW-00028397,United Kingdom
AW-00028398,Australia
AW-00028399,Australia
AW-00028400,United States
AW-00028401,Australia
AW-00028402,Australia
AW-00028403,United States
AW-00028404,United States
AW-00028405,Canada
AW-00028406,United States
AW-00028407,United States
AW-00028408,Australia
AW-00028409,United States
AW-00028410,Australia
AW-00028411,AU
AW-00028412,Canada
AW-00028413,Canada
AW-00028414,USA
AW-00028415,Australia
AW-00028416,Australia
AW-00028417,United States
AW-00028418,Canada
AW-00028419,Germany
AW-00028420,Australia
AW-00028421,United Kingdom
AW-00028422,Germany
AW-00028423,United States
AW-00028424,Australia
AW-00028425,AU
AW-00028426,United States
AW-00028427,Canada
AW-00028428,Australia
AW-00028429,United States
AW-00028430,Australia
AW-00028431,United States
AW-00028432,Australia
AW-00028433,Canada
AW-00028434,Australia
AW-00028435,Australia
AW-00028436,United Kingdom
AW-00028437,Australia
AW-00028438,Australia
AW-00028439,Australia
AW-00028440,Canada
AW-00028441,United States
AW-00028442,United Kingdom
AW-00028443,United Kingdom
AW-00028444,Australia
AW-00028445,Canada
AW-00028446,Australia
AW-00028447,Australia
AW-00028448,NZ
AW-00028449,Canada
AW-00028450,DE
AW-00028451,United States
AW-00028452,New Zealand
AW-00028453,United Kingdom
AW-00028454,Australia
AW-00028455,France
AW-00028456,Australia
AW-00028457,United States
AW-00028458,Australia
AW-00028459,Australia
AW-00028460,Australia
AW-00028461,Germany
AW-00028462,United Kingdom
AW-00028463,New Zealand
AW-00028464,United Kingdom
AW-00028465,Australia
AW-00028466,Australia
AW-00028467,United States
AW-00028468,Germany
AW-00028469,United States
AW-00028470,Canada
AW-00028471,United Kingdom
AW-00028472,Australia
AW-00028473,Australia
AW-00028474,Australia
AW-00028475,Canada
AW-00028476,Australia
AW-00028477,Australia
AW-00028478,New Zealand
AW-00028479,Australia
AW-00028480,Canada
AW-00028481,Australia
AW-00028482,United States
AW-00028483,France
AW-00028484,United States
AW-00028485,Australia
AW-00028486,New Zealand
AW-00028487,United States
AW-00028488,Australia
AW-00028489,United States
AW-00028490,Australia
AW-00028491,Germany
AW-00028492,Australia
AW-00028493,Australia
AW-00028494,AU
AW-00028495,Australia
AW-00028496,United Kingdom
AW-00028497,Australia
AW-00028498,Australia
AW-00028499,Canada
AW-00028500,Australia
AW-00028501,Australia
AW-00028502,Australia
AW-00028503,Australia
AW-00028504,Australia
AW-00028505,Australia
AW-00028506,Australia
AW-00028507,Australia
AW-00028508,Australia
AW-00028509,Australia
AW-00028510,Australia
AW-00028511,Australia
AW-00028512,Canada
AW-00028513,Australia
AW-00028514,Australia
AW-00028515,Australia
AW-00028516,Australia
AW-00028517,United States
AW-00028518,United States
AW-00028519,AU
AW-00028520,Australia
AW-00028521,Australia
AW-00028522,United Kingdom
AW-00028523,New Zealand
AW-00028524,Australia
AW-00028525,Australia
AW-00028526,United Kingdom
AW-00028527,United States
AW-00028528,France
AW-00028529,Australia
AW-00028530,Australia
AW-00028531,Australia
AW-00028532,Australia
AW-00028533,Australia
AW-00028534,United States
AW-00028535,France
AW-00028536,
AW-00028537,Australia
AW-00028538,Australia
AW-00028539,United States
AW-00028540,United Kingdom
AW-00028541,Australia
AW-00028542,Australia
AW-00028543,Australia
AW-00028544,Canada
AW-00028545,Australia
AW-00028546,Australia
AW-00028547,United States
AW-00028548,Australia
AW-00028549,United States
AW-00028550,France
AW-00028551,United Kingdom
AW-00028552,Australia
AW-00028553,United Kingdom
AW-00028554,Germany
AW-00028555,Australia
AW-00028556,Australia
AW-00028557,France
AW-00028558,Australia
AW-00028559,Canada
AW-00028560,Canada
AW-00028561,Australia
AW-00028562,New Zealand
AW-00028563,Australia
AW-00028564,New Zealand
AW-00028565,Australia
AW-00028566,United Kingdom
AW-00028567,Australia
AW-00028568,USA
AW-00028569,Australia
AW-00028570,Australia
AW-00028571,Australia
AW-00028572,Australia
AW-00028573,Australia
AW-00028574,Australia
AW-00028575,Australia
AW-00028576,France
AW-00028577,Australia
AW-00028578,United Kingdom
AW-00028579,Australia
AW-00028580,Australia
AW-00028581,DE
AW-00028582,United Kingdom
AW-00028583,France
AW-00028584,New Zealand
AW-00028585,Australia
AW-00028586,Australia
AW-00028587,Germany
AW-00028588,Australia
AW-00028589,United States
AW-00028590,United States
AW-00028591,Australia
AW-00028592,New Zealand
AW-00028593,Canada
AW-00028594,Australia
AW-00028595,United States
AW-00028596,United States
AW-00028597,Australia
AW-00028598,United States
AW-00028599,Australia
AW-00028600,United Kingdom
AW-00028601,Australia
AW-00028602,Australia
AW-00028603,Australia
AW-00028604,United States
AW-00028605,Australia
AW-00028606,United States
AW-00028607,United States
AW-00028608,Australia
AW-00028609,Australia
AW-00028610,United Kingdom
AW-00028611,Australia
AW-00028612,Canada
AW-00028613,France
AW-00028614,United Kingdom
AW-00028615,Canada
AW-00028616,Australia
AW-00028617,France
AW-00028618,United Kingdom
AW-00028619,United States
AW-00028620,UK
AW-00028621,United Kingdom
AW-00028622,United States
AW-00028623,DE
AW-00028624,New Zealand
AW-00028625,United States
AW-00028626,Germany
AW-00028627,Australia
AW-00028628,United States
AW-00028629,United Kingdom
AW-00028630,Australia
AW-00028631,United States
AW-00028632,Australia
AW-00028633,United Kingdom
AW-00028634,United Kingdom
AW-00028635,United States
AW-00028636,Australia
AW-00028637,United States
AW-00028638,Australia
AW-00028639,Australia
AW-00028640,Australia
AW-00028641,United States
AW-00028642,Australia
AW-00028643,Australia
AW-00028644,New Zealand
AW-00028645,Germany
AW-00028646,Australia
AW-00028647,
AW-00028648,Canada
AW-00028649,Australia
AW-00028650,Australia
AW-00028651,Australia
AW-00028652,Australia
AW-00028653,United States
AW-00028654,
AW-00028655,United Kingdom
AW-00028656,Australia
AW-00028657,United States
AW-00028658,Australia
AW-00028659,Australia
AW-00028660,United Kingdom
AW-00028661,
AW-00028662,United Kingdom
AW-00028663,Australia
AW-00028664,Australia
AW-00028665,United Kingdom
AW-00028666,United States
AW-00028667,United States
AW-00028668,United States
AW-00028669,United States
AW-00028670,Australia
AW-00028671,Australia
AW-00028672,Germany
AW-00028673,Australia
AW-00028674,
AW-00028675,New Zealand
AW-00028676,
AW-00028677,Australia
AW-00028678,Australia
AW-00028679,Australia
AW-00028680,United States
AW-00028681,Australia
AW-00028682,New Zealand
AW-00028683,Australia
AW-00028684,Australia
AW-00028685,Australia
AW-00028686,Australia
AW-00028687,United States
AW-00028688,New Zealand
AW-00028689,Australia
AW-00028690,Australia
AW-00028691,United States
AW-00028692,Australia
AW-00028693,United Kingdom
AW-00028694,France
AW-00028695,DE
AW-00028696,Australia
AW-00028697,Australia
AW-00028698,Germany
AW-00028699,Australia
AW-00028700,United States
AW-00028701,Australia
AW-00028702,United Kingdom
AW-00028703,Australia
AW-00028704,Australia
AW-00028705,UK
AW-00028706,United States
AW-00028707,Australia
AW-00028708,New Zealand
AW-00028709,United States
AW-00028710,Germany
AW-00028711,Germany
AW-00028712,Australia
AW-00028713,Australia
AW-00028714,Australia
AW-00028715,United States
AW-00028716,New Zealand
AW-00028717,Australia
AW-00028718,United States
AW-00028719,Australia
AW-00028720,United Kingdom
AW-00028721,Australia
AW-00028722,Canada
AW-00028723,Germany
AW-00028724,United States
AW-00028725,Australia
AW-00028726,Australia
AW-00028727,Australia
AW-00028728,United States
AW-00028729,Australia
AW-00028730,United Kingdom
AW-00028731,Australia
AW-00028732,Australia
AW-00028733,Australia
AW-00028734,New Zealand
AW-00028735,Australia
AW-00028736,United Kingdom
AW-00028737,United States
AW-00028738,New Zealand
AW-00028739,Australia
AW-00028740,France
AW-00028741,New Zealand
AW-00028742,Canada
AW-00028743,Australia
AW-00028744,Australia
AW-00028745,United States
AW-00028746,Canada
AW-00028747,Australia
AW-00028748,United States
AW-00028749,Australia
AW-00028750,Australia
AW-00028751,Australia
AW-00028752,USA
AW-00028753,Australia
AW-00028754,Australia
AW-00028755,United States
AW-00028756,Australia
AW-00028757,USA
AW-00028758,United States
AW-00028759,Canada
AW-00028760,Australia
AW-00028761,Australia
AW-00028762,Australia
AW-00028763,Australia
AW-00028764,New Zealand
AW-00028765,Australia
AW-00028766,Australia
AW-00028767,United Kingdom
AW-00028768,Australia
AW-00028769,Australia
AW-00028770,New Zealand
AW-00028771,Australia
AW-00028772,Australia
AW-00028773,Germany
AW-00028774,Australia
AW-00028775,Canada
AW-00028776,
AW-00028777,Australia
AW-00028778,Australia
AW-00028779,Australia
AW-00028780,Australia
AW-00028781,Australia
AW-00028782,United Kingdom
AW-00028783,Germany
AW-00028784,Australia
AW-00028785,United States
AW-00028786,Canada
AW-00028787,Australia
AW-00028788,Australia
AW-00028789,United Kingdom
AW-00028790,United Kingdom
AW-00028791,Australia
AW-00028792,Australia
AW-00028793,Australia
AW-00028794,Australia
AW-00028795,US
AW-00028796,New Zealand
AW-00028797,United Kingdom
AW-00028798,Australia
AW-00028799,Canada
AW-00028800,Australia
AW-00028801,United States
AW-00028802,Australia
AW-00028803,Australia
AW-00028804,Australia
AW-00028805,New Zealand
AW-00028806,Australia
AW-00028807,France
AW-00028808,Germany
AW-00028809,Australia
AW-00028810,Australia
AW-00028811,United Kingdom
AW-00028812,Germany
AW-00028813,Australia
AW-00028814,Australia
AW-00028815,United Kingdom
AW-00028816,Australia
AW-00028817,Canada
AW-00028818,New Zealand
AW-00028819,United Kingdom
AW-00028820,Australia
AW-00028821,Canada
AW-00028822,Australia
AW-00028823,New Zealand
AW-00028824,New Zealand
AW-00028825,Australia
AW-00028826,Canada
AW-00028827,Australia
AW-00028828,Australia
AW-00028829,Australia
AW-00028830,Australia
AW-00028831,Australia
AW-00028832,New Zealand
AW-00028833,France
AW-00028834,United States
AW-00028835,Germany
AW-00028836,Germany
AW-00028837,United States
AW-00028838,Australia
AW-00028839,Australia
AW-00028840,Australia
AW-00028841,New Zealand
AW-00028842,Australia
AW-00028843,Australia
AW-00028844,United Kingdom
AW-00028845,Australia
AW-00028846,Australia
AW-00028847,United States
AW-00028848,United States
AW-00028849,United States
AW-00028850,Germany
AW-00028851,United States
AW-00028852,Australia
AW-00028853,United States
AW-00028854,Australia
AW-00028855,United States
AW-00028856,New Zealand
AW-00028857,Australia
AW-00028858,Australia
AW-00028859,Germany
AW-00028860,Australia
AW-00028861,Canada
AW-00028862,Australia
AW-00028863,Australia
AW-00028864,Australia
AW-00028865,United States
AW-00028866,Australia
AW-00028867,Australia
AW-00028868,Australia
AW-00028869,New Zealand
AW-00028870,New Zealand
AW-00028871,New Zealand
AW-00028872,United Kingdom
AW-00028873,Australia
AW-00028874,United States
AW-00028875,Australia
AW-00028876,United Kingdom
AW-00028877,United States
AW-00028878,Australia
AW-00028879,United Kingdom
AW-00028880,United Kingdom
AW-00028881,Australia
AW-00028882,Germany
AW-00028883,Australia
AW-00028884,France
AW-00028885,New Zealand
AW-00028886,United States
AW-00028887,Australia
AW-00028888,New Zealand
AW-00028889,Australia
AW-00028890,Germany
AW-00028891,Germany
AW-00028892,Australia
AW-00028893,France
AW-00028894,United States
AW-00028895,
AW-00028896,United Kingdom
AW-00028897,Australia
AW-00028898,United States
AW-00028899,Australia
AW-00028900,Australia
AW-00028901,Australia
AW-00028902,United States
AW-00028903,Australia
AW-00028904,United States
AW-00028905,Germany
AW-00028906,Australia
AW-00028907,Australia
AW-00028908,Canada
AW-00028909,Australia
AW-00028910,Australia
AW-00028911,United Kingdom
AW-00028912,Australia
AW-00028913,DE
AW-00028914,Germany
AW-00028915,France
AW-00028916,United States
AW-00028917,Australia
AW-00028918,Australia
AW-00028919,Australia
AW-00028920,United States
AW-00028921,United Kingdom
AW-00028922,New Zealand
AW-00028923,Australia
AW-00028924,Australia
AW-00028925,United States
AW-00028926,United States
AW-00028927,Australia
AW-00028928,Australia
AW-00028929,Australia
AW-00028930,Australia
AW-00028931,Australia
AW-00028932,UK
AW-00028933,Australia
AW-00028934,Australia
AW-00028935,Australia
AW-00028936,Australia
AW-00028937,Australia
AW-00028938,Australia
AW-00028939,Australia
AW-00028940,Canada
AW-00028941,New Zealand
AW-00028942,Australia
AW-00028943,Australia
AW-00028944,Australia
AW-00028945,United States
AW-00028946,United States
AW-00028947,United States
AW-00028948,Australia
AW-00028949,Germany
AW-00028950,Germany
AW-00028951,NZ
AW-00028952,Australia
AW-00028953,Germany
AW-00028954,United States
AW-00028955,Australia
AW-00028956,United States
AW-00028957,France
AW-00028958,New Zealand
AW-00028959,AU
AW-00028960,United States
AW-00028961,France
AW-00028962,
AW-00028963,Australia
AW-00028964,New Zealand
AW-00028965,United States
AW-00028966,Australia
AW-00028967,Australia
AW-00028968,Australia
AW-00028969,Australia
AW-00028970,Australia
AW-00028971,United Kingdom
AW-00028972,Australia
AW-00028973,Germany
AW-00028974,Canada
AW-00028975,France
AW-00028976,Canada
AW-00028977,United Kingdom
AW-00028978,United States
AW-00028979,Australia
AW-00028980,France
AW-00028981,Australia
AW-00028982,Germany
AW-00028983,Australia
AW-00028984,United States
AW-00028985,Germany
AW-00028986,United Kingdom
AW-00028987,United Kingdom
AW-00028988,United States
AW-00028989,Australia
AW-00028990,United States
AW-00028991,United States
AW-00028992,Australia
AW-00028993,United Kingdom
AW-00028994,United States
AW-00028995,Australia
AW-00028996,United Kingdom
AW-00028997,United States
AW-00028998,United Kingdom
AW-00028999,Australia
AW-00029000,Australia
AW-00029001,Australia
AW-00029002,Australia
AW-00029003,Australia
AW-00029004,Australia
AW-00029005,United Kingdom
AW-00029006,United Kingdom
AW-00029007,United States
AW-00029008,United Kingdom
AW-00029009,United Kingdom
AW-00029010,Australia
AW-00029011,Australia
AW-00029012,United States
AW-00029013,Australia
AW-00029014,Germany
AW-00029015,Australia
AW-00029016,Australia
AW-00029017,France
AW-00029018,Australia
AW-00029019,United States
AW-00029020,Australia
AW-00029021,Australia
AW-00029022,Canada
AW-00029023,Australia
AW-00029024,Canada
AW-00029025,New Zealand
AW-00029026,Australia
AW-00029027,France
AW-00029028,France
AW-00029029,Australia
AW-00029030,United Kingdom
AW-00029031,UK
AW-00029032,Canada
AW-00029033,Australia
AW-00029034,Australia
AW-00029035,Australia
AW-00029036,Australia
AW-00029037,New Zealand
AW-00029038,Australia
AW-00029039,United States
AW-00029040,United States
AW-00029041,Australia
AW-00029042,United Kingdom
AW-00029043,Germany
AW-00029044,Australia
AW-00029045,United States
AW-00029046,Australia
AW-00029047,Australia
AW-00029048,United Kingdom
AW-00029049,Australia
AW-00029050,DE
AW-00029051,Australia
AW-00029052,Australia
AW-00029053,Australia
AW-00029054,New Zealand
AW-00029055,United States
AW-00029056,Germany
AW-00029057,DE
AW-00029058,Australia
AW-00029059,Germany
AW-00029060,US
AW-00029061,United Kingdom
AW-00029062,Canada
AW-00029063,Australia
AW-00029064,Australia
AW-00029065,Australia
AW-00029066,Australia
AW-00029067,Australia
AW-00029068,Australia
AW-00029069,France
AW-00029070,New Zealand
AW-00029071,Australia
AW-00029072,Australia
AW-00029073,Australia
AW-00029074,Australia
AW-00029075,Canada
AW-00029076,United Kingdom
AW-00029077,France
AW-00029078,Australia
AW-00029079,United Kingdom
AW-00029080,Australia
AW-00029081,Germany
AW-00029082,United States
AW-00029083,United States
AW-00029084,Australia
AW-00029085,United States
AW-00029086,Australia
AW-00029087,Australia
AW-00029088,United Kingdom
AW-00029089,Canada
AW-00029090,United States
AW-00029091,Australia
AW-00029092,Australia
AW-00029093,Canada
AW-00029094,Australia
AW-00029095,New Zealand
AW-00029096,Australia
AW-00029097,United States
AW-00029098,Australia
AW-00029099,United States
AW-00029100,Canada
AW-00029101,Australia
AW-00029102,United Kingdom
AW-00029103,Australia
AW-00029104,Australia
AW-00029105,Australia
AW-00029106,Australia
AW-00029107,United States
AW-00029108,Australia
AW-00029109,Canada
AW-00029110,Australia
AW-00029111,Australia
AW-00029112,Australia
AW-00029113,France
AW-00029114,Germany
AW-00029115,United States
AW-00029116,Australia
AW-00029117,Australia
AW-00029118,Australia
AW-00029119,AU
AW-00029120,New Zealand
AW-00029121,Australia
AW-00029122,USA
AW-00029123,Canada
AW-00029124,Australia
AW-00029125,United States
AW-00029126,Australia
AW-00029127,Australia
AW-00029128,United Kingdom
AW-00029129,United States
AW-00029130,United States
AW-00029131,Australia
AW-00029132,Australia
AW-00029133,Australia
AW-00029134,Australia
AW-00029135,United States
AW-00029136,Australia
AW-00029137,Australia
AW-00029138,New Zealand
AW-00029139,Australia
AW-00029140,United States
AW-00029141,United States
AW-00029142,United States
AW-00029143,Australia
AW-00029144,United States
AW-00029145,Australia
AW-00029146,Australia
AW-00029147,Australia
AW-00029148,Australia
AW-00029149,Germany
AW-00029150,United States
AW-00029151,Germany
AW-00029152,United Kingdom
AW-00029153,Germany
AW-00029154,Australia
AW-00029155,Australia
AW-00029156,Australia
AW-00029157,Canada
AW-00029158,United States
AW-00029159,DE
AW-00029160,Australia
AW-00029161,Australia
AW-00029162,Australia
AW-00029163,Australia
AW-00029164,Australia
AW-00029165,Australia
AW-00029166,Australia
AW-00029167,Australia
AW-00029168,Australia
AW-00029169,Australia
AW-00029170,New Zealand
AW-00029171,Australia
AW-00029172,United States
AW-00029173,United Kingdom
AW-00029174,United States
AW-00029175,Australia
AW-00029176,Australia
AW-00029177,Australia
AW-00029178,Canada
AW-00029179,Australia
AW-00029180,Australia
AW-00029181,Australia
AW-00029182,Australia
AW-00029183,Australia
AW-00029184,United States
AW-00029185,France
AW-00029186,Australia
AW-00029187,Australia
AW-00029188,Australia
AW-00029189,United Kingdom
AW-00029190,New Zealand
AW-00029191,France
AW-00029192,United States
AW-00029193,United States
AW-00029194,Germany
AW-00029195,Australia
AW-00029196,Australia
AW-00029197,Australia
AW-00029198,Australia
AW-00029199,Australia
AW-00029200,United Kingdom
AW-00029201,United States
AW-00029202,United Kingdom
AW-00029203,Australia
AW-00029204,Australia
AW-00029205,United Kingdom
AW-00029206,Australia
AW-00029207,United States
AW-00029208,United States
AW-00029209,Australia
AW-00029210,Germany
AW-00029211,Australia
AW-00029212,France
AW-00029213,USA
AW-00029214,United States
AW-00029215,Australia
AW-00029216,Australia
AW-00029217,Australia
AW-00029218,Australia
AW-00029219,Canada
AW-00029220,Australia
AW-00029221,United States
AW-00029222,United States
AW-00029223,Australia
AW-00029224,United States
AW-00029225,United States
AW-00029226,Australia
AW-00029227,United States
AW-00029228,France
AW-00029229,Australia
AW-00029230,Australia
AW-00029231,United States
AW-00029232,Australia
AW-00029233,Australia
AW-00029234,United States
AW-00029235,Australia
AW-00029236,Australia
AW-00029237,United Kingdom
AW-00029238,Australia
AW-00029239,New Zealand
AW-00029240,United States
AW-00029241,United Kingdom
AW-00029242,Australia
AW-00029243,United Kingdom
AW-00029244,United States
AW-00029245,Australia
AW-00029246,United Kingdom
AW-00029247,Australia
AW-00029248,France
AW-00029249,Australia
AW-00029250,United Kingdom
AW-00029251,Australia
AW-00029252,Australia
AW-00029253,United States
AW-00029254,Australia
AW-00029255,Australia
AW-00029256,Australia
AW-00029257,Australia
AW-00029258,Germany
AW-00029259,Australia
AW-00029260,Australia
AW-00029261,United States
AW-00029262,United Kingdom
AW-00029263,Australia
AW-00029264,United Kingdom
AW-00029265,Australia
AW-00029266,France
AW-00029267,Australia
AW-00029268,United States
AW-00029269,Australia
AW-00029270,Australia
AW-00029271,United States
AW-00029272,Australia
AW-00029273,United Kingdom
AW-00029274,United States
AW-00029275,
AW-00029276,United Kingdom
AW-00029277,United Kingdom
AW-00029278,United States
AW-00029279,United States
AW-00029280,Australia
AW-00029281,Australia
AW-00029282,United Kingdom
AW-00029283,Australia
AW-00029284,Australia
AW-00029285,Australia
AW-00029286,United States
AW-00029287,New Zealand
AW-00029288,Australia
AW-00029289,Australia
AW-00029290,Australia
AW-00029291,New Zealand
AW-00029292,Germany
AW-00029293,Australia
AW-00029294,Australia
AW-00029295,Germany
AW-00029296,Germany
AW-00029297,Australia
AW-00029298,Australia
AW-00029299,United States
AW-00029300,United States
AW-00029301,Australia
AW-00029302,France
AW-00029303,Germany
AW-00029304,United States
AW-00029305,New Zealand
AW-00029306,Australia
AW-00029307,United States
AW-00029308,United States
AW-00029309,UK
AW-00029310,Australia
AW-00029311,Australia
AW-00029312,New Zealand
AW-00029313,Australia
AW-00029314,Australia
AW-00029315,Australia
AW-00029316,United Kingdom
AW-00029317,Australia
AW-00029318,Australia
AW-00029319,France
AW-00029320,Australia
AW-00029321,United States
AW-00029322,Australia
AW-00029323,Australia
AW-00029324,United Kingdom
AW-00029325,Australia
AW-00029326,Australia
AW-00029327,USA
AW-00029328,
AW-00029329,Germany
AW-00029330,Australia
AW-00029331,United States
AW-00029332,United States
AW-00029333,Australia
AW-00029334,United States
AW-00029335,Australia
AW-00029336,United States
AW-00029337,Australia
AW-00029338,Germany
AW-00029339,Australia
AW-00029340,Australia
AW-00029341,United States
AW-00029342,New Zealand
AW-00029343,United States
AW-00029344,United States
AW-00029345,New Zealand
AW-00029346,New Zealand
AW-00029347,United States
AW-00029348,Canada
AW-00029349,Australia
AW-00029350,France
AW-00029351,United States
AW-00029352,Australia
AW-00029353,United States
AW-00029354,Australia
AW-00029355,United Kingdom
AW-00029356,Australia
AW-00029357,DE
AW-00029358,France
AW-00029359,Germany
AW-00029360,Australia
AW-00029361,Australia
AW-00029362,NZ
AW-00029363,Australia
AW-00029364,New Zealand
AW-00029365,Australia
AW-00029366,Australia
AW-00029367,Australia
AW-00029368,Australia
AW-00029369,New Zealand
AW-00029370,United Kingdom
AW-00029371,Australia
AW-00029372,France
AW-00029373,Australia
AW-00029374,United Kingdom
AW-00029375,Australia
AW-00029376,Australia
AW-00029377,Australia
AW-00029378,United States
AW-00029379,Australia
AW-00029380,Australia
AW-00029381,US
AW-00029382,Germany
AW-00029383,Australia
AW-00029384,Australia
AW-00029385,UK
AW-00029386,Australia
AW-00029387,Germany
AW-00029388,
AW-00029389,United States
AW-00029390,Australia
AW-00029391,Germany
AW-00029392,Australia
AW-00029393,Australia
AW-00029394,United States
AW-00029395,Canada
AW-00029396,Australia
AW-00029397,Australia
AW-00029398,Canada
AW-00029399,United States
AW-00029400,Australia
AW-00029401,Australia
AW-00029402,Australia
AW-00029403,Australia
AW-00029404,Australia
AW-00029405,Canada
AW-00029406,Australia
AW-00029407,Australia
AW-00029408,Australia
AW-00029409,Germany
AW-00029410,Australia
AW-00029411,United States
AW-00029412,United States
AW-00029413,Australia
AW-00029414,Australia
AW-00029415,Australia
AW-00029416,Australia
AW-00029417,United Kingdom
AW-00029418,Australia
AW-00029419,France
AW-00029420,Australia
AW-00029421,France
AW-00029422,France
AW-00029423,Australia
AW-00029424,Australia
AW-00029425,Australia
AW-00029426,United Kingdom
AW-00029427,United Kingdom
AW-00029428,Australia
AW-00029429,Australia
AW-00029430,Canada
AW-00029431,Australia
AW-00029432,United States
AW-00029433,Australia
AW-00029434,United Kingdom
AW-00029435,Australia
AW-00029436,United States
AW-00029437,
AW-00029438,Australia
AW-00029439,Canada
AW-00029440,United Kingdom
AW-00029441,Australia
AW-00029442,United Kingdom
AW-00029443,United Kingdom
AW-00029444,United States
AW-00029445,Australia
AW-00029446,Australia
AW-00029447,United States
AW-00029448,United Kingdom
AW-00029449,Australia
AW-00029450,United States
AW-00029451,Australia
AW-00029452,United Kingdom
AW-00029453,Australia
AW-00029454,Australia
AW-00029455,Canada
AW-00029456,United Kingdom
AW-00029457,Australia
AW-00029458,
AW-00029459,Australia
AW-00029460,Australia
AW-00029461,Australia
AW-00029462,United States
AW-00029463,United Kingdom
AW-00029464,New Zealand
AW-00029465,United States
AW-00029466,Australia
AW-00029467,United States
AW-00029468,France
AW-00029469,Germany
AW-00029470,Australia
AW-00029471,Australia
AW-00029472,Australia
AW-00029473,Australia
AW-00029474,United States
AW-00029475,Australia
AW-00029476,Australia
AW-00029477,France
AW-00029478,Australia
AW-00029479,Australia
AW-00029480,Australia
AW-00029481,Australia
AW-00029482,Australia
AW-00029483,Australia
