cst_id,cst_key,cst_firstname,cst_lastname,cst_marital_status,cst_gndr,cst_create_date
11000.0,AW00011000,Andrew,Lewis,M,F,2024-07-11
11001.0,AW00011001,Ronald,Ngata,S,F,2023-05-12
11002.0,AW00011002,Baraa,Williams,S,F,2023-12-08
11003.0,AW00011003,Baraa,Nime,M,M,2024-05-01
11004.0,AW00011004,Kimberly,Carter,M,F,2026-01-08
11005.0,AW00011005,Richard,Adams,S,M,2024-08-23
11006.0,AW00011006,Linda,Roberts,S,F,2024-05-07
11007.0,AW00011007,Joseph,Kumar,S,M,2025-04-14
11008.0,AW00011008,Daniel,Wright,S,F,2026-01-05
11009.0,AW00011009,Tane,Kumar,S,F,2023-11-08
11010.0,AW00011010,James,Roberts,M,F,2025-06-09
11011.0,AW00011011,Joseph,Green,M,M,2023-01-27
11012.0,AW00011012,Matthew,Mitchell,S,M,2024-09-02
11013.0,AW00011013,Steven,Kumar,S,F,2025-12-17
11014.0,AW00011014,Thomas,Scott,M,F,2024-05-07
11015.0,AW00011015,Jessica,Carter,M,F,2025-03-20
11016.0,AW00011016,Jessica,Parker,M,M,2023-12-08
11017.0,AW00011017,Michelle,Hall,S,F,2024-08-14
11018.0,AW00011018,Timothy,Jackson,S,M,2025-10-12
11019.0,AW00011019,Nancy,Nime,S,F,2023-03-20
11020.0,AW00011020,Tane,Hall,S,F,2025-07-01
11021.0,AW00011021,Malia,Lewis,M,F,2023-12-08
11022.0,AW00011022,Mary,Walker,M,M,2025-12-16
11023.0,AW00011023,Baraa,Nelson,M,M,2025-03-25
11024.0,AW00011024,Amanda,Johnson,M,M,2025-05-12
11025.0,AW00011025,Richard,Toalii,M,M,2025-05-22
11026.0,AW00011026,Aroha,Lewis,S,M,2023-02-16
11027.0,AW00011027,Michelle,Campbell,S,F,2024-09-30
11028.0,AW00011028,Donald,Jackson,S,F,2023-05-12
11029.0,AW00011029,Emily,Moore,M,F,2024-08-04
11030.0,AW00011030,Mere,Campbell,S,F,2024-01-15
11031.0,AW00011031,Paul,Moore,M,F,2025-08-11
11032.0,AW00011032,Betty,Smith,M,F,2024-11-13
11033.0,AW00011033,Joseph,Phillips,S,M,2023-12-28
11034.0,AW00011034,James,Moore,S,F,2024-01-15
11035.0,AW00011035,Thomas,Wright,S,F,2025-10-08
11036.0,AW00011036,Tane,Baker,M,M,2025-07-30
11037.0,AW00011037,Mary,Wright,M,F,2023-09-10
11038.0,AW00011038,Ashley,Johnson,S,M,2023-08-27
11039.0,AW00011039,Charles,Green,S,M,2024-02-01
11040.0,AW00011040,Michael,Perez,M,F,2023-12-13
11041.0,AW00011041,Kenneth,Thompson,M,M,2025-10-28
11042.0,AW00011042,Paul,Scott,S,M,2024-09-06
11043.0,AW00011043,Paul,Roberts,S,F,2026-03-13
11044.0,AW00011044,Paul,Thomas,M,M,2025-10-06
11045.0,AW00011045,Emily,Parker,S,F,2026-03-09
11046.0,AW00011046,Tane,Clark,S,M,2025-09-15
11047.0,AW00011047,Betty,Johnson,M,M,2025-11-20
11048.0,AW00011048,Betty,Moore,S,F,2025-10-17
11049.0,AW00011049,Jessica,King,M,M,2024-09-02
11050.0,AW00011050,Michael,Patel,S,F,2024-08-11
11051.0,AW00011051,Sione,Manu,M,F,2025-04-16
11052.0,AW00011052,Ronald,Roberts,S,M,2023-05-31
11053.0,AW00011053,Emily,Toalii,M,F,2023-10-02
11054.0,AW00011054,Susan,Singh,S,M,2025-03-13
11055.0,AW00011055,Betty,Nime,M,F,2026-02-24
11056.0,AW00011056,Steven,Martin,S,F,2023-07-03
11057.0,AW00011057,Charles,Clark,M,M,2024-10-14
11058.0,AW00011058,Mark,King,M,M,2024-12-19
11059.0,AW00011059,Melissa,Singh,S,M,2026-02-12
11060.0,AW00011060,Richard,Parker,S,F,2025-11-27
11061.0,AW00011061,Jessica,Miller,M,M,2024-03-25
11062.0,AW00011062,George,Wright,S,F,2024-04-22
11063.0,AW00011063,Keziah,Wilson,S,M,2023-04-07
11064.0,AW00011064,Melissa,Green,S,M,2024-12-24
11065.0,AW00011065,Patricia,Jackson,M,M,2023-04-13
11066.0,AW00011066,Jessica,Patel,M,F,2026-03-06
11067.0,AW00011067,Charles,Williams,M,M,2023-03-06
11068.0,AW00011068,Aroha,Roberts,M,M,2024-05-16
11069.0,AW00011069,Michelle,Moore,M,M,2025-04-29
11070.0,AW00011070,Sarah,Patel,M,F,2026-02-28
11071.0,AW00011071,Anthony,Garcia,S,F,2023-11-23
11072.0,AW00011072,Ashley,Taylor,S,F,2023-03-09
11073.0,AW00011073,Rebecca,Toalii,M,M,2024-12-25
11074.0,AW00011074,Keziah,Johnson,M,M,2026-02-14
11075.0,AW00011075,Robert,Parker,S,F,2023-06-19
11076.0,AW00011076,William,King,M,M,2024-02-18
11077.0,AW00011077,Keziah,Nelson,S,M,2025-03-25
11078.0,AW00011078,Aroha,Jones,S,M,2023-04-01
11079.0,AW00011079,George,White,M,M,2024-04-16
11080.0,AW00011080,Kimberly,Hall,S,F,2025-10-23
11081.0,AW00011081,Anthony,Wilson,S,M,2026-01-21
11082.0,AW00011082,Donna,Green,S,F,2023-07-19
11083.0,AW00011083,James,Jackson,S,M,2025-02-13
11084.0,AW00011084,Brian,Wilson,S,M,2023-09-10
11085.0,AW00011085,Mark,Singh,M,F,2025-08-21
11086.0,AW00011086,Steven,Wright,M,M,2025-05-17
11087.0,AW00011087,Robert,Miller,S,F,2025-06-20
11088.0,AW00011088,Thomas,Parker,M,M,2026-03-20
11089.0,AW00011089,Donna,Lopez,S,F,2024-09-25
11090.0,AW00011090,Patricia,Garcia,M,F,2023-09-24
11091.0,AW00011091,Richard,Garcia,S,F,2023-12-15
11092.0,AW00011092,Andrew,Ngata,M,M,2023-04-29
11093.0,AW00011093,Susan,Anderson,M,M,2023-02-17
11094.0,AW00011094,Charles,Thompson,S,M,2024-08-17
11095.0,AW00011095,Baraa,Scott,S,F,2025-01-09
11096.0,AW00011096,Deborah,Moore,M,M,2025-10-12
11097.0,AW00011097,Richard,White,S,F,2024-07-22
11098.0,AW00011098,Rebecca,Carter,S,M,2023-03-08
11099.0,AW00011099,Stephanie,Ngata,M,M,2024-07-30
11100.0,AW00011100,James,Martin,S,F,2024-09-28
11101.0,AW00011101,Sandra,Lee,S,F,2023-12-12
11102.0,AW00011102,Carol,Lewis,M,F,2023-04-27
11103.0,AW00011103,Malia,Anderson,S,M,2023-10-09
11104.0,AW00011104,Mary,Adams,S,M,2024-08-17
11105.0,AW00011105,Peter,Brown,M,M,2025-05-16
11106.0,AW00011106,Jessica,Manu,S,M,2023-01-03
11107.0,AW00011107,Daniel,Wright,S,F,2025-10-01
11108.0,AW00011108,Stephanie,,M,F,2024-08-24
11109.0,AW00011109,Matthew,White,S,M,2025-03-11
11110.0,AW00011110,Anthony,Patel,M,F,2023-08-12
11111.0,AW00011111,Sarah,Kumar,S,F,2024-03-13
11112.0,AW00011112,Ronald,Thompson,M,F,2023-02-22
11113.0,AW00011113,John,Patel,S,M,2024-05-25
11114.0,AW00011114,Anthony,Thompson,M,M,2025-09-12
11115.0,AW00011115,Donald,King,M,F,2024-10-12
11116.0,AW00011116,Barbara,Ngata,M,M,2023-09-14
11117.0,AW00011117,Patricia,Hall,S,M,2025-01-04
11118.0,AW00011118,Carol,Thompson,M,M,2024-01-18
11119.0,AW00011119,James,Martin,S,M,2026-05-25
11120.0,AW00011120,Sandra,Thompson,M,F,2023-08-08
11121.0,AW00011121,Joshua,Campbell,M,F,2024-06-25
11122.0,AW00011122,Linda,Smith,M,M,2023-04-08
11123.0,AW00011123,Elizabeth,Patel,M,M,2024-09-10
11124.0,AW00011124,David,Kumar,S,M,2024-08-07
11125.0,AW00011125,Michael,Taylor,M,M,2024-03-18
11126.0,AW00011126,Donna,Campbell,S,M,2025-07-12
11127.0,AW00011127,Carol,King,S,F,2025-09-09
11128.0,AW00011128,Emily,Allen,S,M,2024-06-13
11129.0,AW00011129,Mary,Patel,M,M,2026-03-17
,AW00011130,Susan,Garcia,S,F,2023-06-04
11131.0,AW00011131,George,Clark,S,F,2025-06-02
11132.0,AW00011132,Elizabeth,Scott,S,M,2026-05-13
11133.0,AW00011133,Sandra,Thomas,S,F,2024-08-02
11134.0,AW00011134,Susan,Davis,M,F,2025-09-17
11135.0,AW00011135,John,Jackson,S,M,2024-05-11
11136.0,AW00011136,James,Campbell,M,M,2024-06-10
11137.0,AW00011137,Jennifer,Jackson,M,M,2026-02-08
11138.0,AW00011138,Sione,Young,M,F,2026-04-09
11139.0,AW00011139,Malia,Taylor,S,M,2024-03-09
11140.0,AW00011140,Peter,Davis,S,F,2023-02-04
11141.0,AW00011141,Jessica,Wright,S,M,2025-12-30
11142.0,AW00011142,Keziah,Turner,S,M,2025-12-20
11143.0,AW00011143,Paul,Hall,M,F,2023-03-29
11144.0,AW00011144,Donna,Mitchell,S,F,2024-07-29
11145.0,AW00011145,Patricia,Allen,S,M,2024-06-12
11146.0,AW00011146,Donna,Lewis,S,M,2023-01-13
11147.0,AW00011147,Melissa,Toalii,S,F,2025-12-25
11148.0,AW00011148,Mark,King,S,M,2024-03-14
11149.0,AW00011149,David,Jackson,M,M,2024-06-03
11150.0,AW00011150,Kenneth,Turner,S,M,2023-05-29
11151.0,AW00011151,Amanda,Smith,S,F,2023-03-07
11152.0,AW00011152,Stephanie,Jackson,S,F,2024-07-04
11153.0,AW00011153,Timothy,Nime,S,M,2026-05-30
11154.0,AW00011154,Anthony,Martin,S,M,2023-10-26
11155.0,AW00011155,Brian,Kumar,S,M,2026-05-17
11156.0,AW00011156,Mark,Lee,S,F,2025-05-29
11157.0,AW00011157,David,Carter,S,F,2023-12-26
11158.0,AW00011158,Kenneth,Anderson,S,F,2025-06-02
11159.0,AW00011159,Elizabeth,Wright,M,M,2026-02-05
11160.0,AW00011160,Richard,White,S,F,2023-08-19
11161.0,AW00011161,Linda,Walker,M,M,2023-05-30
11162.0,AW00011162,Joshua,Thomas,S,F,2023-06-14
11163.0,AW00011163,Michael,Lopez,S,F,2026-03-09
11164.0,AW00011164,Brian,Smith,M,F,2023-06-01
11165.0,AW00011165,David,Johnson,S,F,2026-01-09
11166.0,AW00011166,Barbara,Walker,M,M,2024-10-20
11167.0,AW00011167,Betty,Adams,M,M,2025-03-20
11168.0,AW00011168,Mark,Martin,M,M,2025-10-17
11169.0,AW00011169,Donald,Ngata,M,M,2025-08-13
11170.0,AW00011170,Matthew,Hall,S,F,2024-10-24
11171.0,AW00011171,Lisa,Nelson,M,M,2023-06-19
11172.0,AW00011172,Matthew,Martin,M,M,2024-09-16
11173.0,AW00011173,Joseph,Kumar,M,F,2023-03-02
11174.0,AW00011174,Andrew,Singh,M,F,2025-03-18
11175.0,AW00011175,Richard,Adams,S,M,2023-10-07
11176.0,AW00011176,Steven,Turner,S,M,2024-03-29
11177.0,AW00011177,Amanda,Lewis,S,M,2024-01-19
11178.0,AW00011178,Susan,Wilson,S,M,2025-01-09
11179.0,AW00011179,Stephanie,Baker,S,M,2025-05-28
11180.0,AW00011180,Malia,Johnson,M,F,2025-07-21
11181.0,AW00011181,Daniel,Baker,M,M,2026-02-25
11182.0,AW00011182,Steven,Parker,S,F,2026-05-13
11183.0,AW00011183,Kenneth,Walker,M,M,2025-02-15
11184.0,AW00011184,Jason,Jones,M,F,2023-08-03
11185.0,AW00011185,Ronald,Lewis,M,F,2025-12-25
11186.0,AW00011186,Deborah,Taylor,M,M,2024-07-06
11187.0,AW00011187,Carol,Patel,S,M,2023-06-25
11188.0,AW00011188,Paul,Baker,S,F,2025-02-05
11189.0,AW00011189,Kimberly,Brown,S,F,2023-12-06
11190.0,AW00011190,Melissa,Patel,M,M,2024-12-23
11191.0,AW00011191,Aroha,Turner,S,M,2025-12-03
11192.0,AW00011192,Ronald,Carter,M,F,2025-11-15
11193.0,AW00011193,Jessica,Taylor,M,M,2023-05-27
11194.0,AW00011194,Karen,Nime,S,M,2023-08-21
11195.0,AW00011195,Tane,Thompson,S,F,2023-09-16
11196.0,AW00011196,Keziah,Mitchell,S,M,2025-08-25
11197.0,AW00011197,Betty,Smith,S,F,2023-09-16
11198.0,AW00011198,Andrew,Baker,S,F,2025-01-04
11199.0,AW00011199,Deborah,Adams,M,F,2025-07-21
11200.0,AW00011200,Carol,Moore,S,M,2025-05-19
11201.0,AW00011201,Tane,Allen,S,M,2025-06-23
11202.0,AW00011202,Sione,Roberts,M,F,2026-02-01
11203.0,AW00011203,Peter,Lopez,S,M,2024-10-06
11204.0,AW00011204,Baraa,Kumar,S,M,2026-05-18
11205.0,AW00011205,Jessica,Wright,M,F,2026-04-29
11206.0,AW00011206,Carol,Nime,S,M,2025-08-14
11207.0,AW00011207,Michael,Adams,S,F,2025-06-01
11208.0,AW00011208,Donna,Adams,M,F,2024-01-07
11209.0,AW00011209,Rebecca,Ngata,S,M,2025-11-09
11210.0,AW00011210,Sione,Allen,M,F,2024-07-14
11211.0,AW00011211,Nancy,Baker,S,M,2024-08-09
11212.0,AW00011212,Malia,King,M,M,2023-09-05
11213.0,AW00011213,Rebecca,Williams,M,F,2023-12-09
11214.0,AW00011214,William,Davis,M,M,2024-05-08
11215.0,AW00011215,Linda,Mitchell,M,M,2024-11-04
11216.0,AW00011216,Malia,Roberts,S,M,2026-03-27
11217.0,AW00011217,Rebecca,Wright,M,M,2023-04-07
11218.0,AW00011218,Timothy,Singh,M,F,2025-03-05
11219.0,AW00011219,Thomas,Nelson,M,F,2025-07-01
11220.0,AW00011220,Aroha,Roberts,S,F,2026-01-06
11221.0,AW00011221,Ashley,Thomas,M,M,2025-09-06
11222.0,AW00011222,Joshua,Patel,M,M,2024-12-01
11223.0,AW00011223,Peter,Nime,M,M,2025-05-21
11224.0,AW00011224,Daniel,Wright,M,F,2024-05-17
11225.0,AW00011225,Kenneth,Walker,M,M,2025-10-23
11226.0,AW00011226,Joshua,Jones,S,M,2025-11-07
11227.0,AW00011227,Richard,Allen,S,F,2023-10-11
11228.0,AW00011228,Donna,Smith,M,M,2024-04-08
11229.0,AW00011229,Mark,Toalii,S,F,2026-04-26
11230.0,AW00011230,Michelle,Hall,S,M,2023-12-26
11231.0,AW00011231,Susan,Carter,M,F,2023-07-28
11232.0,AW00011232,Donna,Campbell,M,M,2024-06-18
11233.0,AW00011233,Susan,Thompson,M,M,2025-05-07
11234.0,AW00011234,Mere,Hall,M,F,2024-07-26
11235.0,AW00011235,Melissa,Brown,M,F,2025-03-01
11236.0,AW00011236,Robert,Phillips,M,M,2026-02-12
11237.0,AW00011237,Rebecca,Nime,M,F,2024-07-11
11238.0,AW00011238,Jessica,Jackson,S,F,2023-12-10
11239.0,AW00011239,Malia,Parker,M,F,2026-03-22
11240.0,AW00011240,Keziah,Baker,M,M,2025-08-31
11241.0,AW00011241,Donna,Miller,S,M,2025-03-25
11242.0,AW00011242,Lisa,Miller,M,M,2023-02-20
11243.0,AW00011243,Stephanie,Lopez,S,F,2023-04-08
11244.0,AW00011244,Baraa,Green,S,F,2025-04-15
11245.0,AW00011245,Thomas,Baker,S,F,2024-10-25
11246.0,AW00011246,Ashley,Wright,S,M,2023-03-21
11247.0,AW00011247,Ronald,Nime,M,F,2024-12-24
11248.0,AW00011248,Elizabeth,Scott,S,M,2025-08-01
11249.0,AW00011249,Emily,Mitchell,S,F,2025-12-21
11250.0,AW00011250,Joshua,Lee,M,M,2023-11-14
11251.0,AW00011251,Mere,Walker,M,M,2023-07-12
11252.0,AW00011252,Lisa,White,S,M,2024-04-18
11253.0,AW00011253,Carol,Singh,S,M,2023-08-17
11254.0,AW00011254,George,Nime,M,F,2026-04-08
11255.0,AW00011255,Thomas,Thomas,S,M,2024-04-04
11256.0,AW00011256,Peter,Nelson,M,F,2023-04-02
11257.0,AW00011257,William,Baker,M,F,2023-01-11
11258.0,AW00011258,Linda,Wilson,S,F,2026-04-14
11259.0,AW00011259,Linda,Manu,S,F,2023-06-21
11260.0,AW00011260,Keziah,Thomas,M,F,2024-04-07
11261.0,AW00011261,Sarah,Garcia,M,F,2023-12-30
11262.0,AW00011262,Stephanie,White,S,M,2026-05-08
11263.0,AW00011263,Nancy,Lopez,M,M,2025-08-29
11264.0,AW00011264,Jason,Clark,S,F,2023-09-13
11265.0,AW00011265,Paul,Patel,M,F,2025-10-20
11266.0,AW00011266,Matthew,Martin,S,F,2024-03-30
11267.0,AW00011267,Anthony,Perez,M,F,2025-03-11
11268.0,AW00011268,Linda,Adams,S,F,2024-03-03
11269.0,AW00011269,Joshua,Clark,M,F,2023-07-12
11270.0,AW00011270,Kimberly,Nelson,S,M,2025-05-19
11271.0,AW00011271,Tane,Walker,S,F,2024-11-05
11272.0,AW00011272,Paul,Singh,S,F,2024-09-11
11273.0,AW00011273,Mary,Nime,S,F,2023-02-14
11274.0,AW00011274,Baraa,Garcia,M,M,2025-11-27
11275.0,AW00011275,Charles,Young,S,M,2025-08-06
11276.0,AW00011276,Tane,Thomas,M,M,2024-01-02
11277.0,AW00011277,Sione,Hall,M,F,2024-05-23
11278.0,AW00011278,Keziah,Clark,S,M,2023-07-19
11279.0,AW00011279,Tane,Baker,S,F,2026-02-14
11280.0,AW00011280,Donna,Nime,S,M,2024-01-09
11281.0,AW00011281,Stephanie,Miller,S,F,2024-04-21
11282.0,AW00011282,Michael,Anderson,S,M,2024-12-24
11283.0,AW00011283,Peter,Phillips,M,F,2025-09-20
11284.0,AW00011284,Paul,Parker,S,F,2023-06-25
11285.0,AW00011285,Michelle,Martin,S,M,2024-11-22
11286.0,AW00011286,Amanda,Wilson,M,M,2023-07-29
11287.0,AW00011287,Stephanie,Perez,S,M,2023-01-23
11288.0,AW00011288,Baraa,Parker,S,M,2025-05-23
11289.0,AW00011289,Peter,Turner,S,F,2025-06-18
11290.0,AW00011290,Jason,Phillips,M,F,2024-09-03
11291.0,AW00011291,James,Perez,M,M,2024-01-03
11292.0,AW00011292,Elizabeth,Toalii,M,M,2024-03-07
11293.0,AW00011293,Michelle,Miller,S,M,2024-06-09
11294.0,AW00011294,Robert,Clark,S,F,2026-03-28
11295.0,AW00011295,Michael,Phillips,M,F,2026-01-15
11296.0,AW00011296,Emily,Hall,M,F,2026-03-18
11297.0,AW00011297,Jason,Ngata,M,F,2023-12-05
11298.0,AW00011298,Tane,Thomas,S,M,2024-04-19
11299.0,AW00011299,Jennifer,Campbell,S,M,2024-10-07
11300.0,AW00011300,Andrew,Anderson,M,F,2023-09-17
11301.0,AW00011301,Jennifer,Lopez,M,F,2025-05-14
11302.0,AW00011302,Sione,Adams,M,M,2025-04-03
11303.0,AW00011303,Thomas,Miller,S,M,2025-06-10
11304.0,AW00011304,Robert,Phillips,M,F,2025-06-10
11305.0,AW00011305,Ashley,King,S,F,2023-11-16
11306.0,AW00011306,Amanda,Smith,S,F,2024-12-11
11307.0,AW00011307,William,Kumar,S,M,2025-02-28
11308.0,AW00011308,Joshua,Lee,S,M,2023-02-26
11309.0,AW00011309,Sarah,Davis,M,M,2024-12-05
11310.0,AW00011310,Donna,Green,S,M,2024-04-11
11311.0,AW00011311,Andrew,Wright,M,M,2025-02-08
11312.0,AW00011312,Tane,Mitchell,S,M,2025-10-14
11313.0,AW00011313,Susan,Lee,S,F,2025-11-28
11314.0,AW00011314,John,Miller,M,M,2025-05-02
11315.0,AW00011315,Emily,Walker,M,M,2026-04-07
11316.0,AW00011316,John,Jones,S,M,2025-09-20
11317.0,AW00011317,James,Green,M,M,2024-04-11
11318.0,AW00011318,Robert,Williams,S,F,2025-02-09
11319.0,AW00011319,Tane,Johnson,M,F,2023-08-31
11320.0,AW00011320,Sione,Johnson,S,F,2024-06-04
11321.0,AW00011321,Kimberly,Wright,M,M,2024-10-05
11322.0,AW00011322,George,Parker,M,F,2026-02-25
11323.0,AW00011323,Mary,Young,M,F,2025-07-23
11324.0,AW00011324,Tane,Ngata,S,M,2024-11-26
11325.0,AW00011325,Keziah,Taylor,S,F,2023-05-19
11326.0,AW00011326,Lisa,Scott,S,M,2025-12-26
11327.0,AW00011327,Melissa,Carter,S,F,2024-09-13
11328.0,AW00011328,Tane,Walker,M,M,2024-04-23
11329.0,AW00011329,Keziah,Hall,S,M,2025-06-25
11330.0,AW00011330,Kimberly,Johnson,M,F,2024-08-09
11331.0,AW00011331,Jessica,Carter,S,F,2026-04-23
11332.0,AW00011332,Kimberly,Clark,M,M,2023-06-02
11333.0,AW00011333,Steven,Clark,S,F,2026-05-18
11334.0,AW00011334,Jessica,Jones,S,F,2023-07-02
11335.0,AW00011335,Baraa,Smith,S,M,2025-01-04
11336.0,AW00011336,Richard,Davis,S,M,2025-08-24
11337.0,AW00011337,Joshua,Kumar,M,M,2026-03-27
11338.0,AW00011338,Jason,Manu,S,M,2023-05-04
11339.0,AW00011339,Amanda,Scott,M,F,2024-05-17
11340.0,AW00011340,Paul,Nelson,S,M,2023-07-03
11341.0,AW00011341,Baraa,Taylor,S,F,2025-01-19
11342.0,AW00011342,Donald,Taylor,S,M,2025-12-01
11343.0,AW00011343,Michael,Wilson,M,M,2025-10-28
11344.0,AW00011344,Sarah,Garcia,M,M,2023-12-02
11345.0,AW00011345,Aroha,Scott,M,F,2025-08-08
11346.0,AW00011346,Robert,Scott,M,F,2023-06-20
11347.0,AW00011347,Michelle,Walker,M,M,2023-05-10
11348.0,AW00011348,Amanda,Lee,M,F,2024-08-05
11349.0,AW00011349,Betty,Mitchell,M,M,2024-03-20
11350.0,AW00011350,John,Baker,M,M,2023-06-23
11351.0,AW00011351,Michelle,Carter,S,M,2024-12-24
11352.0,AW00011352,Emily,King,S,M,2023-07-28
11353.0,AW00011353,Charles,Patel,M,M,2024-03-18
11354.0,AW00011354,Jessica,Lopez,S,M,2023-08-31
11355.0,AW00011355,Jason,Nime,M,M,2023-01-24
11356.0,AW00011356,Stephanie,King,M,M,2023-07-25
11357.0,AW00011357,Rebecca,Walker,M,M,2024-07-29
11358.0,AW00011358,Timothy,Perez,M,F,2023-03-23
11359.0,AW00011359,Barbara,Garcia,S,F,2024-11-12
11360.0,AW00011360,Barbara,Toalii,M,F,2025-07-16
11361.0,AW00011361,Sione,Hall,S,M,2024-07-07
11362.0,AW00011362,Mary,Parker,S,M,2025-06-19
11363.0,AW00011363,Richard,Young,M,M,2025-03-04
11364.0,AW00011364,David,King,S,M,2023-09-14
11365.0,AW00011365,Lisa,Roberts,S,M,2026-05-03
11366.0,AW00011366,Karen,Lee,M,F,2023-10-12
11367.0,AW00011367,Charles,Parker,S,M,2024-09-12
11368.0,AW00011368,Robert,Taylor,M,F,2023-01-09
11369.0,AW00011369,Andrew,Baker,S,F,2026-03-04
11370.0,AW00011370,Baraa,Johnson,S,F,2024-11-13
11371.0,AW00011371,Linda,Kumar,M,F,2024-10-29
11372.0,AW00011372,Jessica,Allen,S,F,2023-05-21
11373.0,AW00011373,Kimberly,Young,M,M,2023-08-12
11374.0,AW00011374,Keziah,Taylor,S,F,2023-03-21
11375.0,AW00011375,David,Taylor,S,M,2024-03-22
11376.0,AW00011376,Deborah,Lewis,M,M,2025-10-15
11377.0,AW00011377,Kimberly,Clark,S,M,2023-09-28
11378.0,AW00011378,Deborah,Baker,M,F,2023-02-08
11379.0,AW00011379,Steven,Williams,S,M,2024-03-23
11380.0,AW00011380,Sandra,Green,S,F,2023-11-22
11381.0,AW00011381,Stephanie,Ngata,M,M,2024-04-18
11382.0,AW00011382,Jessica,Patel,M,F,2023-03-15
11383.0,AW00011383,Michael,Allen,S,M,2025-11-11
11384.0,AW00011384,Mere,Turner,S,M,2026-05-27
11385.0,AW00011385,Michael,Ngata,S,F,2026-04-09
11386.0,AW00011386,Melissa,Ngata,M,M,2023-10-10
11387.0,AW00011387,Daniel,Carter,S,F,2024-04-04
11388.0,AW00011388,John,Jackson,S,F,2025-03-28
11389.0,AW00011389,Mere,Lewis,S,F,2025-11-06
11390.0,AW00011390,Rebecca,Wilson,M,M,2023-06-07
11391.0,AW00011391,Tane,Lewis,M,M,2025-04-03
11392.0,AW00011392,Jessica,Baker,S,F,2024-03-22
11393.0,AW00011393,Mark,Perez,S,M,2026-04-29
11394.0,AW00011394,Keziah,Phillips,S,M,2026-01-28
11395.0,AW00011395,Betty,Smith,S,F,2025-05-14
11396.0,AW00011396,Lisa,King,M,M,2023-11-05
11397.0,AW00011397,Michael,Wright,M,M,2024-06-26
11398.0,AW00011398,Peter,Singh,S,M,2026-03-03
11399.0,AW00011399,Timothy,Taylor,M,M,2024-02-13
11400.0,AW00011400,Stephanie,Walker,S,M,2024-01-09
11401.0,AW00011401,Jessica,Turner,S,F,2024-03-10
11402.0,AW00011402,Mary,Toalii,M,M,2026-03-31
11403.0,AW00011403,Sandra,Walker,M,F,2023-03-23
11404.0,AW00011404,Steven,Mitchell,S,F,2023-06-21
11405.0,AW00011405,Kenneth,Anderson,M,M,2026-03-23
11406.0,AW00011406,Jason,Toalii,M,F,2025-11-15
11407.0,AW00011407,Jennifer,Garcia,M,M,2025-10-22
11408.0,AW00011408,Keziah,White,M,F,2025-08-26
11409.0,AW00011409,Susan,Martin,M,M,2023-06-13
11410.0,AW00011410,Joseph,Williams,S,F,2023-12-01
11411.0,AW00011411,Donna,Carter,S,F,2024-10-11
11412.0,AW00011412,Thomas,Scott,S,F,2025-03-30
11413.0,AW00011413,Joseph,Young,M,F,2024-06-17
11414.0,AW00011414,Deborah,Turner,S,F,2023-04-24
11415.0,AW00011415,Charles,Jackson,M,M,2025-11-04
11416.0,AW00011416,Ronald,Clark,S,F,2026-05-04
11417.0,AW00011417,Betty,Garcia,S,F,2023-05-05
11418.0,AW00011418,Joseph,Nelson,M,F,2025-11-05
11419.0,AW00011419,George,Lopez,M,F,2023-01-16
11420.0,AW00011420,John,Manu,S,M,2024-01-19
11421.0,AW00011421,Emily,Anderson,S,M,2023-07-12
11422.0,AW00011422,Stephanie,Baker,S,F,2024-07-29
11423.0,AW00011423,Charles,Turner,M,M,2026-01-21
11424.0,AW00011424,Donald,Nelson,M,M,2023-10-12
11425.0,AW00011425,Anthony,Phillips,S,F,2025-08-02
11426.0,AW00011426,Linda,Ngata,M,F,2025-08-13
11427.0,AW00011427,David,Taylor,S,F,2026-04-30
11428.0,AW00011428,Karen,Hall,S,F,2025-08-31
11429.0,AW00011429,Robert,Miller,M,M,2025-01-13
11430.0,AW00011430,Anthony,Parker,M,F,2025-10-20
11431.0,AW00011431,Melissa,Roberts,S,M,2024-04-18
11432.0,AW00011432,Malia,Patel,M,M,2026-03-01
11433.0,AW00011433,Elizabeth,Wright,M,M,2025-02-11
11434.0,AW00011434,Kenneth,Manu,M,M,2024-01-29
11435.0,AW00011435,George,Thomas,M,M,2025-10-14
11436.0,AW00011436,Susan,Baker,S,F,2026-05-11
11437.0,AW00011437,Donald,Roberts,S,M,2023-05-31
11438.0,AW00011438,Paul,Wright,M,M,2024-12-09
11439.0,AW00011439,Michelle,Thomas,M,M,2024-12-07
11440.0,AW00011440,Nancy,Phillips,M,F,2026-03-16
11441.0,AW00011441,Melissa,Unknown,M,F,2024-07-23
11442.0,AW00011442,Charles,Walker,S,F,2023-10-19
11443.0,AW00011443,Patricia,Perez,M,M,2024-03-17
11444.0,AW00011444,Mere,Jones,M,M,2025-05-08
11445.0,AW00011445,Sarah,Lee,M,F,2023-07-03
11446.0,AW00011446,Kimberly,Nelson,S,M,2023-12-05
11447.0,AW00011447,George,Clark,M,M,2025-01-10
11448.0,AW00011448,Aroha,Lewis,S,M,2025-09-30
11449.0,AW00011449,Kimberly,Baker,S,F,2025-02-06
11450.0,AW00011450,Steven,Thompson,S,F,2023-01-28
11451.0,AW00011451,Michelle,Adams,S,F,2023-07-22
11452.0,AW00011452,Jessica,White,M,M,2024-08-14
11453.0,AW00011453,Tane,Lee,M,M,2023-03-19
11454.0,AW00011454,David,Taylor,S,F,2023-11-04
11455.0,AW00011455,Tane,Green,S,F,2023-08-03
11456.0,AW00011456,Jason,Hall,M,M,2025-01-12
11457.0,AW00011457,Patricia,Jones,M,F,2023-03-04
11458.0,AW00011458,Paul,Martin,M,M,2023-07-29
11459.0,AW00011459,Baraa,Miller,S,F,2025-03-13
11460.0,AW00011460,William,Williams,M,F,2025-09-18
11461.0,AW00011461,Andrew,Miller,S,F,2024-11-21
11462.0,AW00011462,Timothy,Smith,M,M,2025-07-09
11463.0,AW00011463,Karen,Davis,S,F,2025-06-29
11464.0,AW00011464,Michael,Brown,M,M,2024-06-25
11465.0,AW00011465,Emily,Smith,M,F,2025-06-18
11466.0,AW00011466,Brian,Adams,S,M,2023-02-22
11467.0,AW00011467,Donna,Davis,M,M,2023-08-16
11468.0,AW00011468,Joshua,Wright,M,F,2026-04-25
11469.0,AW00011469,Sarah,Jackson,M,F,2025-11-25
11470.0,AW00011470,Tane,Garcia,S,F,2023-07-17
11471.0,AW00011471,Mark,Jackson,S,M,2026-03-09
11472.0,AW00011472,Michelle,Jones,S,M,2024-03-11
11473.0,AW00011473,Daniel,Davis,S,M,2023-09-21
11474.0,AW00011474,Donna,Moore,S,M,2025-03-09
11475.0,AW00011475,Tane,Hall,S,M,2025-02-17
11476.0,AW00011476,George,Wright,S,F,2024-06-24
11477.0,AW00011477,Sarah,Baker,M,F,2025-09-25
11478.0,AW00011478,Kimberly,Baker,S,M,2024-01-27
11479.0,AW00011479,Linda,Adams,S,M,2025-12-07
11480.0,AW00011480,Susan,Jones,M,M,2023-05-11
11481.0,AW00011481,Keziah,Jones,S,M,2024-03-04
11482.0,AW00011482,Betty,Manu,S,F,2025-08-15
11483.0,AW00011483,Amanda,Jackson,S,F,2025-03-11
11484.0,AW00011484,Emily,Jackson,M,F,2025-01-01
11485.0,AW00011485,Mark,Singh,M,M,2024-06-15
11486.0,AW00011486,Thomas,Wilson,S,M,2026-04-04
11487.0,AW00011487,Baraa,Brown,S,F,2023-09-07
11488.0,AW00011488,Brian,White,S,M,2023-02-13
11489.0,AW00011489,Richard,Anderson,M,F,2024-07-21
11490.0,AW00011490,Mark,Roberts,M,F,2026-01-02
11491.0,AW00011491,Donna,Green,S,M,2025-07-17
11492.0,AW00011492,Linda,Smith,S,M,2025-11-25
11493.0,AW00011493,Elizabeth,Jackson,S,M,2024-04-13
11494.0,AW00011494,Emily,Turner,S,M,2023-09-23
11495.0,AW00011495,John,Young,S,F,2023-12-13
11496.0,AW00011496,Stephanie,Toalii,S,F,2024-04-02
11497.0,AW00011497,Jennifer,Young,S,M,2024-05-13
11498.0,AW00011498,Steven,Thompson,S,M,2025-09-17
11499.0,AW00011499,Susan,Jackson,M,M,2025-07-04
11500.0,AW00011500,George,Anderson,S,M,2023-01-17
11501.0,AW00011501,John,King,S,M,2023-12-08
11502.0,AW00011502,Malia,Wright,S,F,2024-09-08
11503.0,AW00011503,James,Anderson,M,F,2024-09-26
11504.0,AW00011504,Daniel,Johnson,M,F,2023-05-29
11505.0,AW00011505,David,Allen,M,M,2024-07-16
11506.0,AW00011506,Melissa,Anderson,S,F,2025-10-28
11507.0,AW00011507,Stephanie,Allen,S,M,2025-06-07
11508.0,AW00011508,Jason,Young,S,M,2023-01-07
11509.0,AW00011509,Jennifer,Anderson,S,M,2026-01-28
11510.0,AW00011510,Nancy,Wilson,S,F,2023-07-10
11511.0,AW00011511,Mark,Turner,S,F,2023-08-18
11512.0,AW00011512,Barbara,King,S,M,2024-05-27
11513.0,AW00011513,Kimberly,Walker,M,M,2024-08-17
11514.0,AW00011514,Donna,Garcia,M,M,2026-02-09
11515.0,AW00011515,Stephanie,Walker,M,M,2025-10-18
11516.0,AW00011516,Susan,Thompson,M,M,2026-02-17
11517.0,AW00011517,John,Toalii,M,F,2026-04-03
11518.0,AW00011518,Peter,Parker,M,M,2023-03-03
11519.0,AW00011519,William,Nelson,M,F,2024-01-14
11520.0,AW00011520,Joseph,Anderson,S,M,2026-03-05
11521.0,AW00011521,Keziah,Carter,S,F,2023-03-23
11522.0,AW00011522,Sarah,Brown,S,M,2023-09-11
11523.0,AW00011523,Elizabeth,Wright,S,M,2025-10-02
11524.0,AW00011524,Carol,Toalii,M,M,2025-03-21
11525.0,AW00011525,Melissa,Garcia,M,M,2026-02-15
11526.0,AW00011526,Baraa,Hall,S,M,2024-02-03
11527.0,AW00011527,Brian,Turner,M,M,2023-01-14
11528.0,AW00011528,Kenneth,Miller,M,M,2025-08-14
11529.0,AW00011529,David,Young,S,F,2023-07-26
11530.0,AW00011530,Anthony,Roberts,S,F,2023-10-22
11531.0,AW00011531,Thomas,Scott,S,M,2025-07-07
11532.0,AW00011532,Aroha,Wright,S,F,2023-04-16
11533.0,AW00011533,Steven,Davis,M,F,2024-09-11
11534.0,AW00011534,Anthony,Patel,S,F,2023-06-13
11535.0,AW00011535,Amanda,Wilson,S,M,2023-07-19
11536.0,AW00011536,Kenneth,Perez,S,M,2024-02-20
11537.0,AW00011537,Mark,Hall,M,F,2023-07-06
11538.0,AW00011538,Daniel,Singh,M,F,2023-07-20
11539.0,AW00011539,Baraa,Allen,M,F,2023-06-14
11540.0,AW00011540,Patricia,Patel,S,M,2025-11-08
11541.0,AW00011541,Jessica,Kumar,S,F,2026-03-16
11542.0,AW00011542,James,Brown,S,M,2026-02-14
11543.0,AW00011543,John,Taylor,S,M,2023-06-02
11544.0,AW00011544,Peter,Turner,M,F,2025-05-06
11545.0,AW00011545,Emily,Lee,S,F,2023-08-07
11546.0,AW00011546,Nancy,Williams,M,M,2024-04-10
11547.0,AW00011547,Mary,Wright,M,F,2024-05-07
11548.0,AW00011548,Donald,Anderson,S,M,2026-03-31
11549.0,AW00011549,Brian,Nime,S,M,2023-01-25
11550.0,AW00011550,Kimberly,Carter,M,M,2025-09-20
11551.0,AW00011551,Richard,Campbell,S,F,2025-01-20
11552.0,AW00011552,Mary,Patel,S,F,2025-08-22
11553.0,AW00011553,Carol,Mitchell,M,M,2023-05-05
11554.0,AW00011554,Lisa,Wilson,M,F,2024-08-22
11555.0,AW00011555,Nancy,White,M,M,2026-04-21
11556.0,AW00011556,George,Williams,M,F,2023-08-27
11557.0,AW00011557,Carol,Lopez,M,M,2024-08-12
11558.0,AW00011558,Ronald,Anderson,S,M,2024-11-07
11559.0,AW00011559,Kimberly,Allen,S,M,2026-05-27
11560.0,AW00011560,Donald,Manu,S,M,2024-07-01
11561.0,AW00011561,Brian,Miller,S,M,2025-12-31
11562.0,AW00011562,Linda,Clark,M,M,2025-05-06
11563.0,AW00011563,Thomas,Campbell,M,F,2025-05-07
11564.0,AW00011564,Susan,Nelson,M,F,2025-12-26
11565.0,AW00011565,Brian,White,S,F,2023-07-02
11566.0,AW00011566,Keziah,Wright,M,M,2026-04-10
11567.0,AW00011567,Amanda,Martin,S,M,2025-06-30
11568.0,AW00011568,Malia,Lopez,M,M,2024-01-21
11569.0,AW00011569,Timothy,Turner,M,F,2025-10-08
11570.0,AW00011570,Sandra,Baker,M,M,2025-06-03
11571.0,AW00011571,Joshua,Lewis,S,M,2025-10-03
11572.0,AW00011572,Stephanie,Jackson,S,F,2024-06-28
11573.0,AW00011573,Michael,Walker,S,F,2023-04-30
11574.0,AW00011574,Donald,Thompson,M,M,2025-05-08
11575.0,AW00011575,John,Baker,M,M,2024-01-23
11576.0,AW00011576,Daniel,Lee,M,M,2025-08-25
11577.0,AW00011577,Kenneth,Turner,S,F,2023-02-08
11578.0,AW00011578,George,Walker,S,F,2023-07-17
11579.0,AW00011579,Jennifer,Wilson,M,M,2024-09-30
11580.0,AW00011580,Keziah,Allen,M,F,2023-03-05
11581.0,AW00011581,William,Thomas,S,F,2025-12-13
11582.0,AW00011582,Patricia,Toalii,M,F,2025-05-16
11583.0,AW00011583,Charles,Walker,M,M,2025-12-15
11584.0,AW00011584,Anthony,Scott,S,F,2023-01-16
11585.0,AW00011585,Karen,Smith,S,F,2025-07-14
11586.0,AW00011586,Charles,Carter,S,F,2025-06-30
11587.0,AW00011587,Charles,Carter,M,M,2023-05-30
11588.0,AW00011588,Betty,Lee,M,F,2023-11-11
11589.0,AW00011589,William,Nelson,M,M,2025-12-14
11590.0,AW00011590,Steven,Patel,S,F,2024-11-25
11591.0,AW00011591,Thomas,Singh,M,M,2026-03-08
11592.0,AW00011592,John,Smith,M,M,2023-06-07
11593.0,AW00011593,Susan,Nelson,S,F,2023-06-18
11594.0,AW00011594,Melissa,Toalii,M,M,2024-12-27
11595.0,AW00011595,Kenneth,Garcia,S,M,2025-11-10
11596.0,AW00011596,Kimberly,Davis,S,M,2024-08-22
11597.0,AW00011597,Tane,Baker,S,M,2025-06-06
11598.0,AW00011598,Karen,King,M,M,2026-03-15
11599.0,AW00011599,Mark,Martin,S,M,2024-12-16
11600.0,AW00011600,Betty,Martin,S,M,2026-04-14
11601.0,AW00011601,Carol,Scott,M,F,2025-08-13
11602.0,AW00011602,Joshua,Young,M,F,2026-05-03
11603.0,AW00011603,Peter,Miller,M,F,2026-03-07
11604.0,AW00011604,Joseph,Roberts,M,M,2024-08-01
11605.0,AW00011605,Karen,Singh,M,F,2023-07-06
11606.0,AW00011606,Deborah,Toalii,M,M,2023-07-26
11607.0,AW00011607,Sandra,Jones,M,M,2024-08-22
11608.0,AW00011608,Rebecca,Allen,M,M,2024-01-19
11609.0,AW00011609,Karen,Jones,S,F,2024-01-23
11610.0,AW00011610,Kenneth,Walker,M,M,2025-03-12
11611.0,AW00011611,Patricia,Phillips,S,F,2024-05-05
11612.0,AW00011612,Peter,Lee,S,F,2024-04-01
11613.0,AW00011613,Matthew,Adams,M,F,2023-02-10
11614.0,AW00011614,Timothy,Anderson,M,M,2025-06-19
11615.0,AW00011615,Ashley,Roberts,M,M,2023-07-24
11616.0,AW00011616,Daniel,White,S,F,2024-06-12
11617.0,AW00011617,David,Garcia,S,M,2025-03-20
11618.0,AW00011618,James,Thomas,S,M,2023-09-04
11619.0,AW00011619,Ashley,Turner,S,F,2025-11-25
11620.0,AW00011620,Malia,Lewis,M,M,2023-04-28
11621.0,AW00011621,Barbara,Mitchell,S,F,2023-06-13
11622.0,AW00011622,Jason,Allen,M,F,2024-05-05
11623.0,AW00011623,Karen,Walker,S,M,2024-12-05
11624.0,AW00011624,Donna,Patel,M,M,2025-05-08
11625.0,AW00011625,Amanda,Martin,S,M,2024-08-21
11626.0,AW00011626,Mark,Johnson,S,F,2024-12-03
11627.0,AW00011627,Richard,Johnson,S,F,2024-06-05
11628.0,AW00011628,Michael,Jones,M,F,2025-05-21
11629.0,AW00011629,George,Turner,M,M,2023-12-10
11630.0,AW00011630,John,Roberts,S,F,2026-05-12
11631.0,AW00011631,Jessica,Martin,S,M,2025-11-05
11632.0,AW00011632,Sarah,King,M,F,2025-04-07
11633.0,AW00011633,Richard,Moore,M,F,2023-01-11
11634.0,AW00011634,Joseph,Green,M,M,2024-09-18
11635.0,AW00011635,Mere,King,M,M,2024-09-13
11636.0,AW00011636,Brian,Johnson,S,M,2023-11-24
11637.0,AW00011637,Donna,Williams,S,M,2026-05-11
11638.0,AW00011638,Jennifer,Walker,M,M,2023-07-29
11639.0,AW00011639,Richard,Carter,S,M,2025-11-01
11640.0,AW00011640,Elizabeth,Campbell,M,M,2024-09-04
11641.0,AW00011641,James,Clark,M,M,2026-03-14
11642.0,AW00011642,Amanda,Allen,M,M,2023-05-27
11643.0,AW00011643,Michael,Hall,M,F,2023-06-11
11644.0,AW00011644,Sandra,Jones,M,F,2023-04-25
11645.0,AW00011645,Mary,Wright,M,M,2025-12-02
11646.0,AW00011646,Steven,Johnson,S,M,2024-01-31
11647.0,AW00011647,Anthony,Turner,M,M,2023-08-10
11648.0,AW00011648,Elizabeth,Jones,M,M,2026-02-16
11649.0,AW00011649,Anthony,Garcia,S,F,2024-11-23
11650.0,AW00011650,Nancy,Baker,M,M,2024-02-23
11651.0,AW00011651,Mary,Manu,S,F,2023-08-12
11652.0,AW00011652,Sandra,Parker,M,M,2024-10-28
11653.0,AW00011653,Karen,Lopez,S,M,2026-02-08
11654.0,AW00011654,Sione,Parker,M,M,2025-01-11
11655.0,AW00011655,Keziah,Martin,M,F,2025-09-29
11656.0,AW00011656,Aroha,Mitchell,M,M,2024-02-23
11657.0,AW00011657,Jason,Thomas,M,F,2023-01-17
11658.0,AW00011658,Ronald,Moore,S,M,2023-08-30
11659.0,AW00011659,Mary,Taylor,M,F,2024-02-11
11660.0,AW00011660,Susan,Manu,S,F,2024-01-18
11661.0,AW00011661,Malia,Roberts,S,M,2025-01-30
11662.0,AW00011662,Mark,Green,M,M,2025-10-09
11663.0,AW00011663,Andrew,Miller,M,F,2025-04-20
11664.0,AW00011664,Karen,Hall,M,M,2023-05-14
11665.0,AW00011665,James,Campbell,M,M,2023-07-09
11666.0,AW00011666,Ronald,Hall,M,F,2025-03-18
11667.0,AW00011667,Betty,Hall,S,M,2023-03-16
11668.0,AW00011668,Keziah,White,M,M,2025-04-02
11669.0,AW00011669,Michelle,Adams,M,F,2025-10-22
11670.0,AW00011670,Donald,Davis,M,M,2023-06-12
11671.0,AW00011671,David,Nelson,S,M,2024-06-25
11672.0,AW00011672,David,Walker,S,M,2025-07-25
11673.0,AW00011673,Matthew,Perez,S,F,2024-06-29
11674.0,AW00011674,Melissa,Clark,S,F,2023-10-24
11675.0,AW00011675,Ashley,Singh,M,F,2025-12-27
11676.0,AW00011676,Barbara,Green,S,M,2024-07-28
11677.0,AW00011677,Jessica,Brown,M,F,2025-04-29
11678.0,AW00011678,Amanda,Jones,M,M,2026-02-20
11679.0,AW00011679,John,Phillips,S,M,2024-11-21
11680.0,AW00011680,William,Nelson,M,F,2025-10-21
11681.0,AW00011681,Michael,Mitchell,S,F,2024-01-20
11682.0,AW00011682,Robert,Roberts,S,F,2025-03-28
11683.0,AW00011683,Donald,Miller,M,M,2025-10-28
11684.0,AW00011684,Barbara,Garcia,S,M,2025-12-06
11685.0,AW00011685,Jason,Williams,M,M,2026-04-27
11686.0,AW00011686,Anthony,Phillips,S,M,2024-05-05
11687.0,AW00011687,Rebecca,Johnson,M,M,2023-10-18
11688.0,AW00011688,Keziah,Manu,M,M,2024-10-14
11689.0,AW00011689,Baraa,Campbell,S,F,2023-11-23
11690.0,AW00011690,Karen,Smith,M,F,2023-09-02
11691.0,AW00011691,Elizabeth,Singh,M,F,2025-08-23
11692.0,AW00011692,Kimberly,Clark,M,F,2024-11-30
11693.0,AW00011693,Barbara,Moore,M,M,2026-05-24
11694.0,AW00011694,Daniel,Thompson,S,M,2025-03-16
11695.0,AW00011695,John,Nelson,S,F,2026-05-29
11696.0,AW00011696,Betty,Brown,S,M,2024-04-16
11697.0,AW00011697,Robert,Young,M,F,2025-06-10
11698.0,AW00011698,Rebecca,Jones,S,M,2025-06-15
11699.0,AW00011699,Melissa,Parker,S,F,2023-05-27
11700.0,AW00011700,Kenneth,Green,S,M,2025-03-05
11701.0,AW00011701,Baraa,Perez,S,M,2025-05-23
11702.0,AW00011702,Mark,Green,M,F,2025-01-03
11703.0,AW00011703,Thomas,Thomas,S,M,2026-01-11
11704.0,AW00011704,Ashley,Roberts,S,M,2023-08-14
11705.0,AW00011705,Kimberly,Ngata,S,F,2023-09-13
11706.0,AW00011706,Jennifer,Thomas,M,F,2023-11-02
11707.0,AW00011707,Betty,Toalii,M,F,2023-11-07
11708.0,AW00011708,Daniel,Miller,M,F,2026-05-24
11709.0,AW00011709,Susan,Baker,M,M,2024-03-23
11710.0,AW00011710,Matthew,Lee,S,F,2023-11-17
,AW00011711,Sarah,Nelson,M,F,2023-09-14
11712.0,AW00011712,Jessica,Adams,M,M,2025-01-29
11713.0,AW00011713,Keziah,Parker,S,M,2023-01-14
11714.0,AW00011714,Thomas,Thompson,S,F,2023-06-11
11715.0,AW00011715,Sandra,Manu,M,M,2023-05-18
11716.0,AW00011716,Kenneth,Jackson,S,M,2025-07-11
11717.0,AW00011717,Kenneth,King,M,M,2025-09-09
11718.0,AW00011718,Melissa,Green,M,F,2023-03-27
11719.0,AW00011719,Karen,Scott,M,F,2024-11-16
11720.0,AW00011720,Deborah,Garcia,S,M,2024-11-01
11721.0,AW00011721,Emily,Davis,M,F,2025-03-28
11722.0,AW00011722,James,Patel,M,M,2023-08-06
11723.0,AW00011723,Daniel,Nelson,S,M,2023-12-30
11724.0,AW00011724,Kimberly,Phillips,S,F,2026-05-23
11725.0,AW00011725,John,Ngata,S,F,2023-09-19
11726.0,AW00011726,Tane,Wright,S,F,2024-04-20
11727.0,AW00011727,Paul,Davis,M,F,2023-11-25
11728.0,AW00011728,Jennifer,Wright,M,F,2023-01-11
11729.0,AW00011729,Donna,Manu,M,F,2024-01-19
11730.0,AW00011730,Kimberly,Kumar,S,M,2025-05-17
11731.0,AW00011731,Emily,Green,S,M,2024-05-20
11732.0,AW00011732,Jennifer,Scott,S,F,2025-04-10
11733.0,AW00011733,Mere,Young,S,F,2025-04-02
11734.0,AW00011734,Steven,Adams,M,M,2023-06-18
11735.0,AW00011735,Ashley,Ngata,S,F,2025-07-19
11736.0,AW00011736,Robert,Miller,M,M,2025-12-03
11737.0,AW00011737,Kenneth,Hall,M,M,2024-11-16
11738.0,AW00011738,Steven,Adams,S,F,2024-02-24
11739.0,AW00011739,Betty,Miller,S,M,2024-12-19
11740.0,AW00011740,Richard,Mitchell,S,M,2026-03-25
11741.0,AW00011741,Barbara,Baker,M,M,2024-03-02
11742.0,AW00011742,Carol,Davis,S,F,2023-03-01
11743.0,AW00011743,Ronald,Roberts,S,F,2025-01-04
11744.0,AW00011744,Elizabeth,Anderson,S,M,2025-02-18
11745.0,AW00011745,Susan,Williams,S,M,2023-01-05
11746.0,AW00011746,Donald,Davis,M,F,2023-10-19
11747.0,AW00011747,Richard,Green,M,M,2024-05-03
11748.0,AW00011748,William,Perez,M,M,2025-03-16
11749.0,AW00011749,Keziah,Carter,S,M,2025-07-27
11750.0,AW00011750,Susan,Jackson,M,M,2026-03-02
11751.0,AW00011751,Matthew,Nelson,S,M,2025-08-19
11752.0,AW00011752,Linda,Walker,M,F,2024-08-14
11753.0,AW00011753,Tane,Roberts,M,F,2026-03-29
11754.0,AW00011754,Charles,Nelson,M,M,2026-03-30
11755.0,AW00011755,Rebecca,Lewis,M,F,2025-10-17
11756.0,AW00011756,Elizabeth,Clark,M,F,2026-02-23
11757.0,AW00011757,Stephanie,Lewis,S,F,2023-11-08
11758.0,AW00011758,Joseph,Phillips,M,F,2024-01-25
11759.0,AW00011759,Stephanie,Young,M,M,2024-05-26
11760.0,AW00011760,Deborah,Garcia,M,F,2024-05-18
11761.0,AW00011761,Deborah,Patel,M,F,2024-01-10
11762.0,AW00011762,Daniel,Turner,S,M,2025-08-02
11763.0,AW00011763,Peter,Brown,S,F,2024-07-14
11764.0,AW00011764,Rebecca,Taylor,S,F,2026-05-03
11765.0,AW00011765,Karen,Taylor,M,M,2024-10-01
11766.0,AW00011766,Charles,Nelson,M,F,2023-08-14
11767.0,AW00011767,Timothy,Campbell,M,M,2023-12-26
11768.0,AW00011768,Jessica,Thompson,S,F,2026-04-28
11769.0,AW00011769,Barbara,Clark,S,M,2025-02-23
11770.0,AW00011770,Charles,Manu,S,M,2025-06-01
11771.0,AW00011771,James,Scott,M,F,2024-08-08
11772.0,AW00011772,Emily,Adams,M,M,2025-08-24
11773.0,AW00011773,Timothy,Clark,S,M,2025-10-11
11774.0,AW00011774,Betty,Mitchell,M,M,2023-05-21
11775.0,AW00011775,Jessica,Ngata,S,F,2026-04-20
11776.0,AW00011776,William,Mitchell,M,F,2026-02-15
11777.0,AW00011777,Emily,Lewis,M,F,2024-12-04
11778.0,AW00011778,Richard,Davis,S,M,2025-12-25
11779.0,AW00011779,Michael,Perez,S,F,2023-10-26
11780.0,AW00011780,Sandra,Carter,M,M,2026-05-06
11781.0,AW00011781,Donna,Hall,S,F,2024-03-29
11782.0,AW00011782,Jason,Garcia,S,F,2025-10-18
11783.0,AW00011783,Elizabeth,Moore,M,F,2026-04-28
11784.0,AW00011784,Melissa,Young,S,F,2025-03-02
11785.0,AW00011785,Anthony,Jackson,S,M,2023-11-07
11786.0,AW00011786,Donna,Wright,S,M,2025-03-11
11787.0,AW00011787,Emily,Taylor,M,M,2024-08-16
11788.0,AW00011788,Stephanie,Jones,S,M,2024-09-05
11789.0,AW00011789,Barbara,Martin,M,M,2024-12-15
11790.0,AW00011790,Steven,Nelson,S,F,2024-11-30
11791.0,AW00011791,Rebecca,,M,M,2025-04-10
11792.0,AW00011792,James,King,S,F,2023-02-25
11793.0,AW00011793,Keziah,Parker,M,F,2024-08-23
11794.0,AW00011794,Paul,Moore,S,M,2024-09-22
11795.0,AW00011795,Mark,Miller,M,F,2024-10-01
11796.0,AW00011796,George,Miller,M,F,2025-08-17
11797.0,AW00011797,Baraa,Nelson,M,F,2024-02-29
11798.0,AW00011798,Amanda,Adams,S,M,2024-06-29
11799.0,AW00011799,Lisa,Moore,M,M,2023-11-01
11800.0,AW00011800,Robert,Lewis,M,M,2023-01-27
11801.0,AW00011801,Ronald,Walker,M,M,2025-02-06
11802.0,AW00011802,David,Hall,S,F,2025-06-08
11803.0,AW00011803,John,Wright,S,F,2025-09-23
11804.0,AW00011804,Ronald,Jackson,S,F,2026-04-04
11805.0,AW00011805,Ronald,Young,S,F,2024-11-17
11806.0,AW00011806,Joseph,Turner,S,M,2024-11-25
11807.0,AW00011807,Sandra,Martin,M,F,2023-12-26
11808.0,AW00011808,Patricia,White,S,F,2026-01-18
11809.0,AW00011809,Paul,Adams,S,F,2023-06-11
11810.0,AW00011810,Robert,Manu,S,M,2023-01-12
11811.0,AW00011811,Anthony,Turner,S,F,2023-05-13
11812.0,AW00011812,Robert,Patel,M,F,2023-06-10
11813.0,AW00011813,Donna,Lopez,M,M,2024-07-14
11814.0,AW00011814,Tane,White,S,M,2024-05-30
11815.0,AW00011815,Joseph,Brown,M,M,2024-02-10
11816.0,AW00011816,Baraa,Ngata,M,M,2023-10-11
11817.0,AW00011817,Brian,Moore,M,M,2023-12-03
11818.0,AW00011818,Jennifer,Martin,S,F,2025-11-02
11819.0,AW00011819,Ronald,Thompson,M,F,2024-01-09
11820.0,AW00011820,Deborah,Wright,S,M,2023-04-02
11821.0,AW00011821,Steven,Baker,M,M,2024-05-28
11822.0,AW00011822,Sarah,Williams,S,F,2024-04-14
11823.0,AW00011823,Brian,Taylor,M,F,2025-06-20
11824.0,AW00011824,Melissa,Young,M,F,2023-11-19
11825.0,AW00011825,William,Miller,S,F,2024-08-14
11826.0,AW00011826,Keziah,Ngata,S,M,2025-03-19
11827.0,AW00011827,Kimberly,Moore,S,F,2024-06-23
11828.0,AW00011828,Thomas,Nelson,S,M,2026-01-16
11829.0,AW00011829,Charles,King,S,M,2025-10-14
11830.0,AW00011830,Emily,Jones,M,M,2024-09-02
11831.0,AW00011831,Aroha,Brown,M,F,2025-07-21
11832.0,AW00011832,Michelle,Jackson,S,F,2023-12-03
11833.0,AW00011833,Kenneth,Lewis,S,F,2023-06-06
11834.0,AW00011834,Donna,Thomas,M,F,2024-04-21
11835.0,AW00011835,Andrew,Moore,S,M,2025-09-19
11836.0,AW00011836,Linda,Nime,M,M,2023-10-06
11837.0,AW00011837,Anthony,Martin,S,F,2024-08-09
11838.0,AW00011838,Stephanie,Garcia,M,F,2025-08-24
11839.0,AW00011839,Deborah,Campbell,S,F,2025-05-11
11840.0,AW00011840,Donna,Smith,S,M,2023-11-14
11841.0,AW00011841,Timothy,Nelson,M,F,2025-05-20
11842.0,AW00011842,Donna,Ngata,M,F,2026-02-19
11843.0,AW00011843,Jessica,Thomas,S,M,2023-02-23
11844.0,AW00011844,Amanda,Phillips,M,M,2025-03-13
11845.0,AW00011845,Karen,Baker,S,F,2025-10-13
11846.0,AW00011846,Paul,Smith,S,M,2026-04-15
11847.0,AW00011847,Sione,Davis,S,F,2026-04-24
11848.0,AW00011848,Deborah,Williams,S,M,2024-09-13
11849.0,AW00011849,Charles,Thompson,M,F,2024-09-16
11850.0,AW00011850,David,Singh,M,M,2023-10-01
11851.0,AW00011851,Mark,Thompson,S,M,2024-04-04
11852.0,AW00011852,Barbara,Carter,M,F,2023-06-11
11853.0,AW00011853,Stephanie,Turner,M,F,2023-05-25
11854.0,AW00011854,Lisa,Clark,S,F,2024-04-22
11855.0,AW00011855,Ronald,Roberts,M,M,2023-10-07
11856.0,AW00011856,Mary,Johnson,M,M,2024-08-26
11857.0,AW00011857,Charles,Thompson,S,F,2023-01-26
11858.0,AW00011858,John,Adams,M,M,2026-05-05
11859.0,AW00011859,Linda,Moore,S,M,2024-08-06
11860.0,AW00011860,Donna,King,S,F,2024-01-03
11861.0,AW00011861,Daniel,Jones,M,M,2023-08-30
11862.0,AW00011862,Keziah,Smith,S,M,2024-10-08
11863.0,AW00011863,Baraa,Garcia,M,M,2023-03-28
11864.0,AW00011864,Aroha,Perez,S,M,2024-11-29
11865.0,AW00011865,Lisa,Brown,S,F,2023-05-21
11866.0,AW00011866,Betty,Davis,S,M,2025-11-01
11867.0,AW00011867,Matthew,Campbell,S,M,2023-01-02
11868.0,AW00011868,Steven,Ngata,S,F,2025-06-15
11869.0,AW00011869,Sandra,Scott,S,M,2024-07-31
11870.0,AW00011870,Michael,Anderson,M,F,2025-04-04
11871.0,AW00011871,Mary,Anderson,S,M,2024-03-16
11872.0,AW00011872,Donna,Wright,M,M,2023-08-11
11873.0,AW00011873,Malia,Smith,S,F,2026-02-28
11874.0,AW00011874,David,Patel,,M,2023-08-29
11875.0,AW00011875,Emily,Roberts,S,M,2025-02-24
11876.0,AW00011876,Baraa,Garcia,S,M,2025-02-12
11877.0,AW00011877,Emily,Ngata,S,M,2025-02-23
11878.0,AW00011878,Jessica,Phillips,M,F,2023-08-27
11879.0,AW00011879,Thomas,Walker,S,F,2023-12-19
11880.0,AW00011880,Sandra,Ngata,S,M,2025-10-27
11881.0,AW00011881,Joshua,Manu,M,M,2025-07-16
11882.0,AW00011882,Patricia,Phillips,S,F,2025-08-13
11883.0,AW00011883,Kenneth,Roberts,M,M,2025-05-19
11884.0,AW00011884,James,Allen,M,M,2026-01-22
11885.0,AW00011885,Anthony,Miller,M,F,2023-10-30
11886.0,AW00011886,Tane,Mitchell,M,M,2023-07-26
11887.0,AW00011887,Kenneth,Scott,S,M,2023-06-12
11888.0,AW00011888,Matthew,Green,S,F,2023-03-06
11889.0,AW00011889,Daniel,Young,M,F,2023-01-06
11890.0,AW00011890,Thomas,King,S,F,2025-05-17
11891.0,AW00011891,Matthew,Nelson,S,M,2025-05-13
11892.0,AW00011892,George,Clark,S,M,2025-06-20
11893.0,AW00011893,Anthony,Turner,S,M,2023-03-28
11894.0,AW00011894,Stephanie,Nime,S,M,2024-12-16
11895.0,AW00011895,Rebecca,Walker,S,M,2025-11-20
11896.0,AW00011896,Richard,Davis,S,F,2025-12-04
11897.0,AW00011897,Baraa,Martin,M,F,2024-12-06
11898.0,AW00011898,Richard,Lopez,M,M,2025-02-18
11899.0,AW00011899,Daniel,Campbell,M,M,2024-06-28
11900.0,AW00011900,Elizabeth,Roberts,M,M,2026-05-31
11901.0,AW00011901,Daniel,Walker,M,F,2024-03-23
11902.0,AW00011902,Barbara,Parker,S,M,2023-03-19
11903.0,AW00011903,Mark,Perez,M,F,2026-05-10
11904.0,AW00011904,John,Wilson,M,M,2024-09-03
11905.0,AW00011905,Daniel,Baker,M,F,2023-10-04
11906.0,AW00011906,Joshua,Nime,M,F,2025-12-03
11907.0,AW00011907,Donna,Jackson,M,F,2026-01-06
11908.0,AW00011908,Stephanie,Wilson,S,F,2026-05-25
11909.0,AW00011909,Barbara,Martin,S,M,2024-03-02
11910.0,AW00011910,Anthony,Baker,M,F,2024-02-06
11911.0,AW00011911,Paul,Green,S,M,2023-02-12
11912.0,AW00011912,Michael,Wright,M,M,2024-12-02
11913.0,AW00011913,Timothy,Patel,M,M,2025-12-19
11914.0,AW00011914,Patricia,Ngata,M,M,2025-08-20
11915.0,AW00011915,Daniel,Roberts,M,M,2025-02-03
11916.0,AW00011916,Amanda,Jackson,M,F,2025-05-15
11917.0,AW00011917,Tane,Taylor,S,F,2024-01-20
11918.0,AW00011918,Sandra,Ngata,M,F,2025-11-10
11919.0,AW00011919,William,King,S,M,2025-12-29
11920.0,AW00011920,Nancy,Perez,S,F,2025-03-10
11921.0,AW00011921,Robert,Roberts,S,F,2025-03-27
11922.0,AW00011922,Sandra,King,M,F,2023-06-01
11923.0,AW00011923,Anthony,Thomas,M,F,2025-05-04
11924.0,AW00011924,Donna,Davis,M,M,2023-08-22
11925.0,AW00011925,Robert,Manu,S,F,2025-11-12
11926.0,AW00011926,Richard,Turner,M,F,2025-02-18
11927.0,AW00011927,Brian,Kumar,M,F,2024-06-30
11928.0,AW00011928,Anthony,Lopez,M,M,2024-06-20
11929.0,AW00011929,Patricia,Young,M,F,2023-03-03
11930.0,AW00011930,David,Davis,M,M,2026-01-13
11931.0,AW00011931,Mark,Jones,M,M,2024-01-11
11932.0,AW00011932,Daniel,Johnson,S,M,2026-01-29
11933.0,AW00011933,Linda,Young,M,F,2023-04-18
11934.0,AW00011934,Tane,Kumar,M,M,2024-10-18
11935.0,AW00011935,Stephanie,Walker,S,F,2025-09-03
11936.0,AW00011936,Malia,Smith,M,M,2023-09-15
11937.0,AW00011937,Anthony,Toalii,M,M,2025-01-19
11938.0,AW00011938,Joseph,Manu,M,M,2024-01-05
11939.0,AW00011939,Daniel,Perez,M,F,2023-12-01
11940.0,AW00011940,Amanda,Thomas,S,F,2023-05-23
11941.0,AW00011941,Susan,Hall,M,M,2024-11-26
11942.0,AW00011942,Steven,Manu,S,M,2026-03-20
11943.0,AW00011943,Richard,Baker,M,M,2025-08-23
11944.0,AW00011944,George,Taylor,M,F,2026-03-18
11945.0,AW00011945,William,Patel,S,M,2025-03-28
11946.0,AW00011946,Susan,King,M,F,2024-12-18
11947.0,AW00011947,Keziah,Parker,S,M,2024-04-07
11948.0,AW00011948,Charles,Scott,M,M,2024-08-13
11949.0,AW00011949,Barbara,Baker,M,M,2025-03-09
11950.0,AW00011950,Mere,Adams,S,M,2024-07-10
11951.0,AW00011951,Kenneth,Lee,S,F,2024-12-05
11952.0,AW00011952,Patricia,Walker,S,F,2026-01-23
11953.0,AW00011953,Mary,Wright,M,F,2023-06-09
11954.0,AW00011954,James,Lewis,S,F,2025-01-25
11955.0,AW00011955,Timothy,Patel,S,M,2025-08-27
11956.0,AW00011956,Thomas,Carter,S,F,2023-04-09
11957.0,AW00011957,Kimberly,Phillips,S,F,2025-01-22
11958.0,AW00011958,Mark,Turner,M,F,2026-01-04
11959.0,AW00011959,Jason,Wright,M,M,2023-02-24
11960.0,AW00011960,Betty,Smith,S,F,2023-10-11
11961.0,AW00011961,Carol,Thompson,S,M,2025-04-04
11962.0,AW00011962,Amanda,Toalii,S,M,2023-11-02
11963.0,AW00011963,Thomas,Martin,S,F,2025-03-26
11964.0,AW00011964,Daniel,Hall,M,F,2024-10-02
11965.0,AW00011965,Kenneth,Scott,M,F,2025-11-18
11966.0,AW00011966,Peter,Moore,M,F,2024-10-01
11967.0,AW00011967,David,White,M,F,2026-04-23
11968.0,AW00011968,Malia,Roberts,S,F,2024-06-06
11969.0,AW00011969,Sandra,Martin,M,M,2025-11-12
11970.0,AW00011970,Paul,Green,S,M,2025-08-24
11971.0,AW00011971,Mary,Parker,M,F,2025-02-26
11972.0,AW00011972,Andrew,Kumar,M,M,2026-03-09
11973.0,AW00011973,Jason,Allen,S,F,2024-03-14
11974.0,AW00011974,Keziah,Taylor,M,M,2023-06-24
11975.0,AW00011975,Ashley,Jackson,M,F,2025-07-31
11976.0,AW00011976,Mere,Moore,S,F,2023-05-02
11977.0,AW00011977,Keziah,Scott,M,F,2026-03-31
11978.0,AW00011978,Joseph,Phillips,M,F,2025-11-17
11979.0,AW00011979,Robert,Manu,M,F,2026-02-08
11980.0,AW00011980,Ronald,Campbell,S,F,2024-08-07
11981.0,AW00011981,Joshua,Green,M,M,2024-09-06
11982.0,AW00011982,Robert,Garcia,S,F,2024-10-23
11983.0,AW00011983,Joshua,Green,M,M,2024-02-17
11984.0,AW00011984,Brian,Lee,S,F,2023-10-27
11985.0,AW00011985,Daniel,Allen,S,M,2024-01-28
11986.0,AW00011986,David,Smith,M,M,2024-06-07
11987.0,AW00011987,Susan,Jackson,S,M,2025-11-14
11988.0,AW00011988,Aroha,Jackson,M,M,2025-08-05
11989.0,AW00011989,Joseph,Walker,S,M,2024-04-04
11990.0,AW00011990,Anthony,Nelson,M,M,2024-04-16
11991.0,AW00011991,Richard,Ngata,S,F,2024-10-18
11992.0,AW00011992,Peter,Garcia,M,M,2023-02-03
11993.0,AW00011993,Linda,Nelson,M,M,2024-09-23
11994.0,AW00011994,Thomas,Baker,M,F,2025-02-26
11995.0,AW00011995,Nancy,Anderson,M,M,2025-03-05
11996.0,AW00011996,Sarah,Wright,S,F,2024-07-20
11997.0,AW00011997,Brian,Young,M,M,2023-05-03
11998.0,AW00011998,Mark,Parker,M,F,2024-09-06
11999.0,AW00011999,Jennifer,Miller,M,F,2026-01-26
12000.0,AW00012000,Lisa,King,S,F,2026-02-28
12001.0,AW00012001,Barbara,Lee,S,F,2026-01-18
12002.0,AW00012002,Barbara,Young,M,F,2025-02-15
12003.0,AW00012003,Deborah,Thomas,M,F,2026-03-30
12004.0,AW00012004,Matthew,Thomas,S,M,2023-04-15
12005.0,AW00012005,Lisa,Brown,S,F,2024-04-29
12006.0,AW00012006,Sione,Walker,M,F,2025-12-10
12007.0,AW00012007,Daniel,Nime,M,M,2024-12-28
12008.0,AW00012008,Michael,Wright,S,M,2024-01-07
12009.0,AW00012009,Sione,Davis,S,F,2025-05-24
12010.0,AW00012010,Michelle,Hall,S,F,2025-07-10
12011.0,AW00012011,Amanda,Campbell,S,F,2023-01-12
12012.0,AW00012012,Betty,Phillips,M,F,2025-09-17
12013.0,AW00012013,Kimberly,Carter,S,F,2023-03-19
12014.0,AW00012014,Daniel,Singh,S,M,2026-03-21
12015.0,AW00012015,Kimberly,Williams,M,M,2023-06-24
12016.0,AW00012016,Kimberly,Toalii,S,M,2026-01-13
12017.0,AW00012017,Sandra,Jackson,S,F,2024-11-03
12018.0,AW00012018,Jennifer,Nelson,M,M,2025-07-25
12019.0,AW00012019,Sandra,Allen,S,F,2025-08-06
12020.0,AW00012020,Sarah,Anderson,S,F,2023-08-03
12021.0,AW00012021,Ronald,Jackson,M,M,2024-09-23
12022.0,AW00012022,Jason,Brown,S,M,2023-05-19
12023.0,AW00012023,Jason,Manu,M,F,2023-06-12
12024.0,AW00012024,Tane,Jackson,M,F,2023-03-06
12025.0,AW00012025,Paul,Nime,S,F,2023-10-05
12026.0,AW00012026,Patricia,Singh,M,M,2024-10-15
12027.0,AW00012027,Rebecca,Parker,S,F,2024-07-27
12028.0,AW00012028,Sarah,Martin,M,M,2023-06-10
12029.0,AW00012029,David,Jones,S,M,2026-01-18
12030.0,AW00012030,Rebecca,Miller,S,M,2024-02-25
12031.0,AW00012031,Malia,Johnson,S,M,2025-09-30
12032.0,AW00012032,Brian,Anderson,S,M,2025-07-22
12033.0,AW00012033,Mere,Young,M,F,2024-09-13
12034.0,AW00012034,Linda,Ngata,S,F,2024-04-29
12035.0,AW00012035,Rebecca,White,S,F,2026-02-12
12036.0,AW00012036,James,Moore,M,M,2025-04-01
12037.0,AW00012037,Mary,Miller,M,M,2026-05-19
12038.0,AW00012038,Brian,Adams,S,F,2025-09-20
12039.0,AW00012039,Rebecca,Campbell,M,F,2024-11-28
12040.0,AW00012040,James,Singh,S,F,2023-08-13
12041.0,AW00012041,Malia,Allen,M,M,2026-01-09
12042.0,AW00012042,Sandra,Patel,M,M,2024-02-02
12043.0,AW00012043,Aroha,Perez,M,F,2025-12-26
12044.0,AW00012044,William,Anderson,S,F,2023-02-28
12045.0,AW00012045,Linda,Manu,M,M,2025-11-10
12046.0,AW00012046,Timothy,Hall,S,F,2024-04-21
12047.0,AW00012047,Malia,Anderson,S,F,2024-12-27
12048.0,AW00012048,Donna,Thomas,M,F,2023-04-23
12049.0,AW00012049,Barbara,Taylor,S,F,2025-09-30
12050.0,AW00012050,Susan,Campbell,M,M,2025-09-26
12051.0,AW00012051,Rebecca,Turner,M,F,2024-09-28
12052.0,AW00012052,Lisa,Jones,M,F,2024-06-29
12053.0,AW00012053,Emily,Davis,S,M,2024-10-20
12054.0,AW00012054,Sandra,Singh,M,F,2026-02-22
12055.0,AW00012055,Susan,Perez,S,F,2023-07-31
12056.0,AW00012056,Betty,Patel,M,F,2025-11-17
12057.0,AW00012057,Jessica,Lopez,M,F,2024-05-06
12058.0,AW00012058,Ronald,Brown,S,M,2024-12-27
12059.0,AW00012059,Andrew,Smith,S,F,2026-05-05
12060.0,AW00012060,Donald,Wilson,S,M,2025-12-13
12061.0,AW00012061,Donna,Allen,M,M,2024-11-23
12062.0,AW00012062,Joshua,Anderson,M,M,2023-11-14
12063.0,AW00012063,Susan,Williams,M,M,2025-01-01
12064.0,AW00012064,Jennifer,Nelson,S,F,2023-04-23
12065.0,AW00012065,Amanda,Lopez,S,F,2023-02-01
12066.0,AW00012066,Sarah,Moore,M,M,2024-10-30
12067.0,AW00012067,Deborah,Lee,M,M,2024-12-29
12068.0,AW00012068,Emily,Scott,M,M,2025-09-13
12069.0,AW00012069,Keziah,Lopez,S,F,2024-05-13
12070.0,AW00012070,Tane,Perez,M,F,2024-09-25
12071.0,AW00012071,Kenneth,Toalii,M,M,2025-02-11
12072.0,AW00012072,Patricia,Davis,S,F,2023-01-21
12073.0,AW00012073,Karen,Carter,M,F,2025-12-18
12074.0,AW00012074,Sarah,King,M,M,2024-05-01
12075.0,AW00012075,Joshua,Kumar,M,F,2023-09-11
12076.0,AW00012076,Rebecca,Mitchell,M,M,2025-09-06
12077.0,AW00012077,Nancy,White,S,M,2025-10-08
12078.0,AW00012078,Barbara,Wilson,S,F,2024-12-27
12079.0,AW00012079,Mark,Hall,S,F,2023-05-03
12080.0,AW00012080,Anthony,King,M,M,2025-02-02
12081.0,AW00012081,Anthony,Martin,S,M,2024-07-06
12082.0,AW00012082,Sione,Green,M,M,2025-03-25
12083.0,AW00012083,Sarah,Manu,M,F,2026-02-23
12084.0,AW00012084,Lisa,Phillips,S,M,2025-03-24
12085.0,AW00012085,Ashley,Phillips,M,M,2025-11-15
12086.0,AW00012086,Patricia,Baker,M,M,2023-01-22
12087.0,AW00012087,George,Thompson,M,F,2023-01-26
12088.0,AW00012088,Sione,Perez,M,F,2024-05-23
12089.0,AW00012089,Tane,Roberts,M,F,2023-02-11
12090.0,AW00012090,Elizabeth,Johnson,S,M,2024-03-10
12091.0,AW00012091,Tane,Hall,S,M,2024-02-15
12092.0,AW00012092,Timothy,Taylor,S,M,2025-06-18
12093.0,AW00012093,Peter,Roberts,S,M,2025-05-06
12094.0,AW00012094,Mark,Walker,M,M,2024-05-19
12095.0,AW00012095,Tane,Smith,M,M,2024-01-28
12096.0,AW00012096,George,Parker,S,F,2023-01-18
12097.0,AW00012097,Sione,Kumar,S,F,2024-05-02
12098.0,AW00012098,Kenneth,Wright,M,F,2024-11-19
12099.0,AW00012099,Linda,Hall,S,F,2025-03-17
12100.0,AW00012100,Malia,King,M,F,2025-05-29
12101.0,AW00012101,Karen,Perez,M,F,2024-02-03
12102.0,AW00012102,Malia,Young,S,F,2026-03-30
12103.0,AW00012103,Paul,Lewis,S,F,2025-08-27
12104.0,AW00012104,Melissa,Davis,M,F,2024-08-15
12105.0,AW00012105,James,Perez,M,M,2023-08-16
12106.0,AW00012106,Thomas,Parker,S,M,2023-02-11
12107.0,AW00012107,Robert,Johnson,M,M,2023-12-24
12108.0,AW00012108,Lisa,Wilson,M,M,2024-05-25
12109.0,AW00012109,Thomas,Patel,M,M,2024-12-13
12110.0,AW00012110,Michael,Ngata,S,F,2023-04-18
12111.0,AW00012111,Elizabeth,Lee,M,F,2024-09-05
12112.0,AW00012112,Kimberly,Green,M,F,2024-03-26
12113.0,AW00012113,Joseph,Taylor,M,F,2024-09-02
12114.0,AW00012114,Susan,Jackson,M,F,2024-03-27
12115.0,AW00012115,Charles,Taylor,S,M,2023-11-21
12116.0,AW00012116,Lisa,Jackson,M,M,2023-06-11
12117.0,AW00012117,Patricia,Mitchell,S,M,2025-02-17
12118.0,AW00012118,Deborah,Perez,M,M,2024-12-10
12119.0,AW00012119,Rebecca,Green,S,F,2024-11-28
12120.0,AW00012120,Timothy,Green,M,M,2023-12-06
12121.0,AW00012121,Lisa,Scott,S,M,2026-05-18
12122.0,AW00012122,Malia,Turner,M,F,2025-07-22
12123.0,AW00012123,Anthony,Jackson,M,M,2024-03-15
12124.0,AW00012124,Timothy,Phillips,S,F,2024-12-15
12125.0,AW00012125,Richard,Parker,M,M,2024-09-13
12126.0,AW00012126,Lisa,Mitchell,S,M,2024-03-02
12127.0,AW00012127,Susan,Brown,S,F,2024-02-17
12128.0,AW00012128,Rebecca,King,M,M,2023-09-20
12129.0,AW00012129,Amanda,Mitchell,S,M,2024-05-05
12130.0,AW00012130,Emily,Wilson,S,M,2024-08-01
12131.0,AW00012131,Charles,Jones,S,F,2025-09-16
12132.0,AW00012132,Sione,Martin,S,F,2025-06-23
12133.0,AW00012133,Steven,Anderson,S,M,2025-03-28
12134.0,AW00012134,Tane,Allen,M,M,2024-10-08
12135.0,AW00012135,Baraa,Walker,S,F,2024-11-17
12136.0,AW00012136,Mark,Jones,S,F,2024-04-29
12137.0,AW00012137,Barbara,Baker,M,M,2024-10-07
12138.0,AW00012138,Susan,Smith,S,F,2023-12-17
12139.0,AW00012139,Betty,Turner,M,M,2025-08-13
12140.0,AW00012140,Elizabeth,Davis,S,M,2024-09-13
12141.0,AW00012141,Elizabeth,Allen,S,F,2025-06-03
12142.0,AW00012142,Emily,Turner,S,F,2023-03-31
12143.0,AW00012143,Paul,Singh,M,F,2024-12-19
12144.0,AW00012144,Elizabeth,Martin,S,M,2024-03-25
12145.0,AW00012145,Melissa,Jones,M,M,2023-03-09
12146.0,AW00012146,Carol,Young,S,F,2024-08-09
12147.0,AW00012147,Anthony,Lee,S,M,2024-08-19
12148.0,AW00012148,Amanda,Campbell,M,F,2024-02-27
12149.0,AW00012149,Patricia,Nime,M,M,2024-03-24
12150.0,AW00012150,Ashley,Moore,S,F,2025-10-17
12151.0,AW00012151,Linda,Kumar,M,F,2025-02-12
12152.0,AW00012152,Joseph,Baker,S,F,2023-05-25
12153.0,AW00012153,Daniel,Perez,M,M,2026-04-06
12154.0,AW00012154,Baraa,Brown,S,F,2025-10-11
12155.0,AW00012155,Steven,Mitchell,S,M,2024-11-03
12156.0,AW00012156,Kenneth,Hall,M,M,2024-10-15
12157.0,AW00012157,George,Johnson,M,M,2024-09-08
12158.0,AW00012158,Sione,Adams,M,F,2023-04-25
12159.0,AW00012159,Anthony,Campbell,M,M,2025-11-03
12160.0,AW00012160,Mark,Brown,S,F,2023-09-23
12161.0,AW00012161,Kenneth,Toalii,S,F,2025-03-12
12162.0,AW00012162,Stephanie,Johnson,S,M,2025-07-25
12163.0,AW00012163,Carol,Mitchell,S,M,2026-01-02
12164.0,AW00012164,Charles,Nime,S,M,2025-01-17
12165.0,AW00012165,Jessica,Phillips,S,F,2025-06-26
12166.0,AW00012166,Daniel,Manu,M,M,2024-02-27
12167.0,AW00012167,Betty,White,M,M,2025-01-06
12168.0,AW00012168,Kenneth,Jones,S,F,2023-04-07
12169.0,AW00012169,Peter,Lewis,M,M,2024-01-04
12170.0,AW00012170,Matthew,Nelson,S,M,2026-03-18
12171.0,AW00012171,Malia,Thomas,M,F,2023-01-24
12172.0,AW00012172,Tane,Anderson,S,M,2024-09-25
12173.0,AW00012173,Timothy,Miller,M,F,2024-12-27
12174.0,AW00012174,Malia,Parker,S,M,2024-11-20
12175.0,AW00012175,George,Wright,S,M,2025-11-24
12176.0,AW00012176,Michael,Parker,S,F,2025-07-09
12177.0,AW00012177,Peter,Moore,S,F,2023-11-01
12178.0,AW00012178,Joseph,Roberts,M,F,2025-02-28
12179.0,AW00012179,Michelle,Miller,M,F,2023-07-10
12180.0,AW00012180,Karen,Singh,S,F,2026-01-10
12181.0,AW00012181,Ashley,Smith,S,M,2025-02-07
12182.0,AW00012182,Daniel,Taylor,M,F,2023-09-26
12183.0,AW00012183,Kenneth,Davis,M,M,2023-02-11
12184.0,AW00012184,Karen,Johnson,S,F,2024-08-19
12185.0,AW00012185,Joseph,Taylor,S,M,2023-02-19
12186.0,AW00012186,Sarah,Hall,S,F,2025-09-02
12187.0,AW00012187,Carol,Garcia,S,F,2025-06-09
12188.0,AW00012188,Anthony,Mitchell,M,M,2026-04-07
12189.0,AW00012189,Donald,Lewis,M,M,2024-06-22
12190.0,AW00012190,Ashley,Mitchell,M,M,2025-07-24
12191.0,AW00012191,Peter,Taylor,M,M,2023-09-28
12192.0,AW00012192,Donna,Jackson,S,M,2024-04-26
12193.0,AW00012193,Steven,Adams,S,M,2023-11-10
12194.0,AW00012194,Amanda,Campbell,M,M,2023-08-04
12195.0,AW00012195,Joseph,Miller,S,F,2023-01-25
12196.0,AW00012196,Ashley,Roberts,M,M,2023-10-29
12197.0,AW00012197,John,Allen,M,M,2025-01-05
12198.0,AW00012198,George,Roberts,M,M,2023-10-12
12199.0,AW00012199,Lisa,White,M,M,2026-03-15
12200.0,AW00012200,Barbara,Scott,M,M,2023-03-23
12201.0,AW00012201,Deborah,Baker,M,F,2025-09-21
12202.0,AW00012202,Kimberly,Mitchell,M,F,2023-04-25
12203.0,AW00012203,Richard,Lopez,M,M,2025-04-26
12204.0,AW00012204,Joseph,Thomas,S,F,2023-12-15
12205.0,AW00012205,Patricia,Adams,M,F,2025-03-14
12206.0,AW00012206,Amanda,Taylor,S,F,2024-12-08
12207.0,AW00012207,Stephanie,Garcia,S,M,2025-05-15
12208.0,AW00012208,Patricia,Nime,M,F,2025-11-05
12209.0,AW00012209,Keziah,Green,,F,2023-10-17
12210.0,AW00012210,Sandra,Nime,S,F,2025-10-04
12211.0,AW00012211,William,Campbell,M,M,2024-08-11
12212.0,AW00012212,Aroha,Carter,S,M,2023-08-14
12213.0,AW00012213,Mere,Anderson,S,F,2025-04-25
12214.0,AW00012214,Steven,Walker,S,F,2023-07-02
12215.0,AW00012215,Donald,Williams,S,F,2023-09-13
12216.0,AW00012216,Elizabeth,Baker,M,M,2023-05-14
12217.0,AW00012217,Brian,Walker,S,F,2025-07-27
12218.0,AW00012218,Ashley,Jackson,M,M,2024-10-29
12219.0,AW00012219,Jennifer,Taylor,M,F,2024-05-07
12220.0,AW00012220,John,Smith,M,M,2023-05-23
12221.0,AW00012221,Brian,Singh,M,M,2024-02-03
12222.0,AW00012222,Jessica,Ngata,S,M,2024-05-13
12223.0,AW00012223,Daniel,Perez,S,M,2023-03-04
12224.0,AW00012224,Brian,Garcia,M,F,2023-12-26
12225.0,AW00012225,Betty,Lewis,S,F,2023-03-30
12226.0,AW00012226,Michelle,Campbell,M,M,2025-08-06
12227.0,AW00012227,Peter,Jackson,S,M,2023-02-10
12228.0,AW00012228,Sarah,Nime,S,F,2025-04-05
12229.0,AW00012229,Mere,Adams,M,F,2023-01-22
12230.0,AW00012230,Kimberly,Martin,M,M,2023-07-15
12231.0,AW00012231,Timothy,Lopez,M,F,2025-06-24
12232.0,AW00012232,Ronald,Brown,M,M,2023-11-23
12233.0,AW00012233,John,Davis,S,M,2024-07-29
12234.0,AW00012234,David,Singh,M,F,2024-11-28
12235.0,AW00012235,Sandra,Moore,M,F,2024-12-06
12236.0,AW00012236,Kimberly,Kumar,M,F,2025-02-24
12237.0,AW00012237,Joseph,Jackson,M,M,2023-11-02
12238.0,AW00012238,Mark,Hall,S,F,2025-09-08
12239.0,AW00012239,Nancy,Baker,S,F,2026-01-01
12240.0,AW00012240,Patricia,Lee,S,F,2024-07-05
12241.0,AW00012241,Steven,Toalii,S,M,2025-12-05
12242.0,AW00012242,Stephanie,Wright,M,F,2025-05-07
12243.0,AW00012243,Susan,Walker,S,F,2026-04-14
12244.0,AW00012244,Tane,Martin,M,F,2025-07-22
12245.0,AW00012245,Jessica,Wright,S,F,2025-07-28
12246.0,AW00012246,Linda,Allen,M,M,2024-02-16
12247.0,AW00012247,Melissa,Taylor,M,M,2025-10-21
12248.0,AW00012248,Thomas,Manu,M,M,2024-08-16
12249.0,AW00012249,Tane,Brown,S,F,2025-10-06
12250.0,AW00012250,Mary,Manu,M,F,2025-08-23
12251.0,AW00012251,Steven,Walker,S,F,2025-11-17
12252.0,AW00012252,Thomas,Thompson,M,M,2026-05-14
12253.0,AW00012253,Kenneth,Turner,M,F,2023-04-26
12254.0,AW00012254,Rebecca,Williams,S,F,2023-07-02
12255.0,AW00012255,James,Allen,M,F,2026-01-23
12256.0,AW00012256,James,Williams,M,F,2024-10-05
12257.0,AW00012257,Sandra,Lopez,S,F,2023-06-10
12258.0,AW00012258,Paul,Singh,M,F,2024-05-24
12259.0,AW00012259,Jessica,Walker,S,F,2023-06-29
12260.0,AW00012260,George,Carter,M,F,2025-07-21
12261.0,AW00012261,David,Smith,M,F,2025-07-03
12262.0,AW00012262,Sandra,Lee,S,F,2024-11-01
12263.0,AW00012263,Elizabeth,Baker,S,M,2023-10-27
12264.0,AW00012264,Robert,Johnson,M,F,2024-04-11
12265.0,AW00012265,Barbara,Turner,S,F,2026-04-03
12266.0,AW00012266,George,Taylor,S,M,2026-04-18
12267.0,AW00012267,Michael,Perez,S,M,2023-07-04
12268.0,AW00012268,Ronald,Perez,M,F,2024-12-24
12269.0,AW00012269,David,Phillips,S,M,2025-11-12
12270.0,AW00012270,Joseph,Martin,M,M,2023-12-15
12271.0,AW00012271,Mary,Brown,M,F,2025-04-26
12272.0,AW00012272,Michelle,Lewis,S,F,2026-02-26
12273.0,AW00012273,James,Phillips,M,F,2025-07-07
12274.0,AW00012274,Tane,Parker,M,F,2023-09-30
12275.0,AW00012275,Emily,Green,S,F,2024-03-31
12276.0,AW00012276,Sandra,Allen,S,M,2024-08-19
12277.0,AW00012277,Linda,Lewis,M,F,2025-03-05
12278.0,AW00012278,David,Phillips,S,M,2024-12-28
12279.0,AW00012279,Mary,Hall,M,F,2023-03-22
12280.0,AW00012280,Paul,Nime,S,M,2023-04-12
12281.0,AW00012281,Andrew,Jones,S,M,2024-08-01
12282.0,AW00012282,Nancy,Wilson,M,M,2023-02-21
12283.0,AW00012283,Donna,Jones,M,M,2024-02-27
12284.0,AW00012284,Susan,Taylor,M,F,2023-02-09
12285.0,AW00012285,Patricia,Carter,M,F,2023-11-20
12286.0,AW00012286,Anthony,King,S,F,2023-10-30
12287.0,AW00012287,Jason,Singh,M,M,2025-09-01
12288.0,AW00012288,Aroha,Phillips,M,F,2025-04-26
12289.0,AW00012289,Nancy,Perez,S,M,2024-06-08
12290.0,AW00012290,Betty,Anderson,M,F,2023-08-23
12291.0,AW00012291,George,Kumar,M,M,2025-05-02
12292.0,AW00012292,Sione,Williams,S,M,2024-11-04
12293.0,AW00012293,Jessica,Taylor,M,F,2023-01-07
12294.0,AW00012294,Joseph,Allen,S,M,2024-09-14
12295.0,AW00012295,Timothy,Lee,M,F,2024-05-28
12296.0,AW00012296,Sione,Taylor,S,F,2024-03-24
12297.0,AW00012297,Lisa,Williams,S,M,2023-12-03
12298.0,AW00012298,Richard,Johnson,S,M,2024-08-24
12299.0,AW00012299,Anthony,Jackson,M,M,2024-03-07
12300.0,AW00012300,Emily,Garcia,S,F,2024-07-05
12301.0,AW00012301,Aroha,Walker,S,F,2023-01-01
12302.0,AW00012302,Lisa,Johnson,M,F,2025-03-11
12303.0,AW00012303,Timothy,Nelson,,M,2023-09-09
12304.0,AW00012304,Richard,Carter,M,M,2023-06-28
12305.0,AW00012305,Robert,Williams,S,F,2024-01-10
12306.0,AW00012306,Amanda,Garcia,M,F,2024-11-03
12307.0,AW00012307,William,Walker,S,F,2025-12-11
12308.0,AW00012308,George,King,S,F,2025-06-06
12309.0,AW00012309,Thomas,Garcia,M,M,2024-10-09
12310.0,AW00012310,John,King,M,F,2024-01-04
12311.0,AW00012311,Timothy,Kumar,M,F,2025-04-07
12312.0,AW00012312,Timothy,White,S,M,2025-06-20
12313.0,AW00012313,Andrew,Singh,M,M,2024-08-03
12314.0,AW00012314,Sandra,Ngata,S,F,2023-05-28
12315.0,AW00012315,Peter,Davis,S,M,2025-03-23
12316.0,AW00012316,Daniel,Martin,M,M,2025-03-26
12317.0,AW00012317,Kimberly,Garcia,M,F,2024-12-29
12318.0,AW00012318,William,Singh,S,M,2026-04-26
12319.0,AW00012319,Joseph,Perez,S,F,2023-03-12
12320.0,AW00012320,Sandra,Lopez,M,F,2023-08-30
12321.0,AW00012321,Charles,Carter,M,M,2025-04-19
12322.0,AW00012322,Mere,Singh,S,F,2023-08-17
12323.0,AW00012323,James,Williams,S,F,2023-06-25
12324.0,AW00012324,Richard,Moore,S,M,2024-03-21
12325.0,AW00012325,Mary,Wilson,M,M,2024-05-17
12326.0,AW00012326,Ronald,Carter,M,F,2024-09-22
12327.0,AW00012327,Anthony,Anderson,S,M,2025-04-15
12328.0,AW00012328,Kimberly,Davis,M,M,2025-10-25
12329.0,AW00012329,Daniel,Lee,S,M,2024-12-31
12330.0,AW00012330,Patricia,Wilson,M,F,2025-03-05
12331.0,AW00012331,Carol,Nelson,S,F,2026-03-04
12332.0,AW00012332,Stephanie,Nelson,S,M,2024-06-02
12333.0,AW00012333,Kenneth,Perez,S,F,2024-11-03
12334.0,AW00012334,Stephanie,Garcia,S,F,2026-04-06
12335.0,AW00012335,Michael,Williams,M,M,2026-01-19
12336.0,AW00012336,Joshua,Carter,M,M,2023-04-26
12337.0,AW00012337,Timothy,Lee,M,F,2025-05-11
12338.0,AW00012338,Donald,Scott,M,F,2023-07-21
12339.0,AW00012339,Nancy,Perez,S,F,2025-07-26
12340.0,AW00012340,Baraa,White,S,F,2025-03-04
12341.0,AW00012341,Daniel,Singh,M,F,2024-04-27
12342.0,AW00012342,Daniel,Anderson,M,F,2023-09-17
12343.0,AW00012343,Amanda,Walker,S,M,2025-04-23
12344.0,AW00012344,Karen,Miller,M,M,2024-08-10
12345.0,AW00012345,Timothy,Young,M,F,2026-01-26
12346.0,AW00012346,George,Perez,M,M,2025-12-22
12347.0,AW00012347,Jason,Martin,S,F,2024-05-16
12348.0,AW00012348,Carol,Miller,M,M,2024-03-14
12349.0,AW00012349,Baraa,Johnson,M,M,2023-02-21
12350.0,AW00012350,Sione,Roberts,S,M,2024-07-31
12351.0,AW00012351,James,Lee,M,M,2023-12-18
12352.0,AW00012352,Charles,King,S,F,2025-01-03
12353.0,AW00012353,Kimberly,Hall,M,M,2023-08-23
12354.0,AW00012354,Anthony,Young,M,M,2024-11-12
12355.0,AW00012355,Rebecca,Patel,S,M,2023-04-16
12356.0,AW00012356,Brian,White,S,M,2024-07-05
12357.0,AW00012357,Sandra,Nime,M,F,2025-09-18
12358.0,AW00012358,Joseph,Manu,S,M,2023-01-28
12359.0,AW00012359,Michelle,Thomas,S,M,2026-02-12
12360.0,AW00012360,Robert,Moore,M,F,2024-11-24
12361.0,AW00012361,Matthew,Thomas,S,M,2026-01-11
12362.0,AW00012362,Timothy,Clark,M,F,2025-11-27
12363.0,AW00012363,Sandra,Kumar,M,M,2023-02-26
12364.0,AW00012364,Matthew,Allen,S,M,2023-07-02
12365.0,AW00012365,William,White,M,M,2023-10-13
12366.0,AW00012366,Michelle,Lewis,M,F,2026-02-04
12367.0,AW00012367,Nancy,White,M,F,2023-06-20
12368.0,AW00012368,Malia,Garcia,S,F,2025-07-16
12369.0,AW00012369,Barbara,Manu,M,F,2024-05-21
12370.0,AW00012370,Betty,Campbell,S,M,2024-07-05
12371.0,AW00012371,Richard,Garcia,M,F,2023-08-03
12372.0,AW00012372,Lisa,Martin,S,F,2023-03-19
12373.0,AW00012373,Kenneth,Walker,S,F,2023-01-19
12374.0,AW00012374,Patricia,Lee,M,F,2024-12-26
12375.0,AW00012375,Sarah,Allen,S,F,2025-03-23
12376.0,AW00012376,Richard,Kumar,S,M,2025-01-22
12377.0,AW00012377,Sarah,Clark,S,F,2026-04-28
12378.0,AW00012378,William,Thomas,S,F,2025-05-04
12379.0,AW00012379,Mary,Thomas,M,M,2025-12-16
12380.0,AW00012380,Ashley,Green,M,M,2023-11-05
12381.0,AW00012381,Matthew,Anderson,M,F,2025-09-14
12382.0,AW00012382,Donald,King,M,F,2023-11-22
12383.0,AW00012383,Steven,Davis,S,F,2024-09-22
12384.0,AW00012384,Tane,Roberts,M,M,2025-08-07
12385.0,AW00012385,Betty,Thompson,S,F,2024-04-23
12386.0,AW00012386,Anthony,Anderson,S,M,2023-09-11
12387.0,AW00012387,John,Mitchell,M,M,2024-07-20
12388.0,AW00012388,Jessica,Clark,M,M,2024-01-01
12389.0,AW00012389,James,Kumar,S,M,2024-09-08
12390.0,AW00012390,Joseph,Roberts,S,F,2024-12-12
12391.0,AW00012391,Mary,Turner,M,M,2026-04-13
12392.0,AW00012392,Sione,Moore,M,F,2025-11-09
12393.0,AW00012393,Mark,Hall,M,F,2024-02-25
12394.0,AW00012394,Amanda,Turner,S,M,2023-01-27
12395.0,AW00012395,James,Phillips,M,F,2023-02-23
12396.0,AW00012396,Michael,Toalii,S,F,2026-04-18
12397.0,AW00012397,Michelle,Carter,S,F,2023-10-28
12398.0,AW00012398,Daniel,Allen,M,F,2025-07-10
12399.0,AW00012399,Anthony,Davis,M,F,2025-02-17
12400.0,AW00012400,Donald,Brown,S,F,2025-07-09
12401.0,AW00012401,Kimberly,Garcia,S,F,2026-01-13
12402.0,AW00012402,Richard,Baker,M,F,2023-05-22
12403.0,AW00012403,Jennifer,Adams,S,F,2024-07-14
12404.0,AW00012404,Peter,Jones,M,M,2025-03-06
12405.0,AW00012405,Andrew,Davis,M,F,2025-01-14
12406.0,AW00012406,Donna,Lopez,S,M,2025-04-12
12407.0,AW00012407,Sarah,Scott,S,F,2023-10-12
12408.0,AW00012408,Elizabeth,Green,S,F,2023-11-16
12409.0,AW00012409,Rebecca,Anderson,S,M,2025-09-15
12410.0,AW00012410,Elizabeth,King,S,M,2025-01-05
12411.0,AW00012411,Sarah,Lewis,S,F,2023-07-23
12412.0,AW00012412,Kimberly,Kumar,M,M,2023-10-18
12413.0,AW00012413,Andrew,Adams,M,F,2024-07-21
12414.0,AW00012414,Kenneth,Campbell,M,F,2024-07-31
12415.0,AW00012415,Richard,Moore,S,F,2024-04-24
12416.0,AW00012416,Patricia,Nelson,S,M,2024-03-17
12417.0,AW00012417,Anthony,Thomas,S,M,2024-01-15
12418.0,AW00012418,Joshua,Manu,S,M,2024-04-12
12419.0,AW00012419,Melissa,Miller,M,M,2023-05-24
12420.0,AW00012420,Elizabeth,Roberts,S,F,2024-12-22
12421.0,AW00012421,Tane,Adams,S,M,2024-09-19
12422.0,AW00012422,Carol,Nelson,M,M,2024-06-11
12423.0,AW00012423,Mary,Toalii,S,M,2026-02-15
12424.0,AW00012424,Deborah,Thompson,M,M,2024-09-04
12425.0,AW00012425,Nancy,Hall,M,M,2024-08-13
12426.0,AW00012426,Malia,Parker,S,F,2026-02-07
12427.0,AW00012427,Stephanie,Allen,S,F,2023-10-05
12428.0,AW00012428,Lisa,Patel,M,M,2025-02-15
12429.0,AW00012429,Charles,Smith,S,M,2026-02-18
12430.0,AW00012430,George,Carter,M,M,2026-04-17
12431.0,AW00012431,Richard,Lopez,M,M,2024-10-01
12432.0,AW00012432,Emily,Manu,S,M,2023-03-14
12433.0,AW00012433,John,Ngata,M,F,2024-09-29
12434.0,AW00012434,David,Campbell,S,M,2025-11-27
12435.0,AW00012435,Donna,Jackson,M,F,2025-10-09
12436.0,AW00012436,Ronald,Young,M,M,2025-10-23
12437.0,AW00012437,Matthew,Lee,S,M,2023-06-12
12438.0,AW00012438,Timothy,Scott,M,F,2023-10-14
12439.0,AW00012439,Andrew,Young,M,M,2025-08-03
12440.0,AW00012440,Barbara,Parker,M,F,2025-02-17
12441.0,AW00012441,Michelle,King,M,F,2023-12-22
12442.0,AW00012442,Sarah,Williams,M,M,2024-10-23
12443.0,AW00012443,Susan,Davis,M,F,2023-12-18
12444.0,AW00012444,Aroha,Adams,S,F,2025-07-04
12445.0,AW00012445,Andrew,Clark,M,M,2023-06-12
12446.0,AW00012446,Robert,Smith,S,F,2023-07-02
12447.0,AW00012447,Tane,Turner,M,F,2023-06-25
12448.0,AW00012448,James,Young,M,M,2025-04-10
12449.0,AW00012449,Barbara,Young,M,F,2025-01-15
12450.0,AW00012450,Aroha,Scott,S,F,2023-06-30
12451.0,AW00012451,Karen,Thomas,S,M,2026-03-23
12452.0,AW00012452,Michael,Anderson,M,M,2025-12-01
12453.0,AW00012453,Deborah,Thompson,S,M,2025-12-24
12454.0,AW00012454,David,Lopez,M,M,2024-09-23
12455.0,AW00012455,Betty,Wright,M,F,2023-12-03
12456.0,AW00012456,Stephanie,Wilson,M,F,2024-06-22
12457.0,AW00012457,Baraa,Turner,S,F,2023-02-16
12458.0,AW00012458,Robert,Patel,M,F,2025-10-20
12459.0,AW00012459,Susan,Green,S,F,2025-12-10
12460.0,AW00012460,Nancy,Campbell,S,F,2023-09-13
12461.0,AW00012461,Malia,Davis,M,F,2025-12-22
12462.0,AW00012462,Karen,Walker,M,F,2023-01-27
12463.0,AW00012463,Barbara,Davis,M,M,2024-08-31
12464.0,AW00012464,Daniel,Manu,S,F,2023-07-23
12465.0,AW00012465,Brian,Kumar,M,F,2023-05-30
12466.0,AW00012466,Brian,White,M,M,2024-01-13
12467.0,AW00012467,Baraa,Moore,S,F,2023-01-06
12468.0,AW00012468,Timothy,Johnson,M,F,2025-11-30
12469.0,AW00012469,Donna,Campbell,M,M,2024-05-17
12470.0,AW00012470,Matthew,Jones,S,F,2026-05-12
12471.0,AW00012471,Sione,Nelson,M,M,2024-09-06
12472.0,AW00012472,Melissa,Green,S,M,2023-04-12
12473.0,AW00012473,Aroha,Nime,S,M,2023-10-10
12474.0,AW00012474,Carol,Roberts,M,M,2023-12-03
12475.0,AW00012475,Daniel,Roberts,M,F,2025-11-11
12476.0,AW00012476,Paul,Manu,M,M,2025-02-03
12477.0,AW00012477,Peter,Wright,M,M,2023-12-30
12478.0,AW00012478,Robert,Manu,S,F,2024-10-09
12479.0,AW00012479,Baraa,Smith,S,M,2025-05-16
12480.0,AW00012480,John,Smith,M,M,2025-03-08
12481.0,AW00012481,Richard,Parker,M,M,2025-06-22
12482.0,AW00012482,William,Martin,S,F,2026-01-02
12483.0,AW00012483,Anthony,Campbell,S,F,2024-04-22
12484.0,AW00012484,Sarah,Garcia,M,M,2023-09-11
12485.0,AW00012485,Karen,Nime,S,M,2024-05-14
12486.0,AW00012486,Kimberly,Scott,S,M,2023-07-26
12487.0,AW00012487,Susan,Davis,S,M,2025-03-07
12488.0,AW00012488,Keziah,Nelson,S,F,2024-09-17
12489.0,AW00012489,Michelle,Perez,M,F,2024-08-25
12490.0,AW00012490,Donna,Scott,S,M,2025-11-06
12491.0,AW00012491,Thomas,Miller,M,F,2026-02-28
12492.0,AW00012492,Steven,Williams,M,M,2023-02-16
12493.0,AW00012493,Mary,Wright,S,F,2026-02-23
12494.0,AW00012494,Carol,Manu,M,M,2024-02-21
12495.0,AW00012495,Malia,White,M,M,2026-04-01
12496.0,AW00012496,Steven,Phillips,M,F,2024-12-24
12497.0,AW00012497,Amanda,Hall,M,F,2026-01-28
12498.0,AW00012498,Charles,Clark,S,M,2025-09-06
12499.0,AW00012499,Emily,Lopez,M,M,2025-09-03
12500.0,AW00012500,Jason,Garcia,M,F,2024-04-12
12501.0,AW00012501,Timothy,Scott,S,M,2025-01-27
12502.0,AW00012502,Mark,Turner,S,M,2024-10-25
12503.0,AW00012503,Brian,Thomas,M,M,2023-04-30
12504.0,AW00012504,Timothy,Moore,M,M,2024-02-05
12505.0,AW00012505,Lisa,Singh,S,F,2025-05-19
12506.0,AW00012506,Susan,Mitchell,S,M,2023-04-05
12507.0,AW00012507,Malia,Jones,M,F,2024-09-19
12508.0,AW00012508,Michael,Wilson,S,F,2024-07-12
12509.0,AW00012509,Barbara,Campbell,M,M,2025-02-03
12510.0,AW00012510,Timothy,Patel,S,M,2025-11-23
12511.0,AW00012511,George,Patel,S,F,2023-01-14
12512.0,AW00012512,Donna,Brown,M,M,2024-07-07
12513.0,AW00012513,Amanda,White,S,M,2025-07-23
12514.0,AW00012514,Lisa,Wilson,S,M,2024-08-04
12515.0,AW00012515,Lisa,Kumar,S,F,2023-07-05
12516.0,AW00012516,David,Miller,M,M,2025-07-31
12517.0,AW00012517,Donald,Lee,S,M,2026-04-16
12518.0,AW00012518,Kenneth,Manu,M,F,2023-05-30
12519.0,AW00012519,Baraa,Brown,S,M,2024-12-29
12520.0,AW00012520,Sione,Mitchell,S,F,2024-06-23
12521.0,AW00012521,Kenneth,Johnson,M,M,2023-01-09
12522.0,AW00012522,Jason,Miller,S,F,2023-02-28
12523.0,AW00012523,Richard,Baker,S,M,2025-10-21
12524.0,AW00012524,Anthony,Clark,M,M,2023-12-25
12525.0,AW00012525,Betty,Carter,S,M,2026-04-28
12526.0,AW00012526,Barbara,Martin,S,M,2023-12-04
12527.0,AW00012527,Matthew,Mitchell,S,M,2023-05-31
12528.0,AW00012528,Karen,Martin,M,F,2025-01-26
12529.0,AW00012529,Paul,Scott,S,F,2024-09-18
12530.0,AW00012530,Amanda,Garcia,M,F,2024-10-19
12531.0,AW00012531,George,Anderson,M,M,2025-09-09
12532.0,AW00012532,Tane,Ngata,M,F,2025-09-30
12533.0,AW00012533,Amanda,Mitchell,M,F,2025-05-11
12534.0,AW00012534,James,Davis,S,F,2025-12-10
12535.0,AW00012535,Linda,Jackson,M,F,2024-07-30
12536.0,AW00012536,Brian,Wilson,S,M,2025-04-20
12537.0,AW00012537,Timothy,Baker,S,M,2025-06-20
12538.0,AW00012538,Patricia,Toalii,S,M,2024-09-07
12539.0,AW00012539,Joseph,Lee,S,F,2023-10-14
12540.0,AW00012540,Stephanie,Nime,S,M,2023-04-01
12541.0,AW00012541,Jennifer,Patel,M,F,2024-10-27
12542.0,AW00012542,Ashley,Mitchell,S,F,2024-12-25
12543.0,AW00012543,Melissa,Brown,M,F,2023-03-30
12544.0,AW00012544,Thomas,Nelson,M,M,2026-01-09
12545.0,AW00012545,Amanda,Martin,S,M,2025-12-24
12546.0,AW00012546,Paul,Patel,S,M,2023-11-12
12547.0,AW00012547,Kimberly,Smith,S,F,2023-12-23
12548.0,AW00012548,Mary,Lee,M,M,2023-03-08
12549.0,AW00012549,Charles,Wright,M,M,2023-09-03
12550.0,AW00012550,Jennifer,Manu,S,M,2025-12-26
12551.0,AW00012551,Peter,Jackson,M,F,2025-05-08
12552.0,AW00012552,Emily,Adams,S,F,2023-02-13
12553.0,AW00012553,Melissa,Clark,S,M,2025-12-27
12554.0,AW00012554,Ashley,Baker,S,F,2025-05-04
12555.0,AW00012555,Ronald,Hall,M,M,2025-12-11
12556.0,AW00012556,Donald,Moore,M,F,2025-07-02
12557.0,AW00012557,Andrew,White,M,F,2024-04-13
12558.0,AW00012558,Sione,Singh,M,F,2023-05-15
12559.0,AW00012559,Anthony,Moore,S,M,2024-11-23
12560.0,AW00012560,Jessica,Lewis,M,F,2024-08-31
12561.0,AW00012561,Peter,Nelson,M,F,2024-11-01
12562.0,AW00012562,Mary,Wright,M,M,2026-05-06
12563.0,AW00012563,Ashley,Smith,S,F,2024-01-28
12564.0,AW00012564,Paul,Allen,S,M,2023-10-30
12565.0,AW00012565,John,White,S,M,2025-10-22
12566.0,AW00012566,Emily,Brown,S,F,2024-07-23
12567.0,AW00012567,Mary,Garcia,M,M,2023-01-28
12568.0,AW00012568,Anthony,Allen,M,M,2026-02-14
12569.0,AW00012569,Nancy,Johnson,S,M,2026-04-10
12570.0,AW00012570,Michelle,Martin,M,M,2026-04-20
12571.0,AW00012571,Ashley,Allen,M,F,2024-03-07
12572.0,AW00012572,Joseph,Thompson,S,M,2026-03-07
12573.0,AW00012573,Susan,Campbell,S,M,2024-08-23
12574.0,AW00012574,Brian,White,M,M,2023-04-04
12575.0,AW00012575,Emily,Ngata,M,M,2026-03-23
12576.0,AW00012576,Rebecca,Moore,S,F,2023-06-20
12577.0,AW00012577,Jennifer,Moore,M,M,2023-08-06
12578.0,AW00012578,Karen,Mitchell,M,M,2025-06-20
12579.0,AW00012579,George,Singh,M,M,2025-04-13
12580.0,AW00012580,Keziah,Lopez,M,M,2024-11-11
12581.0,AW00012581,Jessica,Davis,M,F,2023-10-02
12582.0,AW00012582,Daniel,Phillips,M,F,2024-08-18
12583.0,AW00012583,Malia,Clark,S,F,2025-01-11
12584.0,AW00012584,George,Phillips,S,M,2023-06-16
12585.0,AW00012585,Ronald,Lewis,S,F,2025-06-02
12586.0,AW00012586,Kenneth,Wright,S,M,2023-01-27
12587.0,AW00012587,Donald,Martin,M,M,2026-03-01
12588.0,AW00012588,Richard,Nelson,S,M,2025-03-28
12589.0,AW00012589,Timothy,Roberts,M,M,2024-02-01
12590.0,AW00012590,Deborah,Brown,S,M,2024-04-27
12591.0,AW00012591,Susan,Baker,S,F,2023-04-02
12592.0,AW00012592,Matthew,Lee,S,M,2023-05-15
12593.0,AW00012593,Ronald,Allen,M,F,2025-02-22
12594.0,AW00012594,Jennifer,Jones,S,F,2024-01-12
12595.0,AW00012595,Jennifer,Hall,M,F,2023-07-10
12596.0,AW00012596,Nancy,Nime,M,F,2024-01-02
12597.0,AW00012597,Lisa,Parker,M,F,2024-10-04
12598.0,AW00012598,Keziah,Roberts,S,F,2024-03-20
12599.0,AW00012599,Elizabeth,King,S,F,2026-04-04
12600.0,AW00012600,Thomas,Singh,M,M,2024-04-23
12601.0,AW00012601,Jennifer,Walker,M,M,2023-05-03
12602.0,AW00012602,Matthew,Singh,M,M,2025-08-28
12603.0,AW00012603,Ronald,Green,M,F,2024-01-22
12604.0,AW00012604,Steven,Jackson,M,F,2024-07-04
12605.0,AW00012605,Donald,Garcia,S,M,2024-11-24
12606.0,AW00012606,Kenneth,Baker,M,M,2023-11-03
12607.0,AW00012607,David,Phillips,M,F,2024-12-11
12608.0,AW00012608,Brian,Turner,S,F,2024-05-14
12609.0,AW00012609,Nancy,Perez,S,F,2025-02-14
12610.0,AW00012610,Andrew,Kumar,M,M,2025-04-21
12611.0,AW00012611,Brian,Allen,S,M,2023-10-18
12612.0,AW00012612,Deborah,Miller,M,F,2024-08-17
12613.0,AW00012613,Daniel,Lee,M,M,2025-10-24
12614.0,AW00012614,Susan,Green,S,M,2023-03-06
12615.0,AW00012615,Baraa,Scott,M,F,2024-10-29
12616.0,AW00012616,Mary,Anderson,S,M,2023-01-07
12617.0,AW00012617,Joshua,Miller,S,M,2024-05-18
12618.0,AW00012618,Baraa,Taylor,M,F,2024-12-19
12619.0,AW00012619,Keziah,Thomas,S,F,2026-04-10
12620.0,AW00012620,Baraa,Roberts,M,M,2025-01-24
12621.0,AW00012621,Elizabeth,Young,M,F,2025-02-25
12622.0,AW00012622,David,King,M,M,2023-04-29
12623.0,AW00012623,Sandra,Walker,S,F,2024-12-13
12624.0,AW00012624,Tane,Jones,S,F,2025-02-26
12625.0,AW00012625,Anthony,Scott,S,M,2024-04-07
12626.0,AW00012626,Lisa,Miller,S,M,2025-01-03
12627.0,AW00012627,Amanda,Wright,M,F,2024-05-13
12628.0,AW00012628,Emily,Wright,S,F,2023-03-12
12629.0,AW00012629,William,Brown,S,F,2025-05-17
12630.0,AW00012630,Stephanie,Garcia,S,F,2023-03-05
12631.0,AW00012631,Brian,Nime,S,F,2023-02-23
12632.0,AW00012632,Amanda,Campbell,S,F,2024-06-06
12633.0,AW00012633,Jessica,Ngata,M,M,2023-06-09
12634.0,AW00012634,Malia,Moore,S,F,2023-04-19
12635.0,AW00012635,George,Brown,M,F,2025-03-11
12636.0,AW00012636,Sione,Ngata,S,M,2025-02-23
12637.0,AW00012637,Paul,Young,S,M,2024-08-02
12638.0,AW00012638,Linda,Thompson,S,F,2024-11-18
12639.0,AW00012639,Tane,King,S,M,2023-01-16
12640.0,AW00012640,Jason,Johnson,S,M,2025-10-21
12641.0,AW00012641,Sarah,Moore,S,F,2024-06-25
12642.0,AW00012642,Charles,Brown,M,M,2026-04-11
12643.0,AW00012643,Rebecca,Lopez,M,M,2023-05-20
12644.0,AW00012644,Kenneth,Mitchell,S,M,2023-03-31
12645.0,AW00012645,Richard,Wilson,S,F,2023-09-22
12646.0,AW00012646,Barbara,Jones,S,M,2023-06-06
12647.0,AW00012647,Donna,Smith,M,F,2025-09-10
12648.0,AW00012648,Kenneth,Wilson,M,F,2025-03-28
12649.0,AW00012649,Rebecca,Jackson,S,M,2025-01-21
12650.0,AW00012650,Matthew,Young,M,M,2023-06-14
12651.0,AW00012651,Nancy,Mitchell,M,F,2026-01-06
12652.0,AW00012652,Donald,Nime,M,F,2023-03-04
12653.0,AW00012653,Kenneth,Phillips,M,M,2025-03-18
12654.0,AW00012654,Linda,Campbell,M,F,2024-11-23
12655.0,AW00012655,Emily,Garcia,S,M,2026-03-14
12656.0,AW00012656,Melissa,Perez,S,F,2024-06-11
12657.0,AW00012657,Patricia,Turner,S,M,2026-05-25
12658.0,AW00012658,Nancy,Taylor,S,M,2025-01-08
12659.0,AW00012659,Richard,Nime,S,M,2024-09-27
12660.0,AW00012660,Stephanie,Adams,S,F,2023-01-15
12661.0,AW00012661,Susan,Patel,M,M,2023-11-08
12662.0,AW00012662,Steven,Nelson,M,F,2026-03-19
12663.0,AW00012663,Ronald,Hall,M,F,2023-08-25
12664.0,AW00012664,Peter,Green,S,F,2024-10-13
12665.0,AW00012665,Jason,Phillips,S,M,2025-07-08
12666.0,AW00012666,Donna,Smith,M,F,2024-11-13
12667.0,AW00012667,Jason,Toalii,S,M,2024-04-07
12668.0,AW00012668,Daniel,Young,S,M,2024-06-16
12669.0,AW00012669,Amanda,Smith,S,F,2025-07-20
12670.0,AW00012670,Linda,Moore,S,M,2023-01-25
12671.0,AW00012671,Sione,Kumar,M,M,2023-11-28
12672.0,AW00012672,Baraa,Anderson,S,F,2023-01-06
12673.0,AW00012673,David,Johnson,S,F,2024-11-01
12674.0,AW00012674,Elizabeth,Turner,M,M,2024-07-07
12675.0,AW00012675,Barbara,Campbell,S,F,2026-04-08
12676.0,AW00012676,Ronald,Garcia,S,F,2025-07-31
12677.0,AW00012677,Joshua,Walker,M,F,2024-08-22
12678.0,AW00012678,Lisa,Taylor,S,M,2026-05-04
12679.0,AW00012679,Brian,Garcia,M,M,2024-10-30
12680.0,AW00012680,Carol,Walker,S,F,2024-08-15
12681.0,AW00012681,Susan,Turner,S,M,2025-10-08
12682.0,AW00012682,Peter,Walker,M,M,2025-02-21
12683.0,AW00012683,Nancy,Young,M,F,2025-06-22
12684.0,AW00012684,Amanda,White,S,F,2025-02-11
12685.0,AW00012685,Sandra,Young,S,M,2024-10-30
12686.0,AW00012686,Sarah,Williams,M,F,2025-12-15
12687.0,AW00012687,Mark,Patel,S,F,2023-03-04
12688.0,AW00012688,Patricia,Phillips,S,M,2025-01-16
12689.0,AW00012689,James,Anderson,M,F,2024-02-11
12690.0,AW00012690,Mere,Thompson,M,M,2026-03-01
12691.0,AW00012691,Lisa,Mitchell,M,M,2025-11-10
12692.0,AW00012692,Sandra,Lewis,M,M,2023-08-15
12693.0,AW00012693,Sione,Hall,S,M,2025-11-12
12694.0,AW00012694,Linda,Moore,S,F,2024-11-14
12695.0,AW00012695,Charles,Thomas,M,F,2025-01-01
12696.0,AW00012696,Jennifer,Perez,S,F,2025-07-28
12697.0,AW00012697,Peter,Patel,M,M,2024-08-17
12698.0,AW00012698,Tane,Taylor,M,M,2024-02-21
12699.0,AW00012699,Rebecca,Thomas,S,M,2025-11-09
12700.0,AW00012700,Jason,Carter,M,F,2026-01-11
12701.0,AW00012701,Robert,Young,S,F,2023-10-31
12702.0,AW00012702,Keziah,White,S,F,2025-08-01
12703.0,AW00012703,Sarah,White,M,F,2024-05-17
12704.0,AW00012704,Mere,Manu,S,F,2024-08-31
12705.0,AW00012705,Donna,Singh,M,F,2024-06-12
12706.0,AW00012706,Paul,Davis,S,F,2023-11-30
12707.0,AW00012707,Anthony,White,S,M,2024-08-14
12708.0,AW00012708,Paul,Miller,S,F,2024-02-10
12709.0,AW00012709,Michelle,Roberts,S,F,2023-06-02
12710.0,AW00012710,Betty,Moore,S,M,2024-04-06
12711.0,AW00012711,Nancy,Turner,M,F,2026-02-05
12712.0,AW00012712,Donald,White,M,M,2025-07-31
12713.0,AW00012713,John,King,M,M,2023-06-07
12714.0,AW00012714,Melissa,Scott,M,M,2026-05-21
12715.0,AW00012715,Thomas,Turner,S,F,2026-02-13
12716.0,AW00012716,Mark,Walker,M,M,2025-11-18
12717.0,AW00012717,Malia,Patel,S,M,2025-03-31
12718.0,AW00012718,Paul,Johnson,M,M,2026-04-09
12719.0,AW00012719,Sarah,Carter,S,M,2026-03-08
12720.0,AW00012720,Ronald,Lee,M,F,2026-02-05
12721.0,AW00012721,George,Miller,S,M,2023-02-23
12722.0,AW00012722,Kimberly,Perez,M,F,2025-09-13
12723.0,AW00012723,Barbara,Clark,S,M,2024-09-14
12724.0,AW00012724,Paul,Toalii,M,M,2023-06-07
12725.0,AW00012725,Michelle,Jackson,M,M,2025-02-15
12726.0,AW00012726,Betty,Young,M,M,2025-07-27
12727.0,AW00012727,Joseph,Manu,S,F,2025-01-02
12728.0,AW00012728,James,Williams,S,M,2024-01-01
12729.0,AW00012729,Andrew,Young,S,F,2023-11-14
12730.0,AW00012730,Linda,Clark,S,F,2025-02-15
12731.0,AW00012731,William,Moore,S,F,2025-03-31
12732.0,AW00012732,Stephanie,Roberts,S,M,2023-10-01
12733.0,AW00012733,Melissa,Williams,S,F,2025-02-08
12734.0,AW00012734,Melissa,Campbell,M,F,2025-08-26
12735.0,AW00012735,Jennifer,Moore,S,M,2024-12-28
12736.0,AW00012736,Michelle,Wilson,M,M,2026-02-27
12737.0,AW00012737,Sandra,Green,M,M,2025-02-21
12738.0,AW00012738,Donald,Clark,S,M,2024-07-30
12739.0,AW00012739,Brian,Martin,M,M,2024-01-31
12740.0,AW00012740,Jessica,Allen,M,M,2024-09-06
12741.0,AW00012741,Brian,Johnson,M,M,2026-03-23
12742.0,AW00012742,Kenneth,Perez,S,F,2026-05-31
12743.0,AW00012743,Steven,Martin,M,M,2024-04-30
12744.0,AW00012744,Linda,Lee,M,F,2024-05-24
12745.0,AW00012745,Keziah,Johnson,S,M,2025-01-22
12746.0,AW00012746,Elizabeth,Smith,S,M,2024-09-04
12747.0,AW00012747,Keziah,Jackson,S,M,2023-01-19
12748.0,AW00012748,Brian,Johnson,S,M,2023-12-05
12749.0,AW00012749,Anthony,Perez,M,M,2023-03-11
12750.0,AW00012750,Susan,Thompson,M,F,2025-11-07
12751.0,AW00012751,Steven,Smith,S,F,2025-01-03
12752.0,AW00012752,Malia,Brown,M,F,2024-07-27
12753.0,AW00012753,Melissa,Lee,M,F,2025-06-01
12754.0,AW00012754,Donald,Kumar,S,M,2024-08-15
12755.0,AW00012755,Barbara,Brown,S,F,2025-05-12
12756.0,AW00012756,Steven,Campbell,S,M,2025-09-17
12757.0,AW00012757,Richard,Perez,S,M,2025-01-03
12758.0,AW00012758,James,Campbell,M,F,2023-06-19
12759.0,AW00012759,Keziah,Walker,M,F,2024-04-08
12760.0,AW00012760,Amanda,Scott,S,F,2025-11-26
12761.0,AW00012761,Michael,Wilson,S,F,2024-12-30
12762.0,AW00012762,Charles,Walker,M,M,2024-04-11
12763.0,AW00012763,Mary,Mitchell,M,F,2024-09-08
,AW00012764,Emily,Parker,S,M,2024-03-09
12765.0,AW00012765,Lisa,White,M,M,2026-05-29
12766.0,AW00012766,Mary,White,M,M,2025-06-13
12767.0,AW00012767,Amanda,Clark,M,F,2023-04-18
12768.0,AW00012768,Kimberly,Ngata,S,M,2024-07-28
12769.0,AW00012769,Robert,Walker,S,M,2026-03-03
12770.0,AW00012770,Paul,Lewis,S,M,2023-03-25
12771.0,AW00012771,Nancy,Moore,S,F,2023-01-18
12772.0,AW00012772,Peter,Garcia,S,F,2025-10-14
12773.0,AW00012773,Jennifer,Parker,M,M,2026-03-11
12774.0,AW00012774,Ashley,Williams,M,F,2023-07-18
12775.0,AW00012775,Betty,Allen,S,F,2025-10-11
12776.0,AW00012776,Donald,Hall,M,M,2025-05-13
12777.0,AW00012777,Nancy,Parker,S,F,2025-06-30
12778.0,AW00012778,Timothy,Patel,M,F,2024-04-29
12779.0,AW00012779,Jennifer,Parker,S,M,2024-10-01
12780.0,AW00012780,George,Perez,M,F,2024-01-27
12781.0,AW00012781,George,Garcia,S,M,2024-11-14
12782.0,AW00012782,Malia,Carter,S,F,2023-11-05
12783.0,AW00012783,Betty,Carter,M,M,2026-05-06
12784.0,AW00012784,John,Hall,S,M,2023-01-03
12785.0,AW00012785,Mary,Thompson,M,M,2026-04-13
12786.0,AW00012786,William,Manu,S,M,2026-02-08
12787.0,AW00012787,Kimberly,Clark,S,F,2023-06-19
12788.0,AW00012788,Brian,White,S,M,2024-09-03
12789.0,AW00012789,Tane,Kumar,S,F,2024-12-31
12790.0,AW00012790,Donald,Lee,M,M,2025-12-17
12791.0,AW00012791,Michelle,Roberts,S,M,2023-02-26
12792.0,AW00012792,Malia,Allen,M,F,2025-09-03
12793.0,AW00012793,Donna,Campbell,M,M,2026-01-18
12794.0,AW00012794,Sione,Johnson,M,M,2025-04-11
12795.0,AW00012795,Paul,Johnson,M,F,2023-04-10
12796.0,AW00012796,Peter,Baker,M,F,2023-08-26
12797.0,AW00012797,Nancy,Wilson,M,M,2025-04-17
12798.0,AW00012798,Jessica,Adams,M,F,2024-05-24
12799.0,AW00012799,Joseph,Nime,M,F,2025-01-24
12800.0,AW00012800,Brian,Lopez,S,F,2025-12-24
12801.0,AW00012801,Michelle,Turner,M,M,2024-03-12
12802.0,AW00012802,Sandra,Hall,S,F,2024-10-27
12803.0,AW00012803,Jennifer,Turner,S,F,2024-09-20
12804.0,AW00012804,Carol,Jones,M,M,2026-03-19
12805.0,AW00012805,Richard,Wright,M,M,2024-05-03
12806.0,AW00012806,Melissa,Phillips,S,M,2025-08-27
12807.0,AW00012807,Keziah,Scott,M,M,2024-06-05
12808.0,AW00012808,Paul,Smith,S,F,2024-11-27
12809.0,AW00012809,Jennifer,Toalii,S,F,2026-03-08
12810.0,AW00012810,Rebecca,Carter,M,M,2025-05-24
12811.0,AW00012811,Robert,Clark,M,F,2025-07-08
12812.0,AW00012812,Steven,Miller,M,F,2025-03-24
12813.0,AW00012813,Donna,Jones,S,F,2025-09-10
12814.0,AW00012814,Ronald,Miller,M,F,2024-09-20
12815.0,AW00012815,Elizabeth,Clark,M,F,2024-01-02
12816.0,AW00012816,Rebecca,Lopez,S,M,2025-01-30
12817.0,AW00012817,Paul,Toalii,M,F,2024-11-04
12818.0,AW00012818,Jessica,Brown,S,M,2024-09-13
12819.0,AW00012819,Mark,Patel,S,F,2026-03-07
12820.0,AW00012820,Ashley,Adams,M,M,2023-05-13
12821.0,AW00012821,Kenneth,Clark,S,F,2025-03-12
12822.0,AW00012822,Mark,Johnson,S,M,2023-08-02
12823.0,AW00012823,Timothy,Walker,S,F,2024-12-14
12824.0,AW00012824,Timothy,Thomas,S,M,2025-01-14
12825.0,AW00012825,Linda,Anderson,S,M,2026-02-11
12826.0,AW00012826,Aroha,Hall,S,F,2024-11-27
12827.0,AW00012827,William,Green,S,F,2025-12-05
12828.0,AW00012828,Ronald,Wilson,S,M,2023-12-28
12829.0,AW00012829,James,Hall,M,M,2025-06-18
12830.0,AW00012830,Keziah,Phillips,M,M,2023-11-09
12831.0,AW00012831,Mere,Jones,M,M,2023-06-14
12832.0,AW00012832,George,Thompson,S,F,2025-11-07
12833.0,AW00012833,Kimberly,Johnson,M,F,2023-07-29
12834.0,AW00012834,Joshua,Smith,M,M,2023-04-24
12835.0,AW00012835,Lisa,Johnson,M,F,2023-06-29
12836.0,AW00012836,Joshua,Martin,M,M,2025-10-06
12837.0,AW00012837,Kimberly,Singh,S,M,2024-10-17
12838.0,AW00012838,Mary,Manu,S,F,2025-03-26
12839.0,AW00012839,Carol,Baker,S,M,2023-03-14
12840.0,AW00012840,Tane,Walker,S,M,2026-05-04
12841.0,AW00012841,Richard,Thomas,M,F,2026-05-28
12842.0,AW00012842,David,Ngata,M,M,2023-10-03
12843.0,AW00012843,Michael,Turner,S,M,2025-01-27
12844.0,AW00012844,Sarah,Campbell,S,M,2023-12-01
12845.0,AW00012845,Linda,Lee,S,F,2024-10-21
12846.0,AW00012846,Donna,Lewis,M,M,2023-01-11
12847.0,AW00012847,Peter,Walker,M,M,2023-06-07
12848.0,AW00012848,Jennifer,Mitchell,M,M,2023-03-06
12849.0,AW00012849,Melissa,Anderson,S,M,2026-05-02
12850.0,AW00012850,Andrew,Green,M,F,2023-01-24
12851.0,AW00012851,Charles,Lewis,M,F,2024-10-04
12852.0,AW00012852,Joseph,Jackson,S,M,2023-05-20
12853.0,AW00012853,Peter,Anderson,S,M,2024-10-04
12854.0,AW00012854,Jason,Scott,M,F,2023-03-07
12855.0,AW00012855,Kenneth,Taylor,S,F,2025-09-29
12856.0,AW00012856,Steven,Jackson,S,F,2023-10-05
12857.0,AW00012857,Timothy,Nime,M,M,2025-08-06
12858.0,AW00012858,Carol,Baker,M,F,2023-12-14
12859.0,AW00012859,Patricia,Manu,S,M,2023-03-01
12860.0,AW00012860,Michael,Jones,M,F,2023-04-09
12861.0,AW00012861,Kimberly,Thomas,M,F,2025-09-17
12862.0,AW00012862,Deborah,Baker,S,M,2024-07-01
12863.0,AW00012863,Charles,Kumar,M,M,2025-01-30
12864.0,AW00012864,Baraa,Lewis,M,F,2023-02-20
12865.0,AW00012865,Mary,Davis,M,F,2025-03-19
12866.0,AW00012866,Jessica,Campbell,M,M,2024-06-13
12867.0,AW00012867,Carol,Phillips,M,F,2024-11-04
12868.0,AW00012868,Aroha,Parker,S,F,2024-08-26
12869.0,AW00012869,Donald,Patel,S,F,2023-10-19
12870.0,AW00012870,Barbara,Thompson,S,M,2024-12-15
12871.0,AW00012871,Stephanie,Scott,M,F,2026-04-22
12872.0,AW00012872,Barbara,Parker,S,M,2024-09-30
12873.0,AW00012873,Jessica,Hall,M,M,2025-05-31
12874.0,AW00012874,Sarah,Carter,S,M,2025-01-14
12875.0,AW00012875,Barbara,Ngata,M,F,2024-09-29
12876.0,AW00012876,George,Lee,S,M,2026-04-07
12877.0,AW00012877,Amanda,Miller,M,F,2025-12-05
12878.0,AW00012878,Jennifer,Scott,S,M,2025-05-11
12879.0,AW00012879,Keziah,Martin,S,F,2025-02-14
12880.0,AW00012880,Daniel,Lewis,S,F,2024-02-19
12881.0,AW00012881,Karen,Turner,S,M,2025-11-12
12882.0,AW00012882,Susan,Wright,S,M,2024-09-03
12883.0,AW00012883,Andrew,Adams,M,M,2024-09-06
12884.0,AW00012884,Robert,Phillips,S,M,2025-03-26
12885.0,AW00012885,Mary,Allen,M,F,2026-05-08
12886.0,AW00012886,Baraa,King,S,F,2023-05-18
12887.0,AW00012887,Ashley,Jones,S,M,2024-09-09
12888.0,AW00012888,William,Hall,S,F,2023-05-07
12889.0,AW00012889,Peter,Garcia,S,M,2023-08-27
12890.0,AW00012890,Tane,Williams,S,M,2024-01-02
12891.0,AW00012891,George,Campbell,M,M,2025-10-01
12892.0,AW00012892,Baraa,Smith,M,F,2023-01-15
12893.0,AW00012893,Baraa,Jones,M,M,2023-12-02
12894.0,AW00012894,Joshua,Williams,M,M,2023-12-21
12895.0,AW00012895,William,Anderson,S,F,2025-12-06
12896.0,AW00012896,Susan,Wilson,M,M,2023-10-02
12897.0,AW00012897,Mark,Roberts,S,M,2025-04-11
12898.0,AW00012898,Matthew,White,M,M,2025-06-30
12899.0,AW00012899,Timothy,Roberts,M,M,2025-03-23
12900.0,AW00012900,Malia,Green,S,F,2023-10-12
12901.0,AW00012901,Donald,Parker,S,M,2025-03-28
12902.0,AW00012902,Rebecca,Thompson,S,F,2023-02-04
12903.0,AW00012903,Kenneth,Johnson,S,F,2023-02-15
12904.0,AW00012904,Emily,Adams,S,F,2023-10-07
12905.0,AW00012905,Michelle,Lopez,M,F,2023-11-05
12906.0,AW00012906,Michael,Perez,M,F,2026-04-28
12907.0,AW00012907,Charles,Martin,S,F,2023-02-09
12908.0,AW00012908,Sandra,Adams,M,F,2024-08-05
12909.0,AW00012909,Donna,Singh,M,M,2023-04-18
12910.0,AW00012910,Nancy,Baker,M,M,2023-12-31
12911.0,AW00012911,Sandra,Young,S,F,2023-10-11
12912.0,AW00012912,Ronald,Roberts,S,F,2024-01-05
12913.0,AW00012913,Thomas,Davis,S,M,2024-09-16
12914.0,AW00012914,Kenneth,Williams,M,M,2023-07-28
12915.0,AW00012915,Barbara,Thompson,M,F,2026-04-17
12916.0,AW00012916,Elizabeth,Thomas,S,M,2024-11-25
12917.0,AW00012917,Sandra,Lopez,S,M,2026-01-18
12918.0,AW00012918,Mere,Adams,M,F,2025-05-23
12919.0,AW00012919,Patricia,Garcia,M,M,2025-04-30
12920.0,AW00012920,Thomas,Green,S,F,2024-07-22
12921.0,AW00012921,Barbara,Jackson,S,F,2024-04-03
12922.0,AW00012922,Michael,Lewis,M,F,2023-10-03
12923.0,AW00012923,Steven,King,M,M,2025-03-15
12924.0,AW00012924,Elizabeth,Lewis,S,M,2024-11-28
12925.0,AW00012925,Lisa,Perez,S,M,2024-06-28
12926.0,AW00012926,Ronald,Wright,S,M,2024-03-09
12927.0,AW00012927,Sarah,Williams,S,F,2026-02-17
12928.0,AW00012928,Stephanie,Mitchell,M,F,2025-11-01
12929.0,AW00012929,Keziah,Kumar,S,F,2025-02-07
12930.0,AW00012930,Robert,Roberts,M,M,2023-04-09
12931.0,AW00012931,Michael,Thomas,S,M,2024-04-02
12932.0,AW00012932,Thomas,Anderson,M,M,2023-11-24
12933.0,AW00012933,Donna,Martin,M,M,2026-05-26
12934.0,AW00012934,Mere,Walker,S,F,2024-11-19
12935.0,AW00012935,Mere,Davis,M,M,2023-05-07
12936.0,AW00012936,Sandra,Wright,M,M,2025-10-08
12937.0,AW00012937,Michael,Nelson,S,F,2025-11-13
12938.0,AW00012938,Elizabeth,Brown,M,F,2024-04-02
12939.0,AW00012939,Donald,Phillips,M,M,2025-04-04
12940.0,AW00012940,Michael,Taylor,M,F,2025-12-22
12941.0,AW00012941,Jessica,Hall,M,M,2025-04-21
12942.0,AW00012942,Stephanie,Toalii,M,F,2025-06-22
12943.0,AW00012943,Deborah,Green,S,M,2024-05-21
12944.0,AW00012944,Peter,Green,M,M,2023-05-04
12945.0,AW00012945,Kenneth,Jackson,S,M,2025-07-10
12946.0,AW00012946,Mary,Clark,M,F,2023-11-04
12947.0,AW00012947,Nancy,Nelson,S,F,2025-01-06
12948.0,AW00012948,Richard,Lewis,S,F,2025-12-15
12949.0,AW00012949,Mark,Mitchell,S,M,2025-07-02
12950.0,AW00012950,William,Campbell,M,F,2025-03-10
12951.0,AW00012951,Sandra,Garcia,S,M,2024-02-26
12952.0,AW00012952,John,King,M,F,2023-04-10
12953.0,AW00012953,Donald,Davis,S,F,2026-05-29
12954.0,AW00012954,Kimberly,Kumar,M,F,2025-08-06
12955.0,AW00012955,Peter,Campbell,M,F,2024-09-30
12956.0,AW00012956,Jennifer,Nelson,M,M,2023-11-11
12957.0,AW00012957,Melissa,Taylor,S,F,2025-10-03
12958.0,AW00012958,Joseph,Moore,M,F,2024-02-03
12959.0,AW00012959,Daniel,Toalii,S,F,2025-01-25
12960.0,AW00012960,Susan,Nelson,S,M,2023-03-02
12961.0,AW00012961,Emily,Garcia,M,M,2023-01-07
12962.0,AW00012962,Amanda,Carter,M,F,2024-04-01
12963.0,AW00012963,Michelle,Jackson,M,F,2024-09-22
12964.0,AW00012964,Kenneth,Martin,S,F,2023-10-04
12965.0,AW00012965,Patricia,Lewis,M,M,2025-01-11
12966.0,AW00012966,Joshua,Thomas,M,M,2023-03-31
12967.0,AW00012967,Anthony,Mitchell,M,F,2026-05-23
12968.0,AW00012968,Rebecca,Johnson,S,F,2026-03-01
12969.0,AW00012969,Brian,Turner,M,F,2023-07-13
12970.0,AW00012970,Michelle,Perez,M,M,2025-12-23
12971.0,AW00012971,Matthew,Adams,S,M,2025-08-11
12972.0,AW00012972,Joshua,Wright,S,F,2025-08-06
12973.0,AW00012973,Charles,Phillips,M,M,2024-12-29
12974.0,AW00012974,Amanda,Davis,S,M,2023-05-17
12975.0,AW00012975,Sione,Green,S,M,2024-01-06
12976.0,AW00012976,Betty,White,M,F,2023-10-24
12977.0,AW00012977,Kenneth,Campbell,M,F,2023-04-12
12978.0,AW00012978,Anthony,Green,S,M,2023-01-03
12979.0,AW00012979,Elizabeth,Smith,S,F,2023-03-19
12980.0,AW00012980,Joshua,Young,M,M,2024-04-15
12981.0,AW00012981,Elizabeth,Allen,M,M,2024-02-08
12982.0,AW00012982,Aroha,Thomas,M,F,2026-05-18
12983.0,AW00012983,Karen,Green,M,M,2023-10-25
12984.0,AW00012984,James,Campbell,M,M,2024-06-30
12985.0,AW00012985,Daniel,Scott,M,F,2023-03-02
12986.0,AW00012986,Donna,Miller,S,F,2023-08-29
12987.0,AW00012987,George,Anderson,S,F,2025-08-01
12988.0,AW00012988,Tane,White,S,M,2025-12-10
12989.0,AW00012989,Patricia,Nime,S,M,2024-07-30
12990.0,AW00012990,Stephanie,Singh,S,M,2025-01-06
12991.0,AW00012991,Donald,Taylor,M,F,2024-04-16
12992.0,AW00012992,Jessica,Anderson,M,M,2026-01-04
12993.0,AW00012993,Tane,Manu,M,F,2024-12-16
12994.0,AW00012994,Sandra,Smith,M,M,2024-03-24
12995.0,AW00012995,Sione,Moore,S,F,2024-11-10
12996.0,AW00012996,Matthew,Manu,S,M,2024-04-16
12997.0,AW00012997,Betty,Campbell,S,F,2026-03-27
12998.0,AW00012998,Jennifer,Wilson,S,F,2023-11-21
12999.0,AW00012999,Jennifer,Garcia,M,M,2025-03-28
13000.0,AW00013000,Paul,Brown,S,F,2026-04-11
13001.0,AW00013001,Amanda,Miller,M,M,2023-11-06
13002.0,AW00013002,Sione,Singh,S,M,2025-12-26
13003.0,AW00013003,Donald,Young,M,M,2024-11-08
13004.0,AW00013004,Stephanie,Garcia,S,M,2023-11-25
13005.0,AW00013005,Jason,Clark,S,F,2023-01-08
13006.0,AW00013006,Thomas,Carter,S,F,2025-04-09
13007.0,AW00013007,Patricia,Garcia,M,F,2025-01-08
13008.0,AW00013008,Deborah,Davis,S,F,2023-07-26
13009.0,AW00013009,Steven,Adams,M,M,2023-11-04
13010.0,AW00013010,Timothy,King,M,M,2023-05-16
13011.0,AW00013011,Thomas,Turner,M,F,2024-07-22
13012.0,AW00013012,Carol,White,M,F,2023-03-13
13013.0,AW00013013,Michelle,Lewis,M,F,2023-03-02
13014.0,AW00013014,Melissa,Singh,S,M,2023-04-15
13015.0,AW00013015,John,Taylor,S,F,2026-03-31
13016.0,AW00013016,Jason,Nelson,M,M,2025-08-27
13017.0,AW00013017,Sione,King,S,F,2024-02-12
13018.0,AW00013018,Linda,Singh,M,F,2023-01-07
13019.0,AW00013019,Sione,Moore,M,F,2025-05-07
13020.0,AW00013020,Lisa,Smith,S,F,2024-12-26
13021.0,AW00013021,Mere,Parker,S,M,2023-06-02
13022.0,AW00013022,Matthew,Wright,S,F,2023-04-04
13023.0,AW00013023,Richard,Allen,M,F,2023-10-19
13024.0,AW00013024,Carol,Williams,M,F,2024-04-20
13025.0,AW00013025,Mary,Williams,M,F,2025-10-11
13026.0,AW00013026,Linda,Clark,S,F,2025-03-14
13027.0,AW00013027,Matthew,Williams,M,F,2023-06-22
13028.0,AW00013028,Joshua,Miller,M,F,2026-04-23
13029.0,AW00013029,Carol,Garcia,S,F,2023-01-15
13030.0,AW00013030,Aroha,Scott,S,M,2026-01-22
13031.0,AW00013031,Aroha,Lee,S,F,2026-04-13
13032.0,AW00013032,Donald,Hall,S,F,2023-06-16
13033.0,AW00013033,Richard,Mitchell,M,F,2025-10-08
13034.0,AW00013034,Betty,Miller,S,M,2025-07-11
13035.0,AW00013035,Aroha,Green,M,M,2024-12-26
13036.0,AW00013036,Charles,Nime,M,F,2025-11-19
13037.0,AW00013037,Malia,Kumar,S,F,2025-05-29
13038.0,AW00013038,Joseph,Parker,M,M,2026-02-16
13039.0,AW00013039,Peter,Green,M,F,2025-06-01
13040.0,AW00013040,Daniel,Mitchell,M,M,2026-04-08
13041.0,AW00013041,Stephanie,Wilson,S,M,2024-02-07
13042.0,AW00013042,Mary,Wilson,M,F,2024-01-06
13043.0,AW00013043,Amanda,Phillips,M,M,2024-03-04
13044.0,AW00013044,Steven,Lopez,M,M,2026-02-04
13045.0,AW00013045,Robert,Manu,S,F,2023-06-21
13046.0,AW00013046,Stephanie,Davis,M,F,2023-09-16
13047.0,AW00013047,Linda,Lopez,M,F,2023-11-06
13048.0,AW00013048,Brian,Johnson,M,M,2023-09-01
13049.0,AW00013049,Keziah,Scott,M,F,2023-04-15
13050.0,AW00013050,Carol,Garcia,S,F,2023-08-16
13051.0,AW00013051,David,Anderson,S,F,2026-01-28
13052.0,AW00013052,Jason,Manu,M,F,2025-11-03
13053.0,AW00013053,Michelle,Patel,M,F,2025-01-28
13054.0,AW00013054,Lisa,Martin,S,F,2024-09-02
13055.0,AW00013055,James,Nime,M,M,2023-10-19
13056.0,AW00013056,Brian,Garcia,M,F,2025-09-02
13057.0,AW00013057,Matthew,Lopez,S,M,2025-08-12
13058.0,AW00013058,Sione,Manu,S,F,2026-05-22
13059.0,AW00013059,Robert,Anderson,M,F,2025-05-30
13060.0,AW00013060,Baraa,White,S,F,2025-10-12
13061.0,AW00013061,Emily,Garcia,S,M,2023-06-10
13062.0,AW00013062,Mark,Manu,M,M,2025-04-26
13063.0,AW00013063,Peter,Thompson,M,M,2024-06-11
13064.0,AW00013064,Anthony,Johnson,S,M,2023-11-19
13065.0,AW00013065,Jennifer,Thompson,S,F,2023-08-09
13066.0,AW00013066,James,Mitchell,S,F,2026-03-20
13067.0,AW00013067,Tane,Phillips,S,F,2023-06-06
13068.0,AW00013068,Kenneth,Adams,M,F,2025-02-25
13069.0,AW00013069,Michael,Green,M,F,2026-05-20
13070.0,AW00013070,Ronald,Jackson,M,F,2025-12-01
13071.0,AW00013071,Timothy,Miller,S,F,2024-02-24
13072.0,AW00013072,Sandra,Taylor,S,M,2023-10-20
13073.0,AW00013073,Lisa,Young,M,F,2024-06-01
13074.0,AW00013074,Robert,Hall,M,M,2023-02-03
13075.0,AW00013075,Charles,Johnson,S,F,2023-03-17
13076.0,AW00013076,Brian,Brown,M,F,2023-12-21
13077.0,AW00013077,Brian,Green,S,F,2025-03-25
13078.0,AW00013078,Keziah,Ngata,M,F,2025-11-21
13079.0,AW00013079,Carol,Walker,S,F,2023-09-06
13080.0,AW00013080,Richard,Lee,S,M,2023-02-27
13081.0,AW00013081,Joshua,Williams,M,M,2025-04-12
13082.0,AW00013082,Melissa,Wright,S,M,2024-05-01
13083.0,AW00013083,Timothy,Kumar,S,F,2024-08-02
13084.0,AW00013084,Emily,Jackson,S,F,2024-09-26
13085.0,AW00013085,Patricia,Miller,S,M,2023-06-28
13086.0,AW00013086,Peter,Wilson,M,F,2023-04-14
13087.0,AW00013087,Matthew,Anderson,M,M,2023-06-06
13088.0,AW00013088,James,Lewis,M,M,2023-10-05
13089.0,AW00013089,Karen,Hall,S,F,2023-05-22
13090.0,AW00013090,Peter,Nime,M,F,2023-09-08
13091.0,AW00013091,Karen,Walker,M,F,2024-01-14
13092.0,AW00013092,David,Miller,M,M,2024-12-01
13093.0,AW00013093,Jennifer,Davis,M,F,2025-08-04
13094.0,AW00013094,Emily,Turner,S,F,2026-01-23
13095.0,AW00013095,Daniel,Baker,S,F,2025-09-02
13096.0,AW00013096,Linda,Taylor,S,F,2026-01-01
13097.0,AW00013097,William,Wright,S,F,2025-10-08
13098.0,AW00013098,Patricia,Martin,M,F,2023-10-22
13099.0,AW00013099,Jessica,Miller,M,F,2025-01-01
13100.0,AW00013100,Amanda,Green,S,F,2023-01-21
13101.0,AW00013101,Anthony,Singh,M,M,2024-01-15
13102.0,AW00013102,Mere,Thomas,S,M,2025-06-06
13103.0,AW00013103,Elizabeth,Ngata,M,F,2023-07-05
13104.0,AW00013104,Sandra,Green,M,M,2023-12-27
13105.0,AW00013105,Nancy,Wilson,M,F,2025-11-15
13106.0,AW00013106,Jason,Smith,S,M,2026-03-31
13107.0,AW00013107,Joseph,Young,M,M,2024-03-17
13108.0,AW00013108,Susan,Allen,M,M,2024-07-28
13109.0,AW00013109,Anthony,Toalii,M,M,2026-05-12
13110.0,AW00013110,Nancy,Hall,S,M,2023-10-07
13111.0,AW00013111,Sandra,Davis,M,F,2025-02-27
13112.0,AW00013112,Charles,Kumar,M,F,2023-06-16
13113.0,AW00013113,Jessica,Parker,M,F,2023-02-15
13114.0,AW00013114,Sandra,Lee,M,M,2023-07-27
13115.0,AW00013115,Joshua,Phillips,M,F,2024-03-17
13116.0,AW00013116,Thomas,Nelson,M,M,2025-12-16
13117.0,AW00013117,Amanda,Martin,M,M,2023-08-24
13118.0,AW00013118,Barbara,Carter,M,M,2024-10-04
13119.0,AW00013119,James,Wright,M,M,2024-08-04
13120.0,AW00013120,Donald,Moore,S,M,2025-12-15
13121.0,AW00013121,Lisa,Scott,S,M,2023-06-09
13122.0,AW00013122,Charles,Anderson,M,F,2024-05-13
13123.0,AW00013123,Elizabeth,Manu,S,M,2025-01-18
13124.0,AW00013124,Sione,Brown,S,F,2023-01-06
13125.0,AW00013125,Daniel,Taylor,M,M,2025-07-15
13126.0,AW00013126,Matthew,Scott,S,F,2025-07-23
13127.0,AW00013127,David,Miller,S,F,2024-01-01
13128.0,AW00013128,Jessica,Moore,M,F,2025-01-04
13129.0,AW00013129,Karen,Roberts,S,M,2023-09-01
13130.0,AW00013130,Ronald,King,M,F,2025-12-04
13131.0,AW00013131,Timothy,Adams,S,F,2023-11-20
13132.0,AW00013132,Joshua,Toalii,M,F,2024-07-03
13133.0,AW00013133,Aroha,Ngata,S,M,2026-05-28
13134.0,AW00013134,Jessica,Anderson,M,M,2023-04-26
13135.0,AW00013135,Deborah,Lewis,S,F,2023-01-29
13136.0,AW00013136,Stephanie,Thomas,S,M,2026-01-06
13137.0,AW00013137,William,Singh,M,F,2023-06-10
13138.0,AW00013138,Rebecca,Perez,M,M,2025-04-12
13139.0,AW00013139,Sione,Moore,M,F,2025-12-06
13140.0,AW00013140,Sarah,Davis,M,F,2026-05-20
13141.0,AW00013141,Jennifer,Kumar,M,M,2023-02-03
13142.0,AW00013142,Daniel,Roberts,M,F,2024-01-08
13143.0,AW00013143,Melissa,Green,M,M,2023-07-19
13144.0,AW00013144,Betty,Ngata,M,F,2025-08-29
13145.0,AW00013145,Paul,Williams,S,M,2023-10-30
13146.0,AW00013146,Donna,Manu,S,F,2023-03-23
13147.0,AW00013147,Robert,Lee,S,M,2023-12-27
13148.0,AW00013148,Jason,Allen,S,F,2025-09-18
13149.0,AW00013149,Aroha,Brown,S,M,2025-07-10
13150.0,AW00013150,George,Manu,M,F,2023-08-29
13151.0,AW00013151,Ronald,Moore,M,M,2025-03-01
13152.0,AW00013152,Ashley,Nelson,S,F,2023-04-21
13153.0,AW00013153,Elizabeth,Ngata,S,F,2025-09-24
13154.0,AW00013154,Donna,Lee,M,F,2025-12-23
13155.0,AW00013155,Nancy,Brown,S,M,2025-07-04
13156.0,AW00013156,Sandra,Jackson,S,F,2026-05-25
13157.0,AW00013157,James,White,S,M,2023-08-13
13158.0,AW00013158,Mary,Adams,M,F,2025-05-22
13159.0,AW00013159,Kimberly,Young,S,M,2026-04-23
13160.0,AW00013160,Joseph,Jackson,M,F,2025-03-29
13161.0,AW00013161,Andrew,Moore,S,M,2024-07-18
13162.0,AW00013162,Andrew,Clark,S,F,2025-08-09
13163.0,AW00013163,Carol,Baker,S,F,2024-08-26
13164.0,AW00013164,Keziah,Hall,S,M,2024-04-11
13165.0,AW00013165,Daniel,Manu,S,M,2024-10-03
13166.0,AW00013166,Mary,Campbell,M,F,2025-12-28
13167.0,AW00013167,Amanda,Singh,M,F,2023-10-16
13168.0,AW00013168,Amanda,Clark,M,M,2026-01-05
13169.0,AW00013169,Linda,Manu,M,F,2025-02-03
13170.0,AW00013170,Tane,Campbell,M,F,2024-10-13
13171.0,AW00013171,Donna,Martin,M,M,2023-07-28
13172.0,AW00013172,Tane,Martin,M,F,2025-09-24
13173.0,AW00013173,James,Jackson,M,M,2026-03-22
13174.0,AW00013174,George,Jones,M,F,2024-01-15
13175.0,AW00013175,Keziah,Scott,M,M,2026-02-20
13176.0,AW00013176,Nancy,Campbell,M,M,2025-06-15
13177.0,AW00013177,Jennifer,Wright,S,F,2023-02-10
13178.0,AW00013178,James,Allen,S,M,2023-01-30
13179.0,AW00013179,Jason,Johnson,M,F,2025-11-14
13180.0,AW00013180,Rebecca,Jackson,M,F,2023-05-21
13181.0,AW00013181,Lisa,Roberts,M,F,2025-03-15
13182.0,AW00013182,Linda,Thomas,M,M,2024-03-18
13183.0,AW00013183,Timothy,Singh,S,F,2024-06-14
13184.0,AW00013184,Baraa,Johnson,M,F,2025-07-15
13185.0,AW00013185,Ronald,Lewis,S,M,2026-05-18
13186.0,AW00013186,Jennifer,Anderson,M,M,2025-07-03
13187.0,AW00013187,Joshua,Nelson,S,F,2024-05-03
13188.0,AW00013188,Baraa,Brown,S,F,2023-03-09
13189.0,AW00013189,Susan,Smith,M,F,2024-10-22
13190.0,AW00013190,Jennifer,Singh,M,F,2025-09-06
13191.0,AW00013191,Jason,Williams,M,M,2025-12-25
13192.0,AW00013192,Deborah,Perez,M,F,2024-12-26
13193.0,AW00013193,Charles,King,M,F,2025-06-01
13194.0,AW00013194,Daniel,Baker,M,M,2023-02-24
13195.0,AW00013195,James,King,M,M,2025-08-25
13196.0,AW00013196,Karen,Ngata,M,F,2026-01-23
13197.0,AW00013197,Linda,Clark,S,M,2024-12-19
13198.0,AW00013198,Jennifer,Thompson,M,M,2023-08-26
13199.0,AW00013199,Brian,Wright,S,M,2024-11-19
13200.0,AW00013200,Lisa,Parker,M,M,2025-08-24
13201.0,AW00013201,Paul,Manu,S,M,2024-02-27
13202.0,AW00013202,Deborah,Kumar,S,M,2025-02-27
13203.0,AW00013203,William,Lopez,M,F,2023-12-08
13204.0,AW00013204,William,Kumar,S,M,2024-01-16
13205.0,AW00013205,Emily,Singh,S,M,2025-12-13
13206.0,AW00013206,Elizabeth,Mitchell,S,F,2024-05-09
13207.0,AW00013207,Daniel,Mitchell,M,F,2024-07-18
13208.0,AW00013208,Paul,Thomas,S,F,2024-07-02
13209.0,AW00013209,Matthew,Lewis,S,M,2024-04-28
13210.0,AW00013210,Ashley,Turner,S,F,2024-08-28
13211.0,AW00013211,Deborah,Hall,M,F,2026-01-30
13212.0,AW00013212,Donald,Davis,M,M,2024-06-30
13213.0,AW00013213,Mere,Turner,M,M,2025-02-01
13214.0,AW00013214,James,Miller,M,F,2023-05-21
13215.0,AW00013215,David,Patel,M,F,2023-12-24
13216.0,AW00013216,Joshua,Jones,S,M,2026-03-07
13217.0,AW00013217,Donna,Smith,S,M,2024-07-21
13218.0,AW00013218,Brian,King,M,M,2025-07-31
13219.0,AW00013219,Robert,Perez,M,F,2025-05-11
13220.0,AW00013220,Donald,Toalii,M,F,2026-05-26
13221.0,AW00013221,Deborah,Turner,S,M,2025-11-23
13222.0,AW00013222,Baraa,Kumar,S,M,2025-09-24
13223.0,AW00013223,Linda,Davis,S,M,2023-07-02
13224.0,AW00013224,Kenneth,Davis,M,F,2023-10-07
13225.0,AW00013225,Rebecca,Williams,S,M,2024-10-11
13226.0,AW00013226,Brian,Patel,M,M,2024-06-05
13227.0,AW00013227,Lisa,Walker,M,M,2024-02-17
13228.0,AW00013228,Mark,Turner,M,F,2025-10-03
13229.0,AW00013229,Mary,Thompson,S,F,2023-02-24
13230.0,AW00013230,Matthew,Brown,S,M,2024-05-16
13231.0,AW00013231,William,Adams,S,F,2025-06-07
13232.0,AW00013232,Paul,Carter,S,M,2023-07-19
13233.0,AW00013233,Mere,Jackson,S,F,2024-12-10
13234.0,AW00013234,Lisa,Ngata,S,M,2023-12-08
13235.0,AW00013235,Amanda,Johnson,S,M,2024-09-27
13236.0,AW00013236,Deborah,Miller,S,M,2025-08-20
13237.0,AW00013237,Mere,King,M,M,2026-02-24
13238.0,AW00013238,Melissa,Thomas,S,M,2023-09-26
13239.0,AW00013239,Anthony,Campbell,S,F,2025-04-22
13240.0,AW00013240,Elizabeth,Carter,M,F,2025-11-30
13241.0,AW00013241,Nancy,Mitchell,M,F,2023-01-21
13242.0,AW00013242,Daniel,Lewis,M,F,2023-03-16
13243.0,AW00013243,Amanda,Baker,S,F,2023-04-22
13244.0,AW00013244,Emily,Adams,M,M,2026-02-25
13245.0,AW00013245,John,Lopez,S,M,2026-02-14
13246.0,AW00013246,Timothy,Clark,S,F,2023-01-13
13247.0,AW00013247,Jason,Perez,S,M,2023-01-26
13248.0,AW00013248,Jessica,Kumar,S,M,2025-03-27
13249.0,AW00013249,Stephanie,Martin,M,M,2025-04-27
13250.0,AW00013250,Mark,Johnson,M,F,2024-12-02
13251.0,AW00013251,Anthony,Kumar,M,F,2023-09-05
13252.0,AW00013252,Mark,Baker,M,F,2026-03-18
13253.0,AW00013253,Jennifer,Hall,S,F,2025-08-29
13254.0,AW00013254,Rebecca,Ngata,S,F,2025-09-15
13255.0,AW00013255,Andrew,Hall,M,F,2024-12-22
13256.0,AW00013256,Donna,Mitchell,S,M,2025-01-15
13257.0,AW00013257,Robert,Ngata,M,M,2025-04-14
13258.0,AW00013258,Patricia,Clark,S,M,2024-12-12
13259.0,AW00013259,Carol,Singh,M,M,2026-04-24
13260.0,AW00013260,Amanda,Carter,M,M,2024-03-30
13261.0,AW00013261,Peter,Walker,M,F,2023-05-21
13262.0,AW00013262,Melissa,Turner,S,F,2025-10-11
13263.0,AW00013263,Ashley,Thomas,M,M,2023-01-20
13264.0,AW00013264,Elizabeth,Kumar,M,M,2023-04-04
13265.0,AW00013265,Sarah,Martin,S,F,2024-02-25
13266.0,AW00013266,Lisa,Davis,M,M,2023-11-25
13267.0,AW00013267,Sione,Thompson,S,F,2024-10-13
13268.0,AW00013268,Peter,Roberts,S,F,2024-04-25
13269.0,AW00013269,Mere,Baker,S,M,2023-09-12
13270.0,AW00013270,Kenneth,Johnson,M,M,2024-04-28
13271.0,AW00013271,Lisa,White,M,M,2026-02-22
13272.0,AW00013272,Malia,Nime,M,F,2023-01-30
13273.0,AW00013273,Daniel,Thomas,S,M,2023-03-14
13274.0,AW00013274,Elizabeth,Allen,M,F,2023-10-13
13275.0,AW00013275,Michael,Davis,M,F,2023-09-23
13276.0,AW00013276,William,Lewis,S,M,2026-05-24
13277.0,AW00013277,Sione,Perez,S,M,2023-04-15
13278.0,AW00013278,Aroha,Nelson,S,F,2024-05-07
13279.0,AW00013279,William,Williams,M,M,2026-05-22
13280.0,AW00013280,Michael,Manu,M,M,2024-12-30
13281.0,AW00013281,Sione,Campbell,M,M,2024-03-05
13282.0,AW00013282,Nancy,Green,S,F,2024-02-17
13283.0,AW00013283,Lisa,Mitchell,S,M,2024-09-19
13284.0,AW00013284,Betty,Green,M,F,2026-01-17
13285.0,AW00013285,Melissa,Wilson,M,F,2023-01-22
13286.0,AW00013286,Richard,Patel,S,F,2025-08-18
13287.0,AW00013287,Michael,Anderson,S,F,2026-01-29
13288.0,AW00013288,George,Martin,M,F,2024-11-18
13289.0,AW00013289,Sarah,Lewis,S,M,2023-06-29
13290.0,AW00013290,George,Carter,M,M,2023-08-18
13291.0,AW00013291,Thomas,Turner,S,M,2026-05-22
13292.0,AW00013292,George,Davis,M,F,2025-01-21
13293.0,AW00013293,Mary,Lee,M,M,2024-08-05
13294.0,AW00013294,Sarah,Patel,S,F,2024-10-21
13295.0,AW00013295,Daniel,Williams,M,M,2023-09-05
13296.0,AW00013296,Melissa,Parker,S,M,2023-11-17
13297.0,AW00013297,Sandra,Taylor,S,M,2024-06-30
13298.0,AW00013298,Paul,Kumar,M,F,2024-09-01
13299.0,AW00013299,Keziah,Nime,S,M,2025-07-11
13300.0,AW00013300,Tane,Wright,S,F,2025-12-07
13301.0,AW00013301,Thomas,Hall,M,F,2025-08-27
13302.0,AW00013302,Mere,Garcia,M,M,2023-09-17
13303.0,AW00013303,Kimberly,Jones,S,F,2025-07-11
13304.0,AW00013304,Tane,Manu,M,M,2026-04-28
13305.0,AW00013305,Tane,Parker,S,M,2026-05-29
13306.0,AW00013306,Ashley,Wilson,M,F,2024-06-01
13307.0,AW00013307,Daniel,Johnson,M,F,2024-04-05
13308.0,AW00013308,Mere,Clark,M,F,2024-12-22
13309.0,AW00013309,Sandra,Allen,S,F,2025-03-04
13310.0,AW00013310,David,Martin,S,M,2025-03-12
13311.0,AW00013311,Anthony,Garcia,M,F,2023-10-15
13312.0,AW00013312,Carol,Walker,S,M,2023-12-31
13313.0,AW00013313,Linda,Manu,M,M,2025-10-10
13314.0,AW00013314,Charles,Baker,M,M,2023-04-12
13315.0,AW00013315,Barbara,Toalii,S,F,2023-02-13
13316.0,AW00013316,Ronald,Johnson,M,F,2025-12-06
13317.0,AW00013317,David,Moore,M,F,2023-12-08
13318.0,AW00013318,Amanda,Jackson,S,M,2026-01-15
13319.0,AW00013319,Michelle,Phillips,M,F,2026-02-25
13320.0,AW00013320,Elizabeth,Ngata,S,F,2025-07-02
13321.0,AW00013321,Ashley,Johnson,M,M,2024-01-25
13322.0,AW00013322,Michael,Brown,M,M,2025-12-10
13323.0,AW00013323,James,Lopez,S,M,2025-09-12
13324.0,AW00013324,Anthony,King,M,M,2025-09-18
13325.0,AW00013325,Keziah,Kumar,M,F,2023-11-26
13326.0,AW00013326,Michelle,White,S,M,2024-07-09
13327.0,AW00013327,Steven,Walker,S,M,2025-01-25
13328.0,AW00013328,Betty,Scott,S,M,2024-12-23
13329.0,AW00013329,Keziah,Adams,S,M,2024-02-29
13330.0,AW00013330,Donald,Roberts,M,F,2025-07-06
13331.0,AW00013331,Daniel,Parker,M,M,2026-05-30
13332.0,AW00013332,Ronald,Nelson,M,M,2023-01-24
13333.0,AW00013333,Baraa,Hall,S,F,2025-12-16
13334.0,AW00013334,Nancy,Lee,M,F,2025-05-15
13335.0,AW00013335,Brian,King,S,M,2023-07-19
13336.0,AW00013336,Emily,Clark,M,F,2023-04-05
13337.0,AW00013337,Jessica,Smith,S,F,2024-12-20
13338.0,AW00013338,Baraa,Martin,M,M,2023-04-12
13339.0,AW00013339,Michael,Singh,S,M,2024-05-12
13340.0,AW00013340,Jennifer,Johnson,M,F,2024-05-11
13341.0,AW00013341,Patricia,Thompson,M,M,2023-09-30
13342.0,AW00013342,Andrew,Baker,M,F,2024-12-27
13343.0,AW00013343,Mere,Manu,M,M,2024-03-29
13344.0,AW00013344,Michael,Thomas,M,M,2023-08-25
13345.0,AW00013345,David,Green,M,F,2026-02-23
13346.0,AW00013346,Richard,Wright,S,F,2025-04-22
13347.0,AW00013347,Sarah,Young,M,F,2023-03-28
13348.0,AW00013348,Andrew,Martin,M,F,2023-07-10
13349.0,AW00013349,Kenneth,Phillips,M,M,2023-12-20
13350.0,AW00013350,Jessica,Green,M,M,2023-08-29
13351.0,AW00013351,Baraa,Walker,M,F,2023-04-21
13352.0,AW00013352,Barbara,Parker,M,M,2024-08-12
13353.0,AW00013353,Susan,Phillips,S,M,2026-02-08
13354.0,AW00013354,Anthony,Perez,S,M,2025-05-05
13355.0,AW00013355,Charles,Clark,S,F,2023-01-29
13356.0,AW00013356,Brian,Thompson,M,F,2026-01-24
13357.0,AW00013357,Nancy,Thomas,S,F,2023-06-22
13358.0,AW00013358,Jennifer,Patel,S,F,2024-01-08
13359.0,AW00013359,Melissa,Toalii,M,F,2023-09-20
13360.0,AW00013360,Linda,Brown,S,F,2024-08-26
13361.0,AW00013361,Andrew,Wright,M,M,2025-09-26
13362.0,AW00013362,Sandra,Roberts,S,F,2026-01-22
13363.0,AW00013363,Daniel,Turner,S,M,2025-06-18
13364.0,AW00013364,Carol,Lee,S,F,2026-01-27
13365.0,AW00013365,Emily,Green,M,M,2023-03-15
13366.0,AW00013366,Brian,Campbell,M,F,2023-01-23
13367.0,AW00013367,Jennifer,Williams,M,F,2023-10-27
13368.0,AW00013368,Ashley,Mitchell,S,F,2025-10-17
13369.0,AW00013369,Stephanie,Patel,S,M,2024-09-30
13370.0,AW00013370,Malia,Lee,M,M,2023-06-15
13371.0,AW00013371,Jason,Smith,S,F,2024-03-12
13372.0,AW00013372,Sandra,Lewis,S,F,2025-01-12
13373.0,AW00013373,James,Perez,S,M,2025-05-26
13374.0,AW00013374,Donna,Toalii,S,M,2025-10-18
13375.0,AW00013375,Ronald,Adams,M,F,2025-06-06
13376.0,AW00013376,George,Baker,S,F,2024-04-10
13377.0,AW00013377,Patricia,Martin,M,M,2026-04-01
13378.0,AW00013378,Steven,Baker,M,M,2026-04-29
13379.0,AW00013379,Kenneth,Clark,M,F,2023-05-01
13380.0,AW00013380,Charles,Singh,S,M,2025-10-12
13381.0,AW00013381,Mere,Nime,M,F,2024-05-13
13382.0,AW00013382,Mere,Walker,S,F,2024-12-15
13383.0,AW00013383,Betty,Parker,M,M,2025-03-03
13384.0,AW00013384,Mark,Davis,M,F,2025-12-19
13385.0,AW00013385,Deborah,Thomas,M,F,2024-10-24
13386.0,AW00013386,Linda,Williams,S,M,2023-02-11
13387.0,AW00013387,Joseph,Singh,S,M,2025-01-01
13388.0,AW00013388,Patricia,Anderson,S,F,2025-08-18
13389.0,AW00013389,Richard,Garcia,M,F,2025-05-16
13390.0,AW00013390,Mary,Smith,S,M,2024-05-15
13391.0,AW00013391,Ronald,Phillips,S,M,2023-04-11
13392.0,AW00013392,Jessica,Davis,M,M,2023-12-19
13393.0,AW00013393,Keziah,Lopez,S,M,2024-04-09
13394.0,AW00013394,Matthew,Campbell,M,M,2024-12-25
13395.0,AW00013395,Anthony,Jones,S,F,2024-05-13
13396.0,AW00013396,Elizabeth,King,M,F,2024-09-18
13397.0,AW00013397,Brian,Manu,S,M,2026-04-17
13398.0,AW00013398,Barbara,Toalii,M,F,2023-10-10
13399.0,AW00013399,Jennifer,Perez,S,M,2024-04-26
13400.0,AW00013400,Richard,Nelson,M,M,2023-09-14
13401.0,AW00013401,Malia,Lewis,M,F,2023-04-20
13402.0,AW00013402,Nancy,Nime,M,M,2023-01-11
13403.0,AW00013403,James,Green,M,M,2025-01-31
13404.0,AW00013404,Betty,White,S,F,2026-05-26
13405.0,AW00013405,Thomas,Kumar,S,F,2025-02-07
13406.0,AW00013406,Steven,Manu,M,M,2025-07-28
13407.0,AW00013407,William,Phillips,M,F,2025-02-13
13408.0,AW00013408,Melissa,Taylor,M,M,2026-04-15
13409.0,AW00013409,Mary,Anderson,S,F,2023-12-09
13410.0,AW00013410,George,Wilson,M,M,2026-05-28
13411.0,AW00013411,Brian,Williams,M,F,2023-07-01
13412.0,AW00013412,Michelle,Smith,S,F,2024-11-16
13413.0,AW00013413,Lisa,Toalii,M,F,2026-02-05
13414.0,AW00013414,Andrew,Perez,S,M,2024-06-23
13415.0,AW00013415,Steven,White,S,F,2024-09-19
13416.0,AW00013416,Betty,White,M,M,2024-10-25
13417.0,AW00013417,James,Miller,S,M,2024-06-01
13418.0,AW00013418,Melissa,Young,S,F,2025-07-09
13419.0,AW00013419,John,Roberts,S,F,2023-07-25
13420.0,AW00013420,Timothy,Ngata,S,M,2024-03-08
13421.0,AW00013421,Brian,Scott,M,F,2023-01-12
13422.0,AW00013422,David,Lopez,M,F,2025-04-30
13423.0,AW00013423,Stephanie,Allen,S,M,2025-01-04
13424.0,AW00013424,Stephanie,Baker,M,F,2024-02-08
13425.0,AW00013425,Jennifer,White,M,F,2023-03-02
13426.0,AW00013426,Jessica,Toalii,M,M,2025-03-25
13427.0,AW00013427,Timothy,Young,M,F,2024-06-27
13428.0,AW00013428,Joseph,Wright,M,F,2024-01-28
13429.0,AW00013429,Patricia,Adams,M,M,2023-09-03
13430.0,AW00013430,Stephanie,Taylor,S,M,2023-04-19
13431.0,AW00013431,Nancy,Turner,S,M,2024-11-18
13432.0,AW00013432,Ashley,Jones,M,F,2026-01-31
13433.0,AW00013433,George,Lewis,S,F,2023-01-10
13434.0,AW00013434,Jennifer,Allen,M,M,2025-05-16
13435.0,AW00013435,Keziah,Lopez,S,F,2024-11-19
13436.0,AW00013436,Lisa,Carter,M,M,2025-02-09
13437.0,AW00013437,Michael,Adams,S,M,2026-02-25
13438.0,AW00013438,Kenneth,Wilson,M,F,2024-10-07
13439.0,AW00013439,Tane,Kumar,S,F,2025-03-26
13440.0,AW00013440,Lisa,Mitchell,M,F,2023-07-11
13441.0,AW00013441,Carol,Campbell,M,F,2024-09-26
13442.0,AW00013442,Joseph,Thomas,M,F,2023-01-24
13443.0,AW00013443,Richard,Lee,M,F,2024-03-31
13444.0,AW00013444,Steven,Singh,S,M,2026-01-17
13445.0,AW00013445,Malia,Scott,M,F,2026-05-27
13446.0,AW00013446,William,Adams,M,M,2023-09-08
13447.0,AW00013447,Lisa,Jackson,S,M,2023-09-14
13448.0,AW00013448,,Kumar,S,M,2026-02-22
13449.0,AW00013449,Susan,Green,M,M,2025-06-03
13450.0,AW00013450,Mere,Hall,M,F,2023-03-30
13451.0,AW00013451,Joseph,Wright,M,M,2025-09-18
13452.0,AW00013452,Andrew,Baker,M,M,2025-07-31
13453.0,AW00013453,Sandra,Campbell,S,M,2024-12-06
13454.0,AW00013454,Jason,Roberts,S,F,2026-04-05
13455.0,AW00013455,Susan,Lopez,M,M,2024-03-11
13456.0,AW00013456,Joshua,Nelson,M,F,2025-10-05
13457.0,AW00013457,Carol,Ngata,M,M,2026-01-06
13458.0,AW00013458,Donald,Walker,M,F,2023-01-03
13459.0,AW00013459,Matthew,Johnson,M,F,2025-09-18
13460.0,AW00013460,Charles,Carter,M,F,2023-10-04
13461.0,AW00013461,Sandra,Mitchell,M,M,2023-01-17
13462.0,AW00013462,Andrew,Wilson,M,F,2025-02-09
13463.0,AW00013463,Elizabeth,Lopez,M,M,2025-08-05
13464.0,AW00013464,Timothy,Young,M,F,2024-03-16
13465.0,AW00013465,Richard,Thomas,S,M,2025-05-23
13466.0,AW00013466,Paul,Davis,M,F,2023-07-02
13467.0,AW00013467,Nancy,Scott,S,M,2025-06-01
13468.0,AW00013468,Steven,Walker,S,F,2025-12-21
13469.0,AW00013469,Richard,Nime,M,M,2023-08-21
13470.0,AW00013470,Linda,Adams,M,M,2025-04-24
13471.0,AW00013471,William,Williams,M,F,2026-02-17
13472.0,AW00013472,Lisa,Brown,M,F,2024-07-31
13473.0,AW00013473,Donald,Nime,S,F,2023-04-02
13474.0,AW00013474,Susan,Perez,M,M,2024-04-08
13475.0,AW00013475,Joseph,Martin,M,M,2024-10-25
13476.0,AW00013476,Tane,Miller,M,F,2024-04-12
13477.0,AW00013477,Sarah,Jones,M,F,2023-09-20
13478.0,AW00013478,Robert,Roberts,M,M,2025-07-24
13479.0,AW00013479,Malia,Jackson,S,F,2025-03-03
13480.0,AW00013480,Aroha,Thomas,S,M,2024-03-07
13481.0,AW00013481,Daniel,Adams,S,M,2026-04-03
13482.0,AW00013482,Richard,Taylor,S,F,2025-09-23
13483.0,AW00013483,Jessica,Thomas,S,F,2023-04-12
13484.0,AW00013484,Joshua,Thompson,M,F,2024-03-25
13485.0,AW00013485,Keziah,Jones,S,F,2023-07-10
13486.0,AW00013486,Michelle,Manu,S,F,2024-09-20
13487.0,AW00013487,Amanda,Adams,M,F,2024-07-26
13488.0,AW00013488,James,Walker,S,F,2023-09-21
13489.0,AW00013489,Rebecca,Walker,M,M,2023-05-27
13490.0,AW00013490,George,Toalii,S,M,2024-01-26
13491.0,AW00013491,David,Manu,M,M,2023-03-31
13492.0,AW00013492,Mark,Davis,S,M,2024-04-27
13493.0,AW00013493,Nancy,Jackson,M,F,2026-04-02
13494.0,AW00013494,Kenneth,Lee,S,F,2023-11-18
13495.0,AW00013495,Elizabeth,Roberts,M,F,2025-12-20
13496.0,AW00013496,Sandra,Taylor,M,F,2026-03-24
13497.0,AW00013497,Betty,Nelson,M,M,2024-08-25
13498.0,AW00013498,Nancy,King,M,M,2023-01-28
13499.0,AW00013499,Mary,Manu,S,M,2023-07-15
13500.0,AW00013500,Mere,Green,M,F,2023-11-28
13501.0,AW00013501,Joshua,Singh,M,F,2023-07-27
13502.0,AW00013502,Jessica,Scott,S,M,2025-02-28
13503.0,AW00013503,Mere,Turner,S,F,2025-12-01
13504.0,AW00013504,Steven,Nime,S,M,2023-07-18
13505.0,AW00013505,Richard,Phillips,S,M,2024-05-12
13506.0,AW00013506,Keziah,Clark,M,F,2024-05-24
13507.0,AW00013507,Robert,Garcia,M,M,2023-07-01
13508.0,AW00013508,Patricia,Adams,S,F,2025-12-17
13509.0,AW00013509,Michael,Smith,M,M,2024-08-13
13510.0,AW00013510,Mark,Adams,M,F,2024-02-19
13511.0,AW00013511,Richard,Brown,S,M,2024-02-25
13512.0,AW00013512,Donna,Campbell,S,M,2026-03-27
13513.0,AW00013513,Andrew,Scott,S,M,2023-02-20
13514.0,AW00013514,John,Martin,S,M,2024-10-12
13515.0,AW00013515,Steven,Phillips,S,M,2025-12-07
13516.0,AW00013516,Kimberly,Green,M,M,2025-06-30
13517.0,AW00013517,William,Wright,M,F,2026-02-15
13518.0,AW00013518,George,Lopez,S,F,2023-02-06
13519.0,AW00013519,Elizabeth,Smith,M,F,2023-03-16
13520.0,AW00013520,James,Nelson,S,F,2025-10-31
13521.0,AW00013521,Keziah,Carter,M,F,2025-01-31
13522.0,AW00013522,Jennifer,Wilson,M,F,2024-12-26
13523.0,AW00013523,James,Patel,M,M,2025-06-22
13524.0,AW00013524,Brian,Turner,S,M,2025-04-22
13525.0,AW00013525,Ronald,Phillips,S,F,2024-12-02
13526.0,AW00013526,Aroha,Thompson,M,M,2023-09-29
13527.0,AW00013527,Richard,King,M,M,2025-01-27
13528.0,AW00013528,Aroha,King,S,M,2025-01-26
13529.0,AW00013529,Barbara,Baker,S,M,2024-06-24
13530.0,AW00013530,Paul,Jones,S,M,2024-08-06
13531.0,AW00013531,Malia,Thompson,M,M,2025-06-06
13532.0,AW00013532,Joseph,Nime,M,M,2024-01-09
13533.0,AW00013533,Jennifer,Clark,M,F,2025-02-23
13534.0,AW00013534,Jennifer,Williams,S,F,2024-04-23
13535.0,AW00013535,John,Parker,S,M,2024-07-20
13536.0,AW00013536,James,Allen,M,M,2023-09-26
13537.0,AW00013537,Aroha,Williams,M,M,2023-09-21
13538.0,AW00013538,Richard,Anderson,M,F,2024-06-25
13539.0,AW00013539,Carol,Wright,M,M,2023-04-01
13540.0,AW00013540,Sione,Lopez,S,M,2024-04-28
13541.0,AW00013541,Ashley,Patel,S,F,2025-09-23
13542.0,AW00013542,Charles,Jones,M,M,2026-04-15
13543.0,AW00013543,Steven,Perez,S,F,2023-10-19
13544.0,AW00013544,Elizabeth,Green,S,M,2025-09-01
13545.0,AW00013545,Baraa,Thomas,S,F,2024-11-07
13546.0,AW00013546,Keziah,Jackson,S,F,2024-04-18
13547.0,AW00013547,Deborah,Perez,M,M,2024-06-17
13548.0,AW00013548,Peter,Campbell,S,F,2023-10-27
13549.0,AW00013549,Jason,Young,M,F,2024-08-20
13550.0,AW00013550,Kenneth,Ngata,S,M,2025-01-19
13551.0,AW00013551,Lisa,Turner,S,M,2023-07-22
13552.0,AW00013552,Sandra,Scott,S,F,2024-02-21
13553.0,AW00013553,Timothy,Singh,M,F,2024-04-04
13554.0,AW00013554,Jason,Mitchell,M,F,2023-10-19
13555.0,AW00013555,Charles,Wright,M,M,2025-11-29
13556.0,AW00013556,Sandra,Jones,S,F,2023-04-22
13557.0,AW00013557,Amanda,Hall,M,M,2026-02-10
13558.0,AW00013558,Joshua,Campbell,M,M,2025-04-09
13559.0,AW00013559,Brian,Taylor,M,F,2025-09-05
13560.0,AW00013560,Charles,Johnson,S,M,2023-11-11
13561.0,AW00013561,Kimberly,Wright,S,F,2025-03-25
13562.0,AW00013562,Timothy,Kumar,M,F,2024-12-26
13563.0,AW00013563,Tane,Clark,S,F,2023-10-31
13564.0,AW00013564,John,Taylor,S,F,2024-12-13
13565.0,AW00013565,Jessica,Moore,M,F,2024-05-21
13566.0,AW00013566,Timothy,Taylor,M,F,2023-11-19
13567.0,AW00013567,Robert,Davis,S,F,2024-05-09
13568.0,AW00013568,Keziah,Roberts,S,M,2026-02-12
13569.0,AW00013569,Ashley,Brown,M,F,2025-01-30
13570.0,AW00013570,Keziah,Roberts,M,F,2025-11-06
13571.0,AW00013571,Peter,Davis,S,M,2025-10-28
13572.0,AW00013572,Elizabeth,Toalii,S,F,2023-12-08
13573.0,AW00013573,Mary,Kumar,S,F,2023-05-05
13574.0,AW00013574,Mark,Davis,S,M,2023-01-21
13575.0,AW00013575,Michael,King,M,F,2025-04-02
13576.0,AW00013576,James,Scott,S,F,2023-02-27
13577.0,AW00013577,Barbara,Perez,S,M,2025-07-30
13578.0,AW00013578,Paul,Johnson,M,F,2025-09-25
13579.0,AW00013579,Peter,Parker,S,M,2023-11-01
13580.0,AW00013580,Jessica,Scott,M,M,2023-10-23
13581.0,AW00013581,Sarah,Toalii,M,F,2024-04-03
13582.0,AW00013582,Joshua,Clark,M,F,2024-03-07
13583.0,AW00013583,Sandra,Patel,S,F,2023-03-18
13584.0,AW00013584,Brian,Mitchell,M,F,2026-04-23
13585.0,AW00013585,James,King,S,F,2025-10-04
13586.0,AW00013586,Peter,Smith,M,M,2025-12-21
13587.0,AW00013587,Betty,Thompson,S,M,2025-11-19
13588.0,AW00013588,Brian,Parker,M,F,2025-04-27
13589.0,AW00013589,Tane,Patel,M,F,2024-01-18
13590.0,AW00013590,George,Martin,S,M,2025-06-18
13591.0,AW00013591,Michael,Anderson,M,F,2025-12-24
13592.0,AW00013592,Anthony,Anderson,M,M,2023-05-27
13593.0,AW00013593,Stephanie,Moore,S,M,2026-02-14
13594.0,AW00013594,Sarah,Clark,M,M,2024-06-06
13595.0,AW00013595,Timothy,Turner,S,F,2024-04-13
13596.0,AW00013596,Donna,Green,M,F,2024-04-19
13597.0,AW00013597,Susan,Manu,S,F,2023-07-07
13598.0,AW00013598,Linda,Taylor,S,M,2025-03-11
13599.0,AW00013599,Barbara,Green,M,F,2023-05-26
13600.0,AW00013600,Richard,Turner,S,F,2023-07-29
13601.0,AW00013601,Robert,Smith,S,F,2024-05-19
13602.0,AW00013602,Betty,Carter,M,M,2025-12-02
13603.0,AW00013603,Paul,Manu,M,M,2024-05-05
13604.0,AW00013604,John,Thompson,S,M,2023-05-25
13605.0,AW00013605,Barbara,White,S,F,2023-04-12
13606.0,AW00013606,Daniel,Patel,M,F,2025-08-03
13607.0,AW00013607,Ronald,Nelson,M,F,2024-12-07
13608.0,AW00013608,Paul,Williams,M,M,2024-12-26
13609.0,AW00013609,Malia,Mitchell,S,F,2024-09-13
13610.0,AW00013610,Steven,Smith,M,F,2023-10-09
13611.0,AW00013611,Emily,Lee,S,M,2026-03-06
13612.0,AW00013612,Sione,Thomas,M,M,2024-10-03
13613.0,AW00013613,Linda,Parker,M,F,2025-01-17
13614.0,AW00013614,Amanda,Perez,S,M,2025-01-29
13615.0,AW00013615,Brian,Young,M,F,2025-08-04
13616.0,AW00013616,Malia,Williams,S,M,2023-12-29
13617.0,AW00013617,Jennifer,Thomas,M,M,2024-03-04
13618.0,AW00013618,Melissa,Williams,S,M,2026-05-26
13619.0,AW00013619,Patricia,Thompson,S,F,2023-11-04
13620.0,AW00013620,Peter,White,S,M,2023-08-18
13621.0,AW00013621,William,Campbell,M,M,2024-06-08
13622.0,AW00013622,Nancy,Thompson,S,M,2024-09-20
13623.0,AW00013623,Barbara,Lee,M,F,2023-02-20
13624.0,AW00013624,Kimberly,Thomas,S,M,2023-09-15
13625.0,AW00013625,Robert,Thompson,S,M,2023-04-22
13626.0,AW00013626,Tane,Kumar,S,F,2023-01-24
13627.0,AW00013627,Sandra,Kumar,S,M,2025-08-23
13628.0,AW00013628,Baraa,Martin,M,F,2026-05-05
13629.0,AW00013629,Brian,Williams,S,M,2024-10-17
13630.0,AW00013630,Michael,Lewis,M,F,2023-11-17
13631.0,AW00013631,William,Young,M,F,2026-01-23
13632.0,AW00013632,William,Carter,M,M,2025-11-03
13633.0,AW00013633,Anthony,Kumar,S,F,2025-04-24
13634.0,AW00013634,Mere,Anderson,M,F,2023-05-15
13635.0,AW00013635,Robert,Davis,M,F,2024-08-12
13636.0,AW00013636,Melissa,Nime,M,M,2023-08-08
13637.0,AW00013637,Mark,Manu,M,F,2024-10-10
13638.0,AW00013638,Timothy,Davis,S,F,2023-10-20
13639.0,AW00013639,Michael,Brown,M,M,2025-05-06
13640.0,AW00013640,Charles,Thomas,S,M,2024-07-02
13641.0,AW00013641,Ronald,Martin,S,M,2024-09-25
13642.0,AW00013642,Barbara,Jones,M,F,2024-04-04
13643.0,AW00013643,Thomas,Williams,M,F,2025-02-09
13644.0,AW00013644,Daniel,Thompson,M,M,2023-03-29
13645.0,AW00013645,Donna,Patel,M,M,2024-10-10
13646.0,AW00013646,Sandra,Perez,S,M,2023-05-12
13647.0,AW00013647,Sarah,Smith,M,F,2023-08-16
13648.0,AW00013648,Jennifer,Carter,M,M,2024-06-11
13649.0,AW00013649,Charles,Toalii,S,F,2024-09-13
13650.0,AW00013650,Nancy,Young,M,F,2024-12-06
13651.0,AW00013651,Stephanie,Campbell,M,M,2023-02-27
13652.0,AW00013652,Sione,Jones,S,F,2026-04-22
13653.0,AW00013653,Paul,Campbell,S,F,2024-07-29
13654.0,AW00013654,Barbara,Moore,M,M,2023-10-26
13655.0,AW00013655,Joseph,Scott,S,M,2025-09-21
13656.0,AW00013656,John,Lee,S,M,2024-08-24
13657.0,AW00013657,Richard,Phillips,S,F,2026-01-28
13658.0,AW00013658,Tane,Davis,S,F,2023-04-27
13659.0,AW00013659,Timothy,Jackson,M,F,2026-04-29
13660.0,AW00013660,Andrew,Moore,M,M,2024-09-21
13661.0,AW00013661,Peter,Young,M,F,2024-09-16
13662.0,AW00013662,Karen,Clark,M,F,2023-03-26
13663.0,AW00013663,David,Brown,M,F,2024-01-09
13664.0,AW00013664,Donna,Ngata,S,F,2025-01-17
13665.0,AW00013665,Ashley,Wilson,S,F,2024-02-23
13666.0,AW00013666,Baraa,Taylor,S,M,2024-09-21
13667.0,AW00013667,Tane,Brown,S,M,2025-05-31
13668.0,AW00013668,Richard,Carter,S,M,2023-05-07
13669.0,AW00013669,Joseph,Taylor,S,M,2025-06-27
13670.0,AW00013670,Richard,Walker,M,F,2023-06-05
13671.0,AW00013671,Mary,Nelson,S,F,2024-07-07
13672.0,AW00013672,Donald,Parker,S,M,2025-05-15
13673.0,AW00013673,Donald,Garcia,S,M,2025-03-30
13674.0,AW00013674,Susan,Williams,S,M,2025-09-15
13675.0,AW00013675,Ashley,Brown,M,F,2023-04-05
13676.0,AW00013676,Sione,Toalii,M,M,2023-12-16
13677.0,AW00013677,Lisa,Taylor,M,M,2023-08-28
13678.0,AW00013678,Susan,Wright,S,M,2025-09-19
13679.0,AW00013679,Karen,Thomas,S,F,2024-09-28
13680.0,AW00013680,Kimberly,Kumar,S,M,2023-09-17
13681.0,AW00013681,Sarah,Thompson,M,F,2024-11-14
13682.0,AW00013682,Ashley,Garcia,S,M,2023-02-28
13683.0,AW00013683,Sarah,Wilson,M,F,2024-09-19
13684.0,AW00013684,Keziah,King,M,F,2026-01-19
13685.0,AW00013685,Anthony,Nelson,M,M,2023-07-06
13686.0,AW00013686,Karen,Ngata,M,F,2024-03-01
13687.0,AW00013687,James,Lewis,S,M,2024-01-30
13688.0,AW00013688,Elizabeth,Nime,M,M,2026-05-31
13689.0,AW00013689,Richard,Thompson,M,M,2024-06-19
13690.0,AW00013690,James,King,M,M,2025-03-22
13691.0,AW00013691,Matthew,Wilson,M,F,2024-03-02
13692.0,AW00013692,Baraa,Clark,S,F,2025-01-06
13693.0,AW00013693,Matthew,Mitchell,S,M,2024-03-14
13694.0,AW00013694,Amanda,Patel,M,M,2023-01-07
13695.0,AW00013695,Karen,Green,S,F,2025-01-07
13696.0,AW00013696,Timothy,Carter,S,M,2023-03-07
13697.0,AW00013697,Jennifer,Lopez,M,M,2024-12-26
13698.0,AW00013698,William,Carter,M,F,2025-05-15
13699.0,AW00013699,Linda,Allen,S,F,2026-03-13
13700.0,AW00013700,David,King,S,M,2025-04-23
13701.0,AW00013701,Karen,Davis,M,F,2024-07-01
13702.0,AW00013702,Elizabeth,Taylor,M,M,2023-10-16
13703.0,AW00013703,Emily,Roberts,M,M,2024-11-26
13704.0,AW00013704,Malia,Green,M,M,2023-07-26
13705.0,AW00013705,Susan,Lee,M,M,2024-07-11
13706.0,AW00013706,Nancy,Phillips,S,M,2023-07-22
13707.0,AW00013707,Jason,Campbell,S,M,2023-07-23
13708.0,AW00013708,Brian,Garcia,S,F,2025-10-03
13709.0,AW00013709,Kenneth,Adams,S,M,2025-01-09
13710.0,AW00013710,Brian,King,M,M,2023-06-16
13711.0,AW00013711,Thomas,Williams,M,M,2024-02-02
13712.0,AW00013712,Betty,Scott,S,M,2023-11-17
13713.0,AW00013713,John,Scott,S,M,2025-01-02
13714.0,AW00013714,Patricia,Moore,M,M,2024-12-12
13715.0,AW00013715,George,Lewis,S,F,2024-10-10
13716.0,AW00013716,Mark,Hall,S,M,2023-07-21
13717.0,AW00013717,James,White,M,F,2026-01-22
13718.0,AW00013718,Malia,Thomas,M,M,2023-03-09
13719.0,AW00013719,Keziah,Johnson,M,F,2025-06-17
13720.0,AW00013720,Brian,Miller,S,M,2024-05-12
13721.0,AW00013721,Linda,Davis,M,F,2023-06-18
13722.0,AW00013722,Malia,Adams,S,F,2025-10-20
13723.0,AW00013723,Sarah,Singh,M,M,2023-05-21
13724.0,AW00013724,Patricia,Martin,M,F,2024-11-11
13725.0,AW00013725,Jessica,Perez,M,M,2024-09-16
13726.0,AW00013726,Joseph,Campbell,S,M,2024-05-26
13727.0,AW00013727,Anthony,Campbell,M,F,2023-05-01
13728.0,AW00013728,Kimberly,Wilson,S,M,2026-04-27
13729.0,AW00013729,Sandra,Garcia,S,M,2023-04-11
13730.0,AW00013730,Michelle,Lopez,S,F,2024-09-20
13731.0,AW00013731,Deborah,Wright,S,M,2025-02-19
13732.0,AW00013732,Linda,Davis,S,M,2023-08-24
13733.0,AW00013733,William,Garcia,S,F,2023-07-25
13734.0,AW00013734,Joseph,Phillips,S,M,2025-10-28
13735.0,AW00013735,Matthew,Davis,M,M,2024-12-13
13736.0,AW00013736,Melissa,Turner,M,M,2024-12-17
13737.0,AW00013737,Keziah,Carter,M,M,2025-11-21
13738.0,AW00013738,Donald,Moore,M,F,2025-07-15
13739.0,AW00013739,Joshua,Turner,S,F,2023-11-03
13740.0,AW00013740,Michael,Davis,M,F,2026-01-11
13741.0,AW00013741,Keziah,Martin,M,M,2025-11-30
13742.0,AW00013742,Mary,Lee,M,M,2023-01-12
13743.0,AW00013743,James,Taylor,S,F,2025-07-26
13744.0,AW00013744,Brian,Singh,S,M,2025-06-26
13745.0,AW00013745,Richard,Jackson,M,F,2024-11-23
13746.0,AW00013746,Richard,Davis,S,F,2024-06-13
13747.0,AW00013747,Michael,Lewis,S,M,2023-07-06
13748.0,AW00013748,Betty,Martin,M,F,2025-12-12
13749.0,AW00013749,Malia,Williams,M,F,2025-09-02
13750.0,AW00013750,Donald,Scott,S,M,2023-01-19
13751.0,AW00013751,Deborah,Miller,M,M,2023-03-13
13752.0,AW00013752,Rebecca,Smith,S,F,2023-05-14
13753.0,AW00013753,Lisa,Mitchell,S,M,2026-01-08
13754.0,AW00013754,Malia,Lopez,M,M,2023-04-08
13755.0,AW00013755,Deborah,Nime,M,F,2025-03-19
13756.0,AW00013756,Jason,Moore,S,M,2025-01-29
13757.0,AW00013757,Stephanie,Taylor,S,F,2023-11-06
13758.0,AW00013758,Carol,Thompson,S,F,2025-03-30
13759.0,AW00013759,James,Singh,M,M,2025-04-05
13760.0,AW00013760,Betty,Davis,M,F,2023-05-09
13761.0,AW00013761,Barbara,Singh,S,F,2025-11-07
13762.0,AW00013762,Robert,Taylor,M,F,2026-03-14
13763.0,AW00013763,Kimberly,Brown,M,M,2023-03-02
,AW00013764,Tane,Garcia,M,M,2023-09-12
13765.0,AW00013765,James,Clark,S,F,2025-05-26
13766.0,AW00013766,Joshua,Mitchell,M,M,2025-05-07
13767.0,AW00013767,Stephanie,Baker,S,M,2025-10-08
13768.0,AW00013768,Emily,Jackson,S,M,2023-06-23
13769.0,AW00013769,Anthony,Hall,M,M,2024-12-19
13770.0,AW00013770,Donald,Lee,S,M,2024-11-24
13771.0,AW00013771,Keziah,Lee,S,F,2025-03-13
13772.0,AW00013772,Melissa,Young,M,F,2023-06-16
13773.0,AW00013773,Joshua,Anderson,M,F,2024-07-03
13774.0,AW00013774,Nancy,Allen,S,M,2023-05-25
13775.0,AW00013775,Jennifer,Parker,M,F,2025-02-13
13776.0,AW00013776,Charles,Green,S,F,2024-06-26
13777.0,AW00013777,Richard,Singh,M,M,2024-12-01
13778.0,AW00013778,Deborah,Lopez,S,M,2025-10-13
13779.0,AW00013779,John,Johnson,S,M,2024-05-31
13780.0,AW00013780,Betty,Davis,M,F,2023-11-23
13781.0,AW00013781,Lisa,Ngata,S,M,2024-10-23
13782.0,AW00013782,Timothy,Lewis,M,F,2025-08-21
13783.0,AW00013783,Paul,Miller,S,M,2023-07-10
13784.0,AW00013784,Lisa,Nelson,M,M,2025-09-22
13785.0,AW00013785,Daniel,Nime,M,M,2023-11-17
13786.0,AW00013786,Stephanie,Davis,M,F,2025-02-13
13787.0,AW00013787,Jason,Lee,M,M,2023-06-30
13788.0,AW00013788,Sione,Ngata,M,F,2024-02-28
13789.0,AW00013789,Tane,Martin,M,F,2024-07-04
13790.0,AW00013790,Peter,Hall,M,F,2025-10-22
13791.0,AW00013791,Baraa,King,S,M,2025-05-02
13792.0,AW00013792,Kimberly,Anderson,S,F,2024-07-08
13793.0,AW00013793,Baraa,Carter,M,M,2024-05-31
13794.0,AW00013794,Melissa,Taylor,M,M,2025-05-20
13795.0,AW00013795,Donald,Hall,S,F,2023-06-05
13796.0,AW00013796,Matthew,Jones,S,M,2024-04-16
13797.0,AW00013797,Karen,Allen,M,M,2026-02-26
13798.0,AW00013798,Peter,Lopez,S,M,2023-02-08
13799.0,AW00013799,Sarah,Johnson,M,F,2025-10-07
13800.0,AW00013800,Donna,Roberts,S,F,2025-04-19
13801.0,AW00013801,Linda,Thompson,S,M,2024-08-01
13802.0,AW00013802,Brian,Walker,M,F,2024-05-25
13803.0,AW00013803,Stephanie,Scott,S,F,2024-01-22
13804.0,AW00013804,Anthony,Martin,M,M,2023-01-05
13805.0,AW00013805,Robert,Williams,S,M,2025-08-30
13806.0,AW00013806,George,Davis,S,F,2023-08-31
13807.0,AW00013807,Donald,Lee,S,M,2024-02-19
13808.0,AW00013808,Jennifer,Nime,M,M,2025-11-22
13809.0,AW00013809,Kimberly,Nime,M,M,2023-06-30
13810.0,AW00013810,David,Hall,S,M,2024-12-14
13811.0,AW00013811,Stephanie,Miller,S,M,2025-02-25
13812.0,AW00013812,Jennifer,King,S,F,2025-08-15
13813.0,AW00013813,Matthew,White,S,F,2023-12-22
13814.0,AW00013814,Mark,Parker,S,M,2024-02-22
13815.0,AW00013815,Mark,Perez,S,M,2024-12-01
13816.0,AW00013816,Richard,Singh,S,F,2025-02-22
13817.0,AW00013817,Michelle,Nelson,S,F,2023-07-13
13818.0,AW00013818,Sandra,Wright,M,F,2026-04-29
13819.0,AW00013819,Barbara,Baker,M,F,2024-01-11
13820.0,AW00013820,Ashley,Lopez,S,F,2024-11-23
13821.0,AW00013821,Kenneth,Scott,S,M,2023-09-12
13822.0,AW00013822,Lisa,Carter,S,F,2023-10-03
13823.0,AW00013823,Sarah,Lopez,M,M,2025-07-21
13824.0,AW00013824,Amanda,Baker,M,F,2023-04-06
13825.0,AW00013825,Carol,Toalii,S,M,2025-04-20
13826.0,AW00013826,Richard,Campbell,S,F,2025-10-08
13827.0,AW00013827,Patricia,Parker,M,F,2023-10-27
13828.0,AW00013828,Charles,Brown,S,F,2023-09-08
13829.0,AW00013829,Patricia,King,S,M,2025-08-07
13830.0,AW00013830,George,Wilson,S,F,2023-04-04
13831.0,AW00013831,Sandra,Allen,S,M,2025-08-15
13832.0,AW00013832,Stephanie,Manu,S,F,2025-03-06
13833.0,AW00013833,Keziah,Jones,M,F,2024-04-23
13834.0,AW00013834,Charles,Lee,S,F,2025-10-04
13835.0,AW00013835,Donna,Allen,M,M,2024-05-10
13836.0,AW00013836,Peter,Campbell,S,F,2023-05-30
13837.0,AW00013837,Donald,Martin,S,F,2025-08-15
13838.0,AW00013838,John,Johnson,M,M,2025-03-17
13839.0,AW00013839,James,Parker,S,M,2025-04-09
13840.0,AW00013840,Elizabeth,Jones,M,M,2025-05-15
13841.0,AW00013841,Steven,Carter,M,F,2024-11-24
13842.0,AW00013842,Stephanie,Lee,S,F,2025-01-23
13843.0,AW00013843,James,Patel,S,M,2023-12-25
13844.0,AW00013844,Sarah,Perez,M,M,2023-04-19
13845.0,AW00013845,,Carter,M,F,2025-10-25
13846.0,AW00013846,Susan,Taylor,M,M,2026-01-15
13847.0,AW00013847,George,White,M,M,2024-02-27
13848.0,AW00013848,Stephanie,Anderson,S,M,2024-01-05
13849.0,AW00013849,Joshua,Jones,M,M,2024-01-31
13850.0,AW00013850,Anthony,Jones,S,M,2024-04-15
13851.0,AW00013851,Baraa,Johnson,S,M,2025-02-21
13852.0,AW00013852,Keziah,Nelson,S,F,2023-08-02
13853.0,AW00013853,Melissa,Williams,M,M,2025-05-27
13854.0,AW00013854,Sarah,Wilson,S,M,2024-07-22
13855.0,AW00013855,Michael,Perez,M,M,2024-10-03
13856.0,AW00013856,Michael,Mitchell,M,M,2026-02-06
13857.0,AW00013857,Steven,Thompson,S,M,2023-02-18
13858.0,AW00013858,Steven,Wright,M,F,2024-12-08
13859.0,AW00013859,Amanda,Davis,S,F,2026-04-06
13860.0,AW00013860,Thomas,Kumar,M,M,2026-05-20
13861.0,AW00013861,Charles,Unknown,M,F,2023-12-18
13862.0,AW00013862,Carol,Lewis,M,M,2025-04-22
13863.0,AW00013863,Sarah,Young,M,F,2024-10-12
13864.0,AW00013864,Robert,Moore,M,F,2024-01-25
13865.0,AW00013865,Linda,Jackson,M,M,2023-03-02
13866.0,AW00013866,Baraa,Ngata,M,F,2025-01-14
13867.0,AW00013867,Jessica,Young,S,M,2024-04-07
13868.0,AW00013868,Anthony,Lopez,S,M,2025-03-23
13869.0,AW00013869,Jennifer,Lewis,M,M,2023-09-18
13870.0,AW00013870,Mark,Nime,M,M,2024-03-06
13871.0,AW00013871,Mere,White,S,F,2023-11-13
13872.0,AW00013872,Robert,Parker,M,M,2023-06-15
13873.0,AW00013873,Ashley,Lewis,M,M,2026-04-09
13874.0,AW00013874,Daniel,Johnson,S,F,2026-03-17
13875.0,AW00013875,Joshua,Turner,S,M,2023-04-29
13876.0,AW00013876,Carol,Wilson,S,F,2024-05-24
13877.0,AW00013877,Linda,Lee,S,M,2024-08-12
13878.0,AW00013878,Michael,Martin,M,M,2023-02-23
13879.0,AW00013879,Keziah,Miller,M,M,2024-07-19
13880.0,AW00013880,Mary,Clark,M,M,2024-07-28
13881.0,AW00013881,Baraa,Perez,S,M,2026-04-19
13882.0,AW00013882,Patricia,Garcia,M,M,2023-09-05
13883.0,AW00013883,Deborah,Roberts,M,M,2024-08-18
13884.0,AW00013884,Deborah,Scott,M,F,2025-09-01
13885.0,AW00013885,Mary,White,M,M,2024-10-24
13886.0,AW00013886,John,Walker,M,M,2024-07-26
13887.0,AW00013887,Peter,Nime,S,M,2023-06-13
13888.0,AW00013888,Elizabeth,Toalii,S,F,2024-06-04
13889.0,AW00013889,Stephanie,Patel,S,F,2023-02-01
13890.0,AW00013890,Malia,Garcia,M,M,2025-06-14
13891.0,AW00013891,Sione,Singh,M,F,2024-07-08
13892.0,AW00013892,Andrew,King,S,F,2023-03-25
13893.0,AW00013893,Susan,Thomas,S,F,2023-11-23
13894.0,AW00013894,Amanda,Allen,M,M,2025-03-22
13895.0,AW00013895,Donald,Jones,M,F,2024-01-15
13896.0,AW00013896,Robert,Johnson,S,F,2025-06-02
13897.0,AW00013897,Elizabeth,White,M,M,2024-11-10
13898.0,AW00013898,Matthew,Jones,M,F,2025-02-28
13899.0,AW00013899,Ronald,Taylor,M,F,2025-03-11
13900.0,AW00013900,Mark,Anderson,M,M,2023-01-02
13901.0,AW00013901,Barbara,Baker,M,F,2024-05-22
13902.0,AW00013902,Robert,Adams,S,M,2023-01-17
13903.0,AW00013903,Elizabeth,Clark,S,M,2025-07-14
13904.0,AW00013904,Timothy,Miller,M,M,2025-02-02
13905.0,AW00013905,Andrew,Clark,S,F,2023-02-18
13906.0,AW00013906,Baraa,Lee,M,F,2024-09-13
13907.0,AW00013907,Joseph,Smith,S,F,2026-02-08
13908.0,AW00013908,Keziah,Taylor,S,F,2025-12-02
13909.0,AW00013909,Lisa,Taylor,M,M,2023-01-26
13910.0,AW00013910,Betty,Davis,M,M,2023-03-27
13911.0,AW00013911,William,Miller,M,F,2024-08-28
13912.0,AW00013912,Brian,Patel,S,F,2024-03-07
13913.0,AW00013913,Patricia,Brown,M,M,2023-05-16
13914.0,AW00013914,Karen,Carter,S,F,2023-04-15
13915.0,AW00013915,Joseph,Miller,S,M,2025-01-31
13916.0,AW00013916,Deborah,Davis,M,M,2023-09-18
13917.0,AW00013917,Paul,Davis,S,F,2025-03-28
13918.0,AW00013918,Michelle,Phillips,S,M,2026-02-21
13919.0,AW00013919,Brian,Wilson,M,F,2025-07-25
13920.0,AW00013920,Matthew,Ngata,S,F,2023-02-23
13921.0,AW00013921,Patricia,Davis,M,M,2025-05-29
13922.0,AW00013922,Patricia,Allen,S,F,2026-05-30
13923.0,AW00013923,Nancy,Anderson,M,M,2023-05-17
13924.0,AW00013924,Sarah,Williams,M,M,2024-08-05
13925.0,AW00013925,John,Smith,S,M,2023-07-29
13926.0,AW00013926,Joseph,Smith,M,F,2026-02-06
13927.0,AW00013927,John,Phillips,M,M,2023-07-21
13928.0,AW00013928,Anthony,Davis,M,F,2023-05-11
13929.0,AW00013929,Daniel,Turner,S,F,2024-01-14
13930.0,AW00013930,Emily,Scott,M,M,2023-06-29
13931.0,AW00013931,Deborah,Hall,S,M,2023-01-13
13932.0,AW00013932,Ashley,Scott,M,F,2026-02-09
13933.0,AW00013933,Peter,Manu,M,F,2023-05-24
13934.0,AW00013934,Linda,Carter,M,F,2023-09-21
13935.0,AW00013935,Elizabeth,Lewis,S,M,2024-11-03
13936.0,AW00013936,Robert,White,M,F,2024-02-12
13937.0,AW00013937,Matthew,Young,S,F,2024-08-20
13938.0,AW00013938,Patricia,Kumar,S,M,2025-05-09
13939.0,AW00013939,Linda,Mitchell,S,M,2024-08-24
13940.0,AW00013940,William,Moore,S,M,2026-02-18
13941.0,AW00013941,Elizabeth,Clark,M,F,2024-11-21
13942.0,AW00013942,George,Lopez,S,M,2025-12-26
13943.0,AW00013943,Susan,Adams,M,M,2023-01-22
13944.0,AW00013944,Tane,Carter,M,M,2025-08-05
13945.0,AW00013945,William,Campbell,M,F,2023-05-21
13946.0,AW00013946,Steven,Adams,M,M,2024-02-16
13947.0,AW00013947,Jennifer,Davis,M,F,2025-02-10
13948.0,AW00013948,Ronald,Thomas,M,F,2026-05-01
13949.0,AW00013949,Joseph,Adams,M,F,2023-08-16
13950.0,AW00013950,Elizabeth,Green,S,F,2025-01-29
13951.0,AW00013951,Mary,Toalii,S,F,2024-05-19
13952.0,AW00013952,Kenneth,King,M,M,2025-12-24
13953.0,AW00013953,Patricia,Baker,M,F,2025-05-20
13954.0,AW00013954,Jason,Thomas,M,M,2025-11-30
13955.0,AW00013955,Karen,Adams,S,F,2025-08-07
13956.0,AW00013956,Baraa,Jones,M,F,2023-10-28
13957.0,AW00013957,Anthony,Manu,S,F,2025-11-02
13958.0,AW00013958,Anthony,Williams,S,F,2025-07-17
13959.0,AW00013959,Timothy,Nime,S,M,2023-12-15
13960.0,AW00013960,Tane,Scott,S,F,2023-06-01
13961.0,AW00013961,Linda,Green,S,F,2023-07-27
13962.0,AW00013962,William,Carter,S,M,2025-01-25
13963.0,AW00013963,Carol,Carter,S,F,2025-06-04
13964.0,AW00013964,Betty,Walker,M,M,2025-10-03
13965.0,AW00013965,Mere,Moore,S,F,2024-02-09
13966.0,AW00013966,Jessica,Green,M,F,2026-03-22
13967.0,AW00013967,John,Wright,S,F,2024-10-15
13968.0,AW00013968,Sione,Perez,M,M,2025-07-14
13969.0,AW00013969,John,Moore,M,M,2025-08-29
13970.0,AW00013970,Lisa,King,M,F,2025-11-19
13971.0,AW00013971,Betty,Jones,M,F,2023-08-13
13972.0,AW00013972,Joshua,Young,S,M,2023-12-17
13973.0,AW00013973,Steven,Mitchell,M,M,2023-11-04
13974.0,AW00013974,Michael,Carter,S,M,2024-05-26
13975.0,AW00013975,Deborah,Clark,M,M,2023-07-24
13976.0,AW00013976,Steven,King,S,M,2023-09-23
13977.0,AW00013977,Timothy,Anderson,S,F,2024-12-29
13978.0,AW00013978,John,Thomas,M,M,2025-12-13
13979.0,AW00013979,Mark,Williams,S,F,2023-11-14
13980.0,AW00013980,William,Adams,M,F,2024-11-12
13981.0,AW00013981,Mark,Toalii,S,M,2024-10-24
13982.0,AW00013982,Kimberly,Wright,M,F,2025-02-07
13983.0,AW00013983,Malia,Phillips,S,M,2025-10-30
13984.0,AW00013984,Donna,Martin,M,M,2026-03-11
13985.0,AW00013985,William,Kumar,S,M,2024-12-24
13986.0,AW00013986,Malia,Adams,S,M,2024-04-25
13987.0,AW00013987,Baraa,Baker,S,M,2024-09-02
13988.0,AW00013988,Jennifer,White,M,M,2026-01-05
13989.0,AW00013989,Sarah,Lewis,S,F,2023-09-04
13990.0,AW00013990,Matthew,Lee,M,F,2024-06-05
13991.0,AW00013991,Amanda,Anderson,S,M,2023-06-15
13992.0,AW00013992,Anthony,Johnson,S,M,2025-06-15
13993.0,AW00013993,Ashley,Phillips,M,M,2023-10-12
13994.0,AW00013994,Stephanie,Turner,S,F,2023-12-01
13995.0,AW00013995,Charles,Singh,S,F,2023-03-10
13996.0,AW00013996,Deborah,Adams,M,M,2024-05-14
13997.0,AW00013997,Donald,Thomas,S,F,2025-01-23
13998.0,AW00013998,Aroha,Jackson,M,M,2025-06-05
13999.0,AW00013999,Daniel,Singh,M,F,2024-07-23
14000.0,AW00014000,Robert,Wright,S,M,2024-07-16
14001.0,AW00014001,David,Lewis,M,F,2023-12-07
14002.0,AW00014002,Betty,Carter,M,F,2024-07-11
14003.0,AW00014003,Linda,Green,M,M,2026-04-08
14004.0,AW00014004,George,Perez,M,F,2025-10-11
14005.0,AW00014005,Matthew,Lopez,M,M,2024-03-23
14006.0,AW00014006,Emily,King,M,M,2025-11-01
14007.0,AW00014007,Mark,Baker,M,F,2025-02-24
14008.0,AW00014008,Michael,Perez,M,M,2024-04-27
14009.0,AW00014009,Donna,King,M,F,2023-08-08
14010.0,AW00014010,Brian,Kumar,S,F,2025-01-13
14011.0,AW00014011,Anthony,Phillips,S,M,2023-08-08
14012.0,AW00014012,John,Miller,S,M,2023-01-26
14013.0,AW00014013,Stephanie,Thompson,S,M,2023-05-31
14014.0,AW00014014,Mere,White,M,F,2024-06-24
14015.0,AW00014015,Jessica,Williams,M,M,2026-04-28
14016.0,AW00014016,Karen,Perez,M,F,2024-04-28
14017.0,AW00014017,Tane,Nime,S,M,2024-12-01
14018.0,AW00014018,Donald,Taylor,M,M,2023-04-07
14019.0,AW00014019,John,Anderson,M,F,2023-02-09
14020.0,AW00014020,Kimberly,Clark,M,M,2026-02-05
14021.0,AW00014021,Betty,Miller,S,F,2026-01-16
14022.0,AW00014022,Brian,Johnson,S,M,2023-12-13
14023.0,AW00014023,Jennifer,Turner,M,M,2024-12-17
14024.0,AW00014024,George,Johnson,S,M,2025-10-04
14025.0,AW00014025,Richard,Wilson,S,M,2026-02-15
14026.0,AW00014026,Sione,Garcia,M,M,2024-11-06
14027.0,AW00014027,Donald,Jones,S,F,2023-05-03
14028.0,AW00014028,Malia,Jackson,S,F,2025-03-11
14029.0,AW00014029,Joshua,Scott,M,M,2024-02-15
14030.0,AW00014030,Donna,Kumar,M,M,2023-08-18
14031.0,AW00014031,Baraa,Patel,M,F,2024-11-20
14032.0,AW00014032,Andrew,Williams,S,M,2024-05-03
14033.0,AW00014033,Rebecca,Brown,M,M,2025-05-05
14034.0,AW00014034,Ronald,Walker,M,M,2023-03-13
14035.0,AW00014035,Mark,Manu,S,M,2024-05-20
14036.0,AW00014036,Aroha,Green,M,F,2023-04-05
14037.0,AW00014037,Peter,Carter,S,F,2025-10-28
14038.0,AW00014038,Ashley,Mitchell,M,F,2025-07-29
14039.0,AW00014039,Mere,Thompson,M,F,2024-04-13
14040.0,AW00014040,Charles,Manu,S,F,2024-01-24
14041.0,AW00014041,Tane,Patel,S,M,2025-05-24
14042.0,AW00014042,Thomas,Roberts,S,F,2024-04-14
14043.0,AW00014043,Peter,Allen,M,M,2024-05-22
14044.0,AW00014044,Michelle,Williams,M,F,2024-11-18
14045.0,AW00014045,Rebecca,Anderson,M,F,2023-01-29
14046.0,AW00014046,Matthew,Green,S,M,2026-01-04
14047.0,AW00014047,Kenneth,Clark,S,F,2023-09-07
14048.0,AW00014048,Steven,Singh,S,M,2024-08-04
14049.0,AW00014049,Susan,Smith,S,F,2025-05-21
14050.0,AW00014050,Donald,Turner,S,F,2025-03-20
14051.0,AW00014051,Donna,Patel,M,F,2024-12-05
14052.0,AW00014052,Sandra,Clark,S,F,2024-10-19
14053.0,AW00014053,George,Smith,S,F,2024-06-16
14054.0,AW00014054,David,Perez,S,M,2023-02-16
14055.0,AW00014055,Betty,Nelson,M,M,2025-10-27
14056.0,AW00014056,Matthew,Anderson,M,M,2023-08-17
14057.0,AW00014057,Timothy,Brown,M,F,2024-07-25
14058.0,AW00014058,Michelle,Clark,M,F,2025-02-09
14059.0,AW00014059,Linda,Nelson,M,M,2025-05-30
14060.0,AW00014060,Sione,Young,M,F,2024-03-02
14061.0,AW00014061,Linda,Manu,M,M,2024-04-30
14062.0,AW00014062,Steven,Nime,M,M,2023-09-18
14063.0,AW00014063,Kenneth,Allen,S,M,2023-08-09
14064.0,AW00014064,Carol,Turner,S,M,2025-08-27
14065.0,AW00014065,Anthony,Johnson,S,M,2023-03-19
14066.0,AW00014066,Richard,Roberts,S,M,2023-07-22
14067.0,AW00014067,Joshua,Roberts,S,F,2024-03-15
14068.0,AW00014068,Jennifer,Roberts,M,F,2023-06-13
14069.0,AW00014069,John,Thomas,M,F,2026-04-27
14070.0,AW00014070,Kimberly,Hall,M,M,2023-09-14
14071.0,AW00014071,Kenneth,Brown,S,F,2025-06-20
14072.0,AW00014072,Barbara,Scott,S,F,2026-01-12
14073.0,AW00014073,Amanda,King,S,M,2023-03-20
14074.0,AW00014074,Susan,Williams,S,F,2025-01-30
14075.0,AW00014075,Deborah,Campbell,M,F,2023-04-13
14076.0,AW00014076,Andrew,Scott,S,F,2026-01-09
14077.0,AW00014077,Paul,Lee,S,F,2026-02-03
14078.0,AW00014078,Paul,King,S,F,2024-10-22
14079.0,AW00014079,Joseph,Nelson,M,F,2025-12-30
14080.0,AW00014080,Sarah,Perez,M,F,2026-05-26
14081.0,AW00014081,Mary,Ngata,S,M,2024-05-16
14082.0,AW00014082,George,Anderson,S,M,2025-10-19
14083.0,AW00014083,Barbara,King,S,F,2025-05-18
14084.0,AW00014084,George,Carter,M,M,2024-12-13
14085.0,AW00014085,Brian,Brown,S,M,2025-03-02
14086.0,AW00014086,Lisa,Martin,S,F,2025-10-05
14087.0,AW00014087,Paul,Ngata,S,F,2023-09-07
14088.0,AW00014088,Anthony,Nelson,S,F,2023-04-08
14089.0,AW00014089,David,Kumar,S,M,2025-09-18
14090.0,AW00014090,Mark,Phillips,S,M,2023-06-24
14091.0,AW00014091,Susan,Lopez,M,F,2023-08-04
14092.0,AW00014092,Andrew,Miller,S,M,2024-05-05
14093.0,AW00014093,Mary,Green,S,F,2024-04-02
14094.0,AW00014094,Emily,White,S,F,2024-09-02
14095.0,AW00014095,Keziah,Walker,S,M,2024-12-26
14096.0,AW00014096,Anthony,Allen,M,M,2023-08-13
14097.0,AW00014097,Kenneth,Martin,M,F,2025-10-08
14098.0,AW00014098,David,Turner,M,M,2024-09-14
14099.0,AW00014099,Ashley,Martin,S,M,2025-06-19
14100.0,AW00014100,Jessica,Ngata,S,F,2026-05-06
14101.0,AW00014101,Malia,White,M,F,2024-04-22
14102.0,AW00014102,William,Allen,M,F,2026-05-03
14103.0,AW00014103,Linda,Carter,M,F,2026-02-23
14104.0,AW00014104,James,Turner,S,F,2026-03-01
14105.0,AW00014105,Melissa,Garcia,M,M,2023-08-19
14106.0,AW00014106,Jason,Lee,M,M,2025-12-16
14107.0,AW00014107,Emily,Jackson,S,F,2025-07-29
14108.0,AW00014108,Ashley,Martin,S,M,2025-02-16
14109.0,AW00014109,Jessica,Baker,M,F,2025-10-03
14110.0,AW00014110,Steven,Lopez,S,M,2023-03-01
14111.0,AW00014111,Donald,Jones,M,M,2023-05-16
14112.0,AW00014112,Peter,Allen,S,M,2023-03-21
14113.0,AW00014113,Karen,Toalii,M,F,2025-04-19
14114.0,AW00014114,Barbara,Green,S,M,2023-12-22
14115.0,AW00014115,Amanda,Anderson,M,M,2025-06-22
14116.0,AW00014116,Charles,Mitchell,M,F,2023-10-16
14117.0,AW00014117,Karen,Miller,S,M,2025-08-26
14118.0,AW00014118,Peter,Thomas,S,M,2025-05-04
14119.0,AW00014119,Jessica,Anderson,S,F,2024-09-27
14120.0,AW00014120,Keziah,Wright,M,M,2024-05-13
14121.0,AW00014121,Daniel,White,M,M,2024-07-03
14122.0,AW00014122,Tane,Baker,M,M,2025-11-04
14123.0,AW00014123,Malia,Mitchell,S,M,2026-03-09
14124.0,AW00014124,Sandra,Green,M,M,2024-02-15
14125.0,AW00014125,Karen,Clark,S,F,2025-06-02
14126.0,AW00014126,Paul,Mitchell,M,M,2024-04-26
14127.0,AW00014127,James,Green,S,F,2023-11-15
14128.0,AW00014128,Steven,Young,M,M,2024-03-22
14129.0,AW00014129,Paul,Moore,M,M,2023-05-25
14130.0,AW00014130,Joshua,Anderson,M,M,2024-07-21
14131.0,AW00014131,Thomas,Parker,M,F,2025-01-30
14132.0,AW00014132,Patricia,White,M,M,2025-01-03
14133.0,AW00014133,Betty,Anderson,S,M,2024-01-05
14134.0,AW00014134,William,Kumar,M,F,2023-12-16
14135.0,AW00014135,Donald,Lopez,S,M,2026-01-04
14136.0,AW00014136,Joshua,Nelson,S,F,2025-05-01
14137.0,AW00014137,Joseph,Clark,M,F,2023-02-15
14138.0,AW00014138,Robert,Parker,M,F,2024-03-24
14139.0,AW00014139,Mere,Thompson,M,M,2026-01-14
14140.0,AW00014140,Nancy,Manu,S,F,2024-12-10
14141.0,AW00014141,Ashley,Perez,S,M,2026-05-13
14142.0,AW00014142,Kenneth,Roberts,M,F,2025-07-02
14143.0,AW00014143,Keziah,Anderson,M,M,2024-06-16
14144.0,AW00014144,Jason,Baker,S,M,2025-05-29
14145.0,AW00014145,Tane,Turner,S,M,2024-01-19
14146.0,AW00014146,Anthony,Scott,S,F,2024-06-01
14147.0,AW00014147,Karen,Moore,S,M,2023-12-19
14148.0,AW00014148,Joseph,Jones,M,F,2025-12-29
14149.0,AW00014149,Donna,Smith,S,M,2024-12-23
14150.0,AW00014150,Donna,Davis,M,F,2024-08-02
14151.0,AW00014151,Donald,Taylor,S,M,2023-03-04
14152.0,AW00014152,Rebecca,Jackson,M,M,2023-02-23
14153.0,AW00014153,Richard,Lee,S,M,2025-03-13
14154.0,AW00014154,Susan,Martin,M,F,2025-11-02
14155.0,AW00014155,Charles,Allen,S,M,2025-04-01
14156.0,AW00014156,Deborah,Clark,S,F,2025-02-21
14157.0,AW00014157,Anthony,Thomas,M,M,2023-06-21
14158.0,AW00014158,David,White,M,F,2025-12-10
14159.0,AW00014159,David,Parker,S,M,2024-08-12
14160.0,AW00014160,Charles,Hall,S,F,2025-10-22
14161.0,AW00014161,Deborah,Hall,M,M,2025-03-08
14162.0,AW00014162,Betty,Parker,M,F,2024-04-15
14163.0,AW00014163,Sarah,Anderson,S,F,2024-06-15
14164.0,AW00014164,Sarah,King,M,M,2026-04-04
14165.0,AW00014165,William,Manu,M,M,2024-02-25
14166.0,AW00014166,Andrew,Toalii,M,M,2026-02-01
14167.0,AW00014167,Ashley,Phillips,M,F,2026-03-01
14168.0,AW00014168,Rebecca,Clark,S,M,2024-12-03
14169.0,AW00014169,Rebecca,Wright,M,F,2025-12-02
14170.0,AW00014170,David,Phillips,S,M,2024-10-13
14171.0,AW00014171,David,White,S,M,2023-11-24
14172.0,AW00014172,Baraa,Wright,M,M,2024-07-09
14173.0,AW00014173,Joseph,Perez,M,F,2025-10-10
14174.0,AW00014174,Michael,Thompson,S,M,2025-12-10
14175.0,AW00014175,Ronald,Jackson,S,M,2024-04-16
14176.0,AW00014176,Baraa,Phillips,S,F,2023-06-26
14177.0,AW00014177,Brian,Nelson,M,F,2025-11-06
14178.0,AW00014178,Richard,Davis,M,M,2025-11-09
14179.0,AW00014179,Malia,Moore,M,M,2023-06-23
14180.0,AW00014180,James,Miller,M,F,2024-02-20
14181.0,AW00014181,Sione,Jones,M,F,2023-11-30
14182.0,AW00014182,Sarah,Wright,M,F,2025-08-23
14183.0,AW00014183,James,Campbell,S,F,2026-05-20
14184.0,AW00014184,James,Miller,M,F,2023-08-25
14185.0,AW00014185,Brian,Thompson,S,M,2025-09-01
14186.0,AW00014186,Nancy,Walker,S,M,2023-03-20
14187.0,AW00014187,John,Roberts,S,M,2025-09-22
14188.0,AW00014188,David,Roberts,S,F,2024-07-26
14189.0,AW00014189,Stephanie,Garcia,S,M,2025-02-08
14190.0,AW00014190,Carol,Scott,S,M,2024-02-22
14191.0,AW00014191,Thomas,Wright,M,M,2023-10-20
14192.0,AW00014192,Emily,Hall,S,M,2024-05-28
14193.0,AW00014193,Mark,Parker,M,F,2025-05-30
14194.0,AW00014194,Carol,Perez,S,M,2026-01-10
14195.0,AW00014195,Richard,Garcia,S,F,2025-09-15
14196.0,AW00014196,Nancy,Carter,S,F,2026-04-14
14197.0,AW00014197,Peter,Lee,M,M,2025-07-27
14198.0,AW00014198,Mary,Baker,S,F,2024-05-20
14199.0,AW00014199,Karen,Williams,S,F,2023-05-24
14200.0,AW00014200,Kenneth,Nelson,M,F,2025-10-25
14201.0,AW00014201,Matthew,Jones,M,F,2025-07-27
14202.0,AW00014202,Richard,Brown,S,M,2025-05-26
14203.0,AW00014203,Sandra,Mitchell,M,F,2026-02-18
14204.0,AW00014204,Amanda,Allen,S,M,2023-12-04
14205.0,AW00014205,Charles,Lewis,M,M,2025-01-04
14206.0,AW00014206,Patricia,Hall,M,F,2023-06-13
14207.0,AW00014207,Jessica,White,M,M,2023-05-17
14208.0,AW00014208,Jason,Brown,M,F,2025-11-19
14209.0,AW00014209,Matthew,Ngata,S,F,2023-07-13
14210.0,AW00014210,David,Singh,S,M,2025-07-02
14211.0,AW00014211,Donald,Baker,S,F,2025-03-02
14212.0,AW00014212,Robert,Lopez,S,M,2024-05-13
14213.0,AW00014213,Susan,Moore,S,M,2023-04-14
14214.0,AW00014214,Melissa,Lee,M,F,2024-08-04
14215.0,AW00014215,Brian,Perez,M,F,2025-12-23
14216.0,AW00014216,David,Scott,S,M,2024-07-15
14217.0,AW00014217,James,Baker,M,M,2024-09-19
14218.0,AW00014218,Richard,Parker,M,F,2024-06-15
14219.0,AW00014219,Mark,Jones,M,M,2023-03-04
14220.0,AW00014220,Brian,Roberts,M,M,2025-05-21
14221.0,AW00014221,Stephanie,Moore,M,F,2025-10-29
14222.0,AW00014222,John,Parker,M,F,2024-06-28
14223.0,AW00014223,Joseph,King,M,F,2024-10-03
14224.0,AW00014224,Anthony,Thompson,S,F,2025-05-17
14225.0,AW00014225,Mere,Toalii,M,F,2024-12-07
14226.0,AW00014226,William,White,M,M,2025-07-11
14227.0,AW00014227,Betty,Jones,S,F,2024-03-20
14228.0,AW00014228,Joseph,King,S,F,2023-02-22
14229.0,AW00014229,Joshua,Anderson,S,F,2024-12-02
14230.0,AW00014230,Andrew,Green,M,F,2025-10-18
14231.0,AW00014231,Jessica,Ngata,M,F,2026-02-02
14232.0,AW00014232,Rebecca,Young,M,F,2025-01-26
14233.0,AW00014233,Paul,Thomas,S,F,2025-08-17
14234.0,AW00014234,Sarah,Anderson,M,F,2024-09-28
14235.0,AW00014235,Timothy,Young,M,F,2023-10-25
14236.0,AW00014236,Barbara,Nelson,M,M,2025-09-14
14237.0,AW00014237,Charles,Phillips,M,F,2025-01-17
14238.0,AW00014238,Andrew,Parker,S,M,2024-12-19
14239.0,AW00014239,Jennifer,Jones,M,M,2023-04-30
14240.0,AW00014240,Elizabeth,Miller,M,F,2025-09-20
14241.0,AW00014241,Patricia,Nime,M,F,2023-11-11
14242.0,AW00014242,James,King,S,M,2025-08-27
14243.0,AW00014243,Donna,Wright,M,M,2023-11-07
14244.0,AW00014244,Kenneth,Garcia,M,F,2025-04-07
14245.0,AW00014245,Matthew,Carter,M,F,2024-06-25
14246.0,AW00014246,Sarah,Singh,M,F,2024-12-14
14247.0,AW00014247,Jennifer,Turner,M,F,2024-09-17
14248.0,AW00014248,Joseph,Perez,M,M,2025-12-03
14249.0,AW00014249,Lisa,Thompson,S,M,2024-07-12
14250.0,AW00014250,Aroha,Patel,S,M,2024-02-25
14251.0,AW00014251,Elizabeth,Garcia,M,F,2025-07-09
14252.0,AW00014252,Mark,Garcia,S,F,2025-04-25
14253.0,AW00014253,William,Green,M,F,2026-01-28
14254.0,AW00014254,Baraa,Nime,M,F,2026-03-23
14255.0,AW00014255,David,Lopez,S,M,2023-04-18
14256.0,AW00014256,Paul,Miller,M,M,2024-01-30
14257.0,AW00014257,Joshua,Johnson,M,M,2025-06-29
14258.0,AW00014258,Deborah,Singh,M,F,2023-10-01
14259.0,AW00014259,Paul,Nime,M,F,2024-09-12
14260.0,AW00014260,Jennifer,Clark,M,M,2023-11-02
14261.0,AW00014261,Mary,Moore,S,M,2024-08-06
14262.0,AW00014262,Donna,Moore,S,F,2025-10-12
14263.0,AW00014263,Matthew,Turner,S,F,2025-07-05
14264.0,AW00014264,Robert,Wilson,M,F,2023-08-14
14265.0,AW00014265,Sione,Wright,S,F,2024-10-21
14266.0,AW00014266,Robert,Johnson,S,M,2024-11-05
14267.0,AW00014267,Robert,Carter,M,M,2026-04-18
14268.0,AW00014268,Ronald,Wright,M,M,2024-05-01
14269.0,AW00014269,Sione,Thomas,M,M,2025-05-26
14270.0,AW00014270,Kenneth,Anderson,S,F,2024-07-29
14271.0,AW00014271,Michael,Wright,S,F,2023-04-13
14272.0,AW00014272,Ronald,Singh,M,M,2025-05-06
14273.0,AW00014273,Kenneth,Nelson,M,M,2025-09-17
14274.0,AW00014274,Kimberly,Perez,M,F,2024-08-30
14275.0,AW00014275,Betty,Mitchell,M,M,2024-08-20
14276.0,AW00014276,Nancy,Adams,M,M,2023-06-13
14277.0,AW00014277,Ashley,Smith,M,M,2025-12-30
14278.0,AW00014278,Kenneth,Turner,S,F,2025-09-27
14279.0,AW00014279,Charles,Johnson,S,F,2025-04-13
14280.0,AW00014280,Linda,Davis,M,F,2025-08-30
14281.0,AW00014281,Patricia,Manu,M,M,2024-08-27
14282.0,AW00014282,Peter,Ngata,M,M,2023-01-05
14283.0,AW00014283,Lisa,Williams,M,M,2025-08-30
14284.0,AW00014284,Robert,Roberts,M,F,2025-07-28
14285.0,AW00014285,Richard,Garcia,S,M,2023-01-03
14286.0,AW00014286,Michael,Young,M,M,2023-10-02
14287.0,AW00014287,Michelle,Toalii,S,F,2026-01-07
14288.0,AW00014288,Kimberly,Thompson,S,F,2023-11-04
14289.0,AW00014289,Stephanie,Scott,S,F,2026-03-31
14290.0,AW00014290,Jennifer,Williams,M,M,2025-05-14
14291.0,AW00014291,Rebecca,Johnson,M,F,2025-12-13
14292.0,AW00014292,Jennifer,Allen,S,M,2026-03-30
14293.0,AW00014293,Linda,Thomas,S,M,2026-02-25
14294.0,AW00014294,Stephanie,Clark,M,M,2025-12-19
14295.0,AW00014295,Ashley,Nime,S,F,2025-02-06
14296.0,AW00014296,Amanda,Patel,S,M,2023-10-22
14297.0,AW00014297,James,Turner,M,F,2026-02-26
14298.0,AW00014298,Andrew,Moore,M,F,2023-06-02
14299.0,AW00014299,Kimberly,Roberts,S,F,2023-01-15
14300.0,AW00014300,Donna,Moore,S,M,2024-06-01
14301.0,AW00014301,Stephanie,Allen,S,M,2025-10-14
14302.0,AW00014302,Elizabeth,Brown,M,F,2024-11-22
14303.0,AW00014303,Elizabeth,Parker,M,M,2025-06-06
14304.0,AW00014304,Sione,Smith,S,M,2026-03-22
14305.0,AW00014305,Joseph,Martin,M,M,2025-01-08
14306.0,AW00014306,Paul,Carter,M,F,2025-07-18
14307.0,AW00014307,Nancy,Taylor,M,M,2026-02-14
14308.0,AW00014308,Nancy,Garcia,M,F,2023-12-21
14309.0,AW00014309,Charles,Allen,S,F,2024-02-10
14310.0,AW00014310,Mere,Mitchell,S,M,2025-12-04
14311.0,AW00014311,Sione,Scott,M,F,2023-06-06
14312.0,AW00014312,Kimberly,Taylor,S,M,2026-05-26
14313.0,AW00014313,Mark,Singh,S,M,2023-12-26
14314.0,AW00014314,Amanda,Walker,S,M,2024-07-04
14315.0,AW00014315,Paul,Miller,S,F,2024-01-05
14316.0,AW00014316,Thomas,Brown,S,M,2026-02-03
14317.0,AW00014317,Ashley,Davis,S,M,2023-03-06
14318.0,AW00014318,Anthony,Jackson,S,F,2023-02-08
14319.0,AW00014319,Steven,Taylor,S,F,2024-02-13
14320.0,AW00014320,Daniel,Miller,M,M,2024-01-25
14321.0,AW00014321,Aroha,Patel,S,M,2024-11-14
14322.0,AW00014322,Robert,Kumar,S,F,2025-01-19
14323.0,AW00014323,Timothy,Hall,S,F,2025-03-18
14324.0,AW00014324,Brian,Lewis,M,M,2024-03-22
14325.0,AW00014325,Tane,Adams,M,F,2023-12-01
14326.0,AW00014326,Anthony,Nime,M,M,2023-12-05
14327.0,AW00014327,Richard,Moore,S,F,2024-05-27
14328.0,AW00014328,Sarah,Wilson,M,F,2023-01-28
14329.0,AW00014329,Thomas,Adams,S,M,2024-03-07
14330.0,AW00014330,Ashley,Campbell,S,M,2025-02-01
14331.0,AW00014331,James,Williams,M,M,2023-06-12
14332.0,AW00014332,Michelle,Ngata,M,F,2025-03-04
14333.0,AW00014333,Sarah,Nime,M,F,2024-03-19
14334.0,AW00014334,Charles,Adams,S,M,2023-12-09
14335.0,AW00014335,Karen,Brown,M,M,2024-08-25
14336.0,AW00014336,Barbara,Green,M,M,2025-05-14
14337.0,AW00014337,Kimberly,Miller,M,M,2024-02-10
14338.0,AW00014338,Thomas,Lopez,S,F,2023-01-09
14339.0,AW00014339,Patricia,Walker,S,M,2024-07-08
14340.0,AW00014340,Steven,Kumar,S,M,2025-12-29
14341.0,AW00014341,Betty,Nime,M,M,2026-04-16
14342.0,AW00014342,Mark,Mitchell,S,M,2023-08-11
14343.0,AW00014343,Sarah,Wilson,M,F,2024-05-17
14344.0,AW00014344,Karen,Thomas,S,F,2024-07-03
14345.0,AW00014345,Charles,Martin,M,F,2023-04-28
14346.0,AW00014346,Linda,Martin,S,F,2025-10-07
14347.0,AW00014347,Patricia,Adams,M,M,2023-10-04
14348.0,AW00014348,Malia,Williams,M,F,2024-07-16
14349.0,AW00014349,Anthony,Martin,M,F,2024-06-27
14350.0,AW00014350,Linda,Phillips,M,F,2023-10-22
14351.0,AW00014351,Joshua,Johnson,S,M,2026-01-01
14352.0,AW00014352,David,Campbell,S,F,2026-02-16
14353.0,AW00014353,Robert,Allen,M,M,2026-05-21
14354.0,AW00014354,Paul,Brown,M,F,2024-07-04
14355.0,AW00014355,Peter,Manu,M,F,2025-04-07
14356.0,AW00014356,Brian,Perez,S,F,2025-09-18
14357.0,AW00014357,Karen,Smith,M,F,2025-08-21
14358.0,AW00014358,Jason,Patel,M,F,2024-12-06
14359.0,AW00014359,John,Nelson,M,M,2023-03-03
14360.0,AW00014360,Deborah,Miller,S,F,2024-09-25
14361.0,AW00014361,William,Patel,S,F,2023-03-24
14362.0,AW00014362,Elizabeth,Smith,M,M,2026-04-27
14363.0,AW00014363,Elizabeth,Davis,M,M,2026-05-02
14364.0,AW00014364,Robert,Hall,M,M,2023-10-11
14365.0,AW00014365,Tane,Campbell,S,F,2025-09-09
14366.0,AW00014366,Deborah,Walker,S,F,2026-03-27
14367.0,AW00014367,Jessica,Lewis,M,F,2024-06-18
14368.0,AW00014368,Ronald,Parker,S,M,2024-10-10
14369.0,AW00014369,Andrew,Miller,S,F,2024-05-25
14370.0,AW00014370,Kimberly,Phillips,M,F,2023-07-11
14371.0,AW00014371,Melissa,Roberts,M,M,2025-11-19
14372.0,AW00014372,Sandra,Lewis,S,M,2025-08-05
14373.0,AW00014373,Donald,Turner,S,F,2024-04-22
14374.0,AW00014374,Susan,Adams,M,M,2023-09-23
14375.0,AW00014375,Melissa,Brown,M,M,2025-06-14
14376.0,AW00014376,Andrew,Manu,M,M,2023-10-05
14377.0,AW00014377,Ronald,Martin,S,M,2024-10-18
14378.0,AW00014378,Karen,Baker,S,F,2024-04-23
14379.0,AW00014379,William,Taylor,S,M,2026-04-14
14380.0,AW00014380,Michelle,Davis,M,F,2023-09-16
14381.0,AW00014381,Ronald,Toalii,M,M,2023-08-08
14382.0,AW00014382,John,Toalii,M,M,2024-02-10
14383.0,AW00014383,Paul,Kumar,M,F,2024-06-23
14384.0,AW00014384,Karen,Lopez,M,M,2024-01-18
14385.0,AW00014385,Aroha,Smith,S,M,2026-05-14
14386.0,AW00014386,Anthony,Mitchell,M,F,2025-11-26
14387.0,AW00014387,Jason,Wilson,M,M,2025-12-06
14388.0,AW00014388,Michael,Parker,S,M,2023-03-20
14389.0,AW00014389,Elizabeth,Hall,M,M,2024-04-22
14390.0,AW00014390,William,Singh,S,F,2026-02-02
14391.0,AW00014391,Jessica,Campbell,S,F,2025-09-22
14392.0,AW00014392,Michelle,Lee,S,F,2024-07-21
14393.0,AW00014393,Michael,Wright,M,M,2023-02-18
14394.0,AW00014394,Paul,Smith,S,F,2025-12-20
14395.0,AW00014395,William,Young,S,F,2025-03-22
14396.0,AW00014396,Karen,Lee,S,M,2023-07-13
14397.0,AW00014397,Stephanie,Davis,M,F,2026-01-13
14398.0,AW00014398,Lisa,Phillips,S,F,2023-12-22
14399.0,AW00014399,George,Thompson,S,F,2025-01-04
14400.0,AW00014400,Ronald,Jackson,S,F,2024-06-20
14401.0,AW00014401,Tane,Green,S,M,2024-07-02
14402.0,AW00014402,Michael,Walker,M,F,2026-05-24
14403.0,AW00014403,Stephanie,Walker,S,M,2024-05-25
14404.0,AW00014404,Charles,Taylor,S,F,2026-05-15
14405.0,AW00014405,Stephanie,Jones,S,M,2023-03-30
14406.0,AW00014406,Robert,Allen,M,M,2023-03-26
14407.0,AW00014407,Stephanie,,S,M,2025-01-19
14408.0,AW00014408,Baraa,Brown,S,F,2023-12-06
14409.0,AW00014409,Malia,Toalii,M,M,2025-03-12
14410.0,AW00014410,Mark,Taylor,S,M,2025-03-16
14411.0,AW00014411,Baraa,Green,S,F,2026-03-29
14412.0,AW00014412,Rebecca,Green,M,F,2023-03-19
14413.0,AW00014413,Lisa,Davis,M,M,2024-03-13
14414.0,AW00014414,Jessica,Moore,M,F,2023-02-17
14415.0,AW00014415,Charles,Young,S,M,2026-03-20
14416.0,AW00014416,Robert,Parker,M,M,2024-10-04
14417.0,AW00014417,David,Toalii,M,F,2023-03-13
14418.0,AW00014418,Carol,Singh,M,F,2023-06-14
14419.0,AW00014419,Sione,Adams,M,F,2026-02-24
14420.0,AW00014420,Barbara,Jones,S,F,2025-07-22
14421.0,AW00014421,Betty,Turner,M,M,2024-07-14
14422.0,AW00014422,Tane,Carter,S,M,2024-06-17
14423.0,AW00014423,Anthony,Lopez,S,F,2025-05-27
14424.0,AW00014424,Kimberly,Campbell,M,M,2023-03-27
14425.0,AW00014425,Sione,Lewis,S,M,2025-07-27
14426.0,AW00014426,Melissa,Jones,S,F,2025-04-19
14427.0,AW00014427,Susan,Martin,S,M,2025-12-26
14428.0,AW00014428,Michael,Lopez,S,M,2025-11-21
14429.0,AW00014429,Sandra,Garcia,M,M,2026-05-21
14430.0,AW00014430,Donald,Jackson,S,M,2026-05-06
14431.0,AW00014431,Andrew,Williams,S,F,2026-05-05
14432.0,AW00014432,Baraa,Scott,M,F,2023-05-22
14433.0,AW00014433,Brian,Martin,S,F,2025-04-22
14434.0,AW00014434,Matthew,Martin,M,F,2023-05-20
14435.0,AW00014435,Mary,King,S,M,2025-11-19
14436.0,AW00014436,Karen,Perez,M,M,2024-06-29
14437.0,AW00014437,Richard,Carter,M,F,2025-06-11
14438.0,AW00014438,Kimberly,Moore,M,M,2026-03-03
14439.0,AW00014439,Tane,Nime,M,F,2025-03-27
14440.0,AW00014440,Jason,Parker,M,M,2024-09-04
14441.0,AW00014441,Thomas,Moore,M,M,2025-01-27
14442.0,AW00014442,Charles,Phillips,S,F,2026-04-17
14443.0,AW00014443,Jessica,Ngata,M,F,2023-12-07
14444.0,AW00014444,John,Young,S,M,2026-04-07
14445.0,AW00014445,Stephanie,Singh,M,F,2023-08-23
14446.0,AW00014446,Kenneth,Jackson,S,M,2025-04-24
14447.0,AW00014447,Donald,Smith,M,M,2023-12-08
14448.0,AW00014448,Timothy,White,S,M,2025-12-04
14449.0,AW00014449,Lisa,White,S,M,2023-06-27
14450.0,AW00014450,Thomas,Ngata,M,M,2023-06-11
14451.0,AW00014451,William,Young,M,F,2023-05-31
14452.0,AW00014452,Joseph,Jones,S,F,2025-05-17
14453.0,AW00014453,Michelle,Allen,M,M,2025-11-30
14454.0,AW00014454,Ashley,Allen,S,M,2024-03-04
14455.0,AW00014455,Elizabeth,Nime,M,M,2024-07-30
14456.0,AW00014456,Paul,Young,M,F,2024-07-25
14457.0,AW00014457,James,Martin,S,F,2025-07-11
14458.0,AW00014458,Michael,Nelson,S,M,2024-09-28
14459.0,AW00014459,Deborah,Kumar,M,F,2025-04-14
14460.0,AW00014460,Stephanie,Brown,S,M,2024-02-20
14461.0,AW00014461,Jason,Taylor,S,F,2023-04-15
14462.0,AW00014462,Donna,Baker,S,M,2023-08-09
14463.0,AW00014463,Kimberly,Nelson,M,F,2024-05-20
14464.0,AW00014464,Mary,Williams,M,M,2023-05-10
14465.0,AW00014465,Baraa,Taylor,S,F,2024-10-13
14466.0,AW00014466,Nancy,Lewis,M,F,2026-01-01
14467.0,AW00014467,Stephanie,Thompson,S,F,2024-10-28
14468.0,AW00014468,Barbara,Carter,S,F,2024-12-30
14469.0,AW00014469,Paul,Miller,S,F,2025-05-07
14470.0,AW00014470,Thomas,Hall,S,M,2024-11-26
14471.0,AW00014471,Matthew,Taylor,S,M,2024-03-22
14472.0,AW00014472,Joseph,Perez,M,F,2023-07-18
14473.0,AW00014473,George,Turner,M,F,2023-06-18
14474.0,AW00014474,Jennifer,Baker,S,F,2023-08-14
14475.0,AW00014475,Linda,Scott,M,F,2024-09-27
14476.0,AW00014476,Matthew,Miller,M,M,2024-07-13
14477.0,AW00014477,Rebecca,Mitchell,S,F,2026-02-16
14478.0,AW00014478,Emily,Lopez,S,M,2024-03-07
14479.0,AW00014479,Ashley,Adams,M,F,2024-02-28
14480.0,AW00014480,Robert,Lee,M,M,2025-01-18
14481.0,AW00014481,Ashley,Young,S,M,2023-03-29
14482.0,AW00014482,Kenneth,Garcia,M,M,2024-08-05
14483.0,AW00014483,Jennifer,Kumar,S,F,2024-07-27
14484.0,AW00014484,George,Thomas,M,F,2024-03-17
14485.0,AW00014485,Melissa,Green,M,M,2025-12-09
14486.0,AW00014486,Thomas,Walker,S,F,2025-05-02
14487.0,AW00014487,Donna,Smith,M,F,2024-04-02
14488.0,AW00014488,Timothy,Walker,M,F,2025-12-24
14489.0,AW00014489,Michael,Johnson,S,F,2024-08-20
14490.0,AW00014490,Timothy,Nime,S,F,2025-08-29
14491.0,AW00014491,Melissa,Moore,M,M,2025-04-28
14492.0,AW00014492,Peter,Wright,S,M,2024-07-28
14493.0,AW00014493,Richard,Brown,M,M,2023-10-21
14494.0,AW00014494,Kenneth,Campbell,M,M,2023-11-13
14495.0,AW00014495,Emily,Moore,M,F,2026-04-16
14496.0,AW00014496,Mere,Young,S,M,2024-08-30
14497.0,AW00014497,David,Davis,M,M,2025-02-16
14498.0,AW00014498,Michelle,Taylor,S,F,2026-03-05
14499.0,AW00014499,Paul,Moore,M,F,2024-01-11
14500.0,AW00014500,Sione,Williams,M,M,2024-11-23
14501.0,AW00014501,John,Jones,S,F,2023-07-06
14502.0,AW00014502,Brian,Nelson,M,F,2023-01-07
14503.0,AW00014503,James,Scott,S,F,2026-01-21
14504.0,AW00014504,Ronald,Allen,S,M,2025-01-13
14505.0,AW00014505,Paul,Williams,M,F,2023-09-15
14506.0,AW00014506,Betty,Davis,M,F,2023-02-02
14507.0,AW00014507,Robert,Thomas,S,M,2023-01-21
14508.0,AW00014508,Karen,Mitchell,M,M,2026-05-01
14509.0,AW00014509,Sarah,Nime,S,M,2026-05-10
14510.0,AW00014510,Brian,Brown,M,M,2024-02-02
14511.0,AW00014511,Michael,Nime,S,M,2023-11-19
14512.0,AW00014512,Matthew,Baker,S,M,2026-03-10
14513.0,AW00014513,Michelle,Patel,S,M,2024-11-30
14514.0,AW00014514,Joseph,Ngata,S,M,2024-03-30
14515.0,AW00014515,Emily,Baker,S,M,2025-05-13
14516.0,AW00014516,Nancy,Taylor,M,F,2025-11-03
14517.0,AW00014517,Patricia,Garcia,S,F,2023-12-07
14518.0,AW00014518,Sione,Anderson,M,F,2023-06-03
14519.0,AW00014519,Michelle,Garcia,M,F,2024-04-13
14520.0,AW00014520,Andrew,Anderson,M,F,2025-04-02
14521.0,AW00014521,John,Wilson,M,M,2025-12-10
14522.0,AW00014522,Emily,Adams,S,M,2023-03-19
14523.0,AW00014523,John,Scott,M,M,2026-04-13
14524.0,AW00014524,Sarah,Lopez,S,M,2025-12-17
14525.0,AW00014525,Michelle,Anderson,M,M,2025-08-02
14526.0,AW00014526,Anthony,Walker,S,F,2024-08-09
14527.0,AW00014527,Timothy,Garcia,S,F,2026-03-21
14528.0,AW00014528,Joshua,Thomas,S,F,2023-09-14
14529.0,AW00014529,Mark,Clark,S,M,2025-02-18
14530.0,AW00014530,Sarah,Anderson,M,F,2025-12-03
14531.0,AW00014531,Amanda,Scott,M,F,2025-05-10
14532.0,AW00014532,Lisa,Green,M,M,2025-09-17
14533.0,AW00014533,Susan,Manu,S,F,2024-07-19
14534.0,AW00014534,Jessica,Thompson,M,M,2024-02-22
14535.0,AW00014535,Ronald,Turner,S,F,2024-12-25
14536.0,AW00014536,Ashley,Johnson,M,F,2025-10-08
14537.0,AW00014537,Michael,Patel,S,M,2025-03-09
14538.0,AW00014538,Ronald,White,S,M,2023-05-12
14539.0,AW00014539,Daniel,Davis,S,F,2025-07-09
14540.0,AW00014540,Michelle,Martin,S,M,2024-10-17
14541.0,AW00014541,Steven,Toalii,M,F,2024-11-08
14542.0,AW00014542,Ronald,Davis,S,F,2023-01-11
14543.0,AW00014543,Thomas,Thomas,S,M,2024-08-31
14544.0,AW00014544,Peter,Wilson,S,M,2024-12-15
14545.0,AW00014545,Joseph,Ngata,S,M,2023-08-18
14546.0,AW00014546,Joseph,Lopez,S,F,2026-04-18
14547.0,AW00014547,Richard,King,S,F,2026-02-15
14548.0,AW00014548,Karen,Miller,M,M,2024-12-20
14549.0,AW00014549,Susan,Adams,M,M,2023-05-30
14550.0,AW00014550,Peter,Lee,M,M,2024-02-10
14551.0,AW00014551,Sarah,Kumar,S,M,2025-12-02
14552.0,AW00014552,John,King,M,F,2024-01-17
14553.0,AW00014553,Linda,Kumar,M,M,2025-09-19
14554.0,AW00014554,Rebecca,Parker,M,F,2025-10-18
14555.0,AW00014555,Brian,Kumar,M,F,2024-12-13
14556.0,AW00014556,Paul,Ngata,S,F,2024-08-01
14557.0,AW00014557,Barbara,Scott,S,M,2023-11-12
14558.0,AW00014558,Brian,Adams,M,M,2024-11-25
14559.0,AW00014559,Stephanie,Garcia,M,M,2023-11-09
14560.0,AW00014560,Malia,Wright,S,F,2026-01-10
14561.0,AW00014561,Lisa,Smith,M,F,2023-01-01
14562.0,AW00014562,Mere,Martin,M,F,2024-01-24
14563.0,AW00014563,Amanda,Ngata,M,M,2026-02-10
14564.0,AW00014564,Michael,Walker,S,M,2023-06-04
14565.0,AW00014565,Peter,Scott,M,M,2026-01-25
14566.0,AW00014566,Sarah,Phillips,M,F,2026-05-30
14567.0,AW00014567,Andrew,Wright,M,F,2026-02-14
14568.0,AW00014568,Betty,King,M,M,2024-12-08
14569.0,AW00014569,Stephanie,Garcia,M,F,2026-04-29
14570.0,AW00014570,Timothy,Kumar,S,M,2024-01-06
14571.0,AW00014571,Thomas,Walker,M,F,2026-01-28
14572.0,AW00014572,Mary,Lee,M,M,2025-09-04
14573.0,AW00014573,Peter,King,S,F,2025-08-06
14574.0,AW00014574,Elizabeth,Wilson,M,F,2023-05-18
14575.0,AW00014575,David,Taylor,M,M,2023-05-10
14576.0,AW00014576,Michelle,Mitchell,M,M,2023-05-07
14577.0,AW00014577,Thomas,Perez,S,F,2026-05-15
14578.0,AW00014578,Amanda,Walker,S,M,2024-11-30
14579.0,AW00014579,Paul,Ngata,S,M,2024-12-29
14580.0,AW00014580,Jessica,Davis,S,F,2023-05-20
14581.0,AW00014581,Patricia,Clark,M,M,2023-02-07
14582.0,AW00014582,Timothy,Miller,S,M,2023-08-29
14583.0,AW00014583,Jason,Taylor,S,M,2024-06-10
14584.0,AW00014584,Elizabeth,Campbell,M,M,2024-10-29
14585.0,AW00014585,Amanda,Anderson,S,M,2024-03-24
14586.0,AW00014586,Elizabeth,Baker,M,M,2024-04-20
14587.0,AW00014587,James,Allen,M,F,2024-10-12
14588.0,AW00014588,Stephanie,Young,M,F,2025-12-14
14589.0,AW00014589,Karen,Allen,M,F,2025-11-19
14590.0,AW00014590,Emily,Green,M,F,2023-01-01
14591.0,AW00014591,Donald,Miller,M,F,2024-06-30
14592.0,AW00014592,David,Garcia,M,F,2023-10-26
14593.0,AW00014593,Emily,Parker,M,F,2025-03-02
14594.0,AW00014594,Donald,Campbell,M,M,2023-05-19
14595.0,AW00014595,Karen,Hall,S,M,2023-03-23
14596.0,AW00014596,George,Perez,S,F,2025-01-25
14597.0,AW00014597,Joseph,Baker,S,F,2024-01-12
14598.0,AW00014598,Amanda,Singh,M,F,2024-06-12
14599.0,AW00014599,Carol,Phillips,M,F,2024-01-29
14600.0,AW00014600,Charles,Brown,M,F,2024-06-22
14601.0,AW00014601,Richard,Garcia,M,F,2023-10-01
14602.0,AW00014602,Timothy,Martin,M,F,2024-12-18
14603.0,AW00014603,Matthew,Moore,M,F,2024-01-04
14604.0,AW00014604,Donna,Nime,M,M,2023-09-06
14605.0,AW00014605,Anthony,Hall,S,F,2024-04-06
14606.0,AW00014606,Sione,Nime,M,M,2025-12-23
14607.0,AW00014607,William,Brown,S,M,2023-09-01
14608.0,AW00014608,Linda,King,S,F,2023-09-27
14609.0,AW00014609,Jessica,Adams,S,M,2025-01-26
14610.0,AW00014610,Brian,Carter,S,M,2025-11-11
14611.0,AW00014611,Linda,Ngata,S,M,2023-08-26
14612.0,AW00014612,Andrew,King,M,F,2026-02-04
14613.0,AW00014613,Brian,Lopez,S,F,2024-08-13
14614.0,AW00014614,Sarah,Patel,S,M,2023-03-05
14615.0,AW00014615,Jennifer,Singh,S,M,2023-07-08
14616.0,AW00014616,Malia,Thomas,M,M,2023-11-02
14617.0,AW00014617,Deborah,Moore,M,M,2026-01-09
14618.0,AW00014618,Donna,Hall,M,F,2023-01-26
14619.0,AW00014619,Sione,Parker,S,F,2025-12-20
14620.0,AW00014620,Robert,Jones,M,M,2025-07-07
14621.0,AW00014621,Ronald,Moore,M,M,2025-04-01
14622.0,AW00014622,Steven,Manu,S,F,2023-06-03
14623.0,AW00014623,Linda,Allen,S,F,2023-08-29
14624.0,AW00014624,Brian,King,M,F,2025-04-13
14625.0,AW00014625,Donald,Green,S,M,2025-09-15
14626.0,AW00014626,Donna,Roberts,M,F,2025-04-12
14627.0,AW00014627,Patricia,Adams,M,F,2025-06-13
14628.0,AW00014628,Joshua,Nelson,S,F,2025-05-22
14629.0,AW00014629,Donna,Jones,S,M,2024-07-30
14630.0,AW00014630,Andrew,Clark,M,F,2025-12-17
14631.0,AW00014631,Betty,Wilson,S,F,2023-06-19
14632.0,AW00014632,Mere,Baker,M,F,2023-11-15
14633.0,AW00014633,Lisa,Campbell,M,F,2025-02-27
14634.0,AW00014634,Joshua,Nelson,M,M,2025-03-28
14635.0,AW00014635,Emily,Jackson,M,M,2023-12-27
14636.0,AW00014636,Matthew,Brown,M,M,2023-05-10
14637.0,AW00014637,Karen,Adams,S,F,2024-09-30
14638.0,AW00014638,John,Jones,M,F,2024-11-01
14639.0,AW00014639,Kimberly,Lewis,M,F,2025-11-10
14640.0,AW00014640,Rebecca,Adams,M,M,2023-08-07
14641.0,AW00014641,Susan,Lopez,S,M,2024-05-28
14642.0,AW00014642,Barbara,Wilson,S,F,2024-11-16
14643.0,AW00014643,Richard,Wright,,F,2024-02-05
14644.0,AW00014644,Charles,Campbell,S,M,2024-01-15
14645.0,AW00014645,Amanda,Patel,M,M,2024-10-26
14646.0,AW00014646,David,Young,S,F,2026-02-15
14647.0,AW00014647,Nancy,Campbell,S,F,2024-11-08
14648.0,AW00014648,Linda,Moore,S,M,2024-04-04
14649.0,AW00014649,Malia,White,S,F,2024-05-09
14650.0,AW00014650,Richard,Clark,S,M,2024-04-01
14651.0,AW00014651,Paul,Hall,M,M,2026-02-13
14652.0,AW00014652,Keziah,Singh,S,M,2026-05-20
14653.0,AW00014653,Sandra,Moore,M,F,2023-10-24
14654.0,AW00014654,Linda,Young,M,F,2023-07-23
14655.0,AW00014655,Donald,Kumar,S,F,2025-12-23
14656.0,AW00014656,Daniel,Garcia,M,M,2023-09-05
14657.0,AW00014657,Amanda,Johnson,M,F,2025-06-13
14658.0,AW00014658,Daniel,Lewis,S,F,2025-01-28
14659.0,AW00014659,Mark,Garcia,M,F,2024-09-28
14660.0,AW00014660,Daniel,Moore,S,M,2025-05-17
14661.0,AW00014661,John,Perez,S,M,2023-04-17
14662.0,AW00014662,Ashley,Garcia,S,M,2023-10-06
14663.0,AW00014663,Susan,Johnson,M,F,2026-04-25
14664.0,AW00014664,Amanda,Miller,M,M,2024-05-17
14665.0,AW00014665,Melissa,Walker,M,M,2023-08-24
14666.0,AW00014666,Carol,Kumar,M,F,2024-08-19
14667.0,AW00014667,Thomas,Hall,M,F,2024-09-13
14668.0,AW00014668,David,Davis,M,F,2023-12-04
14669.0,AW00014669,Betty,Young,S,M,2024-06-21
14670.0,AW00014670,Elizabeth,Thompson,M,M,2026-05-14
14671.0,AW00014671,Stephanie,Clark,S,F,2024-12-01
14672.0,AW00014672,Robert,Jones,M,F,2025-07-01
14673.0,AW00014673,Amanda,Nime,S,F,2025-06-16
14674.0,AW00014674,Brian,Walker,M,F,2024-06-09
14675.0,AW00014675,Brian,Hall,S,F,2023-04-23
14676.0,AW00014676,Sandra,Walker,M,M,2024-10-22
14677.0,AW00014677,Keziah,Davis,M,F,2025-01-03
14678.0,AW00014678,Michael,Wilson,M,M,2023-09-24
14679.0,AW00014679,Joshua,Moore,M,M,2023-01-09
14680.0,AW00014680,Malia,Lee,M,M,2024-03-06
14681.0,AW00014681,Aroha,Taylor,S,M,2025-01-13
14682.0,AW00014682,Charles,Thomas,S,M,2023-08-27
14683.0,AW00014683,Keziah,Turner,S,M,2023-09-30
14684.0,AW00014684,Stephanie,Ngata,S,M,2024-09-14
14685.0,AW00014685,Joseph,Wright,S,M,2025-07-01
14686.0,AW00014686,Thomas,Lopez,M,F,2023-11-19
14687.0,AW00014687,Emily,Taylor,S,F,2023-02-02
14688.0,AW00014688,Lisa,Perez,S,M,2026-05-26
14689.0,AW00014689,David,Campbell,M,M,2024-05-23
14690.0,AW00014690,Mary,Taylor,S,M,2025-11-20
14691.0,AW00014691,Rebecca,Davis,S,F,2024-05-03
14692.0,AW00014692,Matthew,Wright,S,F,2023-07-19
14693.0,AW00014693,Emily,Walker,M,F,2025-08-09
14694.0,AW00014694,Jason,Jones,M,M,2023-04-05
14695.0,AW00014695,Thomas,Scott,M,F,2024-01-28
14696.0,AW00014696,Ashley,Johnson,S,M,2025-02-21
14697.0,AW00014697,Ronald,Walker,S,F,2023-04-24
14698.0,AW00014698,Timothy,Smith,S,F,2023-02-17
14699.0,AW00014699,Brian,Green,S,F,2023-09-24
14700.0,AW00014700,Mere,White,S,F,2024-02-16
14701.0,AW00014701,James,Garcia,S,F,2024-03-19
14702.0,AW00014702,Andrew,Manu,S,M,2023-11-20
14703.0,AW00014703,Nancy,Allen,S,M,2024-03-26
14704.0,AW00014704,Charles,Smith,M,F,2023-03-27
14705.0,AW00014705,Baraa,Baker,S,M,2023-09-28
14706.0,AW00014706,Stephanie,Thomas,M,M,2025-03-14
14707.0,AW00014707,John,Jackson,M,M,2023-11-29
14708.0,AW00014708,Melissa,Mitchell,M,M,2025-12-01
14709.0,AW00014709,William,Toalii,M,M,2023-07-13
14710.0,AW00014710,Charles,Toalii,M,M,2024-01-26
14711.0,AW00014711,Deborah,Phillips,S,M,2023-03-12
14712.0,AW00014712,Sarah,Walker,M,F,2025-08-26
14713.0,AW00014713,Kimberly,Lee,S,F,2024-05-09
14714.0,AW00014714,Emily,Taylor,S,F,2023-09-27
14715.0,AW00014715,Donna,Perez,M,F,2023-05-10
14716.0,AW00014716,Charles,Green,M,F,2024-07-30
14717.0,AW00014717,Susan,Lewis,M,M,2024-07-25
14718.0,AW00014718,Patricia,Carter,S,M,2025-04-25
14719.0,AW00014719,Mary,Wilson,M,F,2025-09-27
14720.0,AW00014720,Melissa,Turner,S,M,2023-04-26
14721.0,AW00014721,Peter,Thompson,S,M,2024-07-23
14722.0,AW00014722,Jason,Johnson,M,M,2025-10-02
14723.0,AW00014723,George,Patel,M,M,2025-03-04
14724.0,AW00014724,Sione,Ngata,S,F,2024-12-04
14725.0,AW00014725,Nancy,Lee,M,F,2023-09-29
14726.0,AW00014726,Timothy,Ngata,M,M,2024-03-15
14727.0,AW00014727,Mary,Anderson,S,F,2024-11-27
14728.0,AW00014728,Ashley,Toalii,S,F,2023-12-19
14729.0,AW00014729,Brian,Williams,S,M,2024-05-11
14730.0,AW00014730,Keziah,Nelson,M,F,2026-03-29
14731.0,AW00014731,Richard,Manu,M,M,2024-06-08
14732.0,AW00014732,Daniel,Garcia,M,M,2025-12-13
14733.0,AW00014733,Richard,Smith,S,M,2023-10-15
14734.0,AW00014734,Daniel,Thompson,M,M,2023-05-06
14735.0,AW00014735,Richard,Davis,M,F,2024-02-08
14736.0,AW00014736,Barbara,Lopez,S,M,2023-03-26
14737.0,AW00014737,Thomas,Anderson,S,M,2025-02-24
14738.0,AW00014738,Karen,Davis,M,F,2025-02-13
14739.0,AW00014739,Thomas,Williams,M,M,2025-09-01
14740.0,AW00014740,Carol,Young,M,M,2024-07-12
14741.0,AW00014741,Elizabeth,Hall,M,F,2026-04-25
14742.0,AW00014742,Michelle,Jackson,M,M,2025-02-16
14743.0,AW00014743,Melissa,Parker,S,M,2025-12-30
14744.0,AW00014744,Ronald,Williams,M,F,2024-06-01
14745.0,AW00014745,Nancy,Jackson,S,F,2025-01-19
14746.0,AW00014746,George,Campbell,S,M,2024-01-05
14747.0,AW00014747,Steven,Jones,S,M,2025-12-28
14748.0,AW00014748,Keziah,Lewis,S,M,2025-01-21
14749.0,AW00014749,Kenneth,Campbell,S,F,2025-04-08
14750.0,AW00014750,Ashley,Walker,M,M,2025-03-15
14751.0,AW00014751,Donna,Parker,M,M,2024-01-07
14752.0,AW00014752,Anthony,King,M,M,2026-04-17
14753.0,AW00014753,Brian,Brown,S,M,2025-06-04
14754.0,AW00014754,Linda,Nime,S,M,2023-05-05
14755.0,AW00014755,William,Thompson,S,F,2023-02-01
14756.0,AW00014756,Donna,Perez,M,M,2023-07-02
14757.0,AW00014757,Jason,Lee,S,F,2024-03-21
14758.0,AW00014758,Betty,Lee,M,F,2025-06-22
14759.0,AW00014759,James,Hall,M,M,2024-11-16
14760.0,AW00014760,Patricia,Nelson,M,F,2024-08-26
14761.0,AW00014761,Susan,Singh,M,M,2025-12-04
14762.0,AW00014762,Thomas,Williams,M,F,2024-03-22
14763.0,AW00014763,William,Manu,S,M,2023-01-03
14764.0,AW00014764,Stephanie,Lewis,S,F,2023-08-22
14765.0,AW00014765,David,Lewis,M,F,2025-03-28
14766.0,AW00014766,Aroha,Mitchell,S,F,2024-01-23
14767.0,AW00014767,Amanda,Singh,S,F,2025-12-12
14768.0,AW00014768,David,Parker,S,M,2024-04-09
14769.0,AW00014769,Lisa,Nime,M,M,2026-02-06
14770.0,AW00014770,Anthony,Thompson,S,F,2025-05-11
14771.0,AW00014771,William,Hall,M,F,2024-01-16
14772.0,AW00014772,Baraa,Jones,M,M,2023-06-10
14773.0,AW00014773,Sarah,Scott,S,M,2026-04-14
14774.0,AW00014774,Betty,Baker,S,M,2023-09-15
14775.0,AW00014775,Deborah,Walker,M,M,2023-10-07
14776.0,AW00014776,Ronald,Johnson,M,F,2024-11-13
14777.0,AW00014777,Kimberly,Brown,M,M,2024-10-02
14778.0,AW00014778,Steven,Lee,M,M,2025-05-07
14779.0,AW00014779,Daniel,Hall,S,F,2025-08-19
14780.0,AW00014780,John,Wright,S,M,2024-10-21
14781.0,AW00014781,Betty,Garcia,M,F,2023-10-18
14782.0,AW00014782,Betty,Young,M,F,2023-12-30
14783.0,AW00014783,Deborah,Young,M,F,2024-09-13
14784.0,AW00014784,Sione,Lopez,S,F,2025-05-23
14785.0,AW00014785,Mark,Roberts,S,M,2025-07-24
14786.0,AW00014786,Joseph,Baker,S,M,2025-01-28
14787.0,AW00014787,James,Martin,S,M,2026-05-01
14788.0,AW00014788,Jessica,Patel,M,M,2024-05-13
14789.0,AW00014789,John,Lopez,S,F,2025-03-02
14790.0,AW00014790,Kimberly,Martin,S,M,2024-12-22
14791.0,AW00014791,George,Wilson,S,M,2024-12-28
14792.0,AW00014792,Elizabeth,Singh,M,M,2026-05-08
14793.0,AW00014793,Linda,Lee,S,M,2026-02-12
14794.0,AW00014794,Baraa,Campbell,M,F,2023-06-15
14795.0,AW00014795,Michael,Thomas,M,F,2025-01-02
14796.0,AW00014796,Sandra,Manu,S,M,2024-03-02
14797.0,AW00014797,David,Thompson,S,M,2024-03-15
14798.0,AW00014798,Timothy,Perez,S,F,2023-06-20
14799.0,AW00014799,Karen,Mitchell,S,F,2026-01-11
14800.0,AW00014800,Ronald,Singh,S,M,2023-01-07
14801.0,AW00014801,Stephanie,Campbell,S,M,2025-11-29
14802.0,AW00014802,Malia,Taylor,M,F,2026-03-28
,AW00014803,Keziah,Hall,S,M,2023-04-18
14804.0,AW00014804,Sarah,Smith,S,F,2025-06-10
14805.0,AW00014805,David,Johnson,S,F,2024-04-12
14806.0,AW00014806,John,Ngata,M,M,2023-03-02
14807.0,AW00014807,Mark,Smith,M,M,2025-10-15
14808.0,AW00014808,Stephanie,Smith,M,M,2024-08-23
14809.0,AW00014809,Melissa,Clark,M,F,2026-02-26
14810.0,AW00014810,Joshua,Wright,M,F,2024-03-26
14811.0,AW00014811,Anthony,Martin,S,F,2024-09-30
14812.0,AW00014812,John,Wright,S,F,2023-04-18
14813.0,AW00014813,Melissa,Ngata,S,M,2025-12-24
14814.0,AW00014814,Tane,Baker,M,F,2023-06-28
14815.0,AW00014815,Donald,Garcia,M,M,2023-07-17
14816.0,AW00014816,Sandra,Patel,M,M,2024-08-18
14817.0,AW00014817,Robert,Lopez,M,F,2023-05-05
14818.0,AW00014818,James,,S,M,2025-08-08
14819.0,AW00014819,James,Toalii,S,M,2024-10-10
14820.0,AW00014820,Brian,Nelson,M,M,2025-03-19
14821.0,AW00014821,Karen,Carter,M,F,2024-02-16
14822.0,AW00014822,Patricia,Nime,M,F,2026-03-16
14823.0,AW00014823,Timothy,Phillips,M,F,2024-08-09
14824.0,AW00014824,Andrew,King,M,M,2025-07-09
14825.0,AW00014825,Ronald,Jackson,S,M,2024-11-12
14826.0,AW00014826,Peter,Taylor,S,M,2025-03-25
14827.0,AW00014827,Richard,Brown,M,M,2025-11-16
14828.0,AW00014828,Rebecca,Scott,M,F,2024-03-16
14829.0,AW00014829,Malia,Baker,M,M,2026-02-06
14830.0,AW00014830,Joshua,Adams,S,F,2024-07-05
14831.0,AW00014831,Richard,Miller,M,M,2024-12-22
14832.0,AW00014832,Sandra,Allen,S,M,2026-05-09
14833.0,AW00014833,Melissa,Johnson,S,F,2025-08-14
14834.0,AW00014834,Betty,Lopez,M,M,2024-03-19
14835.0,AW00014835,Melissa,Jones,M,F,2026-01-23
14836.0,AW00014836,Mark,Wright,S,F,2024-08-23
14837.0,AW00014837,Anthony,Manu,S,M,2023-05-23
14838.0,AW00014838,Betty,Wilson,S,M,2024-06-04
14839.0,AW00014839,Jason,King,S,F,2023-01-08
14840.0,AW00014840,William,Campbell,M,F,2023-01-19
14841.0,AW00014841,Betty,Wilson,S,M,2024-11-17
14842.0,AW00014842,Malia,Taylor,S,F,2025-03-08
14843.0,AW00014843,Robert,Taylor,M,F,2024-04-23
14844.0,AW00014844,Paul,Manu,M,F,2025-01-13
14845.0,AW00014845,Carol,Lewis,M,F,2025-06-10
14846.0,AW00014846,Nancy,Lewis,S,M,2023-07-09
14847.0,AW00014847,Timothy,Moore,S,M,2026-03-11
14848.0,AW00014848,Nancy,Parker,M,F,2025-04-29
14849.0,AW00014849,Donna,Carter,M,M,2025-01-04
14850.0,AW00014850,Paul,Jackson,M,M,2023-09-17
14851.0,AW00014851,Sione,Jones,S,F,2025-02-16
14852.0,AW00014852,Timothy,Patel,M,M,2024-05-24
14853.0,AW00014853,Richard,Hall,S,F,2024-03-12
14854.0,AW00014854,Brian,Smith,M,F,2023-04-12
14855.0,AW00014855,Steven,Williams,M,M,2023-07-30
14856.0,AW00014856,Aroha,Adams,S,M,2023-08-23
14857.0,AW00014857,Linda,Nime,S,M,2023-02-22
14858.0,AW00014858,Aroha,Adams,M,M,2023-10-08
14859.0,AW00014859,Robert,Manu,S,M,2025-10-12
14860.0,AW00014860,Susan,Ngata,S,F,2025-11-24
14861.0,AW00014861,Nancy,Kumar,M,M,2025-06-02
14862.0,AW00014862,Brian,Young,S,F,2025-01-05
14863.0,AW00014863,Nancy,Martin,S,F,2025-08-29
14864.0,AW00014864,Donna,Miller,S,M,2026-05-22
14865.0,AW00014865,Sarah,Taylor,M,F,2025-12-22
14866.0,AW00014866,Matthew,Johnson,S,F,2025-10-17
14867.0,AW00014867,Susan,White,S,M,2024-04-15
14868.0,AW00014868,Kimberly,Thomas,S,F,2024-06-13
14869.0,AW00014869,Kimberly,Young,M,M,2023-02-16
14870.0,AW00014870,Brian,Taylor,M,F,2026-03-28
14871.0,AW00014871,Joshua,Mitchell,S,F,2025-05-15
14872.0,AW00014872,Steven,Hall,M,F,2023-03-04
14873.0,AW00014873,Jessica,Baker,M,F,2026-02-08
14874.0,AW00014874,Charles,Thompson,S,F,2023-03-29
14875.0,AW00014875,Linda,Green,M,M,2025-10-28
14876.0,AW00014876,Ashley,Lewis,S,F,2024-10-30
14877.0,AW00014877,Karen,King,M,F,2025-04-18
14878.0,AW00014878,James,Carter,S,M,2023-02-05
14879.0,AW00014879,Thomas,Ngata,S,F,2024-02-11
14880.0,AW00014880,Kimberly,Lopez,S,F,2024-07-02
14881.0,AW00014881,Jennifer,Wright,M,F,2024-03-23
14882.0,AW00014882,Matthew,Campbell,S,F,2025-06-26
14883.0,AW00014883,Kenneth,King,M,F,2025-02-17
14884.0,AW00014884,William,Wilson,S,F,2025-09-27
14885.0,AW00014885,Joshua,Hall,M,M,2024-05-03
14886.0,AW00014886,Linda,Garcia,S,F,2025-04-01
14887.0,AW00014887,William,Manu,M,M,2026-01-22
14888.0,AW00014888,Timothy,Thomas,M,M,2023-05-13
14889.0,AW00014889,Linda,Jones,S,M,2025-04-04
14890.0,AW00014890,Jessica,Mitchell,S,F,2025-07-02
14891.0,AW00014891,Mere,Toalii,,M,2023-07-03
14892.0,AW00014892,Baraa,Brown,M,F,2025-07-21
14893.0,AW00014893,Timothy,Anderson,S,F,2026-02-28
14894.0,AW00014894,Matthew,Lee,S,F,2024-08-07
14895.0,AW00014895,Keziah,Smith,S,F,2024-02-25
14896.0,AW00014896,Paul,Lewis,M,F,2023-09-06
14897.0,AW00014897,Andrew,Toalii,S,M,2025-07-22
14898.0,AW00014898,Kimberly,Patel,M,F,2023-08-27
14899.0,AW00014899,Tane,Jones,S,F,2024-11-28
14900.0,AW00014900,Mary,Scott,S,M,2023-06-27
14901.0,AW00014901,Keziah,Taylor,S,M,2024-06-06
14902.0,AW00014902,Thomas,Patel,M,F,2023-02-19
14903.0,AW00014903,Susan,Lee,S,M,2024-09-14
14904.0,AW00014904,Elizabeth,Thompson,M,M,2024-04-27
14905.0,AW00014905,Mere,Anderson,S,M,2023-01-31
14906.0,AW00014906,Aroha,Baker,S,M,2024-03-09
14907.0,AW00014907,Robert,Miller,S,F,2026-01-13
14908.0,AW00014908,Malia,Campbell,M,F,2026-05-30
14909.0,AW00014909,Andrew,Allen,M,F,2025-06-18
14910.0,AW00014910,Mary,Campbell,S,F,2025-06-10
14911.0,AW00014911,Deborah,Moore,S,M,2024-06-12
14912.0,AW00014912,Thomas,Wilson,S,M,2024-04-02
14913.0,AW00014913,Baraa,Roberts,M,M,2026-02-23
14914.0,AW00014914,Peter,Davis,M,M,2025-01-07
14915.0,AW00014915,Aroha,Turner,S,M,2024-03-24
14916.0,AW00014916,Mark,Johnson,M,F,2025-06-20
14917.0,AW00014917,Emily,Lopez,S,M,2024-02-16
14918.0,AW00014918,Aroha,King,M,F,2025-04-25
14919.0,AW00014919,Ronald,Wright,S,M,2025-09-15
14920.0,AW00014920,Joshua,Ngata,M,F,2025-04-01
14921.0,AW00014921,Carol,Brown,M,M,2023-10-01
14922.0,AW00014922,Patricia,Anderson,S,F,2023-04-13
14923.0,AW00014923,Patricia,Kumar,S,M,2025-11-24
14924.0,AW00014924,Keziah,Carter,M,M,2025-10-16
14925.0,AW00014925,Michelle,Manu,M,M,2023-12-24
14926.0,AW00014926,Aroha,Singh,S,F,2025-03-14
14927.0,AW00014927,Tane,Adams,S,M,2025-11-10
14928.0,AW00014928,Paul,,S,M,2024-08-21
14929.0,AW00014929,Tane,Johnson,S,M,2024-06-09
14930.0,AW00014930,Andrew,Anderson,M,F,2023-01-09
14931.0,AW00014931,Brian,Jackson,S,M,2023-08-30
14932.0,AW00014932,Baraa,Davis,M,F,2024-01-03
14933.0,AW00014933,Sandra,White,S,F,2024-07-28
14934.0,AW00014934,Daniel,Turner,M,F,2024-06-11
14935.0,AW00014935,Sandra,Campbell,S,M,2025-10-28
14936.0,AW00014936,Steven,Allen,M,F,2024-01-16
14937.0,AW00014937,Jason,Miller,M,F,2024-06-14
14938.0,AW00014938,Peter,Manu,M,M,2026-02-23
14939.0,AW00014939,Richard,Baker,M,F,2026-05-16
14940.0,AW00014940,Richard,Adams,M,F,2025-03-10
14941.0,AW00014941,Stephanie,Hall,S,M,2023-06-29
14942.0,AW00014942,Sarah,Ngata,M,M,2025-09-23
14943.0,AW00014943,Amanda,Young,M,F,2023-04-15
14944.0,AW00014944,Lisa,Allen,M,M,2024-02-19
14945.0,AW00014945,Michelle,Adams,M,F,2024-12-31
14946.0,AW00014946,Paul,Manu,M,M,2025-06-19
14947.0,AW00014947,Melissa,Johnson,M,F,2025-04-05
14948.0,AW00014948,Thomas,Wilson,M,F,2024-11-18
14949.0,AW00014949,Robert,Thompson,M,F,2025-06-30
14950.0,AW00014950,Stephanie,Garcia,S,M,2023-01-10
14951.0,AW00014951,Timothy,King,S,F,2023-10-26
14952.0,AW00014952,Steven,Taylor,M,F,2023-04-20
14953.0,AW00014953,Michael,Perez,S,M,2025-07-23
14954.0,AW00014954,Rebecca,Jackson,S,F,2026-01-08
14955.0,AW00014955,Timothy,Patel,S,F,2025-04-26
14956.0,AW00014956,Ashley,Thomas,M,M,2024-10-02
14957.0,AW00014957,Daniel,Parker,M,M,2024-11-18
14958.0,AW00014958,Timothy,Perez,M,F,2024-11-06
14959.0,AW00014959,David,Singh,M,M,2023-04-01
14960.0,AW00014960,Charles,Jackson,M,F,2023-06-08
14961.0,AW00014961,Donald,Miller,M,F,2024-03-11
14962.0,AW00014962,Ronald,Ngata,M,M,2025-04-12
14963.0,AW00014963,Aroha,Thomas,S,F,2025-02-23
14964.0,AW00014964,Sandra,Thompson,M,F,2024-10-22
14965.0,AW00014965,Kenneth,Walker,S,F,2023-05-25
14966.0,AW00014966,Joseph,Roberts,S,M,2023-01-20
14967.0,AW00014967,Baraa,Patel,M,M,2023-01-01
14968.0,AW00014968,Donna,Hall,M,F,2025-11-02
14969.0,AW00014969,Kenneth,Wilson,M,M,2024-12-01
14970.0,AW00014970,Nancy,Brown,M,M,2025-04-13
14971.0,AW00014971,Mary,Perez,S,M,2026-03-24
14972.0,AW00014972,Elizabeth,Singh,S,M,2025-05-20
14973.0,AW00014973,James,Jones,M,F,2023-03-09
14974.0,AW00014974,James,Jones,S,M,2025-12-02
14975.0,AW00014975,Baraa,Phillips,M,M,2023-04-11
14976.0,AW00014976,Baraa,Baker,S,M,2025-04-12
14977.0,AW00014977,Daniel,Parker,M,F,2025-05-05
14978.0,AW00014978,Barbara,Adams,S,M,2023-09-03
14979.0,AW00014979,Michelle,Walker,S,F,2024-01-23
14980.0,AW00014980,Nancy,Johnson,S,F,2025-12-19
14981.0,AW00014981,Betty,Nelson,M,F,2025-09-02
14982.0,AW00014982,Keziah,Lewis,M,F,2025-06-23
14983.0,AW00014983,Sarah,Roberts,S,F,2025-01-20
14984.0,AW00014984,David,Johnson,M,F,2024-12-10
14985.0,AW00014985,Betty,Carter,M,F,2023-05-07
14986.0,AW00014986,Amanda,Allen,S,M,2024-05-28
14987.0,AW00014987,David,Campbell,S,F,2025-03-16
14988.0,AW00014988,Charles,Patel,M,M,2025-12-25
14989.0,AW00014989,Peter,Campbell,M,M,2025-10-27
14990.0,AW00014990,Melissa,Adams,S,F,2025-03-24
14991.0,AW00014991,Nancy,Thompson,M,F,2025-12-02
14992.0,AW00014992,Andrew,Allen,S,F,2025-09-17
14993.0,AW00014993,Sandra,Roberts,S,F,2025-06-04
14994.0,AW00014994,Linda,Mitchell,S,F,2025-09-13
14995.0,AW00014995,Richard,Singh,S,F,2024-03-15
14996.0,AW00014996,Sarah,Wilson,M,F,2025-02-27
14997.0,AW00014997,Ashley,Manu,S,F,2025-02-02
14998.0,AW00014998,Anthony,Lopez,M,F,2026-01-21
14999.0,AW00014999,John,Nime,S,M,2024-01-25
15000.0,AW00015000,Keziah,Lee,S,F,2024-12-08
15001.0,AW00015001,Daniel,Toalii,S,F,2026-01-18
15002.0,AW00015002,Charles,Miller,M,M,2025-07-21
15003.0,AW00015003,James,Scott,S,F,2025-03-27
15004.0,AW00015004,James,Adams,S,M,2026-03-09
15005.0,AW00015005,Michael,Wilson,S,F,2024-09-24
15006.0,AW00015006,Barbara,Phillips,M,M,2025-10-22
15007.0,AW00015007,Paul,Toalii,M,M,2023-09-06
15008.0,AW00015008,Rebecca,Carter,M,M,2023-02-05
15009.0,AW00015009,Paul,Ngata,M,M,2023-02-28
15010.0,AW00015010,James,Jones,M,M,2025-11-10
15011.0,AW00015011,Jennifer,Jackson,M,F,2023-05-21
15012.0,AW00015012,Charles,Kumar,M,F,2023-02-13
15013.0,AW00015013,Jessica,Parker,S,F,2024-04-15
15014.0,AW00015014,Karen,Lopez,M,M,2024-12-28
15015.0,AW00015015,Linda,Williams,S,M,2025-02-25
15016.0,AW00015016,Andrew,Walker,S,F,2023-08-21
15017.0,AW00015017,Melissa,Jackson,S,M,2025-10-07
15018.0,AW00015018,Barbara,Hall,S,M,2025-07-30
15019.0,AW00015019,Charles,Baker,S,F,2024-02-24
15020.0,AW00015020,Matthew,Thomas,M,F,2024-02-05
15021.0,AW00015021,Richard,Wilson,M,M,2023-10-07
15022.0,AW00015022,Aroha,Lewis,S,M,2024-03-16
15023.0,AW00015023,Donna,Green,S,F,2023-05-31
15024.0,AW00015024,Emily,Lee,M,F,2025-07-24
15025.0,AW00015025,James,Anderson,M,M,2023-10-31
15026.0,AW00015026,Betty,Moore,S,F,2023-04-21
15027.0,AW00015027,Ashley,King,S,M,2024-09-25
15028.0,AW00015028,Mere,Green,S,F,2024-07-07
15029.0,AW00015029,Steven,Allen,S,F,2023-01-21
15030.0,AW00015030,Aroha,Ngata,S,M,2024-04-21
15031.0,AW00015031,Elizabeth,Manu,M,F,2024-05-04
15032.0,AW00015032,David,Carter,S,M,2024-02-26
15033.0,AW00015033,Karen,Singh,S,M,2025-10-14
15034.0,AW00015034,Richard,Johnson,S,M,2024-09-09
15035.0,AW00015035,Joseph,Hall,M,F,2025-02-21
15036.0,AW00015036,Joshua,Lewis,M,F,2026-01-03
15037.0,AW00015037,James,Taylor,M,M,2023-11-15
15038.0,AW00015038,Betty,Williams,M,M,2024-03-11
15039.0,AW00015039,Joshua,Toalii,S,M,2025-11-09
15040.0,AW00015040,Daniel,Patel,S,F,2024-05-12
15041.0,AW00015041,Ronald,White,S,M,2023-07-18
15042.0,AW00015042,Aroha,Manu,S,F,2026-04-20
15043.0,AW00015043,Karen,Miller,S,F,2026-01-16
15044.0,AW00015044,Brian,Phillips,S,F,2024-05-26
15045.0,AW00015045,David,Baker,M,M,2024-06-14
15046.0,AW00015046,David,Phillips,S,M,2023-02-11
15047.0,AW00015047,Joseph,Nelson,M,F,2024-07-04
15048.0,AW00015048,Michael,Lewis,M,M,2025-10-11
15049.0,AW00015049,Mary,Baker,M,M,2024-02-25
15050.0,AW00015050,Keziah,Wright,M,F,2026-04-02
15051.0,AW00015051,Jennifer,Smith,M,M,2024-01-14
15052.0,AW00015052,Barbara,Davis,S,F,2025-05-06
15053.0,AW00015053,Malia,Jones,M,M,2025-12-21
15054.0,AW00015054,Stephanie,Toalii,S,F,2025-08-24
15055.0,AW00015055,Daniel,Smith,M,F,2024-10-26
15056.0,AW00015056,John,Carter,M,M,2024-08-21
15057.0,AW00015057,William,Allen,S,F,2023-02-26
15058.0,AW00015058,Donna,Anderson,M,M,2026-02-27
15059.0,AW00015059,Joseph,Perez,M,M,2024-10-03
15060.0,AW00015060,Joseph,Jones,S,F,2026-02-14
15061.0,AW00015061,Steven,Turner,S,F,2026-05-07
15062.0,AW00015062,Keziah,Lee,S,F,2025-03-02
15063.0,AW00015063,Mary,Young,S,F,2025-06-13
15064.0,AW00015064,Deborah,Nime,M,M,2023-08-20
15065.0,AW00015065,Donald,Lewis,S,F,2025-06-22
15066.0,AW00015066,Carol,Campbell,S,M,2026-04-24
15067.0,AW00015067,Keziah,Clark,M,M,2023-10-14
15068.0,AW00015068,Patricia,Smith,M,M,2024-04-05
15069.0,AW00015069,Robert,Anderson,S,M,2024-02-18
15070.0,AW00015070,Susan,Kumar,M,F,2025-01-13
15071.0,AW00015071,Patricia,Jones,M,M,2024-05-09
15072.0,AW00015072,David,Kumar,M,M,2025-08-28
15073.0,AW00015073,Barbara,Young,M,F,2025-02-10
15074.0,AW00015074,Sarah,Jones,M,F,2023-05-01
15075.0,AW00015075,Brian,Lopez,M,M,2026-03-09
15076.0,AW00015076,David,Nime,S,F,2023-01-11
15077.0,AW00015077,Tane,Thompson,M,M,2025-04-28
15078.0,AW00015078,Aroha,Manu,S,F,2023-09-28
15079.0,AW00015079,Ashley,Adams,M,M,2025-07-07
15080.0,AW00015080,Joshua,Johnson,S,F,2024-10-08
15081.0,AW00015081,Deborah,Turner,M,M,2024-02-13
15082.0,AW00015082,Susan,Miller,S,M,2023-01-16
15083.0,AW00015083,Michael,Thomas,M,F,2024-01-06
15084.0,AW00015084,Betty,Allen,S,F,2026-01-27
15085.0,AW00015085,Betty,Young,S,F,2026-01-16
15086.0,AW00015086,Jessica,Phillips,S,M,2024-02-02
15087.0,AW00015087,Ronald,Toalii,S,M,2024-11-22
15088.0,AW00015088,Timothy,Allen,M,M,2023-04-20
15089.0,AW00015089,Peter,Anderson,M,F,2024-09-07
15090.0,AW00015090,Elizabeth,Lewis,S,F,2024-03-09
15091.0,AW00015091,Tane,Parker,S,F,2024-02-15
15092.0,AW00015092,Sarah,Scott,S,M,2023-09-15
15093.0,AW00015093,Jennifer,Martin,M,F,2023-10-09
15094.0,AW00015094,Paul,Patel,M,M,2025-03-24
15095.0,AW00015095,Mary,Garcia,S,F,2023-03-28
15096.0,AW00015096,Paul,Nelson,M,M,2023-01-08
15097.0,AW00015097,Jennifer,Wright,M,M,2025-07-14
15098.0,AW00015098,Rebecca,Davis,S,M,2025-09-05
15099.0,AW00015099,Malia,King,S,F,2026-03-28
15100.0,AW00015100,Sarah,Nelson,S,F,2025-03-15
15101.0,AW00015101,Steven,Clark,M,M,2025-05-11
15102.0,AW00015102,Rebecca,Garcia,M,F,2025-02-23
15103.0,AW00015103,Sione,White,M,F,2025-06-02
15104.0,AW00015104,Melissa,Mitchell,S,M,2025-07-11
15105.0,AW00015105,Stephanie,Jackson,M,F,2024-11-12
15106.0,AW00015106,Donna,Miller,M,F,2026-05-21
15107.0,AW00015107,Sione,Walker,M,M,2025-08-18
15108.0,AW00015108,Keziah,Baker,M,F,2024-10-24
15109.0,AW00015109,Ronald,Carter,S,F,2023-01-30
15110.0,AW00015110,Karen,Garcia,S,M,2023-12-24
15111.0,AW00015111,Malia,Manu,S,M,2024-11-22
15112.0,AW00015112,Stephanie,Hall,M,F,2024-06-01
15113.0,AW00015113,John,Kumar,S,M,2023-08-03
15114.0,AW00015114,Matthew,Wilson,S,M,2025-01-12
15115.0,AW00015115,William,Wright,S,F,2025-07-12
15116.0,AW00015116,Jessica,Brown,M,F,2025-09-07
15117.0,AW00015117,Matthew,King,S,F,2023-11-29
15118.0,AW00015118,Paul,Clark,S,F,2024-03-19
15119.0,AW00015119,Donna,White,S,F,2025-03-10
15120.0,AW00015120,Elizabeth,Campbell,S,M,2023-01-04
15121.0,AW00015121,Ronald,Williams,M,F,2026-05-31
15122.0,AW00015122,Paul,Williams,S,F,2026-05-27
15123.0,AW00015123,James,Jackson,S,F,2024-11-25
15124.0,AW00015124,Deborah,Roberts,S,M,2023-01-23
15125.0,AW00015125,Timothy,Parker,S,F,2025-05-25
15126.0,AW00015126,Mere,Davis,S,F,2024-01-14
15127.0,AW00015127,Mere,Williams,M,F,2024-11-14
15128.0,AW00015128,Keziah,Green,S,M,2023-04-16
15129.0,AW00015129,Richard,Parker,M,F,2023-09-02
15130.0,AW00015130,John,Lee,S,F,2023-11-30
15131.0,AW00015131,William,White,S,M,2024-03-08
15132.0,AW00015132,Stephanie,Young,S,M,2024-08-27
15133.0,AW00015133,Thomas,Green,M,M,2023-07-02
15134.0,AW00015134,Aroha,Parker,S,M,2025-05-16
15135.0,AW00015135,Malia,Allen,M,F,2023-03-05
15136.0,AW00015136,Susan,Ngata,M,M,2024-07-03
15137.0,AW00015137,Emily,Parker,M,M,2023-12-14
15138.0,AW00015138,Steven,Scott,S,F,2025-03-27
15139.0,AW00015139,Peter,Garcia,S,M,2024-04-17
15140.0,AW00015140,Patricia,Clark,M,M,2024-08-16
15141.0,AW00015141,Jennifer,Nelson,S,F,2024-02-03
15142.0,AW00015142,Donald,Nime,S,F,2023-03-22
15143.0,AW00015143,Betty,Baker,M,F,2025-09-03
15144.0,AW00015144,Kenneth,Perez,S,M,2023-11-28
15145.0,AW00015145,Susan,Garcia,M,M,2024-02-01
15146.0,AW00015146,Linda,Singh,M,M,2025-07-24
15147.0,AW00015147,Charles,Clark,S,F,2024-07-12
15148.0,AW00015148,Mary,Scott,M,M,2023-10-04
15149.0,AW00015149,Elizabeth,Kumar,S,F,2025-07-25
15150.0,AW00015150,Ashley,Turner,S,F,2024-09-22
15151.0,AW00015151,Andrew,Toalii,M,F,2023-11-03
15152.0,AW00015152,Thomas,Smith,M,M,2024-08-11
15153.0,AW00015153,Kenneth,Anderson,S,M,2025-10-20
15154.0,AW00015154,Peter,Thompson,S,F,2024-06-19
15155.0,AW00015155,Ronald,Thompson,Unknown,M,2025-10-10
15156.0,AW00015156,Sione,Smith,M,M,2025-04-26
15157.0,AW00015157,Jennifer,Hall,S,M,2025-05-24
15158.0,AW00015158,Kenneth,Taylor,S,F,2025-12-19
15159.0,AW00015159,Elizabeth,Garcia,S,M,2024-04-11
15160.0,AW00015160,Michelle,Adams,M,F,2024-10-18
15161.0,AW00015161,Richard,Turner,M,F,2025-07-01
15162.0,AW00015162,Susan,Allen,S,M,2023-06-15
15163.0,AW00015163,Steven,Nime,S,M,2026-03-26
15164.0,AW00015164,David,Perez,S,F,2024-12-09
15165.0,AW00015165,Rebecca,Martin,S,M,2024-03-16
15166.0,AW00015166,Peter,Kumar,S,F,2023-08-29
15167.0,AW00015167,Michelle,Anderson,S,F,2024-09-09
15168.0,AW00015168,Donald,Wilson,S,M,2023-12-28
15169.0,AW00015169,Karen,Smith,S,F,2024-09-04
15170.0,AW00015170,Matthew,Baker,S,M,2024-10-20
15171.0,AW00015171,Melissa,Nime,M,F,2024-10-20
15172.0,AW00015172,Kenneth,Adams,S,M,2023-06-14
15173.0,AW00015173,Joseph,Green,S,F,2026-02-09
15174.0,AW00015174,Matthew,Kumar,M,M,2024-02-15
15175.0,AW00015175,Matthew,Lee,M,M,2023-06-07
15176.0,AW00015176,Mary,Carter,S,M,2023-09-15
15177.0,AW00015177,Deborah,Singh,S,F,2025-07-11
15178.0,AW00015178,Mere,Wilson,S,F,2025-01-11
15179.0,AW00015179,Amanda,Jones,S,F,2023-06-21
15180.0,AW00015180,Peter,Patel,M,M,2024-04-29
15181.0,AW00015181,Sandra,Wilson,S,M,2025-11-26
15182.0,AW00015182,Elizabeth,Allen,S,M,2024-07-24
15183.0,AW00015183,Jason,Nelson,M,M,2024-11-15
15184.0,AW00015184,Baraa,Williams,M,F,2025-11-23
15185.0,AW00015185,Michelle,Taylor,S,M,2024-07-04
15186.0,AW00015186,Karen,Young,S,M,2024-01-20
15187.0,AW00015187,William,Hall,S,M,2025-01-12
15188.0,AW00015188,Mere,Roberts,M,F,2024-02-11
15189.0,AW00015189,Stephanie,Johnson,S,F,2026-01-27
15190.0,AW00015190,Robert,Singh,M,F,2023-07-16
15191.0,AW00015191,Sarah,Patel,M,F,2026-02-07
15192.0,AW00015192,Brian,Miller,S,M,2024-12-26
15193.0,AW00015193,Keziah,Baker,S,F,2024-06-15
15194.0,AW00015194,Kimberly,Clark,S,F,2024-07-28
15195.0,AW00015195,Mark,Singh,S,F,2026-01-17
15196.0,AW00015196,Susan,Roberts,M,M,2025-08-03
15197.0,AW00015197,Joseph,Wright,S,F,2023-08-05
15198.0,AW00015198,James,Martin,S,F,2024-05-08
15199.0,AW00015199,Baraa,Mitchell,M,M,2024-06-18
15200.0,AW00015200,Jennifer,Green,M,M,2023-03-08
15201.0,AW00015201,Peter,Mitchell,S,M,2024-09-14
15202.0,AW00015202,John,Walker,M,F,2025-02-13
15203.0,AW00015203,David,Moore,S,F,2026-02-14
15204.0,AW00015204,Mary,Campbell,S,F,2024-05-26
15205.0,AW00015205,Daniel,Perez,S,F,2024-01-31
15206.0,AW00015206,Linda,Nime,S,F,2023-08-11
15207.0,AW00015207,Sarah,Williams,M,M,2025-12-23
15208.0,AW00015208,Thomas,King,S,F,2025-06-27
15209.0,AW00015209,Deborah,Baker,S,M,2025-03-25
15210.0,AW00015210,George,Turner,S,F,2024-04-21
15211.0,AW00015211,Brian,Wilson,M,M,2024-11-26
15212.0,AW00015212,Timothy,White,S,F,2025-01-02
15213.0,AW00015213,Joshua,Perez,M,M,2023-06-19
15214.0,AW00015214,Emily,Davis,M,M,2024-06-19
15215.0,AW00015215,Sarah,Campbell,S,M,2023-10-18
15216.0,AW00015216,William,Wright,S,F,2026-02-14
15217.0,AW00015217,Ashley,Wright,S,F,2024-07-28
15218.0,AW00015218,Tane,Perez,S,F,2023-09-12
15219.0,AW00015219,Kimberly,Clark,S,M,2024-10-27
15220.0,AW00015220,Donna,Manu,M,M,2025-08-07
15221.0,AW00015221,Donna,Anderson,M,M,2025-07-21
15222.0,AW00015222,Lisa,Campbell,S,M,2025-01-31
15223.0,AW00015223,Donald,Anderson,M,F,2025-10-10
15224.0,AW00015224,John,Thompson,S,F,2023-10-20
15225.0,AW00015225,Mary,Turner,S,M,2024-04-13
15226.0,AW00015226,Linda,Jones,M,M,2023-10-29
15227.0,AW00015227,William,Thomas,M,M,2024-04-21
15228.0,AW00015228,Donald,Taylor,M,M,2025-10-13
15229.0,AW00015229,Jason,Moore,S,M,2025-11-30
15230.0,AW00015230,Susan,Walker,S,M,2023-03-30
15231.0,AW00015231,Joshua,King,S,F,2023-04-25
15232.0,AW00015232,Steven,Martin,S,M,2025-05-14
15233.0,AW00015233,Andrew,Brown,M,F,2024-09-14
15234.0,AW00015234,Rebecca,Parker,M,F,2024-05-31
15235.0,AW00015235,Mark,Adams,S,F,2023-03-26
15236.0,AW00015236,Thomas,Hall,M,F,2023-04-03
15237.0,AW00015237,Nancy,Singh,M,F,2025-11-02
15238.0,AW00015238,Mere,Allen,M,F,2025-08-27
15239.0,AW00015239,Linda,Campbell,M,M,2024-01-07
15240.0,AW00015240,Betty,Nelson,M,M,2026-01-05
15241.0,AW00015241,Kimberly,Phillips,S,F,2024-01-14
15242.0,AW00015242,Donna,Johnson,S,M,2025-06-21
15243.0,AW00015243,Emily,King,S,M,2023-11-05
15244.0,AW00015244,Lisa,Martin,S,M,2025-08-25
15245.0,AW00015245,Stephanie,Carter,S,M,2023-04-21
15246.0,AW00015246,Mary,Williams,S,M,2023-11-29
15247.0,AW00015247,Lisa,Kumar,S,F,2024-06-17
15248.0,AW00015248,Keziah,King,S,M,2024-04-21
15249.0,AW00015249,Melissa,Jones,M,M,2026-03-20
15250.0,AW00015250,Linda,Green,S,F,2025-11-22
15251.0,AW00015251,Emily,Jackson,S,M,2023-01-30
15252.0,AW00015252,James,Martin,M,F,2023-07-23
15253.0,AW00015253,Tane,Turner,S,F,2024-02-07
15254.0,AW00015254,Keziah,Garcia,M,M,2026-04-12
15255.0,AW00015255,Carol,Davis,S,M,2024-09-06
15256.0,AW00015256,Tane,Turner,M,F,2024-09-17
15257.0,AW00015257,Donald,Carter,M,M,2023-09-07
15258.0,AW00015258,Patricia,Singh,M,F,2023-07-12
15259.0,AW00015259,Jennifer,Moore,M,M,2023-03-24
15260.0,AW00015260,Joseph,Jackson,M,F,2024-08-30
15261.0,AW00015261,Brian,Thomas,M,F,2023-10-08
15262.0,AW00015262,Jennifer,Clark,S,M,2024-10-30
15263.0,AW00015263,Lisa,Kumar,S,F,2025-03-28
15264.0,AW00015264,Mary,Toalii,M,M,2023-02-15
15265.0,AW00015265,George,Mitchell,S,M,2023-09-23
15266.0,AW00015266,Andrew,Manu,S,M,2024-09-27
15267.0,AW00015267,Malia,Toalii,S,M,2023-08-14
15268.0,AW00015268,Keziah,Anderson,S,M,2025-10-22
15269.0,AW00015269,Rebecca,Jackson,S,F,2023-10-21
15270.0,AW00015270,Stephanie,Scott,S,M,2025-10-13
15271.0,AW00015271,Peter,Roberts,S,F,2023-05-10
15272.0,AW00015272,Robert,Mitchell,S,M,2024-10-02
15273.0,AW00015273,Sandra,Martin,M,F,2024-12-17
15274.0,AW00015274,David,Jones,M,F,2025-04-12
15275.0,AW00015275,Stephanie,Anderson,M,F,2024-08-20
15276.0,AW00015276,Keziah,Carter,S,M,2026-03-06
15277.0,AW00015277,Donald,Carter,M,M,2023-10-04
15278.0,AW00015278,David,Thomas,M,F,2026-05-14
15279.0,AW00015279,Joshua,Singh,S,F,2024-05-19
15280.0,AW00015280,Steven,Kumar,M,F,2026-01-26
15281.0,AW00015281,Karen,Patel,S,M,2023-04-12
15282.0,AW00015282,John,Phillips,M,M,2025-01-24
15283.0,AW00015283,David,Mitchell,S,M,2024-02-06
15284.0,AW00015284,Steven,Thompson,M,M,2024-08-31
15285.0,AW00015285,Rebecca,Patel,S,F,2024-06-10
15286.0,AW00015286,Timothy,Anderson,M,M,2024-02-03
15287.0,AW00015287,Emily,Smith,S,M,2024-12-07
15288.0,AW00015288,Elizabeth,Lopez,M,F,2023-11-30
15289.0,AW00015289,Tane,White,S,F,2025-09-27
15290.0,AW00015290,Barbara,Williams,S,M,2023-07-30
15291.0,AW00015291,David,Mitchell,S,M,2023-10-09
15292.0,AW00015292,Richard,Martin,S,F,2023-04-06
15293.0,AW00015293,Charles,Clark,S,F,2023-09-07
15294.0,AW00015294,Barbara,Clark,S,M,2023-11-14
15295.0,AW00015295,Joseph,Nelson,M,F,2025-01-25
15296.0,AW00015296,David,Lee,M,M,2025-12-29
15297.0,AW00015297,Elizabeth,White,M,M,2025-11-27
15298.0,AW00015298,Timothy,Perez,M,F,2023-08-20
15299.0,AW00015299,Susan,Scott,M,F,2024-04-25
15300.0,AW00015300,Robert,Perez,M,F,2025-12-28
15301.0,AW00015301,Michelle,Parker,S,M,2024-03-28
15302.0,AW00015302,Brian,Toalii,S,F,2023-04-16
15303.0,AW00015303,Ashley,Scott,S,F,2025-10-07
15304.0,AW00015304,Brian,Roberts,S,F,2025-12-09
15305.0,AW00015305,Patricia,Jackson,S,F,2025-01-27
15306.0,AW00015306,Timothy,Campbell,S,M,2023-10-10
15307.0,AW00015307,Jennifer,Taylor,S,F,2023-03-07
15308.0,AW00015308,Deborah,Turner,M,M,2025-01-08
15309.0,AW00015309,Barbara,Anderson,M,F,2025-05-18
15310.0,AW00015310,Anthony,Young,M,F,2024-12-28
15311.0,AW00015311,Donna,Ngata,S,F,2024-10-26
15312.0,AW00015312,Jason,Nelson,M,M,2023-04-27
15313.0,AW00015313,Keziah,Davis,M,F,2024-07-28
15314.0,AW00015314,William,Manu,M,F,2023-04-02
15315.0,AW00015315,Jason,Moore,M,M,2025-02-16
15316.0,AW00015316,Michael,White,S,F,2024-11-11
15317.0,AW00015317,Jessica,Carter,M,F,2024-12-23
15318.0,AW00015318,Richard,Roberts,S,F,2023-07-17
15319.0,AW00015319,Sarah,Miller,S,M,2025-11-14
15320.0,AW00015320,William,Kumar,M,F,2023-04-19
15321.0,AW00015321,Baraa,Clark,M,F,2024-02-17
15322.0,AW00015322,Richard,Mitchell,S,F,2024-04-18
15323.0,AW00015323,Donald,Manu,S,M,2025-03-25
15324.0,AW00015324,Thomas,Lee,M,F,2024-04-21
15325.0,AW00015325,Deborah,Lopez,S,M,2023-08-23
15326.0,AW00015326,Joseph,Thomas,M,M,2024-05-05
15327.0,AW00015327,Rebecca,Martin,S,F,2023-08-03
15328.0,AW00015328,Keziah,White,M,M,2025-04-10
15329.0,AW00015329,Mark,Patel,S,M,2024-11-19
15330.0,AW00015330,Ronald,Taylor,S,F,2023-05-24
15331.0,AW00015331,Baraa,Anderson,M,F,2024-08-26
15332.0,AW00015332,Elizabeth,Martin,M,M,2026-04-15
15333.0,AW00015333,Baraa,Perez,M,M,2024-03-01
15334.0,AW00015334,Jason,Phillips,S,F,2024-05-13
15335.0,AW00015335,William,Moore,S,M,2025-06-12
15336.0,AW00015336,Richard,Wright,S,M,2024-10-10
15337.0,AW00015337,Malia,Adams,S,F,2026-04-14
15338.0,AW00015338,Michelle,Brown,M,M,2024-01-19
15339.0,AW00015339,Emily,Smith,S,F,2023-04-19
15340.0,AW00015340,Tane,Moore,M,F,2024-03-05
15341.0,AW00015341,Barbara,Wright,M,M,2025-03-29
15342.0,AW00015342,Steven,Turner,M,F,2023-05-31
15343.0,AW00015343,Patricia,Johnson,M,M,2026-02-20
15344.0,AW00015344,Mary,White,S,F,2025-01-22
15345.0,AW00015345,Anthony,Manu,S,M,2024-09-23
15346.0,AW00015346,Sandra,Taylor,M,M,2026-03-19
15347.0,AW00015347,Elizabeth,Young,M,F,2025-08-13
15348.0,AW00015348,Carol,Brown,M,F,2025-12-14
15349.0,AW00015349,Sarah,Walker,M,F,2025-05-24
15350.0,AW00015350,Richard,Williams,S,F,2024-08-24
15351.0,AW00015351,Rebecca,Allen,S,M,2024-12-03
15352.0,AW00015352,Joshua,Adams,M,F,2025-01-05
15353.0,AW00015353,Steven,Taylor,M,M,2023-04-21
15354.0,AW00015354,Brian,Walker,M,M,2025-01-28
15355.0,AW00015355,David,Garcia,M,M,2025-03-14
15356.0,AW00015356,Tane,Wright,M,F,2025-10-05
15357.0,AW00015357,Thomas,Carter,M,F,2026-02-08
15358.0,AW00015358,William,Lopez,M,M,2024-05-30
15359.0,AW00015359,Barbara,White,S,M,2024-06-09
15360.0,AW00015360,Donald,Baker,M,F,2026-03-09
15361.0,AW00015361,Joshua,Singh,M,M,2023-08-16
15362.0,AW00015362,Richard,Thompson,S,F,2024-05-10
15363.0,AW00015363,Charles,Jones,M,M,2025-03-24
15364.0,AW00015364,Ronald,White,S,M,2023-10-21
15365.0,AW00015365,Sandra,Wright,M,M,2024-12-03
15366.0,AW00015366,David,Roberts,M,F,2025-08-25
15367.0,AW00015367,George,Taylor,M,M,2025-06-30
15368.0,AW00015368,Carol,Hall,M,F,2024-04-23
15369.0,AW00015369,Robert,Nelson,S,M,2024-03-07
15370.0,AW00015370,Steven,Patel,M,M,2025-10-01
15371.0,AW00015371,Nancy,Brown,M,M,2024-10-05
15372.0,AW00015372,Keziah,Scott,S,M,2023-12-09
15373.0,AW00015373,Elizabeth,Lewis,M,F,2023-08-23
15374.0,AW00015374,David,Wright,M,M,2025-10-31
15375.0,AW00015375,Donald,Thompson,S,M,2024-02-16
15376.0,AW00015376,Steven,Thomas,S,M,2023-09-07
15377.0,AW00015377,Nancy,Johnson,M,M,2026-05-27
15378.0,AW00015378,Emily,Johnson,M,F,2023-10-20
15379.0,AW00015379,Paul,Martin,S,F,2025-06-13
15380.0,AW00015380,Sione,Baker,M,F,2024-01-10
15381.0,AW00015381,Emily,Lee,S,M,2025-11-03
15382.0,AW00015382,Donald,Hall,S,F,2023-09-08
15383.0,AW00015383,Linda,Anderson,M,M,2025-10-23
15384.0,AW00015384,Charles,Brown,M,M,2024-05-02
15385.0,AW00015385,Joseph,Patel,S,F,2024-05-15
15386.0,AW00015386,Timothy,Parker,M,M,2024-10-21
15387.0,AW00015387,Betty,Nime,M,M,2025-05-02
15388.0,AW00015388,Nancy,Miller,M,M,2025-06-15
15389.0,AW00015389,Jessica,Lopez,S,F,2024-09-17
15390.0,AW00015390,Melissa,Nelson,S,M,2023-06-10
15391.0,AW00015391,Michelle,Phillips,S,F,2025-06-18
15392.0,AW00015392,Richard,Brown,M,M,2023-01-14
15393.0,AW00015393,Thomas,Roberts,S,M,2023-12-06
15394.0,AW00015394,Ashley,Garcia,M,F,2026-05-26
15395.0,AW00015395,Kenneth,Hall,M,M,2023-01-18
15396.0,AW00015396,Steven,Carter,S,M,2023-07-12
15397.0,AW00015397,Patricia,Nime,S,F,2025-06-16
15398.0,AW00015398,Richard,Campbell,S,F,2024-10-06
15399.0,AW00015399,William,Martin,M,M,2024-02-27
15400.0,AW00015400,Emily,Turner,M,F,2023-01-31
15401.0,AW00015401,Andrew,Wilson,M,M,2026-02-05
15402.0,AW00015402,Charles,Patel,M,M,2024-02-29
15403.0,AW00015403,Ronald,Williams,S,M,2026-04-28
15404.0,AW00015404,Patricia,Campbell,S,F,2025-01-01
15405.0,AW00015405,Sarah,Taylor,M,M,2023-06-06
15406.0,AW00015406,Jason,Taylor,M,M,2024-02-06
15407.0,AW00015407,Charles,Kumar,M,M,2023-05-08
15408.0,AW00015408,Sandra,Baker,S,M,2025-01-08
15409.0,AW00015409,Aroha,Garcia,S,M,2023-09-30
15410.0,AW00015410,Lisa,Green,M,M,2025-06-25
15411.0,AW00015411,Sandra,Taylor,M,M,2023-02-18
15412.0,AW00015412,Nancy,Clark,S,M,2025-12-05
15413.0,AW00015413,Joshua,White,S,M,2023-03-10
15414.0,AW00015414,Timothy,Anderson,S,F,2023-03-14
15415.0,AW00015415,Karen,Wilson,M,M,2025-07-06
15416.0,AW00015416,Andrew,Thompson,S,F,2023-04-20
15417.0,AW00015417,Brian,Wilson,M,F,2023-08-02
15418.0,AW00015418,Jessica,Singh,M,M,2025-06-03
15419.0,AW00015419,Aroha,Kumar,M,F,2024-01-28
15420.0,AW00015420,Anthony,Thompson,S,F,2024-06-30
15421.0,AW00015421,Stephanie,Allen,S,F,2025-07-03
15422.0,AW00015422,Steven,Nime,M,F,2023-10-20
15423.0,AW00015423,Michelle,Parker,M,F,2026-04-05
15424.0,AW00015424,William,Taylor,M,M,2023-05-02
15425.0,AW00015425,Aroha,Green,M,F,2025-01-29
15426.0,AW00015426,Patricia,Turner,M,F,2024-02-29
15427.0,AW00015427,Andrew,Jones,S,F,2023-07-04
15428.0,AW00015428,Carol,Young,S,M,2024-12-25
15429.0,AW00015429,Ronald,Williams,M,M,2024-11-04
15430.0,AW00015430,Charles,Brown,M,F,2023-08-22
15431.0,AW00015431,Matthew,Hall,M,M,2025-11-30
15432.0,AW00015432,Betty,Martin,M,F,2023-11-16
15433.0,AW00015433,Michael,Moore,S,M,2023-12-12
15434.0,AW00015434,Timothy,Brown,S,F,2024-10-30
15435.0,AW00015435,Elizabeth,Johnson,M,F,2023-12-07
15436.0,AW00015436,Deborah,Allen,M,M,2026-04-11
15437.0,AW00015437,Linda,Walker,M,M,2025-05-12
15438.0,AW00015438,Mary,Singh,M,F,2024-09-17
15439.0,AW00015439,Steven,King,M,M,2024-01-20
15440.0,AW00015440,Nancy,Jackson,M,M,2024-11-30
15441.0,AW00015441,Steven,Patel,S,F,2024-05-27
15442.0,AW00015442,Keziah,Brown,M,M,2023-10-17
15443.0,AW00015443,Joshua,Thomas,S,M,2025-09-13
15444.0,AW00015444,John,Moore,S,M,2024-01-29
15445.0,AW00015445,Brian,Mitchell,M,M,2024-10-12
15446.0,AW00015446,Donna,Ngata,M,M,2024-11-22
15447.0,AW00015447,Andrew,Lewis,M,M,2025-03-22
15448.0,AW00015448,Elizabeth,Singh,S,F,2025-08-06
15449.0,AW00015449,Sandra,Williams,S,F,2025-04-18
15450.0,AW00015450,Sandra,Phillips,M,M,2024-12-14
15451.0,AW00015451,Melissa,Phillips,S,M,2025-10-02
15452.0,AW00015452,Linda,Wilson,M,M,2024-04-05
15453.0,AW00015453,Steven,Turner,M,M,2023-08-01
15454.0,AW00015454,Patricia,Smith,S,M,2026-03-26
15455.0,AW00015455,Jennifer,Jones,S,M,2023-10-28
15456.0,AW00015456,Brian,Smith,M,M,2025-02-17
15457.0,AW00015457,Joseph,Ngata,M,F,2023-11-07
15458.0,AW00015458,Rebecca,Walker,S,M,2023-02-21
15459.0,AW00015459,Mark,Phillips,S,M,2025-03-27
15460.0,AW00015460,Jessica,Scott,M,M,2025-07-04
15461.0,AW00015461,Keziah,Patel,M,M,2023-12-06
15462.0,AW00015462,Matthew,Singh,S,F,2024-11-29
15463.0,AW00015463,Joseph,Baker,S,F,2023-07-29
15464.0,AW00015464,Mary,Perez,M,M,2025-08-20
15465.0,AW00015465,James,Roberts,M,F,2023-12-04
15466.0,AW00015466,Thomas,Brown,S,M,2025-04-18
15467.0,AW00015467,Amanda,Scott,S,F,2024-07-04
15468.0,AW00015468,Sione,Anderson,S,M,2023-06-19
15469.0,AW00015469,Sandra,Lewis,M,M,2025-12-27
15470.0,AW00015470,Matthew,Thomas,M,M,2026-01-10
15471.0,AW00015471,Melissa,Turner,S,F,2024-10-18
15472.0,AW00015472,David,Garcia,M,F,2025-03-14
15473.0,AW00015473,David,Carter,S,M,2024-01-18
15474.0,AW00015474,Rebecca,Green,M,M,2024-10-11
15475.0,AW00015475,Kenneth,Ngata,S,F,2025-08-06
15476.0,AW00015476,Donald,Green,M,F,2025-06-22
15477.0,AW00015477,Emily,Martin,M,M,2023-08-01
15478.0,AW00015478,Barbara,White,S,M,2023-10-02
15479.0,AW00015479,Donna,Taylor,S,M,2024-10-09
15480.0,AW00015480,Mary,Anderson,M,M,2023-04-22
15481.0,AW00015481,Ashley,Brown,M,F,2024-12-12
15482.0,AW00015482,Daniel,Martin,S,F,2026-04-18
15483.0,AW00015483,Joseph,Adams,S,M,2024-10-24
15484.0,AW00015484,Matthew,Nelson,M,M,2023-03-26
15485.0,AW00015485,Mere,Williams,M,F,2026-05-29
15486.0,AW00015486,Sione,Thompson,S,M,2025-02-13
15487.0,AW00015487,Rebecca,Anderson,S,M,2025-06-21
15488.0,AW00015488,Peter,Turner,S,M,2025-08-23
15489.0,AW00015489,George,Hall,S,F,2023-06-11
15490.0,AW00015490,Kenneth,Garcia,S,F,2024-01-29
15491.0,AW00015491,Sarah,Adams,M,F,2024-05-24
15492.0,AW00015492,Paul,Smith,S,F,2024-03-06
15493.0,AW00015493,David,Manu,S,F,2024-12-01
15494.0,AW00015494,Kimberly,Adams,S,M,2024-10-26
15495.0,AW00015495,John,Singh,S,M,2024-02-02
15496.0,AW00015496,Jason,Wright,S,F,2024-12-19
15497.0,AW00015497,Rebecca,Green,M,F,2024-08-17
15498.0,AW00015498,Keziah,Manu,M,M,2024-02-22
15499.0,AW00015499,Amanda,Baker,S,F,2023-08-20
15500.0,AW00015500,Anthony,Hall,S,M,2025-08-31
15501.0,AW00015501,Donna,Turner,M,F,2023-08-31
15502.0,AW00015502,Sione,Allen,S,F,2026-03-19
15503.0,AW00015503,William,Nelson,S,M,2024-10-07
15504.0,AW00015504,John,Baker,M,M,2024-03-28
15505.0,AW00015505,Joseph,Smith,M,F,2024-07-06
15506.0,AW00015506,Joseph,Clark,S,F,2025-09-12
15507.0,AW00015507,Donna,Mitchell,S,M,2024-01-03
15508.0,AW00015508,Matthew,Singh,S,F,2024-08-21
15509.0,AW00015509,Michael,Thompson,M,F,2025-05-21
15510.0,AW00015510,Anthony,Taylor,S,F,2024-03-04
15511.0,AW00015511,Sandra,Miller,M,F,2023-05-26
15512.0,AW00015512,Richard,Allen,M,F,2026-02-14
15513.0,AW00015513,Peter,Nime,S,F,2024-08-03
15514.0,AW00015514,Linda,Scott,M,M,2023-07-01
15515.0,AW00015515,Paul,Moore,S,F,2025-12-17
15516.0,AW00015516,Thomas,Wilson,M,F,2023-01-04
15517.0,AW00015517,Joshua,Manu,M,F,2024-11-09
15518.0,AW00015518,Donna,Thompson,M,F,2024-08-31
15519.0,AW00015519,Joseph,Green,M,M,2025-12-08
15520.0,AW00015520,Charles,Thompson,S,F,2025-09-25
15521.0,AW00015521,Linda,Singh,S,M,2023-08-01
15522.0,AW00015522,Richard,Parker,M,M,2024-03-12
15523.0,AW00015523,Karen,Jones,M,F,2024-03-03
15524.0,AW00015524,Lisa,Thomas,M,M,2024-10-26
15525.0,AW00015525,Baraa,Kumar,M,M,2023-02-05
15526.0,AW00015526,Malia,King,S,M,2025-08-21
15527.0,AW00015527,Steven,Scott,M,F,2025-01-23
15528.0,AW00015528,Mere,Anderson,S,F,2025-07-14
15529.0,AW00015529,Baraa,Young,S,F,2024-01-20
15530.0,AW00015530,Patricia,Nime,M,M,2023-05-28
15531.0,AW00015531,Donna,Campbell,M,F,2024-02-26
15532.0,AW00015532,Michael,Williams,M,F,2023-03-19
15533.0,AW00015533,Aroha,Adams,M,M,2023-04-05
15534.0,AW00015534,Kimberly,Taylor,M,F,2024-12-24
15535.0,AW00015535,Steven,Young,S,M,2023-08-15
15536.0,AW00015536,Daniel,Moore,M,F,2023-01-27
15537.0,AW00015537,Melissa,Davis,M,M,2024-02-04
15538.0,AW00015538,Timothy,Brown,M,F,2026-05-13
15539.0,AW00015539,Susan,Nime,S,F,2025-10-07
15540.0,AW00015540,Charles,Scott,S,M,2024-04-22
15541.0,AW00015541,Susan,Carter,S,F,2024-06-16
15542.0,AW00015542,Joseph,Davis,S,F,2023-01-14
15543.0,AW00015543,Steven,Singh,M,F,2026-05-31
15544.0,AW00015544,Charles,Lewis,S,M,2023-01-05
15545.0,AW00015545,Tane,Clark,M,M,2023-12-03
15546.0,AW00015546,Steven,White,S,M,2024-09-16
15547.0,AW00015547,Rebecca,Singh,S,M,2024-11-03
15548.0,AW00015548,Carol,Lee,M,F,2026-05-30
15549.0,AW00015549,George,Singh,S,F,2024-05-19
15550.0,AW00015550,Amanda,Lopez,S,F,2025-09-02
15551.0,AW00015551,Ronald,Lopez,M,M,2024-07-11
15552.0,AW00015552,Michelle,Singh,S,F,2023-05-05
15553.0,AW00015553,Aroha,Hall,S,F,2024-04-02
15554.0,AW00015554,Stephanie,Singh,S,F,2025-09-03
15555.0,AW00015555,Sarah,Anderson,M,M,2023-04-22
15556.0,AW00015556,Jason,Toalii,M,F,2025-07-25
15557.0,AW00015557,Sione,Nime,S,M,2025-11-11
15558.0,AW00015558,Aroha,Toalii,S,F,2024-12-07
15559.0,AW00015559,Daniel,Moore,S,M,2023-12-16
15560.0,AW00015560,Lisa,Green,M,M,2023-10-30
15561.0,AW00015561,Rebecca,Nime,S,M,2023-08-17
15562.0,AW00015562,Joseph,Scott,S,M,2023-04-14
15563.0,AW00015563,Mary,Clark,S,F,2023-12-30
15564.0,AW00015564,Michelle,King,M,F,2024-04-01
15565.0,AW00015565,Lisa,Roberts,M,M,2024-06-06
15566.0,AW00015566,Elizabeth,Jackson,S,M,2023-12-09
15567.0,AW00015567,Brian,Miller,S,F,2026-02-07
15568.0,AW00015568,Steven,Roberts,S,F,2025-01-08
15569.0,AW00015569,Mark,Phillips,M,F,2025-01-24
15570.0,AW00015570,Michael,Nelson,M,F,2023-07-25
15571.0,AW00015571,Melissa,Davis,S,F,2026-05-14
15572.0,AW00015572,Jessica,Anderson,M,F,2023-02-16
15573.0,AW00015573,Donna,Hall,M,F,2025-01-10
15574.0,AW00015574,James,Miller,S,F,2024-03-18
15575.0,AW00015575,Baraa,King,S,F,2023-01-22
15576.0,AW00015576,Patricia,Allen,M,F,2025-11-19
15577.0,AW00015577,Deborah,Scott,S,F,2025-03-18
15578.0,AW00015578,Lisa,Hall,M,M,2026-02-22
15579.0,AW00015579,Mark,Jackson,M,F,2025-02-17
15580.0,AW00015580,Jessica,Clark,S,M,2025-03-14
15581.0,AW00015581,Thomas,White,S,M,2023-05-03
15582.0,AW00015582,Donald,White,S,M,2024-09-29
15583.0,AW00015583,Sarah,Williams,S,M,2025-06-17
15584.0,AW00015584,Timothy,Phillips,M,M,2025-04-12
15585.0,AW00015585,Peter,Anderson,S,M,2026-01-27
15586.0,AW00015586,Timothy,Martin,M,F,2026-03-29
15587.0,AW00015587,Jessica,Smith,M,F,2024-04-28
15588.0,AW00015588,Andrew,Davis,S,M,2025-03-30
15589.0,AW00015589,Aroha,Jackson,M,M,2025-05-27
15590.0,AW00015590,Elizabeth,Taylor,M,M,2023-10-29
15591.0,AW00015591,Donna,Manu,S,F,2026-04-08
15592.0,AW00015592,Ronald,Singh,M,F,2025-07-01
15593.0,AW00015593,Paul,Manu,S,M,2024-06-21
15594.0,AW00015594,William,Nelson,M,M,2025-12-14
15595.0,AW00015595,Nancy,Smith,M,M,2025-12-17
15596.0,AW00015596,Joshua,Carter,M,F,2023-09-21
15597.0,AW00015597,Kenneth,Kumar,M,F,2023-08-29
15598.0,AW00015598,Steven,Phillips,S,M,2025-06-08
15599.0,AW00015599,Andrew,Kumar,M,F,2026-05-24
15600.0,AW00015600,Lisa,Nime,S,F,2024-09-20
15601.0,AW00015601,Karen,Martin,S,F,2025-03-06
15602.0,AW00015602,Matthew,Williams,S,F,2023-01-11
15603.0,AW00015603,Peter,Kumar,M,F,2026-01-23
15604.0,AW00015604,Matthew,Williams,M,F,2026-02-11
15605.0,AW00015605,Daniel,Green,M,M,2023-03-26
15606.0,AW00015606,Mary,Garcia,M,M,2026-02-18
15607.0,AW00015607,Karen,Lee,M,F,2023-04-19
15608.0,AW00015608,Mere,Anderson,M,M,2024-06-03
15609.0,AW00015609,Michael,Lee,M,F,2025-06-11
15610.0,AW00015610,Rebecca,Clark,S,M,2024-02-19
15611.0,AW00015611,Daniel,Singh,M,M,2025-09-08
15612.0,AW00015612,Donna,Baker,S,F,2026-03-24
15613.0,AW00015613,Jason,King,S,F,2026-03-24
15614.0,AW00015614,Kimberly,Miller,S,F,2026-05-05
15615.0,AW00015615,Amanda,Baker,S,F,2024-10-02
15616.0,AW00015616,Kenneth,Baker,S,F,2024-04-17
15617.0,AW00015617,Peter,Johnson,M,F,2026-03-15
15618.0,AW00015618,Mary,Kumar,M,M,2024-04-12
15619.0,AW00015619,Peter,White,S,F,2024-02-25
15620.0,AW00015620,Sarah,Lewis,S,M,2026-04-18
15621.0,AW00015621,Paul,Perez,M,M,2024-07-19
15622.0,AW00015622,Keziah,Wright,M,F,2025-06-06
15623.0,AW00015623,Patricia,Allen,M,F,2025-01-31
15624.0,AW00015624,Malia,Parker,S,F,2025-10-27
15625.0,AW00015625,Anthony,Nime,M,M,2024-12-19
15626.0,AW00015626,Robert,Thomas,M,M,2023-03-17
15627.0,AW00015627,Rebecca,White,M,M,2024-07-31
15628.0,AW00015628,Betty,Nime,S,F,2023-09-14
15629.0,AW00015629,Ashley,White,M,F,2023-01-24
15630.0,AW00015630,Baraa,Young,M,F,2024-07-20
15631.0,AW00015631,George,Brown,S,M,2023-03-26
15632.0,AW00015632,Kenneth,Anderson,M,M,2025-04-26
15633.0,AW00015633,Ronald,King,S,F,2024-04-01
15634.0,AW00015634,,Johnson,S,F,2025-03-03
15635.0,AW00015635,Tane,Phillips,M,M,2025-06-08
15636.0,AW00015636,Sarah,Martin,S,F,2023-03-28
15637.0,AW00015637,Deborah,Smith,S,M,2025-09-26
15638.0,AW00015638,Thomas,Lopez,M,F,2023-09-09
15639.0,AW00015639,Kenneth,Mitchell,S,F,2023-11-17
15640.0,AW00015640,Timothy,Taylor,S,M,2025-06-15
15641.0,AW00015641,Joseph,Garcia,M,F,2026-01-31
15642.0,AW00015642,Carol,Moore,S,M,2023-08-22
15643.0,AW00015643,William,Martin,M,F,2024-03-16
15644.0,AW00015644,Richard,White,M,M,2025-10-19
15645.0,AW00015645,Jennifer,Adams,M,F,2023-02-20
15646.0,AW00015646,Donna,Smith,M,M,2024-04-10
15647.0,AW00015647,William,Perez,S,M,2025-05-23
15648.0,AW00015648,James,Lee,M,M,2023-04-02
15649.0,AW00015649,Nancy,Adams,M,M,2025-01-21
15650.0,AW00015650,Tane,Lopez,S,M,2024-06-05
15651.0,AW00015651,Sione,Roberts,M,M,2024-07-21
15652.0,AW00015652,Kenneth,Thompson,S,M,2025-04-28
15653.0,AW00015653,Patricia,Clark,S,F,2024-03-05
15654.0,AW00015654,Karen,Turner,S,F,2024-11-08
15655.0,AW00015655,Betty,Davis,S,F,2025-03-05
15656.0,AW00015656,Andrew,Carter,S,M,2025-05-03
15657.0,AW00015657,Tane,Roberts,M,M,2024-04-13
15658.0,AW00015658,Ronald,Adams,S,F,2024-05-16
15659.0,AW00015659,Charles,White,S,M,2026-01-24
15660.0,AW00015660,Baraa,Kumar,S,M,2024-11-19
15661.0,AW00015661,Robert,Green,S,F,2025-04-15
15662.0,AW00015662,Peter,Lopez,S,F,2023-04-26
15663.0,AW00015663,Paul,Baker,S,M,2025-04-24
15664.0,AW00015664,Timothy,Lopez,S,M,2025-01-14
15665.0,AW00015665,Joshua,Turner,S,M,2024-01-20
15666.0,AW00015666,Charles,Thomas,S,F,2025-04-12
15667.0,AW00015667,Peter,Scott,S,F,2026-03-16
15668.0,AW00015668,James,Ngata,S,M,2023-12-09
15669.0,AW00015669,Carol,Green,M,M,2024-01-29
15670.0,AW00015670,Thomas,Davis,S,F,2023-07-31
15671.0,AW00015671,Tane,Toalii,S,M,2026-03-18
15672.0,AW00015672,Richard,,M,M,2023-05-16
15673.0,AW00015673,Aroha,Thomas,M,M,2024-04-23
15674.0,AW00015674,Thomas,Parker,S,F,2023-06-28
15675.0,AW00015675,Kimberly,Brown,M,F,2023-02-13
15676.0,AW00015676,Baraa,Mitchell,M,F,2026-01-18
15677.0,AW00015677,Sarah,Turner,S,M,2023-03-01
15678.0,AW00015678,Malia,Kumar,S,M,2023-11-08
15679.0,AW00015679,Sione,Perez,S,M,2023-03-31
15680.0,AW00015680,Sione,Kumar,M,F,2025-02-06
15681.0,AW00015681,Kimberly,White,S,M,2025-12-10
15682.0,AW00015682,Carol,Davis,M,F,2023-08-25
15683.0,AW00015683,Rebecca,Allen,S,F,2024-08-01
15684.0,AW00015684,Stephanie,Adams,M,F,2025-01-05
15685.0,AW00015685,Kimberly,Jones,M,F,2025-05-15
15686.0,AW00015686,Joshua,Kumar,M,M,2024-08-29
15687.0,AW00015687,Kimberly,Carter,M,F,2024-12-14
15688.0,AW00015688,Emily,Jackson,M,M,2025-02-25
15689.0,AW00015689,Elizabeth,Clark,S,F,2023-06-26
15690.0,AW00015690,Mark,Taylor,S,M,2025-02-02
15691.0,AW00015691,Paul,Clark,S,M,2025-02-25
15692.0,AW00015692,Aroha,Garcia,S,F,2025-09-23
15693.0,AW00015693,Sandra,Jones,S,F,2023-03-16
15694.0,AW00015694,Elizabeth,Williams,S,F,2025-06-30
15695.0,AW00015695,Charles,Allen,S,F,2024-09-03
15696.0,AW00015696,Daniel,Roberts,S,F,2025-01-02
15697.0,AW00015697,Aroha,Mitchell,M,M,2023-01-09
15698.0,AW00015698,Emily,Perez,M,F,2025-07-07
15699.0,AW00015699,Richard,Perez,S,F,2025-11-20
15700.0,AW00015700,John,Thomas,M,F,2025-04-26
15701.0,AW00015701,Melissa,Carter,S,F,2023-10-03
15702.0,AW00015702,Charles,Roberts,S,F,2023-11-01
15703.0,AW00015703,Robert,Adams,S,F,2026-02-13
15704.0,AW00015704,Joshua,Anderson,S,F,2025-08-09
15705.0,AW00015705,Linda,White,S,F,2023-01-13
15706.0,AW00015706,Melissa,Roberts,M,F,2023-06-30
15707.0,AW00015707,Brian,Johnson,S,F,2023-08-04
15708.0,AW00015708,Donald,Wright,M,F,2024-11-15
15709.0,AW00015709,Linda,Singh,S,F,2024-12-18
15710.0,AW00015710,Sarah,Hall,S,M,2024-10-16
15711.0,AW00015711,Steven,King,S,F,2023-12-04
15712.0,AW00015712,Barbara,Singh,M,M,2025-07-16
15713.0,AW00015713,Donald,Wright,S,F,2023-02-13
15714.0,AW00015714,Robert,Nelson,S,M,2026-05-02
15715.0,AW00015715,Jessica,Wright,S,F,2024-05-01
15716.0,AW00015716,Rebecca,Roberts,M,M,2025-06-21
15717.0,AW00015717,Malia,Lee,S,F,2025-09-01
15718.0,AW00015718,Carol,Patel,M,F,2026-01-24
15719.0,AW00015719,Richard,Johnson,S,F,2026-03-26
15720.0,AW00015720,Michelle,Turner,S,M,2023-11-04
15721.0,AW00015721,Lisa,Jackson,S,M,2025-03-21
15722.0,AW00015722,Sarah,Perez,M,M,2024-01-12
15723.0,AW00015723,Brian,Smith,M,F,2024-01-24
,AW00015724,Michelle,Jones,M,F,2024-02-23
15725.0,AW00015725,Ronald,Patel,S,F,2025-01-13
15726.0,AW00015726,Donna,Kumar,S,M,2024-09-22
15727.0,AW00015727,Amanda,Thomas,S,M,2026-05-28
15728.0,AW00015728,Jessica,Scott,S,M,2025-10-14
15729.0,AW00015729,Daniel,Wright,M,M,2023-04-11
15730.0,AW00015730,Richard,Smith,S,M,2025-05-04
15731.0,AW00015731,Joseph,Davis,S,M,2023-02-18
15732.0,AW00015732,Mark,Kumar,S,M,2023-02-27
15733.0,AW00015733,William,Carter,M,F,2023-12-08
15734.0,AW00015734,Elizabeth,Martin,M,M,2023-04-09
15735.0,AW00015735,Carol,White,M,M,2024-07-06
15736.0,AW00015736,Sandra,Clark,S,F,2024-10-21
15737.0,AW00015737,Kimberly,Brown,M,M,2023-12-02
15738.0,AW00015738,Ashley,Parker,M,M,2025-03-20
15739.0,AW00015739,Daniel,Moore,S,F,2025-07-16
15740.0,AW00015740,Patricia,Taylor,M,M,2025-10-25
15741.0,AW00015741,Sandra,Hall,M,M,2023-07-02
15742.0,AW00015742,Richard,Jones,S,M,2025-12-14
15743.0,AW00015743,Ronald,Lee,M,M,2024-01-24
15744.0,AW00015744,Ronald,Allen,S,F,2024-07-17
15745.0,AW00015745,Malia,Toalii,M,F,2024-02-28
15746.0,AW00015746,Steven,Manu,S,F,2025-03-17
15747.0,AW00015747,Amanda,Johnson,S,M,2026-05-05
15748.0,AW00015748,Timothy,Wilson,S,M,2026-04-22
15749.0,AW00015749,Carol,Brown,M,M,2025-09-08
15750.0,AW00015750,Susan,Campbell,M,M,2026-02-17
15751.0,AW00015751,Jason,Johnson,S,F,2023-05-04
15752.0,AW00015752,Tane,Patel,M,F,2023-09-06
15753.0,AW00015753,Barbara,Allen,S,F,2023-03-14
15754.0,AW00015754,Deborah,Lee,M,F,2026-02-13
15755.0,AW00015755,Amanda,Thomas,S,F,2024-04-24
15756.0,AW00015756,Nancy,White,S,F,2024-06-15
15757.0,AW00015757,Lisa,Thompson,S,M,2024-06-09
15758.0,AW00015758,Thomas,Davis,M,F,2025-08-14
15759.0,AW00015759,Joshua,Smith,S,M,2023-12-16
15760.0,AW00015760,Robert,Baker,M,F,2025-06-01
15761.0,AW00015761,Thomas,Brown,M,F,2025-09-04
15762.0,AW00015762,Linda,Miller,S,F,2025-04-21
15763.0,AW00015763,Deborah,White,S,M,2024-10-09
15764.0,AW00015764,Keziah,Kumar,M,F,2024-05-19
15765.0,AW00015765,Stephanie,Davis,S,F,2025-06-05
15766.0,AW00015766,Andrew,Wilson,M,F,2026-04-19
15767.0,AW00015767,Karen,Toalii,S,M,2024-12-01
15768.0,AW00015768,Lisa,Green,M,M,2024-08-25
15769.0,AW00015769,Paul,Carter,M,M,2025-07-26
15770.0,AW00015770,Stephanie,Johnson,M,M,2025-09-11
15771.0,AW00015771,Ronald,Turner,S,M,2026-04-25
15772.0,AW00015772,Betty,Adams,S,F,2026-04-10
15773.0,AW00015773,David,Taylor,S,M,2024-08-09
15774.0,AW00015774,Richard,Carter,S,F,2026-04-06
15775.0,AW00015775,Joshua,Miller,S,F,2023-03-07
15776.0,AW00015776,John,Williams,S,F,2025-05-23
15777.0,AW00015777,Richard,Campbell,M,M,2023-05-26
15778.0,AW00015778,Carol,Brown,S,M,2025-03-20
15779.0,AW00015779,Anthony,Young,M,F,2024-11-02
15780.0,AW00015780,Kimberly,Thomas,M,F,2024-02-12
15781.0,AW00015781,Donald,Smith,M,F,2024-07-08
15782.0,AW00015782,Karen,Thompson,S,M,2025-05-25
15783.0,AW00015783,Jessica,Taylor,S,M,2023-10-06
15784.0,AW00015784,Thomas,Adams,S,F,2024-08-20
15785.0,AW00015785,Melissa,Martin,S,F,2026-03-24
15786.0,AW00015786,Sione,Brown,S,F,2025-09-22
15787.0,AW00015787,Brian,Scott,M,M,2023-06-21
15788.0,AW00015788,Michael,Thompson,M,F,2023-03-05
15789.0,AW00015789,Baraa,White,M,M,2025-02-15
15790.0,AW00015790,Amanda,Lopez,M,M,2026-02-06
15791.0,AW00015791,Sarah,Thompson,M,M,2025-11-22
15792.0,AW00015792,Anthony,Scott,S,M,2025-02-27
15793.0,AW00015793,Tane,Anderson,M,F,2024-12-05
15794.0,AW00015794,Donald,Turner,M,F,2025-08-02
15795.0,AW00015795,John,Phillips,S,F,2026-02-26
15796.0,AW00015796,Kimberly,Williams,S,F,2024-08-23
15797.0,AW00015797,Amanda,Moore,M,M,2023-11-26
15798.0,AW00015798,James,Phillips,S,F,2023-12-22
15799.0,AW00015799,John,Lee,M,M,2025-10-04
15800.0,AW00015800,Sandra,Perez,S,F,2023-02-11
15801.0,AW00015801,Karen,Davis,S,M,2023-07-25
15802.0,AW00015802,Daniel,Miller,M,F,2024-12-10
15803.0,AW00015803,David,Singh,S,M,2025-09-13
15804.0,AW00015804,Aroha,Garcia,M,F,2025-02-20
15805.0,AW00015805,Stephanie,Taylor,S,F,2025-05-27
15806.0,AW00015806,Steven,Turner,M,M,2024-12-02
15807.0,AW00015807,Susan,Adams,M,F,2025-04-05
15808.0,AW00015808,Matthew,Scott,M,F,2025-04-19
15809.0,AW00015809,Elizabeth,White,S,M,2023-07-17
15810.0,AW00015810,Brian,Smith,M,F,2023-02-13
15811.0,AW00015811,Jason,Baker,M,M,2026-03-29
15812.0,AW00015812,Kenneth,Wilson,S,F,2024-04-14
15813.0,AW00015813,Baraa,Williams,S,M,2023-11-26
15814.0,AW00015814,James,Toalii,S,F,2024-11-27
15815.0,AW00015815,John,Walker,S,F,2024-03-02
15816.0,AW00015816,Joseph,Miller,M,M,2024-12-16
15817.0,AW00015817,Susan,Walker,S,F,2024-07-19
15818.0,AW00015818,Charles,Perez,M,F,2025-10-18
15819.0,AW00015819,Deborah,Allen,S,M,2024-05-04
15820.0,AW00015820,Stephanie,Jackson,S,M,2023-01-08
15821.0,AW00015821,Joseph,Martin,S,F,2024-08-26
15822.0,AW00015822,Ronald,Jones,M,F,2026-01-16
15823.0,AW00015823,Anthony,Patel,S,M,2023-04-18
15824.0,AW00015824,Michelle,Lewis,S,F,2024-03-10
15825.0,AW00015825,Karen,Lee,M,F,2023-09-01
15826.0,AW00015826,Tane,Garcia,S,F,2025-03-26
15827.0,AW00015827,Anthony,Turner,S,M,2025-06-16
15828.0,AW00015828,Charles,White,M,F,2024-05-13
15829.0,AW00015829,Matthew,Lee,M,F,2025-12-16
15830.0,AW00015830,Joshua,Wright,M,F,2024-10-11
15831.0,AW00015831,Charles,Roberts,S,M,2025-09-15
15832.0,AW00015832,Thomas,Perez,S,M,2023-08-02
15833.0,AW00015833,Lisa,Garcia,S,F,2023-06-20
15834.0,AW00015834,Patricia,Moore,M,M,2023-02-23
15835.0,AW00015835,James,Williams,S,F,2024-07-05
15836.0,AW00015836,Karen,Miller,S,F,2024-09-21
15837.0,AW00015837,Mary,Smith,M,F,2024-03-25
15838.0,AW00015838,Michael,Williams,M,F,2023-09-03
15839.0,AW00015839,Donald,Mitchell,S,M,2023-05-23
15840.0,AW00015840,Donald,Jackson,M,M,2023-06-18
15841.0,AW00015841,Baraa,Brown,S,M,2023-10-15
15842.0,AW00015842,Timothy,Mitchell,M,F,2024-06-07
15843.0,AW00015843,Mark,Wright,S,M,2026-01-06
15844.0,AW00015844,Aroha,Perez,S,M,2023-04-02
15845.0,AW00015845,Ashley,Campbell,S,M,2024-10-17
15846.0,AW00015846,Baraa,Singh,S,F,2025-06-22
15847.0,AW00015847,Lisa,Turner,S,M,2023-07-25
15848.0,AW00015848,William,Brown,M,M,2023-06-01
15849.0,AW00015849,Tane,Thompson,M,F,2025-11-30
15850.0,AW00015850,Robert,Wright,S,F,2024-11-20
15851.0,AW00015851,James,Martin,S,F,2024-06-18
15852.0,AW00015852,Joseph,Nime,S,F,2024-04-08
15853.0,AW00015853,Karen,Baker,S,M,2025-04-29
15854.0,AW00015854,Joshua,Johnson,M,M,2025-04-21
15855.0,AW00015855,Kenneth,Martin,S,F,2025-12-11
15856.0,AW00015856,Ronald,Patel,M,M,2025-02-18
15857.0,AW00015857,Thomas,Wright,M,F,2024-09-10
15858.0,AW00015858,Melissa,Garcia,M,M,2025-05-29
15859.0,AW00015859,Tane,Scott,S,M,2024-07-16
15860.0,AW00015860,John,Anderson,M,F,2024-05-10
15861.0,AW00015861,Rebecca,Anderson,S,M,2025-12-24
15862.0,AW00015862,Linda,Jackson,S,F,2026-05-31
15863.0,AW00015863,Daniel,Walker,M,M,2026-01-02
15864.0,AW00015864,William,Turner,M,F,2023-06-05
15865.0,AW00015865,Kenneth,Thompson,M,M,2023-10-27
15866.0,AW00015866,Joshua,Scott,M,F,2024-02-15
15867.0,AW00015867,David,King,S,F,2025-12-19
15868.0,AW00015868,Betty,Anderson,S,M,2024-01-13
15869.0,AW00015869,Charles,Turner,M,F,2023-03-07
15870.0,AW00015870,Karen,Martin,M,M,2023-09-20
15871.0,AW00015871,Patricia,Turner,M,M,2025-02-26
15872.0,AW00015872,Donna,Parker,S,M,2024-09-30
15873.0,AW00015873,Brian,Singh,S,F,2024-07-29
15874.0,AW00015874,Thomas,Nime,M,F,2024-02-13
15875.0,AW00015875,Michael,Roberts,S,F,2023-02-02
15876.0,AW00015876,Mary,Nelson,M,M,2026-01-10
15877.0,AW00015877,Ronald,Lopez,M,M,2023-03-23
15878.0,AW00015878,Andrew,Smith,M,M,2024-08-18
15879.0,AW00015879,Anthony,Nime,M,M,2025-07-16
15880.0,AW00015880,Baraa,Perez,M,F,2025-09-07
15881.0,AW00015881,Steven,Johnson,S,M,2024-03-20
15882.0,AW00015882,Elizabeth,Wilson,M,M,2023-10-15
15883.0,AW00015883,Charles,Manu,M,F,2026-05-11
15884.0,AW00015884,Mary,Williams,M,F,2023-04-19
15885.0,AW00015885,George,Carter,S,F,2024-10-29
15886.0,AW00015886,Susan,Walker,S,M,2025-03-01
15887.0,AW00015887,Mary,Toalii,M,F,2023-06-26
15888.0,AW00015888,Nancy,Thomas,S,F,2024-08-11
15889.0,AW00015889,Timothy,Allen,M,F,2024-06-18
15890.0,AW00015890,George,Lee,S,M,2025-07-13
15891.0,AW00015891,Amanda,Lewis,M,F,2025-01-25
15892.0,AW00015892,Thomas,Scott,M,M,2024-08-02
15893.0,AW00015893,Sandra,Mitchell,M,M,2023-05-05
15894.0,AW00015894,Lisa,Lee,S,M,2025-12-18
15895.0,AW00015895,Tane,Baker,M,F,2026-01-02
15896.0,AW00015896,Donna,Campbell,M,M,2026-03-02
15897.0,AW00015897,George,Campbell,S,M,2025-06-18
15898.0,AW00015898,Kimberly,Miller,S,M,2023-12-30
15899.0,AW00015899,Tane,Adams,M,M,2023-08-20
15900.0,AW00015900,Emily,Taylor,S,F,2024-08-06
15901.0,AW00015901,Donald,Baker,M,F,2025-09-07
15902.0,AW00015902,Peter,Manu,S,F,2024-08-22
15903.0,AW00015903,Charles,Mitchell,S,F,2025-09-05
15904.0,AW00015904,Amanda,Manu,M,F,2025-05-07
15905.0,AW00015905,Baraa,Johnson,M,M,2023-11-06
15906.0,AW00015906,Ronald,Thomas,M,F,2026-05-18
15907.0,AW00015907,Mere,Patel,M,M,2023-05-30
15908.0,AW00015908,Donald,Baker,M,M,2024-01-01
15909.0,AW00015909,Sandra,Taylor,M,M,2023-11-22
15910.0,AW00015910,Paul,White,S,M,2025-08-13
15911.0,AW00015911,Daniel,Jones,M,M,2025-12-28
15912.0,AW00015912,Malia,Phillips,S,M,2023-09-01
15913.0,AW00015913,Jennifer,Mitchell,S,M,2025-11-23
15914.0,AW00015914,Joshua,Ngata,M,M,2024-05-18
15915.0,AW00015915,Jessica,Baker,M,M,2023-03-01
15916.0,AW00015916,Baraa,Allen,M,M,2023-09-11
15917.0,AW00015917,Ronald,Young,M,F,2023-09-03
15918.0,AW00015918,Elizabeth,Anderson,M,F,2025-05-04
15919.0,AW00015919,Michelle,Anderson,M,F,2023-04-05
15920.0,AW00015920,Donna,Walker,M,M,2023-06-07
15921.0,AW00015921,Aroha,Scott,S,F,2025-05-27
15922.0,AW00015922,Sandra,Adams,S,M,2023-04-30
15923.0,AW00015923,Richard,Thompson,M,M,2024-11-02
15924.0,AW00015924,Barbara,Clark,S,M,2025-01-28
15925.0,AW00015925,Ashley,Wilson,S,M,2024-08-28
15926.0,AW00015926,Susan,Garcia,M,M,2025-01-27
15927.0,AW00015927,John,Lopez,S,F,2025-07-17
15928.0,AW00015928,Aroha,Anderson,M,M,2024-10-26
15929.0,AW00015929,Linda,Young,M,M,2025-08-04
15930.0,AW00015930,Brian,Adams,S,M,2023-05-17
15931.0,AW00015931,David,Nelson,M,F,2023-03-29
15932.0,AW00015932,Kenneth,Lee,M,F,2023-03-09
15933.0,AW00015933,Donna,Manu,S,F,2024-04-20
15934.0,AW00015934,David,Mitchell,M,M,2025-11-22
15935.0,AW00015935,Amanda,Singh,M,M,2023-05-06
15936.0,AW00015936,Joshua,Green,S,M,2024-04-25
15937.0,AW00015937,Jason,Miller,M,F,2025-05-04
15938.0,AW00015938,Donna,Jones,M,M,2024-08-28
15939.0,AW00015939,Emily,Singh,M,M,2025-04-27
15940.0,AW00015940,Jessica,Johnson,M,F,2025-09-17
15941.0,AW00015941,Paul,Lewis,S,M,2023-01-14
15942.0,AW00015942,James,Adams,S,M,2026-01-23
15943.0,AW00015943,Jason,Green,S,F,2025-03-11
15944.0,AW00015944,Timothy,Thompson,S,F,2024-07-19
15945.0,AW00015945,Sarah,Johnson,M,F,2023-07-04
15946.0,AW00015946,Linda,Kumar,M,M,2023-12-23
15947.0,AW00015947,Mark,Carter,S,F,2024-01-22
15948.0,AW00015948,Kenneth,Toalii,S,M,2023-06-01
15949.0,AW00015949,Carol,Allen,M,M,2025-12-09
15950.0,AW00015950,Susan,Roberts,M,F,2025-05-14
15951.0,AW00015951,Ashley,Taylor,S,F,2024-11-19
15952.0,AW00015952,Mark,Lopez,S,F,2023-10-25
15953.0,AW00015953,Stephanie,Jackson,M,M,2024-07-05
15954.0,AW00015954,Carol,Williams,S,F,2024-04-12
15955.0,AW00015955,Donald,Lewis,S,M,2025-07-27
15956.0,AW00015956,James,Allen,M,M,2024-09-21
15957.0,AW00015957,Paul,Patel,M,F,2025-05-19
15958.0,AW00015958,Sandra,Carter,M,M,2023-05-16
15959.0,AW00015959,Joseph,Garcia,S,M,2023-02-28
15960.0,AW00015960,David,Mitchell,S,F,2023-01-08
15961.0,AW00015961,Joshua,King,S,M,2024-06-20
15962.0,AW00015962,Matthew,Moore,M,F,2024-06-21
15963.0,AW00015963,Betty,Carter,S,F,2023-03-27
15964.0,AW00015964,Stephanie,Wilson,M,M,2026-05-21
15965.0,AW00015965,Kimberly,Allen,M,F,2023-01-07
15966.0,AW00015966,Nancy,Lee,S,F,2024-09-07
15967.0,AW00015967,Donna,Moore,S,M,2024-06-18
15968.0,AW00015968,Sarah,King,M,M,2023-08-17
15969.0,AW00015969,Michelle,Hall,S,M,2023-02-04
15970.0,AW00015970,Joseph,Turner,M,F,2023-07-29
15971.0,AW00015971,Linda,Adams,S,M,2025-05-15
15972.0,AW00015972,Baraa,Allen,S,F,2025-12-07
15973.0,AW00015973,Michelle,Davis,M,F,2026-01-18
15974.0,AW00015974,Kimberly,Smith,M,F,2024-04-03
,AW00015975,Deborah,Adams,S,F,2023-04-25
15976.0,AW00015976,Charles,Allen,S,F,2025-02-06
15977.0,AW00015977,Jessica,Young,M,F,2025-11-06
15978.0,AW00015978,Anthony,Wilson,M,M,2024-11-27
15979.0,AW00015979,Elizabeth,King,M,F,2026-01-01
15980.0,AW00015980,Kimberly,Parker,M,M,2024-10-22
15981.0,AW00015981,Peter,Taylor,S,F,2025-10-30
15982.0,AW00015982,Tane,Wilson,S,M,2026-03-21
15983.0,AW00015983,Michael,Young,S,M,2024-08-26
15984.0,AW00015984,Mere,Roberts,S,M,2023-08-24
15985.0,AW00015985,Thomas,Clark,S,F,2024-09-05
15986.0,AW00015986,Keziah,Anderson,S,F,2023-06-26
15987.0,AW00015987,Linda,Johnson,S,F,2025-01-13
15988.0,AW00015988,Brian,Campbell,M,F,2026-04-01
15989.0,AW00015989,Sione,Anderson,M,F,2024-07-29
15990.0,AW00015990,Brian,Thomas,S,F,2025-05-08
15991.0,AW00015991,Kimberly,Toalii,M,F,2023-09-26
15992.0,AW00015992,Barbara,Garcia,M,M,2026-01-23
15993.0,AW00015993,Elizabeth,Jackson,S,F,2024-05-17
15994.0,AW00015994,Elizabeth,Scott,M,F,2026-04-21
15995.0,AW00015995,Donna,Brown,S,M,2023-03-10
15996.0,AW00015996,Jessica,Walker,M,M,2024-05-30
15997.0,AW00015997,Mary,Adams,M,F,2024-02-15
15998.0,AW00015998,Karen,Singh,S,M,2025-07-07
15999.0,AW00015999,Paul,Parker,M,F,2024-01-17
16000.0,AW00016000,Mark,Baker,M,M,2025-05-28
16001.0,AW00016001,Aroha,Parker,M,M,2024-04-01
16002.0,AW00016002,Ashley,Patel,S,F,2023-02-06
16003.0,AW00016003,Rebecca,Taylor,M,M,2024-12-15
16004.0,AW00016004,Emily,Adams,M,F,2023-07-16
16005.0,AW00016005,Elizabeth,Brown,S,M,2024-11-08
16006.0,AW00016006,Tane,Wilson,S,F,2023-11-25
16007.0,AW00016007,Emily,Jackson,S,M,2024-08-25
16008.0,AW00016008,Paul,Nelson,S,M,2024-06-09
16009.0,AW00016009,Nancy,Nime,M,F,2023-09-29
16010.0,AW00016010,Susan,Wilson,M,M,2025-06-07
16011.0,AW00016011,Steven,Parker,M,F,2024-07-07
16012.0,AW00016012,Brian,Lewis,M,M,2024-03-21
16013.0,AW00016013,Donna,Moore,M,F,2026-04-02
16014.0,AW00016014,Tane,White,M,F,2024-10-28
16015.0,AW00016015,Jessica,Martin,S,M,2023-09-28
16016.0,AW00016016,Emily,Ngata,M,M,2025-11-05
16017.0,AW00016017,Brian,Taylor,M,F,2023-08-31
16018.0,AW00016018,Jason,Anderson,S,F,2023-08-19
16019.0,AW00016019,Michael,Johnson,S,M,2024-07-21
16020.0,AW00016020,Rebecca,White,S,F,2025-01-23
16021.0,AW00016021,Peter,Baker,M,F,2024-09-01
16022.0,AW00016022,Karen,Wright,M,M,2024-03-15
16023.0,AW00016023,Michelle,Jackson,M,M,2023-02-15
16024.0,AW00016024,Timothy,Parker,M,F,2026-02-25
16025.0,AW00016025,Betty,Lopez,S,M,2023-01-24
16026.0,AW00016026,Barbara,Lopez,M,F,2025-03-11
16027.0,AW00016027,Jessica,Allen,M,F,2023-05-31
16028.0,AW00016028,Brian,Baker,S,M,2023-10-15
16029.0,AW00016029,Charles,Anderson,S,M,2026-04-01
16030.0,AW00016030,Brian,Roberts,M,F,2026-01-23
16031.0,AW00016031,James,Taylor,S,F,2026-02-13
16032.0,AW00016032,Amanda,Young,S,M,2024-11-24
16033.0,AW00016033,Stephanie,Davis,S,F,2025-06-11
16034.0,AW00016034,Jason,Carter,S,M,2024-12-19
16035.0,AW00016035,David,Wright,S,F,2026-03-04
16036.0,AW00016036,John,Adams,S,F,2025-02-22
16037.0,AW00016037,Anthony,Phillips,M,M,2024-12-02
16038.0,AW00016038,Thomas,King,S,M,2025-12-15
16039.0,AW00016039,Deborah,Nelson,M,F,2023-09-02
16040.0,AW00016040,Mark,Parker,M,M,2025-05-22
16041.0,AW00016041,Peter,Taylor,M,M,2024-12-25
16042.0,AW00016042,Sandra,Nelson,S,F,2023-01-16
16043.0,AW00016043,Amanda,Wilson,S,M,2023-08-21
16044.0,AW00016044,Donald,Hall,M,M,2024-09-12
16045.0,AW00016045,Michael,Turner,M,F,2024-11-05
16046.0,AW00016046,Carol,Turner,S,M,2023-01-10
16047.0,AW00016047,Jessica,Carter,S,F,2023-08-28
16048.0,AW00016048,Sarah,Lee,M,M,2026-03-03
16049.0,AW00016049,Sione,Campbell,S,M,2025-05-14
16050.0,AW00016050,George,Roberts,S,M,2023-09-30
16051.0,AW00016051,Elizabeth,Young,M,F,2024-02-28
16052.0,AW00016052,Kenneth,Smith,S,F,2023-09-23
16053.0,AW00016053,Andrew,Garcia,S,M,2023-07-30
16054.0,AW00016054,Mark,Nelson,S,M,2025-05-14
16055.0,AW00016055,William,Adams,S,M,2025-07-19
16056.0,AW00016056,Karen,Hall,S,M,2026-04-02
16057.0,AW00016057,Andrew,Toalii,S,M,2024-08-09
16058.0,AW00016058,William,Manu,S,F,2026-03-03
16059.0,AW00016059,Carol,Allen,S,F,2024-05-01
16060.0,AW00016060,Melissa,Scott,M,F,2025-05-20
16061.0,AW00016061,Barbara,Anderson,S,M,2025-07-04
16062.0,AW00016062,Barbara,Taylor,M,M,2025-04-14
16063.0,AW00016063,Joshua,Davis,S,F,2026-02-23
16064.0,AW00016064,Mere,Ngata,S,F,2025-05-23
16065.0,AW00016065,Mere,Green,M,F,2023-07-12
16066.0,AW00016066,Thomas,Jones,S,F,2024-02-06
16067.0,AW00016067,Joseph,Lee,S,M,2023-05-18
16068.0,AW00016068,William,Scott,S,M,2023-10-21
16069.0,AW00016069,David,Nelson,S,F,2025-01-27
16070.0,AW00016070,Timothy,White,M,F,2023-02-14
16071.0,AW00016071,Aroha,Toalii,M,F,2025-11-08
16072.0,AW00016072,Ashley,Davis,S,F,2025-04-16
16073.0,AW00016073,Jason,Perez,M,F,2024-08-22
16074.0,AW00016074,Michael,Perez,S,F,2024-04-18
16075.0,AW00016075,Malia,Johnson,S,M,2025-12-26
16076.0,AW00016076,John,Lewis,S,M,2024-01-05
16077.0,AW00016077,Daniel,Johnson,M,M,2023-01-25
16078.0,AW00016078,Malia,Walker,M,M,2026-02-18
16079.0,AW00016079,William,Mitchell,M,F,2025-01-25
16080.0,AW00016080,Susan,Moore,S,M,2023-09-14
16081.0,AW00016081,Malia,Perez,M,F,2025-03-14
16082.0,AW00016082,Ronald,Campbell,S,M,2024-07-05
16083.0,AW00016083,Matthew,Davis,S,F,2024-05-26
16084.0,AW00016084,Ronald,Lopez,M,F,2025-01-10
16085.0,AW00016085,Kimberly,King,M,F,2025-05-15
16086.0,AW00016086,Emily,Taylor,M,M,2023-11-07
16087.0,AW00016087,John,Miller,M,M,2023-02-26
16088.0,AW00016088,Charles,Toalii,S,F,2023-08-10
16089.0,AW00016089,Tane,Carter,M,F,2025-08-02
16090.0,AW00016090,Donna,Parker,M,F,2026-05-26
16091.0,AW00016091,Linda,Lee,M,F,2025-05-16
16092.0,AW00016092,Sione,Miller,S,F,2023-11-26
16093.0,AW00016093,Donna,Adams,S,M,2024-09-06
16094.0,AW00016094,Patricia,Turner,S,M,2024-05-27
16095.0,AW00016095,Barbara,Hall,S,F,2023-07-02
16096.0,AW00016096,Peter,Nelson,S,M,2024-08-19
16097.0,AW00016097,Robert,Allen,M,F,2025-10-08
16098.0,AW00016098,Lisa,Mitchell,M,M,2025-05-15
16099.0,AW00016099,Timothy,Garcia,S,M,2025-07-18
16100.0,AW00016100,Malia,Nime,M,M,2024-10-29
16101.0,AW00016101,Charles,Miller,S,M,2024-08-21
16102.0,AW00016102,Rebecca,Roberts,S,F,2024-10-23
16103.0,AW00016103,James,King,M,M,2024-02-12
16104.0,AW00016104,Nancy,Jackson,S,M,2023-07-02
16105.0,AW00016105,Paul,Scott,S,F,2026-03-08
16106.0,AW00016106,William,Campbell,M,M,2025-04-25
16107.0,AW00016107,Kimberly,Singh,S,M,2026-01-04
16108.0,AW00016108,Melissa,Johnson,S,F,2025-10-07
16109.0,AW00016109,Carol,Baker,M,F,2023-10-08
16110.0,AW00016110,Carol,King,M,F,2025-10-21
16111.0,AW00016111,John,Wright,S,F,2026-04-24
16112.0,AW00016112,Sarah,Toalii,S,F,2025-10-25
16113.0,AW00016113,James,Turner,S,M,2023-05-31
16114.0,AW00016114,Thomas,Parker,M,F,2025-11-06
16115.0,AW00016115,Linda,Moore,M,F,2023-12-17
16116.0,AW00016116,Ronald,Singh,M,F,2025-12-18
16117.0,AW00016117,Donna,Scott,S,F,2025-06-05
16118.0,AW00016118,Melissa,Davis,S,M,2024-08-18
16119.0,AW00016119,Mark,Baker,S,F,2024-04-13
16120.0,AW00016120,Timothy,Kumar,M,M,2023-01-30
16121.0,AW00016121,Michelle,Moore,S,M,2023-04-24
16122.0,AW00016122,Patricia,Anderson,S,F,2025-05-08
16123.0,AW00016123,Matthew,Nime,S,M,2024-03-08
16124.0,AW00016124,Betty,Adams,M,M,2023-10-02
16125.0,AW00016125,Keziah,Miller,S,M,2026-05-19
16126.0,AW00016126,Jessica,Clark,M,F,2024-04-11
16127.0,AW00016127,Paul,Hall,S,F,2024-07-05
16128.0,AW00016128,Mary,Perez,M,F,2023-10-23
16129.0,AW00016129,Charles,Manu,S,M,2024-12-16
16130.0,AW00016130,Mary,Martin,S,F,2026-02-20
16131.0,AW00016131,Mary,Turner,S,F,2023-06-25
16132.0,AW00016132,Karen,Garcia,S,F,2024-02-09
16133.0,AW00016133,Lisa,Perez,M,F,2025-04-15
16134.0,AW00016134,Lisa,Singh,M,F,2025-09-12
16135.0,AW00016135,Barbara,Baker,S,F,2025-02-05
16136.0,AW00016136,Mere,Jackson,M,F,2023-12-22
16137.0,AW00016137,Lisa,Anderson,M,F,2023-07-08
16138.0,AW00016138,Elizabeth,Lewis,S,M,2024-01-13
16139.0,AW00016139,Mark,Jones,S,M,2024-08-02
16140.0,AW00016140,Daniel,Lopez,S,F,2023-06-27
16141.0,AW00016141,Sarah,Lewis,M,F,2023-01-21
16142.0,AW00016142,Anthony,Lee,M,M,2023-05-19
16143.0,AW00016143,Patricia,Wright,M,F,2023-02-03
16144.0,AW00016144,Betty,Johnson,S,F,2023-01-30
16145.0,AW00016145,Kimberly,Scott,S,F,2024-01-11
16146.0,AW00016146,Kenneth,Singh,S,M,2023-02-15
16147.0,AW00016147,Barbara,Brown,S,M,2023-09-22
16148.0,AW00016148,Mark,Baker,M,F,2025-03-14
16149.0,AW00016149,Paul,Scott,S,F,2024-12-24
16150.0,AW00016150,Donna,White,M,F,2024-04-29
16151.0,AW00016151,Paul,Toalii,S,F,2023-04-22
16152.0,AW00016152,Malia,Parker,S,F,2025-09-23
16153.0,AW00016153,Joseph,Johnson,M,M,2026-02-15
16154.0,AW00016154,Jessica,Jackson,M,M,2025-10-28
16155.0,AW00016155,Charles,Ngata,M,F,2023-03-04
16156.0,AW00016156,Timothy,Adams,M,F,2025-08-18
16157.0,AW00016157,Lisa,Turner,M,M,2024-03-12
16158.0,AW00016158,Emily,Jones,S,M,2023-08-01
16159.0,AW00016159,James,Mitchell,M,F,2025-05-04
16160.0,AW00016160,Joshua,Campbell,M,M,2023-08-06
16161.0,AW00016161,Sandra,Clark,S,F,2023-04-26
16162.0,AW00016162,Deborah,Clark,M,M,2023-09-25
16163.0,AW00016163,Carol,Campbell,M,M,2025-08-25
16164.0,AW00016164,Mark,Parker,S,F,2023-01-29
16165.0,AW00016165,Jessica,Nelson,M,F,2024-02-07
16166.0,AW00016166,James,Williams,S,M,2025-07-25
16167.0,AW00016167,Joshua,Baker,S,M,2026-02-27
16168.0,AW00016168,Daniel,Johnson,M,M,2024-05-14
16169.0,AW00016169,Stephanie,Clark,M,M,2024-11-11
16170.0,AW00016170,Betty,Walker,S,M,2024-02-10
16171.0,AW00016171,Mere,Manu,M,M,2025-07-24
16172.0,AW00016172,Steven,Lopez,S,F,2023-06-05
16173.0,AW00016173,Lisa,Roberts,S,M,2023-09-28
16174.0,AW00016174,Daniel,Thomas,M,M,2025-11-24
16175.0,AW00016175,Patricia,Davis,S,M,2023-01-30
16176.0,AW00016176,Amanda,Thompson,M,F,2023-02-26
16177.0,AW00016177,Richard,Lewis,S,M,2026-04-25
16178.0,AW00016178,Donald,Singh,S,M,2023-10-27
16179.0,AW00016179,Peter,Lee,S,M,2023-01-16
16180.0,AW00016180,Betty,Patel,S,M,2025-06-30
16181.0,AW00016181,George,Phillips,M,F,2025-09-04
16182.0,AW00016182,Keziah,Adams,S,F,2026-04-13
16183.0,AW00016183,Malia,Manu,M,F,2023-10-23
16184.0,AW00016184,Aroha,Hall,S,M,2024-11-18
16185.0,AW00016185,Karen,Turner,S,M,2024-03-26
16186.0,AW00016186,Stephanie,Manu,S,F,2025-01-19
16187.0,AW00016187,Kimberly,Phillips,S,F,2025-05-29
16188.0,AW00016188,Paul,Moore,S,F,2024-11-22
16189.0,AW00016189,Michelle,Allen,M,F,2023-02-23
16190.0,AW00016190,Linda,Moore,M,M,2026-03-04
16191.0,AW00016191,Joseph,Carter,M,F,2023-09-11
16192.0,AW00016192,Joseph,Clark,M,M,2023-03-05
16193.0,AW00016193,Carol,Turner,S,F,2024-02-14
16194.0,AW00016194,James,Wright,S,F,2025-04-01
16195.0,AW00016195,James,Garcia,S,M,2026-01-09
16196.0,AW00016196,Steven,Thomas,S,F,2026-01-08
16197.0,AW00016197,Karen,Nime,S,F,2023-01-10
16198.0,AW00016198,Sandra,Ngata,M,M,2026-02-17
16199.0,AW00016199,David,Walker,M,F,2025-10-29
16200.0,AW00016200,Emily,Lewis,M,F,2024-01-06
16201.0,AW00016201,Betty,Walker,M,F,2024-10-17
16202.0,AW00016202,Joshua,Singh,M,F,2024-12-16
16203.0,AW00016203,Michael,Campbell,M,F,2023-07-27
16204.0,AW00016204,Linda,Thomas,M,F,2025-02-14
16205.0,AW00016205,Patricia,Thomas,S,M,2023-08-24
16206.0,AW00016206,Tane,Jones,M,,2025-10-29
16207.0,AW00016207,Nancy,Ngata,M,M,2024-03-14
16208.0,AW00016208,Aroha,Clark,M,M,2023-12-24
16209.0,AW00016209,James,King,M,M,2024-03-07
16210.0,AW00016210,Mark,Moore,M,F,2023-04-01
16211.0,AW00016211,Amanda,Toalii,M,M,2023-04-23
16212.0,AW00016212,Ronald,Manu,M,M,2024-06-24
16213.0,AW00016213,Andrew,Wilson,M,M,2023-04-05
16214.0,AW00016214,Susan,Perez,S,M,2023-02-10
16215.0,AW00016215,Lisa,Adams,M,M,2024-01-24
16216.0,AW00016216,Paul,Perez,S,F,2023-09-16
16217.0,AW00016217,Timothy,Ngata,S,M,2023-12-25
16218.0,AW00016218,Steven,Davis,M,F,2023-01-08
16219.0,AW00016219,Kimberly,Jones,M,M,2025-05-09
16220.0,AW00016220,Anthony,Scott,S,M,2023-09-22
16221.0,AW00016221,Betty,Wilson,S,F,2024-02-03
16222.0,AW00016222,Richard,Lewis,M,M,2025-10-03
16223.0,AW00016223,Tane,Nime,M,M,2023-09-26
16224.0,AW00016224,Michael,Campbell,M,F,2024-07-24
16225.0,AW00016225,Tane,Perez,M,F,2023-02-08
16226.0,AW00016226,Sandra,Toalii,M,F,2025-10-28
16227.0,AW00016227,John,Jackson,S,M,2025-03-28
16228.0,AW00016228,George,Toalii,M,F,2026-02-18
16229.0,AW00016229,Kenneth,Turner,S,F,2026-02-27
16230.0,AW00016230,Donna,Miller,S,F,2023-03-11
16231.0,AW00016231,Timothy,Martin,M,M,2025-09-29
16232.0,AW00016232,Sandra,Hall,S,M,2025-02-10
16233.0,AW00016233,Tane,Brown,S,F,2025-03-20
16234.0,AW00016234,Thomas,Carter,S,M,2024-08-19
16235.0,AW00016235,Amanda,Thompson,M,F,2025-06-30
16236.0,AW00016236,Patricia,Taylor,S,M,2024-12-03
16237.0,AW00016237,Lisa,Toalii,M,F,2024-08-29
16238.0,AW00016238,Sione,Moore,S,M,2023-11-02
16239.0,AW00016239,Jessica,Anderson,S,F,2025-10-24
16240.0,AW00016240,Kimberly,Jackson,M,F,2024-05-24
16241.0,AW00016241,Mark,Patel,S,F,2026-04-10
16242.0,AW00016242,Donald,Walker,M,M,2026-02-06
16243.0,AW00016243,Robert,Phillips,M,M,2023-10-19
16244.0,AW00016244,Timothy,Garcia,M,F,2024-01-20
16245.0,AW00016245,Thomas,Kumar,M,F,2023-06-21
16246.0,AW00016246,Jennifer,Wright,M,M,2023-01-16
16247.0,AW00016247,Daniel,Nime,M,F,2023-10-15
16248.0,AW00016248,Linda,Young,M,M,2023-10-21
16249.0,AW00016249,James,Singh,S,F,2024-07-05
16250.0,AW00016250,Betty,Miller,M,F,2023-12-18
16251.0,AW00016251,Jennifer,Brown,S,M,2024-12-01
16252.0,AW00016252,Malia,Baker,M,M,2026-01-20
16253.0,AW00016253,Barbara,Lee,M,F,2024-03-30
16254.0,AW00016254,Aroha,Young,S,F,2023-11-29
16255.0,AW00016255,Rebecca,Lee,M,M,2025-08-16
16256.0,AW00016256,Baraa,White,S,M,2025-11-05
16257.0,AW00016257,Amanda,Martin,M,M,2024-10-17
16258.0,AW00016258,Melissa,Parker,S,M,2025-07-26
16259.0,AW00016259,Nancy,Parker,S,M,2024-08-13
16260.0,AW00016260,Elizabeth,Wilson,S,F,2026-03-17
16261.0,AW00016261,Patricia,Smith,S,F,2026-04-03
16262.0,AW00016262,Betty,Scott,S,M,2023-07-19
16263.0,AW00016263,Patricia,Davis,M,F,2023-01-31
16264.0,AW00016264,Daniel,Jones,S,F,2026-05-07
16265.0,AW00016265,Donald,Brown,M,M,2025-07-08
16266.0,AW00016266,Kenneth,Lopez,M,M,2023-07-27
16267.0,AW00016267,Kenneth,Singh,M,M,2026-02-10
16268.0,AW00016268,Joseph,Ngata,M,F,2024-07-10
16269.0,AW00016269,Sarah,Roberts,S,M,2025-02-28
16270.0,AW00016270,Baraa,King,M,F,2023-08-15
16271.0,AW00016271,Deborah,Lewis,S,M,2023-04-28
16272.0,AW00016272,Linda,Nelson,S,F,2026-05-11
16273.0,AW00016273,Timothy,Perez,S,M,2026-05-16
16274.0,AW00016274,Barbara,Thomas,M,F,2024-07-31
16275.0,AW00016275,John,Parker,S,M,2023-05-23
16276.0,AW00016276,Timothy,Patel,S,M,2023-10-25
16277.0,AW00016277,Baraa,Lewis,M,F,2024-04-22
16278.0,AW00016278,Charles,Baker,S,F,2024-08-10
16279.0,AW00016279,Paul,Perez,M,F,2023-11-05
16280.0,AW00016280,Stephanie,Nelson,M,F,2023-09-28
16281.0,AW00016281,Andrew,Adams,M,F,2025-01-19
16282.0,AW00016282,Daniel,Walker,S,M,2024-11-14
16283.0,AW00016283,Jennifer,Lewis,S,M,2024-07-24
16284.0,AW00016284,Sarah,Smith,S,M,2025-12-21
16285.0,AW00016285,Nancy,Baker,M,F,2024-03-08
16286.0,AW00016286,Baraa,Miller,M,F,2023-09-17
16287.0,AW00016287,Kimberly,Carter,M,F,2024-11-25
16288.0,AW00016288,Timothy,Jones,S,M,2023-08-31
16289.0,AW00016289,Joshua,Patel,M,M,2024-08-26
16290.0,AW00016290,Tane,Smith,S,F,2023-12-15
16291.0,AW00016291,Daniel,Thomas,S,M,2023-10-30
16292.0,AW00016292,Betty,Allen,M,M,2026-03-20
16293.0,AW00016293,Robert,Walker,M,F,2025-07-09
16294.0,AW00016294,Matthew,Toalii,S,M,2024-07-27
16295.0,AW00016295,Mark,Manu,M,F,2025-08-17
16296.0,AW00016296,Rebecca,Williams,M,M,2024-07-13
16297.0,AW00016297,Robert,Perez,S,F,2025-01-30
16298.0,AW00016298,Steven,Clark,S,M,2023-09-26
16299.0,AW00016299,Jessica,Jackson,M,F,2025-05-20
16300.0,AW00016300,Ashley,Taylor,S,F,2023-08-04
16301.0,AW00016301,Donald,Moore,M,M,2024-07-17
16302.0,AW00016302,Jennifer,Lee,M,F,2025-07-09
16303.0,AW00016303,Jason,Lopez,M,F,2025-01-15
16304.0,AW00016304,Linda,Phillips,M,F,2025-06-12
16305.0,AW00016305,Paul,Baker,S,M,2025-12-13
16306.0,AW00016306,Andrew,Taylor,M,M,2023-12-21
16307.0,AW00016307,Malia,Nelson,M,F,2023-09-16
16308.0,AW00016308,Barbara,Hall,S,F,2024-04-05
16309.0,AW00016309,Amanda,Toalii,S,F,2025-04-15
16310.0,AW00016310,Thomas,Allen,S,M,2025-11-18
16311.0,AW00016311,Tane,Lewis,M,F,2023-02-27
16312.0,AW00016312,David,Scott,M,F,2024-10-27
16313.0,AW00016313,Mary,Green,M,F,2023-06-18
16314.0,AW00016314,Sione,Patel,M,M,2025-05-28
16315.0,AW00016315,Daniel,Manu,S,F,2023-05-26
16316.0,AW00016316,Keziah,Brown,M,F,2025-12-27
16317.0,AW00016317,Tane,Adams,S,M,2024-07-08
16318.0,AW00016318,Linda,Brown,M,F,2025-11-12
16319.0,AW00016319,Barbara,Phillips,M,M,2024-05-26
16320.0,AW00016320,Lisa,Garcia,M,F,2025-11-23
16321.0,AW00016321,Deborah,Manu,M,M,2025-03-21
16322.0,AW00016322,Jessica,Toalii,S,F,2024-12-25
16323.0,AW00016323,David,Wright,M,F,2023-03-13
16324.0,AW00016324,William,Jones,S,M,2026-03-12
16325.0,AW00016325,James,Adams,M,F,2026-01-02
16326.0,AW00016326,Betty,Williams,S,F,2023-08-13
16327.0,AW00016327,Brian,Perez,S,F,2025-05-04
16328.0,AW00016328,Linda,Lopez,M,F,2024-03-23
16329.0,AW00016329,Malia,Scott,M,M,2023-06-03
16330.0,AW00016330,Joshua,Johnson,M,F,2025-11-14
16331.0,AW00016331,Thomas,Campbell,S,F,2023-03-18
16332.0,AW00016332,Melissa,Lee,M,F,2024-12-26
16333.0,AW00016333,Stephanie,Hall,S,F,2026-02-28
16334.0,AW00016334,Michael,King,M,M,2024-12-31
16335.0,AW00016335,Donald,Nelson,M,F,2025-03-14
16336.0,AW00016336,Aroha,Allen,S,M,2024-07-08
16337.0,AW00016337,Joseph,Roberts,S,F,2025-08-10
16338.0,AW00016338,Steven,Johnson,S,F,2023-08-31
16339.0,AW00016339,Jason,Toalii,S,M,2025-11-12
16340.0,AW00016340,Deborah,Phillips,S,F,2024-12-01
16341.0,AW00016341,Michael,Clark,M,F,2025-06-17
16342.0,AW00016342,Charles,Perez,M,F,2024-02-28
16343.0,AW00016343,Amanda,Martin,S,F,2024-09-26
16344.0,AW00016344,Thomas,Patel,M,F,2024-08-31
16345.0,AW00016345,Timothy,Johnson,S,F,2023-04-06
16346.0,AW00016346,Barbara,Jones,S,F,2024-09-17
16347.0,AW00016347,Tane,Moore,S,M,2023-02-08
16348.0,AW00016348,Linda,Moore,S,M,2023-05-27
16349.0,AW00016349,Charles,Campbell,S,F,2023-04-05
16350.0,AW00016350,Mere,Walker,S,F,2026-03-10
16351.0,AW00016351,Mary,Turner,S,F,2025-07-17
16352.0,AW00016352,David,Williams,S,F,2023-05-10
16353.0,AW00016353,Robert,Baker,M,M,2026-01-21
16354.0,AW00016354,Kenneth,Patel,M,F,2023-01-24
16355.0,AW00016355,David,Walker,S,M,2023-02-02
16356.0,AW00016356,John,Lee,M,F,2024-01-11
16357.0,AW00016357,Timothy,Ngata,S,M,2024-11-14
16358.0,AW00016358,Patricia,Kumar,M,M,2025-11-25
16359.0,AW00016359,Ronald,Garcia,M,F,2023-01-22
16360.0,AW00016360,William,Jones,M,F,2026-05-30
16361.0,AW00016361,Amanda,Roberts,S,F,2025-03-14
16362.0,AW00016362,Ronald,Moore,M,F,2025-06-14
16363.0,AW00016363,Paul,Anderson,S,F,2026-02-12
16364.0,AW00016364,Jessica,Lee,S,F,2024-06-15
16365.0,AW00016365,Deborah,Davis,M,F,2024-08-12
16366.0,AW00016366,Thomas,Johnson,M,M,2026-03-17
16367.0,AW00016367,Paul,Manu,M,M,2025-07-25
16368.0,AW00016368,Mark,Wilson,M,F,2025-12-19
16369.0,AW00016369,Richard,Lopez,M,F,2025-12-09
16370.0,AW00016370,Melissa,Scott,S,M,2025-07-10
16371.0,AW00016371,Sione,Lee,S,M,2026-04-22
16372.0,AW00016372,Melissa,Smith,S,F,2026-04-09
16373.0,AW00016373,Lisa,Young,S,F,2024-11-15
16374.0,AW00016374,Daniel,,S,F,2025-11-22
16375.0,AW00016375,Malia,Lee,S,F,2023-05-23
16376.0,AW00016376,Donald,Parker,M,F,2024-07-29
16377.0,AW00016377,Baraa,Mitchell,S,M,2023-01-18
16378.0,AW00016378,Melissa,Nime,M,F,2024-08-02
16379.0,AW00016379,Rebecca,Nime,M,F,2024-11-01
16380.0,AW00016380,Amanda,Campbell,M,F,2025-12-24
16381.0,AW00016381,Kimberly,Brown,M,F,2026-03-08
16382.0,AW00016382,Stephanie,Toalii,M,M,2024-02-05
16383.0,AW00016383,Daniel,White,M,M,2023-05-23
16384.0,AW00016384,Thomas,Jones,S,M,2025-07-22
16385.0,AW00016385,Richard,Campbell,M,M,2024-01-01
16386.0,AW00016386,Brian,Williams,S,F,2025-05-03
16387.0,AW00016387,Ashley,Kumar,M,M,2026-03-25
16388.0,AW00016388,Aroha,Wilson,M,M,2024-04-19
16389.0,AW00016389,Aroha,Allen,S,F,2024-12-09
16390.0,AW00016390,Barbara,Garcia,S,M,2023-12-04
16391.0,AW00016391,Kenneth,Miller,S,F,2023-03-30
16392.0,AW00016392,Deborah,Turner,M,F,2023-08-24
16393.0,AW00016393,Daniel,Smith,M,F,2023-05-19
16394.0,AW00016394,Charles,Anderson,M,M,2026-05-09
16395.0,AW00016395,John,Lee,S,M,2024-12-08
16396.0,AW00016396,Deborah,Lopez,M,F,2024-12-20
16397.0,AW00016397,George,Garcia,S,M,2024-05-16
16398.0,AW00016398,David,Moore,S,F,2023-01-03
16399.0,AW00016399,Peter,King,S,F,2024-10-03
16400.0,AW00016400,Daniel,Manu,S,M,2025-04-16
16401.0,AW00016401,Ronald,Garcia,S,F,2023-05-09
16402.0,AW00016402,Barbara,Wright,M,F,2025-10-08
16403.0,AW00016403,Michael,Baker,M,F,2024-09-19
16404.0,AW00016404,Stephanie,Wilson,M,F,2025-02-05
16405.0,AW00016405,Jennifer,Scott,S,M,2026-05-08
16406.0,AW00016406,Stephanie,Mitchell,M,M,2026-03-02
16407.0,AW00016407,Linda,Toalii,S,F,2024-09-11
16408.0,AW00016408,Keziah,Adams,S,M,2024-02-03
16409.0,AW00016409,Stephanie,Adams,M,F,2024-07-01
16410.0,AW00016410,Timothy,Thomas,S,M,2023-12-08
16411.0,AW00016411,Betty,Smith,S,M,2025-08-05
16412.0,AW00016412,Michelle,Singh,M,F,2025-03-25
16413.0,AW00016413,Baraa,Nelson,M,F,2026-03-17
16414.0,AW00016414,Donald,Manu,M,M,2024-06-22
16415.0,AW00016415,Deborah,Roberts,M,M,2025-11-27
16416.0,AW00016416,Richard,Thompson,M,F,2023-05-28
16417.0,AW00016417,Aroha,Nime,M,M,2025-02-21
16418.0,AW00016418,Tane,Wilson,M,M,2023-04-28
16419.0,AW00016419,Betty,Lee,M,F,2024-12-14
16420.0,AW00016420,Betty,Perez,S,F,2026-05-30
16421.0,AW00016421,Lisa,Martin,S,M,2023-04-14
16422.0,AW00016422,Sarah,Hall,M,M,2025-11-24
16423.0,AW00016423,James,Wright,M,F,2024-05-02
16424.0,AW00016424,Stephanie,Davis,M,F,2026-05-29
16425.0,AW00016425,Stephanie,Miller,M,F,2024-03-17
16426.0,AW00016426,Amanda,Young,M,F,2023-10-18
16427.0,AW00016427,,Kumar,M,M,2025-07-14
16428.0,AW00016428,Emily,Ngata,S,M,2025-11-19
16429.0,AW00016429,Robert,Nime,S,F,2026-04-28
16430.0,AW00016430,Robert,Davis,M,F,2023-08-01
16431.0,AW00016431,Sarah,Green,M,F,2023-05-23
16432.0,AW00016432,Richard,Jackson,S,M,2023-09-13
16433.0,AW00016433,Paul,Jackson,S,F,2026-03-15
16434.0,AW00016434,Betty,Toalii,S,M,2025-04-01
16435.0,AW00016435,Rebecca,Carter,S,F,2026-03-25
16436.0,AW00016436,Nancy,Baker,S,M,2025-09-09
16437.0,AW00016437,Barbara,Ngata,S,F,2024-12-26
16438.0,AW00016438,Mark,Garcia,M,F,2024-04-24
16439.0,AW00016439,Sione,Turner,M,F,2023-05-07
16440.0,AW00016440,Emily,Davis,S,F,2024-08-26
16441.0,AW00016441,Charles,Mitchell,M,M,2024-04-18
16442.0,AW00016442,Jennifer,Thompson,M,F,2023-01-27
16443.0,AW00016443,Donna,Carter,S,M,2024-02-01
16444.0,AW00016444,Stephanie,Baker,M,F,2026-03-11
16445.0,AW00016445,Stephanie,Roberts,S,M,2023-12-02
16446.0,AW00016446,Sandra,Thompson,S,F,2025-12-10
16447.0,AW00016447,Ronald,Moore,S,F,2024-12-23
16448.0,AW00016448,Mary,Taylor,M,F,2025-09-17
16449.0,AW00016449,Daniel,Scott,M,F,2023-12-29
16450.0,AW00016450,Richard,Carter,M,M,2023-07-11
16451.0,AW00016451,Carol,Adams,M,F,2024-10-04
16452.0,AW00016452,Robert,Kumar,M,M,2025-06-20
16453.0,AW00016453,Aroha,Wright,S,F,2025-05-08
16454.0,AW00016454,Robert,Martin,M,M,2026-03-28
16455.0,AW00016455,Carol,Green,M,F,2024-04-14
16456.0,AW00016456,James,Baker,S,M,2025-11-23
16457.0,AW00016457,Baraa,Thompson,M,M,2024-12-02
16458.0,AW00016458,Lisa,Brown,S,F,2024-05-06
16459.0,AW00016459,Donna,King,M,F,2023-06-29
16460.0,AW00016460,Jason,Williams,S,F,2023-09-18
16461.0,AW00016461,Sarah,Moore,S,M,2023-08-24
16462.0,AW00016462,Emily,King,S,M,2025-09-03
16463.0,AW00016463,Rebecca,Ngata,M,F,2023-01-11
16464.0,AW00016464,Jennifer,Davis,S,F,2024-02-08
16465.0,AW00016465,Jessica,Adams,M,M,2025-01-05
16466.0,AW00016466,Mark,Turner,M,F,2024-11-11
16467.0,AW00016467,Melissa,Wilson,S,F,2025-08-03
16468.0,AW00016468,Jason,Mitchell,S,M,2025-11-30
16469.0,AW00016469,Amanda,Wright,S,F,2023-10-28
16470.0,AW00016470,Michelle,Smith,S,M,2023-04-24
16471.0,AW00016471,Sione,Patel,M,M,2023-07-01
16472.0,AW00016472,Matthew,Clark,S,F,2025-09-27
16473.0,AW00016473,Mark,Green,S,M,2024-09-07
16474.0,AW00016474,Rebecca,Baker,M,F,2023-04-13
16475.0,AW00016475,Daniel,Thompson,M,M,2025-01-02
16476.0,AW00016476,Malia,Wilson,M,F,2024-11-17
16477.0,AW00016477,Mark,Nelson,M,F,2026-03-12
16478.0,AW00016478,Nancy,Manu,M,M,2024-08-15
16479.0,AW00016479,Mark,Hall,S,M,2024-03-28
16480.0,AW00016480,Betty,Thomas,S,M,2023-01-24
16481.0,AW00016481,Betty,Mitchell,M,F,2025-05-01
16482.0,AW00016482,Jessica,Nime,M,M,2024-09-28
16483.0,AW00016483,Richard,Kumar,S,F,2024-08-07
16484.0,AW00016484,Robert,Mitchell,M,M,2026-03-01
16485.0,AW00016485,Timothy,Anderson,S,F,2024-11-27
16486.0,AW00016486,Donna,Smith,M,M,2025-01-19
16487.0,AW00016487,James,Phillips,S,M,2023-01-20
16488.0,AW00016488,David,Hall,S,M,2025-09-17
16489.0,AW00016489,Nancy,Brown,M,F,2026-03-23
16490.0,AW00016490,Thomas,Parker,S,F,2025-09-11
16491.0,AW00016491,Susan,Baker,M,F,2024-04-21
16492.0,AW00016492,Ashley,Clark,S,F,2023-08-04
16493.0,AW00016493,Susan,Phillips,S,F,2026-04-28
16494.0,AW00016494,Michael,Parker,S,M,2024-02-24
16495.0,AW00016495,Aroha,Ngata,S,F,2024-02-21
16496.0,AW00016496,Betty,Smith,S,M,2025-03-11
16497.0,AW00016497,Donald,Walker,S,M,2024-11-12
16498.0,AW00016498,Mark,Carter,S,M,2024-06-29
16499.0,AW00016499,Carol,Williams,S,F,2023-06-11
16500.0,AW00016500,Paul,Turner,S,M,2026-01-15
16501.0,AW00016501,Ashley,Roberts,M,F,2023-10-01
16502.0,AW00016502,Daniel,Nime,S,M,2026-01-10
16503.0,AW00016503,Linda,Adams,S,M,2026-01-16
16504.0,AW00016504,Stephanie,Brown,M,M,2025-01-30
16505.0,AW00016505,Melissa,Nime,S,M,2025-12-18
16506.0,AW00016506,Deborah,Baker,M,F,2023-02-27
16507.0,AW00016507,Rebecca,Campbell,S,F,2025-07-24
16508.0,AW00016508,Jason,Jones,S,F,2023-05-03
16509.0,AW00016509,Karen,Campbell,S,M,2026-02-01
16510.0,AW00016510,Ronald,Garcia,M,M,2023-10-20
16511.0,AW00016511,Betty,Nime,S,F,2025-02-14
16512.0,AW00016512,Thomas,Hall,M,F,2025-09-29
16513.0,AW00016513,Betty,Mitchell,M,M,2023-03-12
16514.0,AW00016514,Mary,Roberts,S,M,2025-10-07
16515.0,AW00016515,Timothy,Martin,S,F,2023-02-13
16516.0,AW00016516,Sione,White,M,M,2025-05-29
16517.0,AW00016517,Betty,Hall,S,F,2023-07-25
16518.0,AW00016518,Barbara,Thomas,M,F,2026-04-17
16519.0,AW00016519,Daniel,White,S,M,2025-12-23
16520.0,AW00016520,Deborah,Lewis,S,M,2025-09-23
16521.0,AW00016521,George,Lopez,M,M,2024-01-06
16522.0,AW00016522,John,Wright,M,M,2024-06-22
16523.0,AW00016523,Robert,Baker,S,F,2023-11-27
16524.0,AW00016524,Sarah,Ngata,M,M,2025-04-19
16525.0,AW00016525,Andrew,Nelson,S,M,2023-05-29
16526.0,AW00016526,Barbara,Walker,S,F,2025-05-22
16527.0,AW00016527,Jason,Anderson,S,M,2023-08-06
16528.0,AW00016528,Paul,Garcia,M,M,2024-12-20
16529.0,AW00016529,Patricia,Smith,M,F,2024-10-27
16530.0,AW00016530,John,Mitchell,S,F,2025-10-20
16531.0,AW00016531,George,Thomas,S,F,2023-09-25
16532.0,AW00016532,Ashley,Miller,S,M,2026-01-19
16533.0,AW00016533,Stephanie,Phillips,S,F,2023-09-08
16534.0,AW00016534,Charles,Miller,M,M,2023-08-07
16535.0,AW00016535,Matthew,Lee,S,M,2025-06-18
16536.0,AW00016536,Karen,Martin,M,F,2023-12-15
16537.0,AW00016537,Sandra,Patel,M,F,2024-08-22
16538.0,AW00016538,Kenneth,Perez,S,F,2025-11-21
16539.0,AW00016539,Betty,Toalii,M,M,2023-03-20
16540.0,AW00016540,Betty,Johnson,S,F,2025-08-07
16541.0,AW00016541,Barbara,Thomas,M,M,2025-12-03
16542.0,AW00016542,Sandra,Johnson,M,M,2025-11-22
16543.0,AW00016543,Charles,Perez,M,F,2025-07-30
16544.0,AW00016544,Andrew,Parker,S,F,2026-03-18
16545.0,AW00016545,Joshua,Wright,S,F,2024-02-01
16546.0,AW00016546,Brian,Adams,M,M,2026-01-11
16547.0,AW00016547,Steven,Davis,S,M,2023-03-22
16548.0,AW00016548,Richard,Parker,M,M,2025-10-29
16549.0,AW00016549,Amanda,Miller,S,M,2023-12-06
16550.0,AW00016550,James,Kumar,M,F,2024-07-19
16551.0,AW00016551,Michael,Phillips,M,M,2025-03-24
16552.0,AW00016552,Barbara,Miller,M,M,2024-08-20
16553.0,AW00016553,Susan,Wright,S,F,2023-06-25
16554.0,AW00016554,Jason,Brown,M,F,2024-02-04
16555.0,AW00016555,John,Phillips,M,F,2023-08-07
16556.0,AW00016556,Baraa,Davis,S,M,2025-12-18
16557.0,AW00016557,Deborah,Wilson,M,M,2024-10-26
16558.0,AW00016558,Carol,Young,M,F,2023-08-20
16559.0,AW00016559,Melissa,Roberts,S,F,2024-03-01
16560.0,AW00016560,Peter,Turner,S,F,2023-12-01
16561.0,AW00016561,Joshua,Green,M,M,2023-08-03
16562.0,AW00016562,Lisa,Walker,S,M,2025-08-12
16563.0,AW00016563,Brian,Thompson,S,F,2025-04-19
16564.0,AW00016564,Aroha,Phillips,S,F,2025-07-09
16565.0,AW00016565,Betty,Kumar,S,F,2024-02-05
16566.0,AW00016566,Anthony,Patel,S,M,2024-08-26
16567.0,AW00016567,David,Lewis,M,F,2023-09-19
16568.0,AW00016568,Betty,Martin,S,F,2023-02-19
16569.0,AW00016569,Joshua,Wilson,S,F,2025-06-29
16570.0,AW00016570,Steven,Taylor,M,M,2025-12-13
16571.0,AW00016571,Kenneth,Adams,S,F,2024-10-09
16572.0,AW00016572,Nancy,Johnson,S,F,2024-07-14
16573.0,AW00016573,Sione,Kumar,M,M,2025-11-14
16574.0,AW00016574,Matthew,Roberts,M,F,2023-08-23
16575.0,AW00016575,Susan,Scott,S,F,2023-09-18
16576.0,AW00016576,Timothy,Hall,M,F,2023-11-18
16577.0,AW00016577,Anthony,Carter,M,F,2025-07-19
16578.0,AW00016578,Rebecca,Taylor,S,M,2024-01-28
16579.0,AW00016579,Mary,Baker,M,F,2026-01-06
16580.0,AW00016580,Mark,Garcia,S,F,2026-05-17
16581.0,AW00016581,Sarah,Kumar,M,F,2024-07-26
16582.0,AW00016582,Joshua,Martin,M,M,2023-04-08
16583.0,AW00016583,Betty,Manu,S,F,2026-01-26
16584.0,AW00016584,Amanda,Thompson,S,F,2023-05-03
16585.0,AW00016585,William,Wright,S,M,2025-05-30
16586.0,AW00016586,Malia,Adams,S,M,2023-12-13
16587.0,AW00016587,Linda,Scott,S,F,2026-02-27
16588.0,AW00016588,Rebecca,Phillips,S,F,2025-03-08
16589.0,AW00016589,Joshua,Allen,M,F,2024-10-15
16590.0,AW00016590,Steven,Davis,M,M,2024-04-26
16591.0,AW00016591,Sandra,Phillips,S,M,2025-12-08
16592.0,AW00016592,Matthew,Clark,M,M,2023-11-29
16593.0,AW00016593,Ronald,Parker,M,M,2023-01-01
16594.0,AW00016594,Sione,Davis,S,M,2025-09-17
16595.0,AW00016595,Paul,Turner,S,M,2025-11-07
16596.0,AW00016596,Emily,Turner,M,F,2023-04-07
16597.0,AW00016597,Betty,Parker,S,F,2024-11-19
16598.0,AW00016598,George,Wright,S,F,2025-12-23
16599.0,AW00016599,Mary,Ngata,M,M,2023-10-15
16600.0,AW00016600,Deborah,Lee,M,M,2025-10-30
16601.0,AW00016601,Donna,Nime,M,F,2025-11-03
16602.0,AW00016602,Linda,Mitchell,M,F,2025-12-14
16603.0,AW00016603,Ronald,Davis,S,M,2026-04-29
16604.0,AW00016604,Sione,Parker,S,M,2023-03-30
16605.0,AW00016605,Mere,Davis,M,M,2024-08-18
16606.0,AW00016606,David,Nime,S,M,2023-08-30
16607.0,AW00016607,Matthew,Lewis,S,F,2023-06-28
16608.0,AW00016608,Tane,Campbell,M,M,2024-03-10
16609.0,AW00016609,Linda,Nelson,M,F,2024-05-22
16610.0,AW00016610,Brian,Nelson,S,M,2025-04-05
16611.0,AW00016611,Deborah,Carter,S,F,2023-12-18
16612.0,AW00016612,Jennifer,Garcia,M,F,2024-10-24
16613.0,AW00016613,Susan,Kumar,S,M,2024-03-26
16614.0,AW00016614,Joseph,White,S,M,2024-12-26
16615.0,AW00016615,Carol,King,M,F,2023-03-29
16616.0,AW00016616,Emily,Allen,S,F,2023-05-31
16617.0,AW00016617,Michelle,Roberts,S,M,2023-03-15
16618.0,AW00016618,Kimberly,Parker,S,M,2025-08-22
16619.0,AW00016619,Steven,Baker,M,F,2024-06-01
16620.0,AW00016620,Barbara,Martin,S,F,2025-11-17
16621.0,AW00016621,Jason,Baker,M,M,2025-12-06
16622.0,AW00016622,Kimberly,Hall,S,M,2023-04-04
16623.0,AW00016623,Patricia,Williams,S,F,2024-03-16
16624.0,AW00016624,Joshua,Baker,M,F,2024-09-25
16625.0,AW00016625,Tane,Johnson,S,F,2023-02-07
16626.0,AW00016626,Malia,Smith,S,M,2024-02-16
16627.0,AW00016627,Mere,Adams,S,M,2024-02-17
16628.0,AW00016628,Thomas,Manu,M,F,2023-05-28
16629.0,AW00016629,John,Mitchell,M,M,2025-08-28
16630.0,AW00016630,Anthony,Thomas,S,F,2025-07-08
16631.0,AW00016631,Donna,Mitchell,S,M,2023-02-03
16632.0,AW00016632,Karen,Davis,M,M,2024-12-06
16633.0,AW00016633,Patricia,Phillips,S,M,2023-10-03
16634.0,AW00016634,Tane,Kumar,S,M,2023-02-12
16635.0,AW00016635,Betty,Nelson,M,M,2023-12-04
16636.0,AW00016636,Melissa,Walker,S,M,2025-11-09
16637.0,AW00016637,John,Campbell,S,M,2025-06-11
16638.0,AW00016638,Sione,Phillips,M,M,2026-02-22
16639.0,AW00016639,Lisa,Wilson,M,M,2025-07-06
16640.0,AW00016640,Steven,Nime,S,F,2023-12-07
16641.0,AW00016641,Melissa,Moore,S,F,2025-02-05
16642.0,AW00016642,Richard,Kumar,S,F,2025-12-03
16643.0,AW00016643,Baraa,Smith,M,F,2024-10-18
16644.0,AW00016644,Sandra,White,S,F,2024-06-16
16645.0,AW00016645,Jessica,Wright,M,M,2024-07-04
16646.0,AW00016646,Matthew,Walker,M,F,2023-10-17
16647.0,AW00016647,Mark,Perez,S,M,2026-02-09
16648.0,AW00016648,Jennifer,Carter,M,M,2025-01-06
16649.0,AW00016649,Baraa,Scott,S,F,2023-12-21
16650.0,AW00016650,Aroha,Martin,M,M,2024-12-05
16651.0,AW00016651,Kenneth,Turner,M,M,2023-04-25
16652.0,AW00016652,Jason,Thompson,M,M,2023-12-15
16653.0,AW00016653,Melissa,Garcia,S,F,2024-04-03
16654.0,AW00016654,Robert,Thomas,S,F,2025-07-08
16655.0,AW00016655,Sandra,Clark,S,F,2025-04-18
16656.0,AW00016656,Elizabeth,Perez,M,F,2024-07-15
16657.0,AW00016657,Amanda,Green,M,F,2024-01-04
16658.0,AW00016658,Andrew,Singh,S,F,2024-07-11
16659.0,AW00016659,Richard,Johnson,S,F,2026-04-07
16660.0,AW00016660,Rebecca,Manu,M,M,2025-12-02
16661.0,AW00016661,Anthony,Parker,S,M,2025-01-05
16662.0,AW00016662,James,Adams,M,F,2024-02-04
16663.0,AW00016663,Robert,Thomas,S,F,2024-09-06
16664.0,AW00016664,Betty,Williams,S,M,2023-08-05
16665.0,AW00016665,Keziah,King,M,F,2024-01-31
16666.0,AW00016666,Daniel,Mitchell,M,F,2024-06-22
16667.0,AW00016667,Linda,Perez,S,M,2023-05-29
16668.0,AW00016668,Michael,Jones,M,F,2026-02-18
16669.0,AW00016669,Sandra,Singh,S,M,2026-02-11
16670.0,AW00016670,Paul,Lee,M,M,2023-04-12
16671.0,AW00016671,Rebecca,Baker,S,F,2026-03-18
16672.0,AW00016672,James,Campbell,S,M,2023-07-07
16673.0,AW00016673,Ronald,Carter,S,M,2025-06-20
16674.0,AW00016674,Joseph,Lee,S,M,2023-08-31
16675.0,AW00016675,Michael,Moore,S,M,2026-01-09
16676.0,AW00016676,Thomas,Miller,M,M,2024-07-18
16677.0,AW00016677,Jennifer,Toalii,M,F,2023-10-31
16678.0,AW00016678,Tane,Thomas,M,M,2025-12-21
16679.0,AW00016679,Malia,King,M,F,2024-04-25
16680.0,AW00016680,Baraa,Lee,S,M,2024-04-09
16681.0,AW00016681,Jessica,Adams,M,M,2025-08-25
16682.0,AW00016682,Amanda,Thompson,M,M,2024-12-31
16683.0,AW00016683,Aroha,Roberts,M,M,2023-12-02
16684.0,AW00016684,Ashley,Patel,M,F,2025-06-09
16685.0,AW00016685,Lisa,Scott,M,M,2024-07-07
16686.0,AW00016686,Jason,Mitchell,M,F,2025-08-18
16687.0,AW00016687,Amanda,Carter,M,M,2023-01-04
16688.0,AW00016688,Michelle,Smith,M,M,2026-05-18
16689.0,AW00016689,Elizabeth,Roberts,M,F,2023-08-15
16690.0,AW00016690,Sandra,Miller,S,F,2025-08-01
16691.0,AW00016691,Linda,Wilson,M,F,2025-10-13
16692.0,AW00016692,Amanda,Wright,S,F,2025-10-13
16693.0,AW00016693,Ronald,Patel,M,F,2026-05-19
16694.0,AW00016694,Elizabeth,Garcia,S,M,2023-03-13
16695.0,AW00016695,Sandra,Mitchell,S,M,2025-05-12
16696.0,AW00016696,Thomas,Singh,S,F,2025-08-29
16697.0,AW00016697,Patricia,Smith,M,F,2025-06-21
16698.0,AW00016698,Thomas,Baker,S,F,2025-01-30
16699.0,AW00016699,Robert,Turner,M,M,2024-03-27
16700.0,AW00016700,Donald,Williams,M,F,2023-07-09
16701.0,AW00016701,Michelle,Williams,M,M,2023-05-26
16702.0,AW00016702,Donna,Green,M,F,2023-02-04
16703.0,AW00016703,David,Green,S,F,2023-07-28
16704.0,AW00016704,George,Clark,M,F,2024-05-26
16705.0,AW00016705,Mere,Mitchell,S,M,2025-04-11
16706.0,AW00016706,Mary,Hall,S,M,2023-08-13
16707.0,AW00016707,Brian,Miller,S,M,2024-05-01
16708.0,AW00016708,Sandra,Toalii,S,M,2023-10-08
16709.0,AW00016709,Richard,Williams,M,M,2024-05-26
16710.0,AW00016710,Jessica,Jones,M,F,2023-06-09
16711.0,AW00016711,Michael,Green,M,F,2023-03-05
16712.0,AW00016712,Nancy,Patel,M,F,2026-01-25
16713.0,AW00016713,George,Lewis,M,F,2023-12-03
16714.0,AW00016714,Patricia,Miller,S,F,2024-08-24
16715.0,AW00016715,Mark,Scott,M,F,2023-03-09
16716.0,AW00016716,Brian,Baker,S,M,2023-11-12
16717.0,AW00016717,Sione,Young,S,F,2023-01-14
16718.0,AW00016718,Steven,Singh,S,F,2025-10-15
16719.0,AW00016719,Carol,Roberts,S,M,2024-04-28
16720.0,AW00016720,David,Thompson,M,F,2025-11-15
16721.0,AW00016721,Mark,Lee,S,F,2023-03-26
16722.0,AW00016722,Sarah,Wilson,M,F,2025-03-07
16723.0,AW00016723,Malia,Young,M,F,2025-05-02
16724.0,AW00016724,David,Parker,S,M,2023-04-27
16725.0,AW00016725,James,Kumar,S,F,2023-06-28
16726.0,AW00016726,Melissa,Manu,S,M,2023-02-19
16727.0,AW00016727,Donald,Smith,S,F,2024-01-26
16728.0,AW00016728,Jennifer,Thompson,S,M,2023-09-16
16729.0,AW00016729,Barbara,Allen,S,F,2023-04-12
16730.0,AW00016730,John,Turner,,M,2023-05-28
16731.0,AW00016731,Michael,Garcia,S,F,2025-08-05
16732.0,AW00016732,Richard,Jones,M,F,2024-02-25
16733.0,AW00016733,Baraa,Brown,M,F,2024-08-12
16734.0,AW00016734,Brian,Garcia,M,F,2025-02-22
16735.0,AW00016735,Sione,Lopez,S,F,2026-04-04
16736.0,AW00016736,Emily,Garcia,M,M,2023-03-16
16737.0,AW00016737,Ashley,Lewis,S,F,2024-07-02
16738.0,AW00016738,Tane,Taylor,M,F,2024-06-11
16739.0,AW00016739,Linda,Smith,M,M,2024-10-29
16740.0,AW00016740,Rebecca,Jackson,S,F,2023-03-07
16741.0,AW00016741,David,Carter,S,F,2026-01-14
16742.0,AW00016742,Mere,Carter,M,M,2024-11-24
16743.0,AW00016743,Peter,Anderson,S,M,2024-01-13
16744.0,AW00016744,Donald,Turner,S,M,2025-09-30
16745.0,AW00016745,Mary,Taylor,M,F,2024-01-28
16746.0,AW00016746,Emily,Wright,S,M,2023-08-05
16747.0,AW00016747,Joseph,Walker,S,M,2025-07-08
16748.0,AW00016748,Michelle,Green,M,F,2025-01-19
16749.0,AW00016749,Ashley,Davis,S,F,2023-07-06
16750.0,AW00016750,Ronald,King,M,F,2025-05-24
16751.0,AW00016751,Linda,Anderson,S,M,2023-02-16
16752.0,AW00016752,Deborah,Jones,M,F,2025-09-23
16753.0,AW00016753,Brian,Martin,M,M,2025-03-20
16754.0,AW00016754,Nancy,Smith,M,M,2025-05-12
16755.0,AW00016755,Sione,White,M,F,2024-06-09
16756.0,AW00016756,Richard,Lee,M,F,2026-04-08
16757.0,AW00016757,Jason,Brown,S,F,2025-04-25
16758.0,AW00016758,Stephanie,Lee,M,M,2026-03-21
16759.0,AW00016759,Sione,Carter,M,M,2025-03-06
16760.0,AW00016760,Karen,Roberts,S,M,2023-05-30
16761.0,AW00016761,Paul,Nime,M,M,2024-06-19
16762.0,AW00016762,Donald,Green,M,F,2024-05-03
16763.0,AW00016763,Michael,Lee,S,M,2023-12-28
16764.0,AW00016764,Richard,King,M,M,2023-11-10
16765.0,AW00016765,Karen,Campbell,S,F,2023-10-11
16766.0,AW00016766,Baraa,Scott,M,F,2024-01-23
16767.0,AW00016767,Brian,Miller,M,M,2025-07-10
16768.0,AW00016768,Robert,Smith,M,F,2024-05-02
16769.0,AW00016769,Timothy,Toalii,S,M,2023-05-29
16770.0,AW00016770,Andrew,Lewis,S,F,2025-08-09
16771.0,AW00016771,Rebecca,Phillips,S,F,2025-07-23
16772.0,AW00016772,Richard,Parker,M,F,2025-03-29
16773.0,AW00016773,Joshua,Jones,S,F,2024-08-18
16774.0,AW00016774,Ashley,Thomas,S,F,2024-02-21
16775.0,AW00016775,Matthew,Thompson,M,M,2025-08-26
16776.0,AW00016776,Amanda,Nelson,S,F,2025-06-13
16777.0,AW00016777,Ashley,Wright,M,F,2025-03-06
16778.0,AW00016778,Brian,Adams,S,M,2023-08-27
16779.0,AW00016779,Jennifer,Adams,M,M,2023-04-01
16780.0,AW00016780,Susan,Wilson,S,F,2024-05-04
16781.0,AW00016781,Deborah,Nelson,M,M,2024-08-30
16782.0,AW00016782,Charles,Manu,S,F,2025-03-25
16783.0,AW00016783,Carol,Williams,M,M,2024-05-22
16784.0,AW00016784,Jason,Lewis,S,M,2024-07-23
16785.0,AW00016785,Lisa,Baker,M,M,2025-04-18
16786.0,AW00016786,Matthew,Mitchell,S,F,2025-05-29
16787.0,AW00016787,Elizabeth,Kumar,M,F,2023-07-11
16788.0,AW00016788,Elizabeth,Scott,M,F,2024-04-18
16789.0,AW00016789,Jason,Hall,M,F,2024-12-13
16790.0,AW00016790,Malia,Walker,S,M,2026-01-15
16791.0,AW00016791,Malia,Ngata,S,M,2023-01-28
16792.0,AW00016792,Lisa,Anderson,M,M,2024-02-07
16793.0,AW00016793,Keziah,Smith,S,M,2025-10-17
16794.0,AW00016794,Kimberly,Lewis,M,M,2025-10-15
16795.0,AW00016795,Sandra,Lopez,S,F,2024-10-27
16796.0,AW00016796,Timothy,Roberts,S,F,2024-03-24
16797.0,AW00016797,Mere,Martin,S,M,2024-05-03
16798.0,AW00016798,Ronald,Baker,S,M,2026-05-24
16799.0,AW00016799,Daniel,Clark,M,M,2023-06-24
16800.0,AW00016800,James,King,M,F,2025-08-13
16801.0,AW00016801,Tane,Campbell,M,M,2023-02-02
16802.0,AW00016802,Jason,Manu,M,F,2024-03-11
16803.0,AW00016803,Robert,Patel,S,F,2026-02-18
16804.0,AW00016804,Sione,Williams,S,M,2025-04-28
16805.0,AW00016805,Stephanie,Scott,M,M,2023-06-03
16806.0,AW00016806,Ashley,Clark,S,F,2025-03-10
16807.0,AW00016807,Sarah,Nelson,S,F,2025-10-01
16808.0,AW00016808,Sarah,Wright,S,M,2025-12-20
16809.0,AW00016809,Kenneth,White,S,M,2023-06-19
16810.0,AW00016810,Michael,Brown,S,F,2025-06-28
16811.0,AW00016811,Charles,Allen,S,M,2025-04-18
16812.0,AW00016812,David,Parker,M,M,2025-04-21
16813.0,AW00016813,Aroha,Smith,M,F,2024-06-10
16814.0,AW00016814,Barbara,Nime,S,M,2025-08-17
16815.0,AW00016815,Joseph,Ngata,S,M,2023-08-01
16816.0,AW00016816,Brian,Lee,M,M,2024-10-07
16817.0,AW00016817,Sarah,White,M,F,2025-08-31
16818.0,AW00016818,Ashley,Smith,S,F,2023-05-23
16819.0,AW00016819,Jennifer,Ngata,S,F,2024-06-13
16820.0,AW00016820,Tane,Roberts,M,M,2026-05-01
16821.0,AW00016821,Michelle,Thompson,S,F,2026-05-01
16822.0,AW00016822,Timothy,Moore,S,M,2024-04-07
16823.0,AW00016823,Aroha,Young,S,M,2023-08-16
16824.0,AW00016824,Patricia,Phillips,M,F,2024-01-19
16825.0,AW00016825,Nancy,Anderson,S,M,2026-05-07
16826.0,AW00016826,Ashley,Jones,S,F,2024-11-01
16827.0,AW00016827,Baraa,Walker,S,F,2025-12-03
16828.0,AW00016828,Thomas,Patel,S,F,2023-09-11
16829.0,AW00016829,Linda,Wilson,M,M,2023-12-03
16830.0,AW00016830,Rebecca,Wright,S,F,2023-10-04
16831.0,AW00016831,Donald,Williams,M,M,2026-05-02
16832.0,AW00016832,Carol,Toalii,M,F,2023-11-17
16833.0,AW00016833,Baraa,King,M,M,2024-04-23
16834.0,AW00016834,Susan,Clark,M,F,2023-06-03
16835.0,AW00016835,George,Clark,M,F,2023-06-04
16836.0,AW00016836,Barbara,Singh,M,F,2023-04-04
16837.0,AW00016837,Jennifer,Miller,S,F,2026-04-10
16838.0,AW00016838,Amanda,Scott,M,F,2023-10-19
16839.0,AW00016839,Matthew,Wilson,M,M,2025-05-21
16840.0,AW00016840,Charles,Thomas,S,M,2025-01-13
16841.0,AW00016841,Aroha,Smith,S,M,2024-07-16
16842.0,AW00016842,Karen,Moore,S,F,2025-08-26
16843.0,AW00016843,Robert,White,S,M,2026-05-27
16844.0,AW00016844,Michelle,Young,M,F,2023-03-28
16845.0,AW00016845,Donna,Perez,M,M,2023-10-20
16846.0,AW00016846,Steven,Nime,M,F,2025-10-17
16847.0,AW00016847,Thomas,Lee,S,M,2025-05-10
16848.0,AW00016848,Rebecca,Jackson,S,F,2025-08-11
16849.0,AW00016849,Linda,Mitchell,S,M,2025-11-06
16850.0,AW00016850,Paul,Singh,M,M,2023-10-31
16851.0,AW00016851,William,Phillips,M,F,2024-04-01
16852.0,AW00016852,Mark,Walker,S,M,2024-08-25
16853.0,AW00016853,Linda,White,M,F,2025-08-02
16854.0,AW00016854,Kenneth,Nelson,M,F,2025-05-08
16855.0,AW00016855,Kenneth,Green,S,M,2024-04-22
16856.0,AW00016856,Paul,Kumar,M,F,2023-01-27
16857.0,AW00016857,Kenneth,Jones,M,F,2024-06-09
16858.0,AW00016858,James,Toalii,M,F,2023-06-21
16859.0,AW00016859,Nancy,Young,S,F,2023-09-26
16860.0,AW00016860,Elizabeth,Williams,S,F,2024-03-16
16861.0,AW00016861,Mark,White,M,M,2024-04-12
16862.0,AW00016862,Joshua,Mitchell,S,M,2024-12-03
16863.0,AW00016863,Mere,Johnson,M,M,2025-08-01
16864.0,AW00016864,Malia,Allen,M,F,2023-01-08
16865.0,AW00016865,Donna,Baker,S,F,2026-02-20
16866.0,AW00016866,Stephanie,Thompson,S,M,2024-01-15
16867.0,AW00016867,Michael,Lewis,M,F,2024-03-19
16868.0,AW00016868,Charles,Perez,S,M,2023-12-22
16869.0,AW00016869,Donna,Carter,S,F,2023-10-07
16870.0,AW00016870,Emily,White,S,F,2025-03-18
16871.0,AW00016871,Ashley,White,M,F,2024-04-25
16872.0,AW00016872,John,Hall,S,F,2024-11-30
16873.0,AW00016873,James,White,M,F,2025-08-11
16874.0,AW00016874,Mark,Roberts,M,M,2024-08-20
16875.0,AW00016875,Michelle,Davis,M,M,2026-02-18
16876.0,AW00016876,Nancy,Wilson,S,F,2025-06-25
16877.0,AW00016877,Deborah,Clark,M,M,2025-04-24
16878.0,AW00016878,Mere,King,S,F,2025-01-19
16879.0,AW00016879,Anthony,Miller,S,F,2026-02-12
16880.0,AW00016880,Barbara,Singh,M,M,2023-12-31
16881.0,AW00016881,Daniel,Lewis,S,F,2025-11-08
16882.0,AW00016882,Mere,Baker,M,F,2025-11-06
16883.0,AW00016883,Malia,Williams,S,F,2025-01-21
16884.0,AW00016884,Rebecca,Phillips,M,F,2026-05-19
16885.0,AW00016885,John,Perez,S,M,2025-05-18
16886.0,AW00016886,Karen,Wilson,M,M,2024-01-20
16887.0,AW00016887,Betty,Adams,S,F,2023-04-15
16888.0,AW00016888,Matthew,Wilson,S,M,2024-08-15
16889.0,AW00016889,Jason,Turner,S,F,2025-02-08
16890.0,AW00016890,Emily,Smith,M,M,2023-12-28
16891.0,AW00016891,Michelle,Mitchell,M,F,2023-12-18
16892.0,AW00016892,Deborah,Turner,S,M,2025-08-28
16893.0,AW00016893,Barbara,Taylor,S,M,2025-08-08
16894.0,AW00016894,Melissa,Phillips,M,M,2025-06-01
16895.0,AW00016895,Betty,Johnson,S,M,2026-01-05
16896.0,AW00016896,Aroha,Martin,M,M,2024-07-31
16897.0,AW00016897,,Davis,S,F,2023-07-03
16898.0,AW00016898,Carol,Roberts,M,F,2024-04-13
16899.0,AW00016899,Peter,Perez,S,M,2023-11-11
16900.0,AW00016900,Betty,Miller,S,F,2025-04-04
16901.0,AW00016901,Jessica,Moore,M,F,2023-03-04
16902.0,AW00016902,John,Allen,S,F,2023-11-11
16903.0,AW00016903,Donald,Allen,S,M,2024-12-27
16904.0,AW00016904,Steven,Perez,S,F,2025-01-12
16905.0,AW00016905,Ashley,Toalii,S,F,2023-11-13
16906.0,AW00016906,Timothy,Miller,M,F,2025-05-11
16907.0,AW00016907,Linda,Johnson,S,M,2025-04-16
16908.0,AW00016908,Emily,Patel,M,F,2023-05-26
16909.0,AW00016909,Jennifer,Patel,S,M,2023-08-29
16910.0,AW00016910,Joseph,Jackson,M,M,2023-04-10
16911.0,AW00016911,Mary,Turner,S,M,2025-12-13
16912.0,AW00016912,Stephanie,Brown,M,F,2024-12-20
16913.0,AW00016913,Anthony,Turner,S,F,2024-10-23
16914.0,AW00016914,Linda,Perez,S,F,2024-05-26
16915.0,AW00016915,David,Mitchell,M,M,2023-02-18
16916.0,AW00016916,Jennifer,Smith,S,M,2025-05-28
16917.0,AW00016917,Barbara,Manu,S,F,2024-03-25
16918.0,AW00016918,Mark,Jackson,S,F,2025-07-15
16919.0,AW00016919,Paul,Taylor,M,M,2023-03-07
16920.0,AW00016920,Jessica,Nime,M,M,2024-04-04
16921.0,AW00016921,Tane,Hall,M,M,2023-12-06
16922.0,AW00016922,Thomas,Lee,S,F,2025-01-10
16923.0,AW00016923,David,Taylor,S,M,2026-01-07
16924.0,AW00016924,Susan,Carter,M,M,2025-04-30
16925.0,AW00016925,Timothy,Scott,M,F,2025-05-20
16926.0,AW00016926,Rebecca,Clark,M,M,2025-02-23
16927.0,AW00016927,Linda,Nime,M,M,2023-03-09
16928.0,AW00016928,Tane,Patel,S,M,2025-06-14
16929.0,AW00016929,Joshua,White,S,F,2024-09-15
16930.0,AW00016930,Jason,White,S,F,2025-02-14
16931.0,AW00016931,Sandra,Parker,M,M,2024-05-24
16932.0,AW00016932,Sandra,Lee,S,M,2023-02-27
16933.0,AW00016933,Aroha,Adams,S,F,2024-05-09
16934.0,AW00016934,Melissa,King,M,M,2025-01-22
16935.0,AW00016935,Robert,Singh,S,F,2024-10-29
16936.0,AW00016936,Robert,Singh,M,F,2023-06-05
16937.0,AW00016937,Matthew,Toalii,S,F,2023-02-15
16938.0,AW00016938,George,Scott,M,M,2024-02-07
16939.0,AW00016939,Paul,Toalii,M,F,2025-02-20
16940.0,AW00016940,Kimberly,Garcia,S,M,2025-12-11
16941.0,AW00016941,Jason,Lee,S,F,2026-04-13
16942.0,AW00016942,George,Thomas,M,F,2026-03-05
16943.0,AW00016943,Karen,Walker,M,F,2023-09-11
16944.0,AW00016944,Stephanie,Mitchell,S,M,2025-05-30
16945.0,AW00016945,Michelle,Walker,M,M,2023-12-14
16946.0,AW00016946,Brian,Nelson,M,F,2023-04-30
16947.0,AW00016947,Kenneth,Parker,M,M,2023-09-06
16948.0,AW00016948,Amanda,Thompson,S,F,2024-01-09
16949.0,AW00016949,Karen,Clark,S,F,2026-04-05
16950.0,AW00016950,Aroha,Baker,M,M,2023-12-08
16951.0,AW00016951,Matthew,Brown,S,M,2024-10-25
16952.0,AW00016952,Jessica,Turner,S,F,2024-02-25
16953.0,AW00016953,Michael,Green,S,M,2023-03-14
16954.0,AW00016954,Michael,Hall,S,M,2025-01-23
16955.0,AW00016955,Mary,Garcia,M,M,2025-08-26
16956.0,AW00016956,Elizabeth,Anderson,S,M,2024-02-09
16957.0,AW00016957,Malia,White,S,M,2025-04-14
16958.0,AW00016958,Peter,Jones,S,F,2023-07-09
16959.0,AW00016959,Michelle,Toalii,S,F,2023-04-14
16960.0,AW00016960,James,Green,S,M,2026-05-28
16961.0,AW00016961,Susan,Campbell,M,M,2023-01-14
16962.0,AW00016962,Betty,Clark,S,F,2023-05-29
16963.0,AW00016963,Betty,Thomas,S,F,2026-05-18
16964.0,AW00016964,Paul,Lee,M,M,2023-02-14
16965.0,AW00016965,Malia,Walker,M,M,2023-01-22
16966.0,AW00016966,Sarah,Williams,M,M,2024-01-20
16967.0,AW00016967,James,Phillips,S,M,2023-05-16
16968.0,AW00016968,Keziah,Wilson,M,F,2025-11-16
16969.0,AW00016969,Baraa,Williams,S,M,2025-02-28
16970.0,AW00016970,Steven,Thompson,S,F,2024-12-14
16971.0,AW00016971,Karen,Brown,S,F,2024-08-17
16972.0,AW00016972,Linda,Garcia,S,F,2026-03-02
16973.0,AW00016973,Carol,Parker,S,F,2024-11-04
16974.0,AW00016974,Stephanie,Hall,M,M,2025-03-19
16975.0,AW00016975,George,Taylor,M,M,2023-05-22
16976.0,AW00016976,Stephanie,Wilson,M,M,2024-08-16
16977.0,AW00016977,Donna,Perez,S,F,2023-04-04
16978.0,AW00016978,Jessica,Walker,M,M,2024-03-01
16979.0,AW00016979,Paul,Smith,S,M,2025-12-08
16980.0,AW00016980,Baraa,Kumar,S,F,2026-03-23
16981.0,AW00016981,Donald,Ngata,M,M,2025-02-03
16982.0,AW00016982,Aroha,Anderson,S,F,2023-09-03
16983.0,AW00016983,Donald,Clark,M,M,2025-01-12
16984.0,AW00016984,Rebecca,Baker,M,M,2023-08-24
16985.0,AW00016985,Jessica,Miller,M,F,2023-03-03
16986.0,AW00016986,Linda,Allen,S,F,2024-09-12
16987.0,AW00016987,Tane,Taylor,S,M,2026-03-13
16988.0,AW00016988,Emily,Nelson,S,M,2023-03-06
16989.0,AW00016989,Steven,Young,M,M,2024-05-03
16990.0,AW00016990,Joshua,Thompson,M,M,2024-09-15
16991.0,AW00016991,Andrew,Manu,S,F,2025-02-23
16992.0,AW00016992,Donald,Young,S,M,2024-03-26
16993.0,AW00016993,Andrew,Young,S,M,2025-10-30
16994.0,AW00016994,Mere,Mitchell,M,M,2025-01-22
16995.0,AW00016995,John,Adams,M,M,2024-02-15
16996.0,AW00016996,John,Johnson,S,M,2024-06-10
16997.0,AW00016997,Michael,Phillips,S,F,2026-05-01
16998.0,AW00016998,Mere,Roberts,M,F,2025-09-07
16999.0,AW00016999,Susan,Phillips,S,F,2024-08-15
17000.0,AW00017000,Barbara,Smith,M,F,2025-11-19
17001.0,AW00017001,Baraa,Lee,M,M,2024-08-18
17002.0,AW00017002,Donald,Hall,S,F,2026-03-14
17003.0,AW00017003,Mere,Williams,S,F,2023-12-30
17004.0,AW00017004,Donna,Perez,S,M,2024-07-06
17005.0,AW00017005,Mere,Moore,M,F,2024-05-19
17006.0,AW00017006,Malia,Parker,M,F,2025-05-19
17007.0,AW00017007,George,White,M,F,2024-07-16
17008.0,AW00017008,Matthew,Adams,S,M,2024-04-28
17009.0,AW00017009,Brian,Thomas,M,M,2023-01-12
17010.0,AW00017010,Donna,Brown,M,F,2023-01-11
17011.0,AW00017011,Melissa,Baker,M,F,2026-02-14
17012.0,AW00017012,Barbara,Wright,S,F,2023-10-22
17013.0,AW00017013,John,Turner,M,M,2024-02-10
17014.0,AW00017014,Robert,Allen,S,M,2025-06-28
17015.0,AW00017015,Sandra,Moore,S,F,2023-06-08
17016.0,AW00017016,David,King,S,F,2025-03-14
17017.0,AW00017017,Mark,Perez,M,F,2025-05-17
17018.0,AW00017018,Jennifer,Parker,S,M,2024-10-14
17019.0,AW00017019,Keziah,Anderson,S,M,2024-10-29
17020.0,AW00017020,Aroha,Thomas,S,M,2023-10-21
17021.0,AW00017021,William,Taylor,M,F,2025-08-23
17022.0,AW00017022,Anthony,Mitchell,S,M,2024-08-23
17023.0,AW00017023,Elizabeth,Turner,M,F,2023-08-05
17024.0,AW00017024,Charles,Patel,M,M,2024-05-07
17025.0,AW00017025,Mary,Carter,M,F,2025-05-08
17026.0,AW00017026,Paul,Baker,M,F,2024-12-09
17027.0,AW00017027,George,Mitchell,S,M,2023-02-04
17028.0,AW00017028,Carol,Moore,S,F,2024-03-08
17029.0,AW00017029,Mere,Thomas,M,M,2025-08-14
17030.0,AW00017030,David,Young,M,F,2023-09-08
17031.0,AW00017031,Melissa,Phillips,M,F,2026-03-24
17032.0,AW00017032,Anthony,Adams,S,M,2025-01-15
17033.0,AW00017033,Baraa,Williams,S,F,2023-12-08
17034.0,AW00017034,Mary,Jackson,S,M,2026-01-03
17035.0,AW00017035,Elizabeth,King,M,F,2026-05-16
17036.0,AW00017036,Baraa,Baker,M,F,2024-09-02
17037.0,AW00017037,Peter,Hall,M,M,2023-10-25
17038.0,AW00017038,Mere,Toalii,S,F,2023-11-20
17039.0,AW00017039,Melissa,Carter,M,M,2023-05-07
17040.0,AW00017040,Betty,Mitchell,S,F,2024-07-01
17041.0,AW00017041,Melissa,Jones,S,F,2026-02-09
17042.0,AW00017042,Stephanie,Martin,M,F,2023-02-15
17043.0,AW00017043,David,Allen,S,F,2024-08-21
17044.0,AW00017044,Charles,Thomas,M,M,2025-06-21
17045.0,AW00017045,Carol,Roberts,S,M,2023-04-12
17046.0,AW00017046,Aroha,Patel,S,M,2025-06-12
17047.0,AW00017047,Malia,Hall,S,M,2023-01-18
17048.0,AW00017048,Amanda,Parker,S,M,2025-01-21
17049.0,AW00017049,Andrew,Johnson,S,F,2025-11-18
17050.0,AW00017050,Peter,Adams,S,M,2025-09-10
17051.0,AW00017051,Peter,Wright,S,F,2024-05-19
17052.0,AW00017052,Kimberly,Hall,S,M,2024-05-27
17053.0,AW00017053,Baraa,Campbell,M,F,2025-12-30
17054.0,AW00017054,William,Hall,M,M,2025-10-03
17055.0,AW00017055,Karen,Lewis,M,F,2024-12-21
17056.0,AW00017056,Michelle,Turner,M,M,2024-08-11
17057.0,AW00017057,Daniel,Brown,M,F,2023-05-16
17058.0,AW00017058,Baraa,Brown,M,F,2024-03-27
17059.0,AW00017059,Paul,Phillips,S,M,2024-02-04
17060.0,AW00017060,Patricia,Hall,M,M,2023-02-22
17061.0,AW00017061,Sandra,Martin,M,M,2026-02-09
17062.0,AW00017062,Kenneth,Phillips,S,M,2025-01-23
17063.0,AW00017063,Jason,Manu,M,M,2023-02-09
17064.0,AW00017064,Lisa,Carter,S,F,2025-07-25
17065.0,AW00017065,Susan,Lee,S,M,2023-05-08
17066.0,AW00017066,James,Toalii,S,F,2026-03-18
17067.0,AW00017067,Elizabeth,Campbell,S,M,2025-08-12
17068.0,AW00017068,Patricia,Adams,S,M,2026-03-05
17069.0,AW00017069,Brian,Smith,M,F,2023-10-14
17070.0,AW00017070,Susan,Lee,S,F,2026-01-15
17071.0,AW00017071,Susan,Adams,M,F,2023-04-09
17072.0,AW00017072,John,Brown,M,M,2026-05-22
17073.0,AW00017073,Melissa,Manu,S,F,2023-04-10
17074.0,AW00017074,Nancy,Jackson,S,M,2025-08-10
17075.0,AW00017075,Karen,Kumar,M,F,2026-01-04
17076.0,AW00017076,Linda,Lee,M,F,2025-10-30
17077.0,AW00017077,Joseph,Smith,S,M,2026-03-24
17078.0,AW00017078,Joshua,Walker,M,F,2026-03-30
17079.0,AW00017079,Keziah,Wilson,M,F,2023-04-15
17080.0,AW00017080,Richard,Patel,M,F,2024-07-18
17081.0,AW00017081,Paul,Phillips,M,M,2023-11-26
17082.0,AW00017082,Matthew,Lopez,S,F,2023-10-12
17083.0,AW00017083,Mary,Jones,S,M,2025-09-17
17084.0,AW00017084,Aroha,Phillips,S,F,2023-05-21
17085.0,AW00017085,Susan,Davis,M,F,2025-04-29
17086.0,AW00017086,Ashley,Lee,S,M,2024-08-26
17087.0,AW00017087,Joshua,Walker,M,M,2023-01-31
17088.0,AW00017088,Kimberly,Perez,S,M,2025-10-18
17089.0,AW00017089,Jason,Parker,S,M,2025-01-10
17090.0,AW00017090,James,Thomas,M,M,2023-06-24
17091.0,AW00017091,Richard,Parker,S,F,2025-04-23
17092.0,AW00017092,Daniel,Green,S,M,2023-01-21
17093.0,AW00017093,Karen,Johnson,M,F,2023-01-29
17094.0,AW00017094,Sione,Toalii,S,M,2024-10-11
17095.0,AW00017095,Michelle,Perez,M,F,2023-08-25
17096.0,AW00017096,Michael,Taylor,S,M,2025-08-04
17097.0,AW00017097,Jason,Toalii,S,M,2026-04-18
17098.0,AW00017098,Lisa,Manu,M,M,2023-11-28
17099.0,AW00017099,Tane,Williams,M,F,2026-05-27
17100.0,AW00017100,Deborah,Wright,M,M,2025-05-27
17101.0,AW00017101,Kimberly,Roberts,M,M,2025-05-03
17102.0,AW00017102,Daniel,Williams,S,M,2025-03-11
17103.0,AW00017103,Linda,Mitchell,M,M,2026-01-04
17104.0,AW00017104,Thomas,King,M,M,2025-06-11
17105.0,AW00017105,Deborah,Martin,S,F,2023-11-08
17106.0,AW00017106,James,King,M,F,2023-12-23
17107.0,AW00017107,Sione,Scott,M,F,2023-07-26
17108.0,AW00017108,Sarah,Taylor,S,M,2026-01-11
17109.0,AW00017109,Thomas,Manu,S,F,2025-10-26
17110.0,AW00017110,Karen,Toalii,S,M,2024-07-25
17111.0,AW00017111,Rebecca,Davis,S,F,2025-06-09
17112.0,AW00017112,Nancy,Jackson,M,F,2024-10-08
17113.0,AW00017113,Brian,Manu,M,F,2024-04-27
17114.0,AW00017114,Susan,Miller,M,F,2023-04-28
17115.0,AW00017115,Kimberly,Jackson,M,M,2024-10-13
17116.0,AW00017116,Betty,Williams,S,F,2025-09-18
17117.0,AW00017117,Patricia,Baker,S,M,2026-01-27
17118.0,AW00017118,Peter,Jones,M,F,2025-06-04
17119.0,AW00017119,George,Wright,Unknown,M,2024-06-19
17120.0,AW00017120,Patricia,Campbell,S,M,2023-07-28
17121.0,AW00017121,Malia,Hall,S,F,2026-03-10
17122.0,AW00017122,Mark,Taylor,M,F,2025-09-24
17123.0,AW00017123,Steven,Jones,M,F,2023-04-01
17124.0,AW00017124,Ashley,Hall,M,F,2023-05-13
17125.0,AW00017125,Mere,King,S,F,2023-06-19
17126.0,AW00017126,Peter,Patel,S,M,2026-01-11
17127.0,AW00017127,Jessica,Johnson,S,F,2024-04-29
17128.0,AW00017128,Susan,Hall,S,F,2024-07-15
17129.0,AW00017129,James,Young,M,F,2023-06-03
17130.0,AW00017130,Anthony,Phillips,M,F,2026-02-24
17131.0,AW00017131,Betty,Perez,M,M,2023-12-10
17132.0,AW00017132,Lisa,Adams,M,F,2025-09-19
17133.0,AW00017133,Matthew,Jackson,S,F,2025-03-02
17134.0,AW00017134,Mark,Walker,S,F,2023-12-17
17135.0,AW00017135,Mere,Singh,M,F,2023-08-05
17136.0,AW00017136,Barbara,Wilson,S,M,2025-02-23
17137.0,AW00017137,Jennifer,Wright,M,F,2025-06-15
17138.0,AW00017138,Elizabeth,Turner,M,F,2025-05-30
17139.0,AW00017139,Anthony,Brown,S,M,2024-07-27
17140.0,AW00017140,Michael,Turner,S,F,2024-10-22
17141.0,AW00017141,Richard,Williams,M,F,2026-04-05
17142.0,AW00017142,Ashley,Jones,M,M,2023-09-03
17143.0,AW00017143,Jennifer,Clark,M,M,2023-06-11
17144.0,AW00017144,Betty,Carter,S,F,2023-02-02
17145.0,AW00017145,Karen,Parker,M,F,2026-05-09
17146.0,AW00017146,Mary,Nime,S,F,2025-07-15
17147.0,AW00017147,Jessica,Nelson,S,F,2023-08-13
17148.0,AW00017148,Elizabeth,Allen,S,F,2024-03-06
17149.0,AW00017149,Tane,Lee,M,F,2024-03-11
17150.0,AW00017150,Keziah,Carter,S,F,2024-01-27
17151.0,AW00017151,Peter,Lopez,M,M,2023-07-23
17152.0,AW00017152,Sarah,Garcia,S,F,2024-08-19
17153.0,AW00017153,Donna,Miller,S,F,2024-03-24
17154.0,AW00017154,Ashley,Phillips,S,F,2023-04-18
17155.0,AW00017155,Brian,Turner,S,M,2025-06-27
17156.0,AW00017156,Stephanie,Lee,M,F,2026-05-23
17157.0,AW00017157,Timothy,Nelson,S,M,2025-03-16
17158.0,AW00017158,Richard,Walker,M,F,2025-07-20
17159.0,AW00017159,Matthew,Scott,S,M,2026-05-27
17160.0,AW00017160,Ashley,Jackson,S,F,2024-11-03
17161.0,AW00017161,Mary,Manu,S,M,2024-06-13
17162.0,AW00017162,Robert,Thompson,S,M,2026-02-09
17163.0,AW00017163,Keziah,Carter,M,F,2023-05-09
17164.0,AW00017164,Sione,Green,M,M,2023-01-16
17165.0,AW00017165,Robert,Phillips,S,M,2023-09-23
17166.0,AW00017166,Peter,Jackson,S,M,2024-07-08
17167.0,AW00017167,Ashley,Martin,M,M,2024-02-10
17168.0,AW00017168,John,Thomas,M,F,2026-03-31
17169.0,AW00017169,Michael,Jackson,M,M,2023-06-20
17170.0,AW00017170,Tane,Hall,S,M,2023-12-11
17171.0,AW00017171,Aroha,King,S,M,2023-08-28
17172.0,AW00017172,Sandra,Parker,S,M,2025-05-11
17173.0,AW00017173,Stephanie,Phillips,M,F,2024-12-31
17174.0,AW00017174,Joshua,Miller,M,M,2025-04-03
17175.0,AW00017175,Aroha,Kumar,M,F,2023-11-28
17176.0,AW00017176,Jennifer,Brown,S,F,2026-04-23
17177.0,AW00017177,Donald,Baker,M,M,2025-07-05
17178.0,AW00017178,Malia,Miller,S,F,2026-05-25
17179.0,AW00017179,Sarah,Williams,Unknown,M,2026-05-26
17180.0,AW00017180,Michael,Nelson,M,M,2024-08-06
17181.0,AW00017181,Donna,Anderson,M,M,2024-01-08
17182.0,AW00017182,Donald,Nime,M,F,2025-01-05
17183.0,AW00017183,Baraa,Wright,S,M,2025-03-10
17184.0,AW00017184,Paul,White,S,F,2025-01-11
17185.0,AW00017185,Sandra,Allen,M,M,2023-12-25
17186.0,AW00017186,Rebecca,Young,S,M,2026-03-30
17187.0,AW00017187,Jennifer,Thomas,S,F,2026-02-22
17188.0,AW00017188,Amanda,Campbell,S,M,2025-04-18
17189.0,AW00017189,Deborah,Taylor,S,M,2023-03-15
17190.0,AW00017190,Peter,Miller,M,M,2023-01-19
17191.0,AW00017191,Sarah,Wilson,S,M,2024-11-21
17192.0,AW00017192,Donna,Wilson,S,M,2024-06-08
17193.0,AW00017193,Donald,Garcia,M,F,2023-07-29
17194.0,AW00017194,Ronald,Brown,M,M,2025-09-26
17195.0,AW00017195,Susan,King,S,M,2025-06-23
17196.0,AW00017196,Jennifer,Parker,M,F,2026-02-17
17197.0,AW00017197,Charles,Lee,S,F,2023-01-03
17198.0,AW00017198,George,Martin,S,F,2024-08-11
17199.0,AW00017199,Baraa,Baker,S,M,2024-02-25
17200.0,AW00017200,Baraa,Parker,S,M,2023-01-13
17201.0,AW00017201,Baraa,Young,M,F,2024-02-06
17202.0,AW00017202,Sandra,Wilson,S,F,2023-11-08
17203.0,AW00017203,Keziah,Green,M,F,2024-10-09
17204.0,AW00017204,James,Brown,S,M,2023-09-30
17205.0,AW00017205,Linda,White,M,M,2024-04-13
17206.0,AW00017206,Patricia,Wright,M,M,2024-12-30
17207.0,AW00017207,Thomas,Lopez,M,M,2026-02-10
17208.0,AW00017208,Donald,Mitchell,S,M,2024-02-25
17209.0,AW00017209,Lisa,Nelson,S,M,2023-01-10
17210.0,AW00017210,Kimberly,Mitchell,S,M,2023-10-03
17211.0,AW00017211,Baraa,Wilson,S,M,2024-05-31
17212.0,AW00017212,Lisa,Baker,S,F,2023-02-06
17213.0,AW00017213,Richard,Toalii,M,F,2026-01-05
17214.0,AW00017214,John,Carter,M,F,2025-12-13
17215.0,AW00017215,Keziah,Green,S,F,2026-02-17
17216.0,AW00017216,Karen,Jackson,S,F,2023-08-06
17217.0,AW00017217,Amanda,Lewis,S,F,2024-11-19
17218.0,AW00017218,Jessica,Perez,M,F,2023-10-08
17219.0,AW00017219,James,Patel,S,M,2024-05-07
17220.0,AW00017220,George,Wright,S,M,2026-05-12
17221.0,AW00017221,Baraa,Hall,M,M,2024-04-04
17222.0,AW00017222,Jennifer,Ngata,S,M,2026-04-24
17223.0,AW00017223,Aroha,Roberts,S,F,2023-04-20
17224.0,AW00017224,Mere,Thomas,S,M,2023-03-15
17225.0,AW00017225,Steven,Martin,S,M,2023-09-17
17226.0,AW00017226,Jason,Ngata,M,M,2024-03-12
17227.0,AW00017227,John,Young,S,F,2024-05-14
17228.0,AW00017228,Michael,Moore,S,M,2025-12-08
17229.0,AW00017229,Robert,Williams,S,F,2023-02-15
17230.0,AW00017230,Betty,Wright,M,F,2025-09-30
17231.0,AW00017231,Nancy,Wilson,S,M,2024-11-27
17232.0,AW00017232,Paul,Green,M,F,2024-10-07
17233.0,AW00017233,Richard,Baker,M,M,2025-02-19
17234.0,AW00017234,Emily,Baker,S,M,2024-04-09
17235.0,AW00017235,Matthew,Nime,M,M,2025-02-03
17236.0,AW00017236,Tane,Carter,M,F,2023-03-07
17237.0,AW00017237,William,Campbell,M,F,2026-03-30
17238.0,AW00017238,Donald,Thomas,M,M,2026-05-25
17239.0,AW00017239,Ashley,Roberts,S,M,2023-11-18
17240.0,AW00017240,George,Moore,M,F,2024-12-05
17241.0,AW00017241,Elizabeth,Roberts,M,F,2024-01-28
17242.0,AW00017242,Andrew,Perez,S,M,2026-03-18
17243.0,AW00017243,Barbara,Miller,S,F,2024-03-19
17244.0,AW00017244,Paul,Anderson,S,F,2024-02-24
17245.0,AW00017245,Joshua,Campbell,M,M,2024-12-07
17246.0,AW00017246,Kimberly,Perez,S,M,2023-09-15
17247.0,AW00017247,Peter,Lewis,S,M,2023-07-30
17248.0,AW00017248,Jason,Young,S,M,2023-05-15
17249.0,AW00017249,Nancy,Wilson,M,M,2023-09-09
17250.0,AW00017250,Paul,Thompson,S,M,2023-05-20
17251.0,AW00017251,Brian,Miller,S,M,2025-10-19
17252.0,AW00017252,Tane,Kumar,S,M,2023-08-08
17253.0,AW00017253,Lisa,Garcia,M,M,2025-01-27
17254.0,AW00017254,Keziah,Young,M,F,2025-02-26
17255.0,AW00017255,Nancy,Allen,S,M,2024-01-08
17256.0,AW00017256,Michael,Scott,S,F,2025-02-23
17257.0,AW00017257,Ronald,Campbell,M,F,2024-05-14
17258.0,AW00017258,William,Allen,S,F,2024-01-13
17259.0,AW00017259,Ronald,Brown,S,F,2023-11-20
17260.0,AW00017260,Ronald,Wilson,S,F,2024-01-09
17261.0,AW00017261,David,Wilson,S,M,2026-01-25
17262.0,AW00017262,Ronald,Wright,S,F,2024-03-04
17263.0,AW00017263,Sarah,Nelson,M,M,2024-03-21
,AW00017264,Charles,Turner,S,M,2026-03-15
17265.0,AW00017265,Kenneth,King,M,M,2025-06-14
17266.0,AW00017266,Sarah,Nime,M,M,2025-11-25
17267.0,AW00017267,Emily,Toalii,M,M,2024-04-10
17268.0,AW00017268,Timothy,Phillips,M,F,2023-05-29
17269.0,AW00017269,Paul,Turner,S,M,2026-03-17
17270.0,AW00017270,Kimberly,Jones,M,M,2023-06-11
17271.0,AW00017271,Patricia,Green,S,M,2025-01-27
17272.0,AW00017272,Ronald,Turner,S,M,2026-04-21
17273.0,AW00017273,Timothy,Jones,S,F,2025-11-16
17274.0,AW00017274,Michelle,Young,S,F,2025-09-26
17275.0,AW00017275,Susan,Kumar,S,M,2023-12-06
17276.0,AW00017276,Sarah,White,S,M,2024-08-01
17277.0,AW00017277,Betty,King,S,M,2025-03-19
17278.0,AW00017278,Donald,Campbell,S,F,2023-12-25
17279.0,AW00017279,Charles,Lee,M,M,2024-09-10
17280.0,AW00017280,Brian,Perez,S,F,2023-10-23
17281.0,AW00017281,Ronald,Nelson,M,M,2024-07-21
17282.0,AW00017282,Sarah,Miller,M,F,2023-01-21
17283.0,AW00017283,Sione,Garcia,S,M,2025-03-19
17284.0,AW00017284,Paul,Thomas,S,M,2025-10-03
17285.0,AW00017285,Charles,Lewis,M,M,2026-01-06
17286.0,AW00017286,Timothy,King,S,F,2024-02-17
17287.0,AW00017287,Deborah,Green,M,M,2024-12-08
17288.0,AW00017288,Sandra,Thompson,M,M,2025-12-18
17289.0,AW00017289,Kenneth,Toalii,M,M,2024-05-31
17290.0,AW00017290,James,Perez,M,M,2025-08-25
17291.0,AW00017291,Kenneth,Young,S,M,2023-07-11
17292.0,AW00017292,Richard,Wilson,S,F,2025-12-14
17293.0,AW00017293,Amanda,Baker,M,F,2023-12-01
17294.0,AW00017294,Rebecca,Nelson,S,M,2023-11-11
17295.0,AW00017295,Anthony,Clark,M,M,2025-09-29
17296.0,AW00017296,George,Moore,M,F,2024-01-16
17297.0,AW00017297,Jessica,Hall,S,M,2025-02-12
17298.0,AW00017298,Anthony,Baker,M,M,2024-03-24
17299.0,AW00017299,Betty,Scott,S,M,2023-05-24
17300.0,AW00017300,Barbara,Walker,S,M,2024-06-26
17301.0,AW00017301,Patricia,Parker,S,M,2023-06-06
17302.0,AW00017302,Lisa,Jackson,M,F,2024-06-02
17303.0,AW00017303,Donald,Turner,S,F,2024-09-22
17304.0,AW00017304,Stephanie,Patel,M,F,2026-04-17
17305.0,AW00017305,Timothy,Nime,M,M,2024-05-14
17306.0,AW00017306,Mary,Wright,M,F,2025-12-29
17307.0,AW00017307,Baraa,Anderson,S,M,2026-04-19
17308.0,AW00017308,Sarah,Garcia,M,M,2025-08-21
17309.0,AW00017309,David,Carter,M,F,2024-10-26
17310.0,AW00017310,Donald,Jackson,S,M,2025-07-09
17311.0,AW00017311,Andrew,Walker,S,F,2024-06-11
17312.0,AW00017312,Donald,Campbell,M,M,2024-08-15
17313.0,AW00017313,Malia,Anderson,M,F,2025-06-04
17314.0,AW00017314,Donald,White,S,F,2026-01-22
17315.0,AW00017315,Jason,Phillips,M,M,2023-10-29
17316.0,AW00017316,Linda,Jones,S,F,2025-08-26
17317.0,AW00017317,Ronald,Young,M,M,2024-01-14
17318.0,AW00017318,John,Patel,M,F,2023-01-18
17319.0,AW00017319,Barbara,Miller,S,F,2023-08-03
17320.0,AW00017320,Malia,Young,M,M,2023-10-18
17321.0,AW00017321,Ashley,Garcia,M,M,2025-01-08
17322.0,AW00017322,Tane,Ngata,M,F,2024-09-02
17323.0,AW00017323,Paul,Thomas,S,F,2023-09-24
17324.0,AW00017324,John,King,M,M,2023-07-21
17325.0,AW00017325,Anthony,Wright,M,M,2025-05-30
17326.0,AW00017326,Linda,Mitchell,M,F,2026-05-14
17327.0,AW00017327,Richard,Garcia,S,F,2023-11-01
17328.0,AW00017328,Michael,Mitchell,S,M,2024-07-31
17329.0,AW00017329,Anthony,Wilson,M,F,2024-07-20
17330.0,AW00017330,Paul,Jackson,M,M,2025-12-21
17331.0,AW00017331,Andrew,Parker,S,F,2026-01-01
17332.0,AW00017332,Brian,Thomas,S,F,2023-09-12
17333.0,AW00017333,Donna,White,S,M,2026-05-03
17334.0,AW00017334,Michael,Hall,M,M,2024-01-15
17335.0,AW00017335,Baraa,Baker,S,F,2023-07-06
17336.0,AW00017336,Aroha,King,S,M,2025-08-16
17337.0,AW00017337,Susan,Clark,M,F,2025-06-30
17338.0,AW00017338,Kenneth,Phillips,M,M,2025-01-13
17339.0,AW00017339,Tane,Taylor,S,F,2024-07-01
17340.0,AW00017340,Joshua,Toalii,S,M,2024-09-14
17341.0,AW00017341,Robert,Toalii,M,F,2025-01-15
17342.0,AW00017342,Keziah,Nime,M,F,2025-08-28
17343.0,AW00017343,Linda,Thomas,M,F,2026-02-26
17344.0,AW00017344,Melissa,Campbell,M,F,2024-07-24
17345.0,AW00017345,Donald,Thomas,S,M,2024-09-13
17346.0,AW00017346,Paul,Williams,M,F,2026-05-14
17347.0,AW00017347,Lisa,Young,S,M,2024-08-04
17348.0,AW00017348,Daniel,Green,M,M,2023-01-19
17349.0,AW00017349,Sandra,Parker,S,F,2023-07-30
17350.0,AW00017350,Anthony,Thompson,M,F,2025-04-10
17351.0,AW00017351,Nancy,Perez,M,M,2025-08-02
17352.0,AW00017352,Ashley,Allen,S,F,2024-01-16
17353.0,AW00017353,David,Nelson,S,M,2023-10-05
17354.0,AW00017354,Robert,Moore,M,F,2024-04-11
17355.0,AW00017355,Mary,Allen,S,F,2026-03-18
17356.0,AW00017356,Donald,Campbell,S,F,2024-01-02
17357.0,AW00017357,Deborah,Toalii,M,M,2024-05-17
17358.0,AW00017358,Jennifer,Clark,S,M,2025-11-04
17359.0,AW00017359,Brian,Williams,S,M,2023-02-07
17360.0,AW00017360,Baraa,Lewis,M,F,2023-07-06
17361.0,AW00017361,Peter,Jackson,S,F,2025-04-13
17362.0,AW00017362,Peter,Turner,S,M,2023-09-14
17363.0,AW00017363,David,Roberts,M,M,2025-10-05
17364.0,AW00017364,Jason,Singh,M,M,2026-05-22
17365.0,AW00017365,Robert,Ngata,M,F,2024-10-09
17366.0,AW00017366,Paul,Scott,S,M,2026-05-22
17367.0,AW00017367,John,Walker,M,F,2023-11-09
17368.0,AW00017368,Joseph,Hall,S,M,2024-06-27
17369.0,AW00017369,Jessica,Walker,M,M,2023-05-06
17370.0,AW00017370,Melissa,Davis,M,F,2025-12-07
17371.0,AW00017371,Barbara,Smith,M,F,2026-03-07
17372.0,AW00017372,Charles,King,M,F,2025-06-25
17373.0,AW00017373,Linda,Miller,S,M,2024-12-15
17374.0,AW00017374,Baraa,Jones,M,F,2025-07-11
17375.0,AW00017375,Elizabeth,Scott,S,F,2024-05-16
17376.0,AW00017376,Daniel,Thompson,M,M,2026-02-05
17377.0,AW00017377,Charles,Roberts,M,M,2025-12-31
17378.0,AW00017378,Joshua,Turner,M,M,2024-12-02
17379.0,AW00017379,Sandra,Lee,S,M,2023-06-03
17380.0,AW00017380,James,Patel,S,M,2024-05-18
17381.0,AW00017381,Michael,Lopez,S,M,2023-07-13
17382.0,AW00017382,Ronald,Phillips,M,M,2023-07-24
17383.0,AW00017383,Susan,Clark,S,F,2024-06-08
17384.0,AW00017384,Jessica,Davis,S,M,2025-03-21
17385.0,AW00017385,Karen,Thompson,S,F,2025-05-09
17386.0,AW00017386,Andrew,Toalii,M,F,2024-02-19
17387.0,AW00017387,Jason,Smith,M,F,2024-07-22
17388.0,AW00017388,Lisa,Thomas,S,M,2024-06-23
17389.0,AW00017389,Rebecca,Lee,M,F,2025-01-28
17390.0,AW00017390,Melissa,Campbell,S,M,2024-12-29
17391.0,AW00017391,Richard,Martin,S,F,2023-02-10
17392.0,AW00017392,Betty,Baker,S,M,2025-11-19
17393.0,AW00017393,Emily,Ngata,M,F,2024-12-07
17394.0,AW00017394,Michael,Wilson,S,M,2024-09-26
17395.0,AW00017395,Joshua,Scott,M,F,2025-01-17
17396.0,AW00017396,Jason,Miller,M,M,2023-11-11
17397.0,AW00017397,Keziah,Thomas,S,M,2023-12-02
17398.0,AW00017398,Patricia,Toalii,M,M,2026-01-17
17399.0,AW00017399,Michelle,Roberts,S,M,2026-01-30
17400.0,AW00017400,Andrew,Manu,M,F,2026-02-02
17401.0,AW00017401,Kimberly,Singh,M,M,2024-12-25
17402.0,AW00017402,Keziah,Mitchell,S,F,2023-05-07
17403.0,AW00017403,Ashley,Wilson,S,F,2025-07-07
17404.0,AW00017404,Baraa,Taylor,M,F,2024-11-27
17405.0,AW00017405,Sandra,Adams,M,M,2024-05-10
17406.0,AW00017406,Steven,Lewis,S,F,2023-09-08
17407.0,AW00017407,Charles,Martin,M,M,2024-01-09
17408.0,AW00017408,Joshua,Taylor,S,F,2024-02-14
17409.0,AW00017409,Mark,Manu,S,F,2024-09-06
17410.0,AW00017410,Donald,Singh,S,F,2023-09-20
17411.0,AW00017411,Jennifer,Wright,M,F,2026-01-20
17412.0,AW00017412,Aroha,Manu,M,M,2023-11-02
17413.0,AW00017413,Joshua,Taylor,M,F,2025-03-08
17414.0,AW00017414,Deborah,King,M,M,2023-03-06
17415.0,AW00017415,Timothy,Jones,M,F,2024-09-18
17416.0,AW00017416,Thomas,Thomas,M,F,2024-10-06
17417.0,AW00017417,Jason,Williams,M,M,2023-02-04
17418.0,AW00017418,Kimberly,Lewis,M,F,2023-02-20
17419.0,AW00017419,Mere,Scott,S,M,2025-08-16
17420.0,AW00017420,Jennifer,Phillips,M,F,2023-06-23
17421.0,AW00017421,Elizabeth,Brown,M,F,2026-01-07
17422.0,AW00017422,Lisa,Kumar,S,F,2024-10-24
17423.0,AW00017423,Sione,Kumar,S,F,2023-11-19
17424.0,AW00017424,Keziah,Green,M,F,2023-05-14
17425.0,AW00017425,Robert,King,M,M,2026-05-21
17426.0,AW00017426,Timothy,Clark,S,F,2023-02-27
17427.0,AW00017427,Joshua,Baker,S,M,2025-04-05
17428.0,AW00017428,Jessica,Young,S,M,2023-10-04
17429.0,AW00017429,Steven,Singh,S,M,2023-07-08
17430.0,AW00017430,Patricia,Green,M,M,2023-07-05
17431.0,AW00017431,Keziah,Wilson,M,F,2025-03-08
17432.0,AW00017432,Robert,Nime,S,F,2025-09-01
17433.0,AW00017433,Kenneth,Taylor,M,M,2024-07-02
17434.0,AW00017434,Michael,Clark,M,F,2024-05-10
17435.0,AW00017435,Jennifer,Hall,S,M,2023-05-16
17436.0,AW00017436,Linda,Clark,S,M,2026-04-01
17437.0,AW00017437,Mark,Mitchell,M,F,2023-11-19
17438.0,AW00017438,Ronald,Clark,S,M,2023-03-12
17439.0,AW00017439,Daniel,King,M,M,2024-10-18
17440.0,AW00017440,Richard,Scott,M,F,2023-06-26
17441.0,AW00017441,Peter,Moore,S,F,2024-10-21
17442.0,AW00017442,Tane,Johnson,M,F,2025-11-10
17443.0,AW00017443,Steven,Perez,S,M,2024-02-09
17444.0,AW00017444,Steven,Clark,S,F,2023-07-12
17445.0,AW00017445,Malia,Carter,M,M,2026-02-25
17446.0,AW00017446,Nancy,Jackson,S,M,2026-01-26
17447.0,AW00017447,Charles,Williams,M,M,2025-02-26
17448.0,AW00017448,Mark,Patel,M,F,2023-07-27
17449.0,AW00017449,Tane,Ngata,M,M,2024-10-19
17450.0,AW00017450,Barbara,Garcia,S,M,2024-07-30
17451.0,AW00017451,,Moore,S,M,2023-12-30
17452.0,AW00017452,Karen,Anderson,M,F,2023-01-09
17453.0,AW00017453,Robert,Garcia,M,F,2025-03-02
17454.0,AW00017454,Betty,Lopez,Unknown,F,2023-01-23
17455.0,AW00017455,Michael,Anderson,M,M,2025-05-03
17456.0,AW00017456,Anthony,Singh,S,M,2025-06-04
17457.0,AW00017457,George,Moore,S,F,2025-09-24
17458.0,AW00017458,Susan,Thompson,S,M,2025-12-08
17459.0,AW00017459,Ronald,White,S,M,2026-01-11
17460.0,AW00017460,Barbara,Walker,M,M,2023-04-04
17461.0,AW00017461,Deborah,Singh,M,M,2025-09-27
17462.0,AW00017462,Peter,Thompson,M,M,2023-12-18
17463.0,AW00017463,Stephanie,Ngata,S,M,2026-04-23
17464.0,AW00017464,Paul,Nelson,S,F,2023-11-25
17465.0,AW00017465,Tane,Allen,S,M,2024-05-18
17466.0,AW00017466,Malia,Smith,S,M,2023-11-27
17467.0,AW00017467,Susan,Anderson,S,F,2024-02-07
17468.0,AW00017468,Joshua,Manu,M,F,2025-07-30
17469.0,AW00017469,Aroha,Miller,M,M,2026-03-06
17470.0,AW00017470,Mark,Parker,S,M,2026-03-24
17471.0,AW00017471,Kimberly,Smith,M,M,2024-08-09
17472.0,AW00017472,Donald,Thompson,S,M,2025-11-20
17473.0,AW00017473,Lisa,Anderson,M,M,2023-02-04
17474.0,AW00017474,Melissa,White,M,M,2023-08-07
17475.0,AW00017475,Baraa,White,S,F,2023-08-09
17476.0,AW00017476,Keziah,Miller,M,F,2024-01-13
17477.0,AW00017477,Kimberly,Thompson,M,M,2024-07-23
17478.0,AW00017478,Barbara,Jackson,S,M,2025-11-03
17479.0,AW00017479,Kenneth,Anderson,S,M,2025-07-15
17480.0,AW00017480,Andrew,Nime,S,M,2023-05-30
17481.0,AW00017481,Matthew,Thomas,S,M,2025-01-10
17482.0,AW00017482,Tane,White,M,M,2024-11-15
17483.0,AW00017483,Thomas,Ngata,M,F,2025-02-20
17484.0,AW00017484,Mary,Lewis,M,M,2024-05-13
17485.0,AW00017485,Ashley,Adams,M,M,2025-12-01
17486.0,AW00017486,George,Adams,M,F,2023-03-05
17487.0,AW00017487,Linda,Roberts,S,M,2023-06-15
17488.0,AW00017488,Karen,Martin,M,F,2024-10-14
17489.0,AW00017489,Joshua,Martin,M,F,2023-05-13
17490.0,AW00017490,Deborah,Nelson,S,F,2025-05-03
17491.0,AW00017491,Michelle,Phillips,M,F,2025-04-07
17492.0,AW00017492,Stephanie,Thompson,M,M,2025-09-28
17493.0,AW00017493,Jennifer,Adams,S,M,2024-03-28
17494.0,AW00017494,Donna,Smith,M,F,2023-08-19
17495.0,AW00017495,Kenneth,Perez,S,M,2025-05-13
17496.0,AW00017496,Melissa,King,M,M,2025-12-14
17497.0,AW00017497,Michael,Moore,S,F,2023-11-23
17498.0,AW00017498,Sandra,Carter,M,M,2023-09-02
17499.0,AW00017499,David,Anderson,S,M,2023-07-25
17500.0,AW00017500,Jennifer,Phillips,M,M,2024-09-08
17501.0,AW00017501,Lisa,Perez,S,M,2023-06-18
17502.0,AW00017502,Malia,Perez,M,M,2026-05-23
17503.0,AW00017503,Elizabeth,Hall,M,M,2023-12-10
17504.0,AW00017504,Kenneth,Wilson,S,M,2025-11-13
17505.0,AW00017505,Peter,Lee,M,F,2023-06-29
17506.0,AW00017506,Jessica,Toalii,M,M,2025-12-07
17507.0,AW00017507,Emily,Turner,M,F,2024-02-15
17508.0,AW00017508,Melissa,King,M,M,2026-05-02
17509.0,AW00017509,Elizabeth,Baker,M,F,2026-05-31
17510.0,AW00017510,Joseph,Kumar,S,F,2025-02-25
17511.0,AW00017511,Peter,Thomas,S,F,2023-01-04
17512.0,AW00017512,Peter,Garcia,M,F,2023-02-03
17513.0,AW00017513,George,Garcia,M,F,2024-08-24
17514.0,AW00017514,Sione,Miller,M,,2024-09-07
17515.0,AW00017515,Michael,Moore,S,M,2025-08-15
17516.0,AW00017516,Karen,Thomas,M,F,2023-09-23
17517.0,AW00017517,John,Smith,M,F,2023-07-20
17518.0,AW00017518,Ronald,Roberts,S,M,2023-07-29
17519.0,AW00017519,James,Miller,M,M,2023-01-25
17520.0,AW00017520,Charles,Lewis,S,F,2025-09-25
17521.0,AW00017521,Amanda,White,S,M,2024-01-15
17522.0,AW00017522,Anthony,Anderson,M,M,2025-01-01
17523.0,AW00017523,Andrew,King,S,M,2025-08-13
17524.0,AW00017524,Donald,Phillips,M,M,2023-01-19
17525.0,AW00017525,Michael,Hall,M,M,2025-05-21
17526.0,AW00017526,Malia,Johnson,M,F,2024-01-16
17527.0,AW00017527,Matthew,Smith,S,M,2023-08-11
17528.0,AW00017528,Rebecca,Jones,S,M,2023-04-13
17529.0,AW00017529,Mark,Parker,M,F,2024-08-11
17530.0,AW00017530,Jennifer,Ngata,M,M,2024-11-01
17531.0,AW00017531,Elizabeth,Scott,S,M,2024-03-02
17532.0,AW00017532,Barbara,Carter,M,M,2025-03-28
17533.0,AW00017533,James,Clark,M,M,2024-02-29
17534.0,AW00017534,Aroha,Scott,M,F,2026-05-29
17535.0,AW00017535,Tane,Perez,S,F,2024-10-03
17536.0,AW00017536,Sandra,Adams,S,M,2023-11-16
17537.0,AW00017537,Sandra,Jackson,M,F,2024-08-18
17538.0,AW00017538,Deborah,Green,M,F,2025-05-15
17539.0,AW00017539,Donald,Walker,S,F,2026-01-03
17540.0,AW00017540,John,Scott,S,M,2025-09-14
17541.0,AW00017541,Daniel,Garcia,S,M,2025-03-15
17542.0,AW00017542,Lisa,Wright,S,F,2024-11-11
17543.0,AW00017543,Melissa,Roberts,M,M,2024-07-24
17544.0,AW00017544,Lisa,Davis,S,F,2024-12-09
17545.0,AW00017545,Betty,Clark,S,F,2024-04-29
17546.0,AW00017546,Nancy,Ngata,M,F,2023-02-10
17547.0,AW00017547,James,Moore,M,M,2025-10-15
17548.0,AW00017548,Thomas,Manu,S,F,2023-02-26
17549.0,AW00017549,George,Nime,S,F,2025-07-05
17550.0,AW00017550,Anthony,Baker,S,M,2024-06-01
17551.0,AW00017551,Donald,Toalii,M,F,2024-09-18
17552.0,AW00017552,Anthony,Hall,S,F,2026-03-20
17553.0,AW00017553,Lisa,White,S,M,2024-01-27
17554.0,AW00017554,Baraa,Baker,S,F,2023-10-22
17555.0,AW00017555,Nancy,Lopez,M,F,2024-11-18
17556.0,AW00017556,Robert,Smith,S,F,2023-09-05
17557.0,AW00017557,Matthew,Davis,S,M,2025-06-12
17558.0,AW00017558,Mere,Manu,S,F,2023-08-04
17559.0,AW00017559,Sandra,Clark,M,M,2025-05-27
17560.0,AW00017560,Patricia,Brown,M,F,2024-06-12
17561.0,AW00017561,Nancy,Allen,M,F,2023-10-01
17562.0,AW00017562,Timothy,Toalii,M,F,2025-05-06
17563.0,AW00017563,Ashley,Patel,M,F,2025-02-20
17564.0,AW00017564,William,Wilson,M,M,2023-01-15
17565.0,AW00017565,Susan,Walker,M,M,2024-01-30
17566.0,AW00017566,Anthony,White,M,F,2023-03-31
17567.0,AW00017567,Brian,Jackson,S,F,2024-08-27
17568.0,AW00017568,Charles,Anderson,S,F,2023-05-23
17569.0,AW00017569,Steven,King,M,F,2024-06-19
17570.0,AW00017570,Karen,Jackson,S,F,2024-11-04
17571.0,AW00017571,Donna,Allen,S,F,2023-01-11
17572.0,AW00017572,Jessica,Brown,M,F,2023-04-23
17573.0,AW00017573,James,Parker,S,M,2024-04-09
17574.0,AW00017574,Carol,Thomas,M,M,2023-07-05
17575.0,AW00017575,William,Scott,S,M,2025-10-11
17576.0,AW00017576,Joshua,Martin,M,F,2025-04-05
17577.0,AW00017577,James,King,M,F,2025-11-13
17578.0,AW00017578,Steven,Phillips,M,M,2024-07-19
17579.0,AW00017579,Baraa,Brown,S,F,2025-03-19
17580.0,AW00017580,Sandra,Thompson,S,M,2025-07-23
17581.0,AW00017581,Steven,Young,M,F,2025-07-13
17582.0,AW00017582,Jennifer,Roberts,S,M,2023-09-29
17583.0,AW00017583,Timothy,Brown,S,F,2025-08-03
17584.0,AW00017584,Karen,Baker,M,F,2024-08-13
17585.0,AW00017585,Timothy,Adams,M,M,2024-06-27
17586.0,AW00017586,Malia,Young,S,M,2023-03-07
17587.0,AW00017587,Deborah,Thompson,S,F,2024-01-24
17588.0,AW00017588,Sandra,Johnson,S,M,2023-11-29
17589.0,AW00017589,David,Ngata,M,M,2025-01-19
17590.0,AW00017590,Richard,Jackson,M,F,2024-03-24
17591.0,AW00017591,Daniel,Thomas,M,F,2024-04-21
17592.0,AW00017592,Michael,Nelson,S,F,2025-05-28
17593.0,AW00017593,Linda,Davis,M,F,2026-02-07
17594.0,AW00017594,Amanda,Mitchell,S,F,2026-02-03
17595.0,AW00017595,Rebecca,Manu,S,M,2025-09-28
17596.0,AW00017596,Deborah,White,S,M,2024-11-10
17597.0,AW00017597,Jason,Martin,M,M,2025-11-16
17598.0,AW00017598,Paul,Perez,S,F,2023-03-11
17599.0,AW00017599,David,Kumar,S,F,2024-12-07
17600.0,AW00017600,Amanda,Thompson,S,M,2024-06-05
17601.0,AW00017601,Timothy,Anderson,M,M,2024-11-26
17602.0,AW00017602,David,Baker,S,M,2026-02-01
17603.0,AW00017603,David,Hall,M,M,2023-03-18
17604.0,AW00017604,Sarah,Ngata,S,M,2023-12-15
17605.0,AW00017605,Aroha,Smith,M,F,2025-06-01
17606.0,AW00017606,Andrew,Patel,S,M,2024-09-14
17607.0,AW00017607,Donna,Green,S,M,2024-01-20
17608.0,AW00017608,Karen,Toalii,S,M,2024-08-21
17609.0,AW00017609,Peter,Williams,M,F,2026-02-12
17610.0,AW00017610,Nancy,Roberts,S,F,2023-12-01
17611.0,AW00017611,Andrew,Wright,S,M,2024-12-26
17612.0,AW00017612,Linda,Johnson,M,F,2024-03-31
17613.0,AW00017613,Kenneth,Lee,M,M,2023-08-21
17614.0,AW00017614,Rebecca,Lee,M,M,2023-04-08
17615.0,AW00017615,Daniel,Taylor,S,M,2024-09-28
17616.0,AW00017616,Melissa,Parker,M,M,2023-06-25
17617.0,AW00017617,Aroha,Baker,M,M,2026-04-06
17618.0,AW00017618,Malia,King,M,F,2023-03-29
17619.0,AW00017619,Barbara,Smith,M,M,2025-03-18
17620.0,AW00017620,Tane,Martin,S,F,2026-03-28
17621.0,AW00017621,Donald,White,M,F,2023-12-05
17622.0,AW00017622,Ashley,Scott,M,F,2025-03-09
17623.0,AW00017623,Linda,Miller,S,F,2024-12-14
17624.0,AW00017624,Sione,Singh,S,F,2024-07-11
17625.0,AW00017625,John,Jones,S,F,2025-09-13
17626.0,AW00017626,Aroha,Nelson,S,F,2026-01-20
17627.0,AW00017627,Jessica,Thompson,M,F,2025-09-23
17628.0,AW00017628,John,Perez,M,M,2026-03-28
17629.0,AW00017629,Matthew,King,M,M,2023-07-18
17630.0,AW00017630,Linda,Martin,S,M,2023-12-10
17631.0,AW00017631,Ronald,Manu,S,M,2023-11-26
17632.0,AW00017632,Donald,Kumar,S,F,2025-11-08
17633.0,AW00017633,Sandra,Hall,S,M,2026-04-06
17634.0,AW00017634,Steven,Walker,M,F,2024-01-24
17635.0,AW00017635,Paul,Toalii,S,M,2023-06-21
17636.0,AW00017636,Donna,Wright,M,M,2026-02-22
17637.0,AW00017637,Elizabeth,Moore,M,F,2024-08-08
17638.0,AW00017638,Jessica,Miller,M,F,2024-12-24
17639.0,AW00017639,Rebecca,Hall,M,M,2026-04-11
17640.0,AW00017640,Matthew,Lewis,M,F,2024-03-07
17641.0,AW00017641,Lisa,Nime,M,F,2023-08-09
17642.0,AW00017642,John,Parker,M,F,2026-04-19
17643.0,AW00017643,Joseph,Moore,M,F,2024-08-02
17644.0,AW00017644,Matthew,Johnson,S,F,2025-02-09
17645.0,AW00017645,Richard,Clark,S,F,2024-03-15
17646.0,AW00017646,Barbara,Jones,M,F,2024-03-03
17647.0,AW00017647,Ashley,Mitchell,S,F,2023-01-27
17648.0,AW00017648,Matthew,Young,M,F,2023-04-17
17649.0,AW00017649,Michelle,Garcia,S,F,2025-03-31
17650.0,AW00017650,William,Johnson,S,M,2024-12-24
17651.0,AW00017651,Joseph,Adams,S,M,2023-08-27
17652.0,AW00017652,Matthew,Toalii,S,M,2024-08-22
17653.0,AW00017653,Jennifer,Toalii,S,F,2024-09-23
17654.0,AW00017654,George,Young,S,F,2025-12-22
17655.0,AW00017655,Carol,Baker,S,F,2025-07-05
17656.0,AW00017656,Michelle,Thomas,M,F,2023-07-06
17657.0,AW00017657,Charles,Carter,M,F,2026-02-19
17658.0,AW00017658,Robert,Brown,M,F,2025-10-16
17659.0,AW00017659,Joseph,Parker,M,F,2026-05-10
17660.0,AW00017660,Paul,Toalii,M,F,2024-07-23
17661.0,AW00017661,Patricia,Walker,S,M,2023-08-14
17662.0,AW00017662,Carol,Brown,M,M,2023-03-21
17663.0,AW00017663,Rebecca,Lopez,S,M,2025-05-13
17664.0,AW00017664,Deborah,Roberts,M,M,2025-07-01
17665.0,AW00017665,Ronald,Jackson,M,M,2024-07-07
17666.0,AW00017666,Steven,Green,S,M,2025-05-11
17667.0,AW00017667,Keziah,Jones,M,M,2023-12-20
17668.0,AW00017668,Donna,Jones,M,M,2023-08-19
17669.0,AW00017669,Tane,Patel,S,F,2023-02-25
17670.0,AW00017670,Ashley,Anderson,M,F,2026-02-02
17671.0,AW00017671,Paul,Phillips,S,M,2023-03-10
17672.0,AW00017672,Daniel,Williams,S,F,2024-05-16
17673.0,AW00017673,John,Manu,S,M,2025-05-28
17674.0,AW00017674,George,Young,M,F,2025-08-14
17675.0,AW00017675,Karen,Thompson,M,M,2024-06-04
17676.0,AW00017676,George,Davis,M,M,2024-12-03
17677.0,AW00017677,Lisa,Lopez,S,M,2025-11-18
17678.0,AW00017678,Jessica,Toalii,M,F,2025-09-23
17679.0,AW00017679,George,Baker,M,F,2025-12-13
17680.0,AW00017680,Paul,Turner,S,F,2023-05-14
17681.0,AW00017681,Keziah,Jones,S,F,2024-12-25
17682.0,AW00017682,Donna,Clark,S,F,2025-01-22
17683.0,AW00017683,Daniel,Jackson,M,M,2025-09-24
17684.0,AW00017684,Barbara,Phillips,M,F,2024-11-20
17685.0,AW00017685,Paul,White,S,M,2025-08-21
17686.0,AW00017686,Susan,Anderson,S,M,2025-07-20
17687.0,AW00017687,Emily,Walker,S,F,2026-02-04
17688.0,AW00017688,Anthony,Adams,M,F,2024-01-24
17689.0,AW00017689,Keziah,Nelson,S,M,2023-06-10
17690.0,AW00017690,Anthony,Toalii,M,F,2023-05-15
17691.0,AW00017691,Thomas,Hall,M,F,2025-02-15
17692.0,AW00017692,Amanda,Garcia,S,F,2023-01-30
17693.0,AW00017693,Ashley,Martin,S,F,2024-08-16
17694.0,AW00017694,Mary,Mitchell,S,M,2023-05-17
17695.0,AW00017695,Brian,Nime,M,M,2025-10-23
17696.0,AW00017696,Michelle,Manu,M,F,2025-07-12
17697.0,AW00017697,Paul,Thomas,M,F,2025-02-04
17698.0,AW00017698,Baraa,Patel,S,M,2024-10-03
17699.0,AW00017699,Mark,Lee,S,F,2023-12-24
17700.0,AW00017700,Jessica,Lee,S,F,2025-08-15
17701.0,AW00017701,Mark,Clark,M,M,2023-10-03
17702.0,AW00017702,Sione,Taylor,S,F,2024-12-03
17703.0,AW00017703,Ashley,Parker,S,F,2026-03-07
17704.0,AW00017704,Joshua,Jackson,S,F,2023-03-16
17705.0,AW00017705,Thomas,White,M,M,2025-11-01
17706.0,AW00017706,Susan,Lewis,S,M,2026-05-14
17707.0,AW00017707,Richard,White,M,M,2025-02-18
17708.0,AW00017708,Joshua,Wright,M,F,2025-09-10
17709.0,AW00017709,Daniel,Taylor,M,M,2026-05-28
17710.0,AW00017710,Amanda,Wright,M,M,2023-03-07
17711.0,AW00017711,Joshua,Patel,M,M,2023-04-10
17712.0,AW00017712,Nancy,Wright,S,M,2024-09-24
17713.0,AW00017713,Ronald,Allen,S,M,2025-06-26
17714.0,AW00017714,Anthony,Adams,M,M,2025-12-12
17715.0,AW00017715,Sarah,Lewis,S,M,2025-12-30
17716.0,AW00017716,Elizabeth,Lee,S,M,2024-01-19
17717.0,AW00017717,Elizabeth,Smith,M,F,2023-04-04
17718.0,AW00017718,Joseph,Garcia,S,F,2023-07-23
17719.0,AW00017719,John,Baker,S,M,2024-08-24
17720.0,AW00017720,Karen,Taylor,S,M,2024-06-07
17721.0,AW00017721,Charles,Williams,S,M,2024-04-08
17722.0,AW00017722,Michelle,Campbell,M,M,2024-09-16
17723.0,AW00017723,Aroha,Clark,M,M,2025-07-07
17724.0,AW00017724,Robert,Lee,S,M,2026-05-13
17725.0,AW00017725,Andrew,Smith,M,F,2024-10-01
17726.0,AW00017726,John,Thompson,S,M,2025-02-13
17727.0,AW00017727,Ashley,Brown,S,F,2024-04-13
17728.0,AW00017728,Barbara,Anderson,M,M,2023-07-28
17729.0,AW00017729,William,Johnson,M,F,2023-01-08
17730.0,AW00017730,Keziah,Lewis,M,F,2026-02-16
17731.0,AW00017731,Lisa,Hall,S,M,2024-02-14
17732.0,AW00017732,Emily,Campbell,M,M,2024-10-28
17733.0,AW00017733,Patricia,Lee,S,F,2023-07-14
17734.0,AW00017734,Sione,Wilson,M,F,2025-07-21
17735.0,AW00017735,Richard,Davis,M,M,2024-06-14
17736.0,AW00017736,Ronald,Clark,M,M,2025-11-01
17737.0,AW00017737,Michelle,Miller,M,F,2025-02-19
17738.0,AW00017738,Deborah,Smith,M,M,2024-07-30
17739.0,AW00017739,Kimberly,Wright,M,M,2025-03-13
17740.0,AW00017740,William,Adams,M,M,2023-11-24
17741.0,AW00017741,Steven,Patel,M,M,2025-05-22
17742.0,AW00017742,Paul,Kumar,S,M,2025-07-09
17743.0,AW00017743,Linda,Phillips,S,M,2024-03-22
17744.0,AW00017744,Carol,White,M,M,2024-03-09
17745.0,AW00017745,Mark,Jackson,M,F,2024-08-15
17746.0,AW00017746,Malia,Moore,M,F,2025-12-22
17747.0,AW00017747,Barbara,Wilson,M,F,2024-11-23
17748.0,AW00017748,Susan,Brown,M,M,2024-04-18
17749.0,AW00017749,Melissa,Jackson,M,M,2025-01-15
17750.0,AW00017750,Mark,Davis,M,F,2024-04-07
17751.0,AW00017751,Baraa,Nime,M,M,2024-03-04
17752.0,AW00017752,Charles,Smith,M,F,2023-10-10
17753.0,AW00017753,Joshua,Johnson,S,F,2025-04-22
17754.0,AW00017754,Nancy,Kumar,S,F,2023-07-01
17755.0,AW00017755,Anthony,King,S,F,2025-04-01
17756.0,AW00017756,Kenneth,Toalii,M,M,2025-08-20
17757.0,AW00017757,Aroha,Lewis,S,M,2023-01-17
17758.0,AW00017758,Ronald,Anderson,M,M,2024-01-17
17759.0,AW00017759,Jennifer,Moore,M,F,2023-09-12
17760.0,AW00017760,Ashley,Anderson,S,M,2023-07-20
17761.0,AW00017761,Daniel,Jones,M,M,2024-05-03
17762.0,AW00017762,Steven,Miller,M,M,2023-04-21
17763.0,AW00017763,Sione,Jackson,M,M,2023-09-13
17764.0,AW00017764,Paul,Taylor,M,F,2023-04-19
17765.0,AW00017765,Thomas,Thompson,M,M,2025-01-06
17766.0,AW00017766,Timothy,Smith,S,F,2023-05-16
17767.0,AW00017767,Robert,Lee,S,M,2024-02-07
17768.0,AW00017768,Jennifer,Taylor,S,M,2023-01-12
17769.0,AW00017769,Susan,Clark,M,F,2023-11-12
17770.0,AW00017770,Ronald,Clark,M,F,2023-07-09
17771.0,AW00017771,Anthony,Kumar,S,F,2025-06-22
17772.0,AW00017772,Sandra,Jones,M,M,2024-02-21
17773.0,AW00017773,William,Lopez,S,F,2024-01-15
17774.0,AW00017774,Elizabeth,Turner,S,F,2024-12-28
17775.0,AW00017775,Patricia,Miller,S,F,2024-11-25
17776.0,AW00017776,Peter,Green,M,M,2023-07-22
17777.0,AW00017777,Sandra,Davis,M,M,2024-09-23
17778.0,AW00017778,Baraa,Nelson,S,M,2026-04-08
17779.0,AW00017779,Deborah,Phillips,M,F,2023-09-26
17780.0,AW00017780,Ronald,Thomas,M,F,2024-05-08
17781.0,AW00017781,Susan,Nime,M,M,2026-03-28
17782.0,AW00017782,Richard,Moore,M,F,2024-05-10
17783.0,AW00017783,Betty,Thompson,S,F,2025-06-14
17784.0,AW00017784,Keziah,Toalii,S,M,2025-08-12
17785.0,AW00017785,Mary,Campbell,S,M,2024-09-11
17786.0,AW00017786,Betty,Manu,S,M,2026-05-26
17787.0,AW00017787,Malia,Jackson,S,F,2025-05-18
17788.0,AW00017788,Betty,Parker,S,M,2026-02-23
17789.0,AW00017789,Robert,Phillips,S,M,2023-07-11
17790.0,AW00017790,Barbara,Wilson,S,M,2023-02-20
17791.0,AW00017791,Steven,Kumar,M,M,2023-09-09
17792.0,AW00017792,Nancy,Allen,S,M,2023-03-21
17793.0,AW00017793,Kenneth,Moore,S,F,2025-06-09
17794.0,AW00017794,Sarah,Allen,M,F,2026-03-22
17795.0,AW00017795,Mere,Roberts,S,F,2025-05-31
17796.0,AW00017796,Ronald,Miller,S,M,2023-03-30
17797.0,AW00017797,Matthew,King,M,M,2024-11-06
17798.0,AW00017798,Thomas,Miller,M,M,2023-03-06
17799.0,AW00017799,Keziah,Phillips,S,M,2025-05-29
17800.0,AW00017800,Elizabeth,Taylor,S,F,2023-09-09
17801.0,AW00017801,Matthew,Johnson,S,M,2023-09-21
17802.0,AW00017802,Joseph,Moore,M,F,2023-12-12
17803.0,AW00017803,Ronald,Wright,M,F,2025-01-31
17804.0,AW00017804,Jessica,Allen,M,F,2024-10-05
17805.0,AW00017805,Brian,Roberts,M,M,2026-01-30
17806.0,AW00017806,Baraa,Lopez,M,F,2024-06-05
17807.0,AW00017807,Ronald,Davis,M,M,2024-07-14
17808.0,AW00017808,Kimberly,Brown,M,F,2025-01-17
17809.0,AW00017809,Michelle,Baker,S,F,2023-09-01
17810.0,AW00017810,Sione,Hall,M,F,2026-04-30
17811.0,AW00017811,Donna,Wilson,M,M,2025-09-09
17812.0,AW00017812,Mary,Mitchell,M,F,2023-12-20
17813.0,AW00017813,Jason,Parker,M,M,2024-09-19
17814.0,AW00017814,Daniel,Garcia,M,M,2026-04-19
17815.0,AW00017815,Peter,Kumar,S,M,2025-01-31
17816.0,AW00017816,Jessica,Singh,S,M,2026-05-28
17817.0,AW00017817,Robert,Jones,M,M,2023-04-15
17818.0,AW00017818,Tane,Toalii,M,M,2024-05-13
17819.0,AW00017819,Baraa,Scott,S,F,2025-11-03
17820.0,AW00017820,Brian,Anderson,S,F,2024-09-26
17821.0,AW00017821,Donna,King,M,F,2024-04-30
17822.0,AW00017822,George,Davis,M,F,2024-11-07
17823.0,AW00017823,Melissa,Davis,S,M,2024-04-20
17824.0,AW00017824,Jennifer,Adams,M,M,2025-08-20
17825.0,AW00017825,Sandra,Garcia,S,F,2025-10-23
17826.0,AW00017826,Kenneth,Singh,M,F,2024-12-13
17827.0,AW00017827,Daniel,Jackson,M,F,2024-11-26
17828.0,AW00017828,Steven,Wilson,M,M,2026-04-15
17829.0,AW00017829,Brian,Taylor,S,F,2023-08-08
17830.0,AW00017830,Donna,Manu,S,M,2025-10-12
17831.0,AW00017831,Donald,Moore,M,M,2023-11-20
17832.0,AW00017832,Elizabeth,Moore,M,M,2025-09-23
17833.0,AW00017833,Susan,Manu,M,M,2024-08-03
17834.0,AW00017834,Mary,Garcia,S,M,2023-03-30
17835.0,AW00017835,Ashley,Scott,M,F,2025-08-19
17836.0,AW00017836,Malia,Carter,S,F,2023-04-19
17837.0,AW00017837,Charles,Perez,M,M,2025-05-04
17838.0,AW00017838,Karen,Mitchell,M,F,2026-01-10
17839.0,AW00017839,Nancy,Allen,M,M,2025-05-27
17840.0,AW00017840,George,Davis,M,M,2025-01-31
17841.0,AW00017841,George,Patel,S,F,2023-03-27
17842.0,AW00017842,Kenneth,Davis,S,M,2023-02-07
17843.0,AW00017843,Paul,King,S,F,2023-04-19
17844.0,AW00017844,Richard,Moore,M,F,2023-07-18
17845.0,AW00017845,Patricia,Anderson,M,F,2025-09-13
17846.0,AW00017846,Timothy,Baker,M,F,2023-09-05
17847.0,AW00017847,Matthew,Miller,S,F,2025-09-10
17848.0,AW00017848,Michael,Allen,M,M,2024-10-16
17849.0,AW00017849,Tane,Clark,S,M,2024-08-21
17850.0,AW00017850,Melissa,Patel,S,M,2026-04-24
17851.0,AW00017851,William,Parker,M,M,2025-10-02
17852.0,AW00017852,Barbara,Wilson,S,M,2026-03-05
17853.0,AW00017853,Mary,Adams,S,M,2024-02-11
17854.0,AW00017854,Betty,Wright,S,F,2026-02-28
17855.0,AW00017855,Richard,Nime,M,M,2023-02-18
17856.0,AW00017856,Andrew,Lewis,S,F,2025-03-24
17857.0,AW00017857,Donald,Davis,M,F,2024-12-13
17858.0,AW00017858,Patricia,King,M,M,2024-09-21
17859.0,AW00017859,Donald,Williams,M,M,2025-01-04
17860.0,AW00017860,George,Martin,M,F,2023-12-14
17861.0,AW00017861,Andrew,Hall,M,M,2025-05-06
17862.0,AW00017862,Jennifer,Johnson,M,M,2023-05-03
17863.0,AW00017863,Matthew,Brown,S,F,2025-08-25
17864.0,AW00017864,Aroha,Carter,M,F,2026-02-24
17865.0,AW00017865,Kenneth,Manu,M,M,2024-01-09
17866.0,AW00017866,Barbara,King,M,M,2024-08-10
17867.0,AW00017867,John,Turner,S,F,2023-03-28
17868.0,AW00017868,Emily,Adams,M,F,2023-07-28
17869.0,AW00017869,Linda,Clark,S,F,2023-07-24
17870.0,AW00017870,Anthony,Clark,S,F,2025-12-31
17871.0,AW00017871,Kenneth,Scott,S,M,2026-01-20
17872.0,AW00017872,Sione,Wilson,M,M,2025-12-11
17873.0,AW00017873,Mere,Allen,M,M,2025-12-04
17874.0,AW00017874,Steven,Scott,M,F,2024-08-02
17875.0,AW00017875,Keziah,Lewis,S,M,2023-12-30
17876.0,AW00017876,Steven,Moore,S,F,2026-03-07
17877.0,AW00017877,Nancy,Wilson,M,M,2024-11-16
17878.0,AW00017878,William,Ngata,S,F,2025-04-12
17879.0,AW00017879,Tane,Williams,M,F,2023-04-08
17880.0,AW00017880,Jason,Martin,S,F,2023-05-16
17881.0,AW00017881,Amanda,Mitchell,M,F,2025-09-25
17882.0,AW00017882,Peter,Lopez,S,F,2024-01-29
17883.0,AW00017883,Lisa,Martin,S,F,2023-06-23
17884.0,AW00017884,Brian,Singh,M,M,2026-02-26
17885.0,AW00017885,Donald,Walker,S,M,2023-12-02
17886.0,AW00017886,Charles,Lopez,S,F,2026-02-10
17887.0,AW00017887,Betty,Johnson,S,M,2024-01-25
17888.0,AW00017888,Sione,Turner,M,M,2024-06-28
17889.0,AW00017889,Mere,Green,M,M,2023-01-31
17890.0,AW00017890,Keziah,Lopez,M,F,2025-05-18
17891.0,AW00017891,Thomas,Thompson,S,F,2023-10-29
17892.0,AW00017892,Jennifer,Lee,S,F,2023-08-30
17893.0,AW00017893,Matthew,Clark,S,F,2024-05-21
17894.0,AW00017894,Ashley,Garcia,S,F,2023-10-09
17895.0,AW00017895,Thomas,Baker,S,M,2023-08-02
17896.0,AW00017896,Tane,Perez,M,F,2023-03-08
17897.0,AW00017897,Andrew,Carter,S,F,2024-10-01
17898.0,AW00017898,James,Toalii,M,Unknown,2023-12-13
17899.0,AW00017899,Paul,Smith,M,M,2023-06-13
17900.0,AW00017900,Anthony,Brown,M,M,2025-02-15
17901.0,AW00017901,Anthony,Nelson,M,F,2024-05-15
17902.0,AW00017902,Richard,Jones,M,M,2024-07-03
17903.0,AW00017903,Jennifer,Kumar,S,M,2023-02-11
17904.0,AW00017904,Sandra,Campbell,M,M,2024-08-10
17905.0,AW00017905,Deborah,Thomas,M,M,2026-05-02
17906.0,AW00017906,Charles,Jones,M,M,2023-10-31
17907.0,AW00017907,Emily,Johnson,S,M,2025-04-19
17908.0,AW00017908,Malia,Green,S,F,2024-03-21
17909.0,AW00017909,Brian,Miller,S,F,2023-02-02
17910.0,AW00017910,Jason,White,S,M,2025-07-27
17911.0,AW00017911,Kenneth,Parker,S,M,2024-07-25
17912.0,AW00017912,George,Jones,M,F,2025-06-21
17913.0,AW00017913,Lisa,Perez,M,M,2025-07-05
17914.0,AW00017914,Carol,Anderson,M,F,2024-09-07
17915.0,AW00017915,Sione,Kumar,S,M,2025-03-01
17916.0,AW00017916,Joseph,Martin,M,M,2024-10-01
17917.0,AW00017917,Nancy,Perez,S,M,2023-01-27
17918.0,AW00017918,Joseph,Wright,S,M,2025-04-05
17919.0,AW00017919,Mark,Singh,M,M,2025-04-01
17920.0,AW00017920,Linda,Williams,S,F,2024-01-08
17921.0,AW00017921,Keziah,Kumar,M,F,2024-01-27
17922.0,AW00017922,Sione,White,M,F,2025-11-29
17923.0,AW00017923,Baraa,Anderson,M,M,2026-02-28
17924.0,AW00017924,Patricia,Patel,M,M,2026-02-10
17925.0,AW00017925,Jessica,Brown,S,F,2024-08-07
17926.0,AW00017926,Andrew,Jones,M,M,2024-02-29
17927.0,AW00017927,Donald,Kumar,M,F,2025-02-15
17928.0,AW00017928,Karen,Turner,S,M,2024-03-19
17929.0,AW00017929,Donna,Brown,S,M,2026-04-06
17930.0,AW00017930,Donald,Johnson,S,F,2025-05-31
17931.0,AW00017931,Michael,Wright,M,M,2024-01-16
17932.0,AW00017932,Anthony,Campbell,M,M,2025-01-31
17933.0,AW00017933,Thomas,Lewis,M,M,2024-11-10
17934.0,AW00017934,Karen,Clark,M,M,2026-04-23
17935.0,AW00017935,Matthew,Nelson,M,F,2024-04-04
17936.0,AW00017936,Betty,Thompson,S,M,2026-02-21
17937.0,AW00017937,Melissa,Campbell,M,M,2024-10-28
17938.0,AW00017938,Carol,Clark,M,M,2025-10-08
17939.0,AW00017939,Mary,Brown,M,M,2025-03-20
17940.0,AW00017940,Mere,Young,M,F,2025-12-15
17941.0,AW00017941,Elizabeth,Garcia,M,F,2024-06-16
17942.0,AW00017942,Aroha,Scott,S,M,2025-04-01
17943.0,AW00017943,Malia,Clark,S,M,2024-03-06
17944.0,AW00017944,Patricia,Mitchell,S,M,2024-12-07
17945.0,AW00017945,Robert,Davis,M,F,2024-07-06
17946.0,AW00017946,Peter,Carter,M,M,2025-01-24
17947.0,AW00017947,Nancy,Carter,S,F,2023-10-04
17948.0,AW00017948,Susan,Phillips,S,M,2024-05-16
17949.0,AW00017949,Jessica,Carter,S,M,2025-10-23
17950.0,AW00017950,Linda,Baker,M,M,2024-12-26
17951.0,AW00017951,Sandra,Lopez,S,F,2025-08-24
17952.0,AW00017952,Charles,Jackson,S,F,2026-04-22
17953.0,AW00017953,James,Miller,S,M,2023-05-17
17954.0,AW00017954,Timothy,Lewis,S,M,2025-12-27
17955.0,AW00017955,Patricia,Adams,S,M,2025-02-11
17956.0,AW00017956,Baraa,Baker,M,M,2025-12-24
17957.0,AW00017957,Peter,Singh,M,M,2024-02-25
17958.0,AW00017958,Ashley,Nime,M,M,2025-03-24
17959.0,AW00017959,Baraa,Taylor,M,F,2024-01-14
17960.0,AW00017960,Joshua,Moore,M,F,2026-01-23
17961.0,AW00017961,Malia,Roberts,S,F,2023-10-17
17962.0,AW00017962,Deborah,Hall,M,M,2023-03-17
17963.0,AW00017963,Anthony,Wilson,M,F,2025-05-10
17964.0,AW00017964,Lisa,Garcia,M,F,2023-06-16
17965.0,AW00017965,Paul,Moore,S,M,2025-07-22
17966.0,AW00017966,Joshua,Thomas,S,F,2023-11-17
17967.0,AW00017967,John,Campbell,M,F,2023-04-18
17968.0,AW00017968,Charles,Jones,S,M,2025-07-01
17969.0,AW00017969,Joshua,Williams,S,M,2023-11-11
17970.0,AW00017970,Donald,King,M,M,2023-04-19
17971.0,AW00017971,Betty,King,M,F,2024-04-04
17972.0,AW00017972,Lisa,Parker,S,F,2024-12-14
17973.0,AW00017973,Melissa,Campbell,S,F,2025-08-18
17974.0,AW00017974,Jennifer,Clark,S,F,2023-04-07
17975.0,AW00017975,Joshua,Adams,M,F,2024-08-07
17976.0,AW00017976,James,Walker,M,F,2025-02-21
17977.0,AW00017977,Deborah,Parker,S,F,2024-04-11
17978.0,AW00017978,Michael,Thompson,S,F,2024-06-11
17979.0,AW00017979,Steven,Green,S,M,2024-06-28
17980.0,AW00017980,Sarah,Adams,S,M,2023-07-31
17981.0,AW00017981,Joshua,Toalii,S,M,2024-02-25
17982.0,AW00017982,Kenneth,Adams,S,F,2024-03-19
17983.0,AW00017983,Brian,Hall,M,M,2025-08-22
17984.0,AW00017984,Malia,Baker,M,M,2024-08-13
17985.0,AW00017985,Joseph,Moore,M,M,2023-09-06
17986.0,AW00017986,Aroha,Brown,M,M,2024-03-12
17987.0,AW00017987,Emily,Allen,S,F,2023-02-19
17988.0,AW00017988,Richard,Phillips,M,F,2025-04-02
17989.0,AW00017989,Ashley,Young,M,F,2024-06-20
17990.0,AW00017990,Michelle,Anderson,S,F,2024-10-05
17991.0,AW00017991,Donald,Jones,M,F,2025-02-26
17992.0,AW00017992,Paul,Ngata,S,M,2024-10-09
17993.0,AW00017993,Matthew,Smith,M,F,2024-06-17
17994.0,AW00017994,Steven,White,M,F,2026-03-02
17995.0,AW00017995,Melissa,Adams,S,M,2024-02-23
17996.0,AW00017996,Mary,Adams,M,F,2024-07-12
17997.0,AW00017997,Mere,Miller,M,F,2024-08-25
17998.0,AW00017998,Paul,Scott,S,M,2023-06-27
17999.0,AW00017999,Thomas,Patel,S,M,2025-08-23
18000.0,AW00018000,Steven,Nelson,M,M,2024-02-26
18001.0,AW00018001,Patricia,Taylor,M,M,2023-05-25
18002.0,AW00018002,Malia,Wright,S,M,2024-12-27
18003.0,AW00018003,Donald,Kumar,M,M,2025-05-12
18004.0,AW00018004,Joshua,Jackson,S,M,2023-07-13
18005.0,AW00018005,Donald,Thompson,S,M,2023-07-15
18006.0,AW00018006,Donald,Wilson,M,M,2023-10-14
18007.0,AW00018007,Deborah,Clark,M,F,2023-11-10
18008.0,AW00018008,Sione,Perez,M,F,2024-04-25
18009.0,AW00018009,Patricia,Taylor,M,F,2024-11-29
18010.0,AW00018010,Mary,Nelson,S,M,2023-11-04
18011.0,AW00018011,Charles,Wilson,S,F,2023-05-16
18012.0,AW00018012,Aroha,Davis,M,F,2023-10-13
18013.0,AW00018013,Elizabeth,Williams,M,M,2024-01-18
18014.0,AW00018014,Keziah,Walker,S,M,2023-02-03
18015.0,AW00018015,Matthew,Mitchell,S,F,2024-08-08
18016.0,AW00018016,George,King,M,F,2025-11-07
18017.0,AW00018017,Elizabeth,Perez,M,F,2025-04-24
18018.0,AW00018018,Ashley,Moore,S,M,2023-02-12
18019.0,AW00018019,Stephanie,Brown,M,M,2024-08-06
18020.0,AW00018020,Anthony,Carter,S,M,2023-10-08
18021.0,AW00018021,Carol,Wilson,M,M,2024-07-26
18022.0,AW00018022,Lisa,King,S,F,2026-03-11
18023.0,AW00018023,Michelle,Manu,M,F,2023-10-16
18024.0,AW00018024,Timothy,Williams,S,M,2023-11-30
18025.0,AW00018025,Rebecca,Miller,M,M,2024-06-12
18026.0,AW00018026,Daniel,Hall,S,F,2024-12-20
18027.0,AW00018027,Joseph,Hall,S,M,2024-08-26
18028.0,AW00018028,Ronald,Allen,S,F,2025-09-24
18029.0,AW00018029,Baraa,Williams,M,F,2025-08-15
18030.0,AW00018030,Charles,Garcia,S,M,2023-06-21
18031.0,AW00018031,Amanda,Allen,M,M,2025-06-26
18032.0,AW00018032,Deborah,Ngata,S,F,2024-08-19
18033.0,AW00018033,Linda,Lewis,S,M,2026-01-29
18034.0,AW00018034,Patricia,Martin,S,M,2024-06-27
18035.0,AW00018035,Ashley,Carter,M,M,2023-05-11
18036.0,AW00018036,Rebecca,Lewis,M,M,2023-12-03
18037.0,AW00018037,Charles,Martin,S,M,2025-10-01
18038.0,AW00018038,Karen,Davis,S,M,2024-09-22
18039.0,AW00018039,Joseph,Nime,S,M,2024-01-21
18040.0,AW00018040,Patricia,Parker,S,M,2024-02-06
18041.0,AW00018041,Richard,Moore,M,M,2026-01-28
18042.0,AW00018042,Baraa,Clark,S,M,2024-01-08
18043.0,AW00018043,Brian,Carter,M,M,2024-04-05
18044.0,AW00018044,Barbara,Young,S,M,2024-07-20
18045.0,AW00018045,Mary,Singh,M,F,2026-04-23
18046.0,AW00018046,Donna,Clark,S,M,2025-12-30
18047.0,AW00018047,Linda,Manu,S,F,2025-11-12
18048.0,AW00018048,Ronald,Nelson,M,M,2025-02-21
18049.0,AW00018049,Thomas,Singh,M,F,2023-07-30
18050.0,AW00018050,Mary,Young,M,F,2025-09-29
18051.0,AW00018051,Aroha,Kumar,S,M,2024-08-08
18052.0,AW00018052,Malia,Parker,S,F,2023-10-27
18053.0,AW00018053,Jennifer,King,M,F,2023-09-28
18054.0,AW00018054,Emily,Patel,S,F,2025-06-11
18055.0,AW00018055,Sarah,Thompson,S,M,2025-12-19
18056.0,AW00018056,Linda,Lopez,M,F,2024-06-16
18057.0,AW00018057,Donna,Manu,S,M,2025-01-06
18058.0,AW00018058,Betty,Davis,M,M,2025-09-01
18059.0,AW00018059,Deborah,Green,S,F,2023-11-30
18060.0,AW00018060,Malia,Thomas,S,M,2026-05-30
18061.0,AW00018061,Karen,Miller,S,M,2026-04-23
18062.0,AW00018062,Barbara,Campbell,S,M,2025-08-07
18063.0,AW00018063,Elizabeth,Jones,M,M,2025-09-09
18064.0,AW00018064,Richard,Walker,M,F,2023-08-31
18065.0,AW00018065,Lisa,Perez,M,M,2023-04-26
18066.0,AW00018066,Michelle,Green,M,M,2024-12-27
18067.0,AW00018067,Sandra,Ngata,M,M,2024-06-30
18068.0,AW00018068,Mary,Campbell,M,F,2023-02-19
18069.0,AW00018069,Matthew,Thomas,S,M,2023-01-12
18070.0,AW00018070,Susan,Smith,S,M,2024-06-18
18071.0,AW00018071,Timothy,Smith,M,M,2025-01-17
18072.0,AW00018072,Mere,Roberts,M,M,2025-02-15
18073.0,AW00018073,Aroha,Scott,M,F,2023-10-11
18074.0,AW00018074,George,Carter,S,M,2026-01-01
18075.0,AW00018075,Aroha,Green,M,F,2023-08-19
18076.0,AW00018076,Timothy,Taylor,M,F,2025-05-22
18077.0,AW00018077,Joshua,King,M,F,2025-07-08
18078.0,AW00018078,Mark,White,M,M,2026-03-27
18079.0,AW00018079,Rebecca,Davis,M,F,2026-01-12
18080.0,AW00018080,Timothy,Campbell,S,F,2024-06-28
18081.0,AW00018081,Baraa,White,M,M,2025-02-28
18082.0,AW00018082,Sione,Davis,S,F,2024-04-25
18083.0,AW00018083,David,Phillips,S,F,2025-05-21
18084.0,AW00018084,Karen,Baker,S,M,2025-02-19
18085.0,AW00018085,Keziah,Manu,M,M,2024-12-11
18086.0,AW00018086,Paul,Clark,S,F,2023-09-25
18087.0,AW00018087,Carol,Martin,S,M,2023-09-19
18088.0,AW00018088,Kimberly,Scott,M,M,2025-01-09
18089.0,AW00018089,Daniel,Singh,M,M,2024-11-07
18090.0,AW00018090,Charles,Thomas,M,M,2023-09-05
18091.0,AW00018091,Keziah,Green,M,M,2024-02-16
18092.0,AW00018092,Paul,Garcia,S,M,2023-08-27
18093.0,AW00018093,David,Anderson,M,F,2024-02-13
18094.0,AW00018094,Carol,Jones,M,M,2024-05-08
18095.0,AW00018095,Charles,Thompson,S,F,2023-09-17
18096.0,AW00018096,Emily,Adams,S,F,2023-12-07
18097.0,AW00018097,Baraa,Miller,M,M,2025-02-25
18098.0,AW00018098,Donald,Clark,M,F,2023-03-08
18099.0,AW00018099,Linda,Allen,S,F,2024-08-29
18100.0,AW00018100,Elizabeth,Campbell,S,F,2024-02-05
18101.0,AW00018101,Mark,Manu,M,M,2023-11-09
18102.0,AW00018102,Rebecca,Garcia,M,F,2024-09-17
18103.0,AW00018103,Jessica,Parker,S,M,2025-10-22
18104.0,AW00018104,Peter,Moore,M,M,2024-07-17
18105.0,AW00018105,Charles,Anderson,M,M,2025-12-09
18106.0,AW00018106,David,Thomas,M,F,2024-01-31
18107.0,AW00018107,Jason,Baker,S,M,2025-02-26
18108.0,AW00018108,Mark,Phillips,S,F,2024-02-20
18109.0,AW00018109,Ashley,Carter,S,M,2024-02-29
18110.0,AW00018110,Elizabeth,Lewis,M,F,2024-10-07
18111.0,AW00018111,Sarah,Phillips,M,M,2026-03-06
18112.0,AW00018112,Susan,Lee,S,M,2025-06-23
18113.0,AW00018113,Steven,Jones,M,M,2023-04-21
18114.0,AW00018114,Jennifer,King,M,M,2026-04-11
18115.0,AW00018115,George,King,S,M,2025-09-28
18116.0,AW00018116,Charles,Toalii,S,F,2023-08-08
18117.0,AW00018117,Mary,Jones,M,M,2025-02-22
18118.0,AW00018118,Paul,Taylor,M,F,2026-03-27
18119.0,AW00018119,Barbara,Jones,S,F,2026-02-15
18120.0,AW00018120,Sione,Manu,S,M,2023-10-21
18121.0,AW00018121,Donna,Walker,S,F,2024-10-24
18122.0,AW00018122,Deborah,Singh,S,F,2023-02-15
18123.0,AW00018123,Mark,Wright,S,F,2025-07-28
18124.0,AW00018124,Betty,Phillips,S,F,2024-02-15
18125.0,AW00018125,Jessica,Miller,M,M,2024-02-08
18126.0,AW00018126,Melissa,Williams,M,F,2025-06-27
18127.0,AW00018127,Jennifer,Nime,S,F,2025-04-04
18128.0,AW00018128,Donna,Roberts,S,F,2023-06-29
18129.0,AW00018129,Sione,Walker,S,F,2024-04-26
18130.0,AW00018130,Michelle,Miller,M,M,2025-10-23
18131.0,AW00018131,David,Patel,M,M,2025-09-09
18132.0,AW00018132,Michelle,Garcia,S,F,2024-08-27
18133.0,AW00018133,James,Parker,S,F,2025-02-11
18134.0,AW00018134,Michael,Green,M,M,2024-12-18
18135.0,AW00018135,Daniel,Scott,M,F,2024-08-13
18136.0,AW00018136,Rebecca,Toalii,M,F,2024-09-04
18137.0,AW00018137,Thomas,Wright,M,M,2025-01-12
18138.0,AW00018138,Charles,Ngata,M,M,2025-05-24
18139.0,AW00018139,Baraa,Lopez,S,F,2025-10-21
18140.0,AW00018140,Keziah,Parker,S,M,2023-07-09
18141.0,AW00018141,Mary,King,S,F,2025-04-12
18142.0,AW00018142,John,Adams,M,M,2024-08-06
18143.0,AW00018143,Stephanie,Davis,M,M,2024-01-08
18144.0,AW00018144,Karen,Garcia,M,F,2023-02-24
18145.0,AW00018145,James,Turner,S,F,2025-04-26
18146.0,AW00018146,Michael,Wright,M,M,2024-07-09
18147.0,AW00018147,Nancy,Jones,S,M,2024-11-19
18148.0,AW00018148,William,Lee,M,F,2024-01-01
18149.0,AW00018149,Timothy,Williams,M,M,2023-12-06
18150.0,AW00018150,Ronald,Manu,M,M,2026-03-24
18151.0,AW00018151,Keziah,Brown,S,F,2025-09-26
18152.0,AW00018152,Daniel,Clark,S,M,2023-08-30
18153.0,AW00018153,Malia,Lewis,M,M,2023-12-03
18154.0,AW00018154,Timothy,Young,M,F,2024-10-27
18155.0,AW00018155,Patricia,Carter,M,M,2024-07-27
18156.0,AW00018156,Susan,Garcia,S,F,2024-01-08
18157.0,AW00018157,Robert,Walker,M,F,2024-04-14
18158.0,AW00018158,Mere,Green,S,F,2025-09-01
18159.0,AW00018159,Melissa,Nime,M,F,2026-04-26
18160.0,AW00018160,Patricia,Clark,M,M,2026-02-10
18161.0,AW00018161,Ronald,Jackson,M,M,2025-03-26
18162.0,AW00018162,Betty,Toalii,S,M,2024-03-25
18163.0,AW00018163,Brian,King,M,M,2026-02-16
18164.0,AW00018164,Thomas,Baker,M,M,2024-05-31
18165.0,AW00018165,Aroha,Kumar,S,F,2025-07-25
18166.0,AW00018166,Anthony,Singh,M,F,2026-01-09
18167.0,AW00018167,Baraa,Davis,S,M,2024-10-12
18168.0,AW00018168,Thomas,Walker,S,F,2025-03-09
18169.0,AW00018169,Timothy,Wilson,M,M,2025-10-30
18170.0,AW00018170,Michael,Mitchell,S,F,2024-07-12
18171.0,AW00018171,Kimberly,Martin,M,M,2026-03-02
18172.0,AW00018172,Sione,Toalii,M,F,2023-05-15
18173.0,AW00018173,Jessica,Anderson,M,M,2025-12-31
18174.0,AW00018174,Peter,Scott,M,M,2024-12-04
18175.0,AW00018175,Michael,Lee,S,M,2023-02-26
18176.0,AW00018176,George,Manu,M,F,2024-10-12
18177.0,AW00018177,Richard,Taylor,S,M,2025-08-11
18178.0,AW00018178,Nancy,Scott,S,M,2024-03-16
18179.0,AW00018179,Andrew,Parker,M,M,2026-04-16
18180.0,AW00018180,Robert,Anderson,S,F,2024-04-23
18181.0,AW00018181,Kenneth,Thomas,M,M,2026-03-12
18182.0,AW00018182,Carol,Young,S,M,2025-07-18
18183.0,AW00018183,Charles,Wright,S,M,2025-05-12
18184.0,AW00018184,Deborah,Clark,M,M,2023-07-02
18185.0,AW00018185,Timothy,Smith,S,M,2024-01-27
18186.0,AW00018186,Nancy,Williams,M,M,2023-04-27
18187.0,AW00018187,Rebecca,Campbell,M,F,2025-09-05
18188.0,AW00018188,Timothy,Jones,S,F,2023-02-16
18189.0,AW00018189,Tane,White,M,F,2025-05-10
18190.0,AW00018190,Anthony,Miller,M,F,2024-10-17
18191.0,AW00018191,Steven,Adams,M,F,2024-10-19
18192.0,AW00018192,Brian,King,S,F,2026-04-17
18193.0,AW00018193,David,Thomas,M,M,2024-01-18
18194.0,AW00018194,Aroha,Hall,M,M,2024-10-26
18195.0,AW00018195,Ronald,Scott,S,F,2023-10-18
18196.0,AW00018196,Anthony,Manu,M,M,2025-02-10
18197.0,AW00018197,Emily,Moore,S,F,2025-08-13
18198.0,AW00018198,Jennifer,Anderson,S,F,2023-04-28
18199.0,AW00018199,John,Smith,M,M,2024-07-24
18200.0,AW00018200,Timothy,Garcia,M,M,2026-05-02
18201.0,AW00018201,Michael,Phillips,S,F,2024-08-16
18202.0,AW00018202,Malia,Johnson,S,F,2024-04-08
18203.0,AW00018203,Mary,Jones,M,M,2026-01-14
18204.0,AW00018204,Charles,Phillips,M,F,2026-02-07
18205.0,AW00018205,John,Williams,S,M,2023-03-11
18206.0,AW00018206,Thomas,Campbell,S,M,2024-08-16
18207.0,AW00018207,Nancy,Toalii,S,M,2025-02-25
18208.0,AW00018208,Timothy,Lopez,M,M,2023-07-12
18209.0,AW00018209,John,Walker,M,F,2025-03-26
18210.0,AW00018210,Donald,Campbell,M,F,2024-08-01
18211.0,AW00018211,Malia,Young,S,M,2023-05-24
18212.0,AW00018212,Karen,Nelson,S,F,2025-08-20
18213.0,AW00018213,Michelle,Young,S,F,2023-12-16
18214.0,AW00018214,Patricia,Allen,M,M,2025-09-16
18215.0,AW00018215,Mark,Phillips,M,F,2023-10-26
18216.0,AW00018216,Thomas,Anderson,S,M,2023-03-19
18217.0,AW00018217,Rebecca,Parker,M,M,2024-01-21
18218.0,AW00018218,George,King,S,F,2023-01-13
18219.0,AW00018219,Sandra,King,M,M,2025-09-02
18220.0,AW00018220,Richard,Nelson,S,M,2024-02-10
18221.0,AW00018221,Matthew,Miller,S,F,2023-04-25
18222.0,AW00018222,Ronald,Lopez,M,F,2026-05-12
18223.0,AW00018223,Mere,Campbell,M,F,2024-06-02
18224.0,AW00018224,Ronald,King,M,F,2024-05-02
18225.0,AW00018225,Jennifer,Moore,S,M,2023-02-26
18226.0,AW00018226,Jennifer,Campbell,S,F,2023-11-09
18227.0,AW00018227,Charles,Green,S,F,2026-03-11
18228.0,AW00018228,Ronald,Scott,M,F,2026-04-17
18229.0,AW00018229,Timothy,Carter,S,M,2025-08-30
18230.0,AW00018230,James,Clark,S,F,2023-09-05
18231.0,AW00018231,Michael,Walker,S,F,2025-03-21
18232.0,AW00018232,Kenneth,Nelson,S,M,2026-03-22
18233.0,AW00018233,Patricia,Lee,M,F,2024-02-23
18234.0,AW00018234,Emily,Turner,S,M,2023-04-02
18235.0,AW00018235,Mere,White,S,F,2024-07-26
18236.0,AW00018236,Karen,Davis,M,F,2023-11-25
18237.0,AW00018237,Tane,Wilson,M,M,2023-04-08
18238.0,AW00018238,Donna,Ngata,S,M,2026-03-01
18239.0,AW00018239,Matthew,Hall,S,F,2024-01-21
18240.0,AW00018240,Susan,Davis,M,F,2023-12-30
18241.0,AW00018241,Carol,Singh,M,F,2025-09-18
18242.0,AW00018242,Malia,Baker,S,F,2026-03-27
18243.0,AW00018243,Jessica,Jackson,S,F,2024-06-27
18244.0,AW00018244,John,Smith,S,F,2024-07-14
18245.0,AW00018245,Susan,Adams,S,M,2024-11-04
18246.0,AW00018246,Amanda,Singh,S,F,2024-11-30
18247.0,AW00018247,Donna,Garcia,M,F,2025-12-28
18248.0,AW00018248,Michelle,Nelson,S,M,2025-09-10
18249.0,AW00018249,Daniel,Roberts,M,F,2023-04-24
18250.0,AW00018250,Lisa,Ngata,S,M,2023-05-24
18251.0,AW00018251,Donald,Kumar,M,F,2024-07-22
18252.0,AW00018252,Jennifer,Hall,M,M,2026-01-22
18253.0,AW00018253,Melissa,Jackson,S,F,2023-07-18
18254.0,AW00018254,Ashley,Hall,S,M,2025-04-25
18255.0,AW00018255,Amanda,Nime,S,M,2024-07-26
18256.0,AW00018256,Kenneth,King,S,M,2023-06-08
18257.0,AW00018257,Timothy,Thompson,S,F,2024-12-07
18258.0,AW00018258,Karen,Martin,S,M,2025-05-28
18259.0,AW00018259,Jessica,Smith,M,F,2024-07-17
18260.0,AW00018260,Mark,Campbell,M,M,2025-10-09
18261.0,AW00018261,Nancy,Carter,M,F,2023-04-13
18262.0,AW00018262,Daniel,Manu,M,F,2025-04-25
18263.0,AW00018263,Joseph,Toalii,M,F,2025-02-23
18264.0,AW00018264,William,Williams,S,F,2024-04-20
18265.0,AW00018265,Jessica,Smith,M,F,2023-12-09
18266.0,AW00018266,Elizabeth,Thomas,S,,2025-01-16
18267.0,AW00018267,Donald,Young,M,M,2023-08-15
18268.0,AW00018268,Joseph,Allen,M,F,2025-03-15
18269.0,AW00018269,Richard,Williams,S,M,2025-02-09
18270.0,AW00018270,Ashley,Garcia,S,F,2025-08-08
18271.0,AW00018271,Kenneth,Roberts,M,F,2025-02-20
18272.0,AW00018272,Linda,Williams,S,M,2026-02-13
18273.0,AW00018273,Emily,Parker,M,M,2023-10-23
18274.0,AW00018274,James,Nime,M,M,2025-11-04
18275.0,AW00018275,Barbara,Turner,S,F,2023-02-16
18276.0,AW00018276,Nancy,Brown,S,F,2023-10-27
18277.0,AW00018277,Baraa,Lewis,S,F,2026-02-08
18278.0,AW00018278,Robert,Singh,M,M,2025-04-10
18279.0,AW00018279,Brian,Lewis,M,M,2026-04-14
18280.0,AW00018280,Aroha,Roberts,M,M,2025-01-08
18281.0,AW00018281,William,Patel,S,M,2023-10-22
18282.0,AW00018282,Ronald,Campbell,M,M,2024-01-25
18283.0,AW00018283,George,Lewis,M,F,2025-03-12
18284.0,AW00018284,Elizabeth,Parker,M,M,2026-01-26
18285.0,AW00018285,Sandra,Patel,M,M,2024-12-26
18286.0,AW00018286,Betty,Wright,S,F,2024-04-07
18287.0,AW00018287,Lisa,Jackson,M,F,2026-01-13
18288.0,AW00018288,Elizabeth,Toalii,M,M,2023-12-21
18289.0,AW00018289,Andrew,Hall,S,F,2026-01-05
18290.0,AW00018290,Amanda,Hall,S,M,2023-08-21
18291.0,AW00018291,Sione,Moore,S,F,2025-07-31
18292.0,AW00018292,Rebecca,Mitchell,S,F,2024-12-08
18293.0,AW00018293,David,Green,S,F,2023-11-10
18294.0,AW00018294,Keziah,Nime,S,M,2023-11-06
18295.0,AW00018295,Betty,Thomas,S,F,2023-09-05
18296.0,AW00018296,Charles,Miller,M,F,2023-09-20
18297.0,AW00018297,Aroha,Lee,S,F,2023-12-08
18298.0,AW00018298,Andrew,Baker,M,M,2023-10-26
18299.0,AW00018299,Michael,Green,M,M,2023-01-03
18300.0,AW00018300,Jessica,Johnson,M,M,2026-02-25
18301.0,AW00018301,George,Johnson,S,M,2025-05-21
18302.0,AW00018302,Linda,Kumar,M,F,2024-07-16
18303.0,AW00018303,Elizabeth,Carter,M,M,2023-02-12
18304.0,AW00018304,Mere,Wilson,M,M,2024-07-31
18305.0,AW00018305,Elizabeth,Mitchell,M,M,2025-03-10
18306.0,AW00018306,Thomas,Kumar,M,F,2023-11-15
18307.0,AW00018307,Susan,Wright,M,F,2026-01-29
18308.0,AW00018308,James,Martin,S,M,2025-01-05
18309.0,AW00018309,Jason,Phillips,M,M,2023-06-03
18310.0,AW00018310,Brian,Smith,S,F,2023-04-17
18311.0,AW00018311,Thomas,Johnson,M,M,2023-09-08
18312.0,AW00018312,Joshua,Smith,S,M,2023-09-18
18313.0,AW00018313,Timothy,Martin,S,F,2023-07-26
18314.0,AW00018314,Brian,Wright,M,F,2024-11-19
18315.0,AW00018315,Anthony,Singh,M,M,2023-10-01
18316.0,AW00018316,Paul,Scott,M,M,2023-11-22
18317.0,AW00018317,Daniel,White,M,F,2023-12-07
18318.0,AW00018318,Sandra,Baker,M,F,2023-01-24
18319.0,AW00018319,Melissa,Lopez,S,M,2024-03-03
18320.0,AW00018320,Karen,Scott,S,F,2024-06-06
18321.0,AW00018321,Brian,Carter,S,M,2023-02-09
18322.0,AW00018322,Charles,Taylor,M,M,2025-02-10
18323.0,AW00018323,George,Jones,S,M,2023-07-18
18324.0,AW00018324,Deborah,Wilson,M,M,2024-02-11
18325.0,AW00018325,Jennifer,Anderson,M,M,2026-03-27
18326.0,AW00018326,Deborah,Nelson,S,F,2025-01-06
18327.0,AW00018327,Richard,Toalii,M,M,2026-01-08
18328.0,AW00018328,William,Phillips,S,M,2025-11-20
18329.0,AW00018329,Baraa,Ngata,M,F,2023-11-24
18330.0,AW00018330,Barbara,Baker,S,F,2024-10-27
18331.0,AW00018331,Ronald,Scott,M,M,2025-07-08
18332.0,AW00018332,Patricia,Lewis,S,F,2023-08-10
18333.0,AW00018333,Tane,Manu,M,M,2024-01-14
18334.0,AW00018334,Baraa,Martin,S,F,2025-12-27
18335.0,AW00018335,Tane,Williams,S,F,2026-05-23
18336.0,AW00018336,Steven,Davis,S,M,2026-02-20
18337.0,AW00018337,John,Nelson,M,M,2025-06-04
18338.0,AW00018338,Robert,Adams,S,M,2024-05-24
18339.0,AW00018339,Andrew,Williams,M,F,2023-02-06
18340.0,AW00018340,Rebecca,Brown,M,M,2024-08-24
18341.0,AW00018341,Thomas,Patel,M,F,2023-05-05
18342.0,AW00018342,Elizabeth,Campbell,S,M,2024-12-03
18343.0,AW00018343,Matthew,Toalii,S,M,2023-05-27
18344.0,AW00018344,Anthony,Jackson,S,F,2026-05-19
18345.0,AW00018345,Matthew,Lopez,M,M,2024-09-14
18346.0,AW00018346,Donna,Allen,S,M,2025-10-02
18347.0,AW00018347,Michelle,Kumar,S,M,2025-11-27
18348.0,AW00018348,Elizabeth,Adams,S,M,2025-07-12
18349.0,AW00018349,Andrew,Lopez,S,M,2025-04-05
18350.0,AW00018350,Charles,Scott,S,F,2024-06-23
18351.0,AW00018351,Rebecca,Lewis,M,M,2023-12-05
18352.0,AW00018352,Paul,Taylor,S,M,2024-06-12
18353.0,AW00018353,Aroha,Manu,S,F,2026-03-31
18354.0,AW00018354,Emily,Thompson,S,M,2024-11-15
18355.0,AW00018355,Deborah,Taylor,S,F,2023-03-18
18356.0,AW00018356,Linda,Williams,M,M,2026-05-26
18357.0,AW00018357,Sione,Perez,S,M,2025-10-28
18358.0,AW00018358,Matthew,Williams,M,F,2025-05-28
18359.0,AW00018359,Kenneth,Thomas,S,M,2026-05-04
18360.0,AW00018360,Patricia,Patel,M,Unknown,2024-04-10
18361.0,AW00018361,Mere,Hall,M,M,2024-01-25
18362.0,AW00018362,Sandra,Scott,S,F,2024-03-14
18363.0,AW00018363,Ronald,Davis,M,M,2025-08-03
18364.0,AW00018364,John,Jackson,S,M,2026-04-23
18365.0,AW00018365,Michelle,Jackson,M,M,2023-02-23
18366.0,AW00018366,William,Moore,S,M,2024-10-28
18367.0,AW00018367,Michelle,Thompson,M,M,2025-04-02
18368.0,AW00018368,Ronald,Young,S,M,2025-07-24
18369.0,AW00018369,Elizabeth,Allen,S,M,2026-01-05
18370.0,AW00018370,Jason,Adams,M,M,2024-08-26
18371.0,AW00018371,Barbara,Scott,S,F,2024-01-29
18372.0,AW00018372,John,Jones,S,F,2025-09-06
18373.0,AW00018373,Thomas,Williams,S,M,2024-01-14
18374.0,AW00018374,David,Lopez,M,F,2023-01-09
18375.0,AW00018375,Betty,Johnson,S,M,2026-04-25
18376.0,AW00018376,Karen,Singh,S,F,2023-09-23
18377.0,AW00018377,Emily,Walker,M,M,2024-12-26
18378.0,AW00018378,Sarah,Perez,S,M,2025-11-10
18379.0,AW00018379,Timothy,Adams,M,M,2023-06-01
18380.0,AW00018380,Ashley,Miller,S,F,2024-12-17
18381.0,AW00018381,Timothy,Walker,S,F,2025-03-17
18382.0,AW00018382,Jason,Toalii,S,F,2024-05-08
18383.0,AW00018383,Mark,Davis,M,M,2024-12-12
18384.0,AW00018384,Thomas,Jackson,S,M,2026-02-11
18385.0,AW00018385,John,Turner,M,F,2024-01-19
18386.0,AW00018386,Ashley,Ngata,M,F,2023-03-29
18387.0,AW00018387,Aroha,Wilson,M,M,2024-07-17
18388.0,AW00018388,Jessica,Moore,S,M,2025-11-18
18389.0,AW00018389,Jennifer,Clark,M,M,2024-12-02
18390.0,AW00018390,Sarah,Jones,S,F,2023-03-19
18391.0,AW00018391,Michael,Carter,S,M,2023-08-02
18392.0,AW00018392,Mere,Scott,M,M,2025-07-18
18393.0,AW00018393,Patricia,Perez,M,M,2024-06-28
18394.0,AW00018394,Paul,Scott,M,M,2025-07-12
18395.0,AW00018395,Brian,Green,M,F,2023-02-18
18396.0,AW00018396,Emily,Lopez,M,F,2025-01-31
18397.0,AW00018397,Amanda,Thomas,M,F,2023-12-10
18398.0,AW00018398,Kimberly,White,S,F,2023-08-12
18399.0,AW00018399,Andrew,Lewis,M,M,2025-05-09
18400.0,AW00018400,Joseph,Phillips,M,M,2024-02-04
18401.0,AW00018401,Karen,Brown,S,M,2025-05-08
18402.0,AW00018402,Betty,Lewis,M,M,2023-11-01
18403.0,AW00018403,Michael,King,S,M,2023-07-07
18404.0,AW00018404,Donna,Nime,M,M,2025-10-25
18405.0,AW00018405,Paul,Lee,M,M,2026-01-11
18406.0,AW00018406,Karen,Jones,M,M,2023-09-08
18407.0,AW00018407,Matthew,Scott,S,F,2023-01-31
18408.0,AW00018408,Barbara,Singh,S,F,2023-12-10
18409.0,AW00018409,Thomas,Lewis,S,F,2024-02-22
18410.0,AW00018410,Jessica,Brown,S,F,2025-10-10
18411.0,AW00018411,Charles,Allen,S,M,2024-09-05
18412.0,AW00018412,Melissa,Green,S,M,2025-08-18
18413.0,AW00018413,Melissa,Jones,M,F,2025-12-12
18414.0,AW00018414,Daniel,Toalii,S,M,2025-11-21
18415.0,AW00018415,Peter,Clark,M,F,2025-03-11
18416.0,AW00018416,Elizabeth,Jackson,M,M,2023-02-27
18417.0,AW00018417,Karen,Adams,S,F,2024-01-08
18418.0,AW00018418,Joseph,White,S,F,2024-07-07
18419.0,AW00018419,Mere,Carter,M,F,2023-07-06
18420.0,AW00018420,Betty,Moore,M,M,2025-03-15
18421.0,AW00018421,Paul,Thomas,S,M,2025-04-10
18422.0,AW00018422,James,Anderson,S,F,2025-12-08
18423.0,AW00018423,Jennifer,Nime,S,F,2023-02-10
18424.0,AW00018424,Kimberly,Walker,M,F,2024-11-11
18425.0,AW00018425,Malia,Lopez,S,F,2023-12-19
18426.0,AW00018426,Patricia,Walker,M,F,2025-07-27
18427.0,AW00018427,Donna,Jackson,S,M,2025-10-08
18428.0,AW00018428,Susan,Carter,M,F,2023-10-09
18429.0,AW00018429,Andrew,Toalii,S,F,2025-10-25
18430.0,AW00018430,Ashley,Smith,M,F,2023-02-16
18431.0,AW00018431,Tane,Smith,S,F,2024-11-10
18432.0,AW00018432,Michelle,Young,M,F,2023-11-21
18433.0,AW00018433,Steven,Parker,S,M,2023-01-07
18434.0,AW00018434,Jason,Clark,M,F,2026-03-16
18435.0,AW00018435,James,Wright,M,M,2024-09-27
18436.0,AW00018436,Robert,Young,S,M,2025-10-22
18437.0,AW00018437,Keziah,King,M,M,2025-10-29
18438.0,AW00018438,Sarah,Nelson,M,F,2025-01-16
18439.0,AW00018439,Timothy,Singh,M,F,2023-12-12
18440.0,AW00018440,James,Smith,M,F,2024-04-25
18441.0,AW00018441,Andrew,Clark,M,M,2024-05-14
18442.0,AW00018442,Nancy,Smith,S,M,2026-03-18
18443.0,AW00018443,Richard,Walker,M,F,2025-12-05
18444.0,AW00018444,Barbara,Ngata,M,F,2025-07-16
18445.0,AW00018445,Linda,Baker,S,F,2026-04-04
18446.0,AW00018446,Stephanie,Garcia,S,M,2024-06-16
18447.0,AW00018447,Steven,Roberts,S,M,2026-04-27
18448.0,AW00018448,Matthew,Mitchell,M,M,2023-02-07
18449.0,AW00018449,Ashley,Scott,M,F,2025-05-05
18450.0,AW00018450,Matthew,King,S,M,2025-03-16
18451.0,AW00018451,John,Mitchell,M,M,2026-05-15
18452.0,AW00018452,Charles,Campbell,M,M,2023-11-03
18453.0,AW00018453,Baraa,Anderson,S,F,2026-01-08
18454.0,AW00018454,Melissa,Nime,M,F,2026-02-18
18455.0,AW00018455,Betty,Scott,M,F,2024-12-06
18456.0,AW00018456,Carol,Hall,S,F,2024-09-30
18457.0,AW00018457,Lisa,Carter,S,F,2024-04-15
18458.0,AW00018458,Sarah,Campbell,M,M,2023-02-22
18459.0,AW00018459,Anthony,Walker,S,M,2024-11-17
18460.0,AW00018460,James,Garcia,S,F,2024-10-29
18461.0,AW00018461,Kimberly,Nelson,M,F,2025-01-13
18462.0,AW00018462,Betty,Taylor,M,F,2024-01-20
18463.0,AW00018463,Amanda,Lewis,M,F,2024-09-22
18464.0,AW00018464,Stephanie,Wilson,S,F,2023-01-20
18465.0,AW00018465,Andrew,Patel,M,F,2025-02-24
18466.0,AW00018466,Elizabeth,Williams,M,F,2025-07-19
18467.0,AW00018467,Richard,Thomas,S,F,2025-01-16
18468.0,AW00018468,Michael,Moore,S,M,2024-06-04
18469.0,AW00018469,Brian,Young,S,F,2025-05-31
18470.0,AW00018470,Tane,Scott,M,M,2026-03-27
18471.0,AW00018471,Charles,Miller,M,M,2026-02-21
18472.0,AW00018472,Rebecca,Phillips,M,M,2025-05-13
18473.0,AW00018473,Lisa,Miller,S,M,2025-12-22
18474.0,AW00018474,Donald,Patel,M,F,2023-09-27
18475.0,AW00018475,Sandra,Thomas,S,M,2024-02-18
18476.0,AW00018476,Linda,Anderson,M,F,2023-06-06
18477.0,AW00018477,Linda,Carter,S,F,2025-12-19
18478.0,AW00018478,Patricia,Toalii,M,M,2023-02-24
18479.0,AW00018479,Elizabeth,Scott,M,M,2023-06-23
18480.0,AW00018480,Barbara,Wright,S,M,2024-09-21
18481.0,AW00018481,Matthew,Campbell,M,F,2024-01-10
18482.0,AW00018482,Jennifer,Mitchell,M,F,2023-07-28
18483.0,AW00018483,Charles,Perez,M,M,2025-06-11
18484.0,AW00018484,Charles,Thomas,S,F,2023-07-14
18485.0,AW00018485,Betty,Scott,S,M,2023-05-06
18486.0,AW00018486,Sarah,White,M,M,2023-10-26
18487.0,AW00018487,Andrew,Moore,M,M,2025-03-30
18488.0,AW00018488,Karen,Patel,M,M,2025-08-18
18489.0,AW00018489,Sione,Brown,M,F,2023-04-16
18490.0,AW00018490,Jennifer,Nime,S,M,2025-10-25
18491.0,AW00018491,Joseph,Taylor,S,M,2025-03-09
18492.0,AW00018492,Sione,Martin,M,F,2024-08-08
18493.0,AW00018493,Stephanie,Nelson,M,F,2024-08-30
18494.0,AW00018494,David,Wilson,S,F,2023-03-11
18495.0,AW00018495,Sandra,Garcia,M,M,2023-07-11
18496.0,AW00018496,Kenneth,Adams,S,F,2025-09-02
18497.0,AW00018497,Donald,Singh,M,F,2023-12-27
18498.0,AW00018498,Amanda,Kumar,S,F,2026-02-25
18499.0,AW00018499,John,Garcia,M,M,2026-05-23
18500.0,AW00018500,Steven,Thomas,S,M,2024-09-22
18501.0,AW00018501,Mere,Green,S,F,2023-10-25
18502.0,AW00018502,George,Thompson,S,M,2023-11-27
18503.0,AW00018503,George,Moore,S,F,2025-01-29
18504.0,AW00018504,Carol,Young,M,M,2024-08-16
18505.0,AW00018505,Aroha,White,S,M,2024-08-21
18506.0,AW00018506,Baraa,Baker,M,F,2023-09-14
18507.0,AW00018507,Jessica,Taylor,S,M,2024-01-14
18508.0,AW00018508,Barbara,Anderson,M,F,2024-12-14
18509.0,AW00018509,Andrew,Jackson,M,M,2023-01-01
18510.0,AW00018510,Rebecca,Walker,M,F,2023-04-14
18511.0,AW00018511,Lisa,Moore,S,F,2026-02-14
18512.0,AW00018512,Paul,Jackson,M,F,2025-03-10
18513.0,AW00018513,Betty,Kumar,M,M,2024-05-29
18514.0,AW00018514,Sarah,Campbell,M,F,2024-05-03
18515.0,AW00018515,Barbara,Taylor,M,F,2024-10-09
18516.0,AW00018516,Kimberly,Toalii,M,M,2026-01-04
18517.0,AW00018517,Aroha,Patel,S,M,2023-10-26
18518.0,AW00018518,John,Perez,S,F,2026-01-17
18519.0,AW00018519,Amanda,Wilson,M,M,2024-01-11
18520.0,AW00018520,Daniel,Mitchell,M,M,2024-03-29
18521.0,AW00018521,Baraa,Singh,M,M,2025-06-17
18522.0,AW00018522,Sione,Perez,S,F,2023-05-31
18523.0,AW00018523,Donald,Martin,M,M,2023-11-01
18524.0,AW00018524,Sione,Lee,S,F,2023-01-08
18525.0,AW00018525,Robert,Turner,M,M,2025-03-24
18526.0,AW00018526,Linda,Lewis,M,M,2024-08-07
18527.0,AW00018527,Anthony,Manu,M,M,2023-12-15
18528.0,AW00018528,Amanda,Moore,M,F,2025-01-28
18529.0,AW00018529,Jessica,Perez,S,M,2025-02-22
18530.0,AW00018530,Kenneth,Adams,S,M,2025-01-03
18531.0,AW00018531,Tane,King,S,F,2025-04-20
18532.0,AW00018532,Charles,Brown,S,M,2025-03-29
18533.0,AW00018533,Joseph,Thompson,M,F,2024-05-22
18534.0,AW00018534,Baraa,Wilson,S,F,2025-11-19
18535.0,AW00018535,Betty,Parker,S,M,2024-01-11
18536.0,AW00018536,Betty,Phillips,S,F,2025-06-30
18537.0,AW00018537,Daniel,Miller,M,M,2026-02-09
18538.0,AW00018538,Michael,White,S,M,2023-10-26
18539.0,AW00018539,Jennifer,Carter,M,F,2023-08-30
18540.0,AW00018540,William,Campbell,M,F,2024-01-05
18541.0,AW00018541,George,Brown,M,M,2024-05-02
18542.0,AW00018542,William,Anderson,S,F,2023-04-01
18543.0,AW00018543,Steven,Ngata,M,F,2024-03-07
18544.0,AW00018544,Karen,Lopez,M,M,2026-01-10
18545.0,AW00018545,Donald,Anderson,S,M,2025-04-15
18546.0,AW00018546,Susan,Patel,M,F,2024-08-24
18547.0,AW00018547,John,Martin,S,F,2026-04-23
18548.0,AW00018548,Kenneth,Parker,M,F,2023-08-28
18549.0,AW00018549,Emily,Lewis,S,F,2024-07-01
18550.0,AW00018550,Steven,Thomas,S,M,2025-03-26
18551.0,AW00018551,Charles,Carter,S,F,2024-12-09
18552.0,AW00018552,Mary,Phillips,S,M,2023-03-05
18553.0,AW00018553,Betty,Young,S,M,2026-05-10
18554.0,AW00018554,William,Young,S,M,2024-04-27
18555.0,AW00018555,Michael,Turner,M,F,2026-04-13
18556.0,AW00018556,Matthew,Turner,M,M,2024-12-20
18557.0,AW00018557,William,Parker,M,M,2023-11-12
18558.0,AW00018558,Melissa,Lewis,M,F,2023-01-10
18559.0,AW00018559,Kimberly,Allen,S,F,2023-01-17
18560.0,AW00018560,Tane,Mitchell,S,F,2024-05-01
18561.0,AW00018561,Jessica,Ngata,M,M,2023-11-15
18562.0,AW00018562,Jason,Miller,M,M,2024-09-21
18563.0,AW00018563,Deborah,Martin,S,M,2024-08-30
18564.0,AW00018564,Tane,Anderson,M,M,2025-04-30
18565.0,AW00018565,Andrew,Lopez,M,F,2025-12-27
18566.0,AW00018566,Jennifer,Jackson,S,F,2026-03-20
18567.0,AW00018567,Andrew,Jackson,M,M,2023-04-16
18568.0,AW00018568,Sione,Ngata,S,M,2024-05-08
18569.0,AW00018569,Lisa,Young,M,F,2025-01-17
18570.0,AW00018570,Nancy,Walker,S,F,2025-05-23
18571.0,AW00018571,Betty,Nelson,S,Unknown,2023-07-19
18572.0,AW00018572,Joshua,Jones,S,F,2026-01-20
18573.0,AW00018573,Nancy,King,M,F,2025-12-19
18574.0,AW00018574,Jason,Ngata,M,M,2024-09-20
18575.0,AW00018575,Karen,Adams,S,F,2024-07-29
18576.0,AW00018576,Lisa,Martin,S,M,2026-05-11
18577.0,AW00018577,Donald,Williams,M,F,2024-06-19
18578.0,AW00018578,Ronald,Nime,S,M,2023-07-04
18579.0,AW00018579,Michael,Thompson,M,F,2026-02-09
18580.0,AW00018580,Rebecca,Taylor,S,F,2023-01-15
18581.0,AW00018581,Kimberly,Nelson,S,F,2023-12-11
18582.0,AW00018582,Lisa,Jackson,S,M,2026-04-17
18583.0,AW00018583,David,Thompson,M,F,2025-03-19
18584.0,AW00018584,Betty,Garcia,M,M,2024-04-30
18585.0,AW00018585,Jennifer,Baker,S,M,2023-09-22
18586.0,AW00018586,Sione,Perez,M,M,2023-04-16
18587.0,AW00018587,Sarah,Manu,M,M,2024-05-31
18588.0,AW00018588,Aroha,Lee,S,F,2023-01-03
18589.0,AW00018589,David,Singh,M,M,2024-10-02
18590.0,AW00018590,Barbara,Garcia,M,F,2025-03-28
18591.0,AW00018591,Robert,Perez,S,F,2024-03-20
18592.0,AW00018592,Donald,Thomas,M,F,2025-01-14
18593.0,AW00018593,Kenneth,King,S,M,2025-05-08
18594.0,AW00018594,Paul,Johnson,S,F,2023-10-15
18595.0,AW00018595,Sione,Clark,S,M,2023-07-09
18596.0,AW00018596,Barbara,Toalii,M,M,2026-01-24
18597.0,AW00018597,Tane,Mitchell,M,M,2024-05-03
18598.0,AW00018598,Kimberly,Walker,M,M,2025-08-19
18599.0,AW00018599,Baraa,Turner,S,F,2026-03-22
18600.0,AW00018600,Joseph,Manu,M,M,2024-06-15
18601.0,AW00018601,Robert,Miller,S,M,2025-06-29
18602.0,AW00018602,Ashley,Patel,S,F,2023-03-20
18603.0,AW00018603,Aroha,Jackson,M,F,2026-04-19
18604.0,AW00018604,Elizabeth,Miller,M,F,2023-02-25
18605.0,AW00018605,Elizabeth,Thompson,M,M,2023-03-30
18606.0,AW00018606,Deborah,Williams,M,F,2024-06-27
18607.0,AW00018607,Robert,Martin,M,F,2024-02-12
18608.0,AW00018608,Ashley,Mitchell,M,F,2025-12-30
18609.0,AW00018609,Mary,Perez,M,F,2025-03-07
18610.0,AW00018610,Matthew,Campbell,M,F,2023-12-08
18611.0,AW00018611,Richard,Campbell,M,F,2023-10-02
18612.0,AW00018612,Thomas,Wright,S,F,2023-04-04
18613.0,AW00018613,Peter,Walker,S,M,2023-01-01
18614.0,AW00018614,Barbara,Hall,M,M,2025-02-14
18615.0,AW00018615,James,Campbell,S,M,2025-02-05
18616.0,AW00018616,Peter,Phillips,M,F,2025-11-16
18617.0,AW00018617,Timothy,Green,M,M,2023-08-31
18618.0,AW00018618,Elizabeth,Wright,M,M,2026-05-30
18619.0,AW00018619,Sandra,Green,S,M,2025-08-10
18620.0,AW00018620,Peter,Campbell,M,M,2023-12-16
18621.0,AW00018621,Joseph,Davis,S,M,2024-10-07
18622.0,AW00018622,Charles,Williams,M,M,2026-04-02
18623.0,AW00018623,Brian,Young,S,F,2025-04-26
18624.0,AW00018624,Carol,Thomas,M,F,2023-04-15
18625.0,AW00018625,Sione,Johnson,M,M,2025-10-09
18626.0,AW00018626,Anthony,Thompson,S,M,2023-10-28
18627.0,AW00018627,Baraa,Wright,M,M,2025-12-08
18628.0,AW00018628,Robert,Lee,M,M,2024-01-08
18629.0,AW00018629,Kimberly,King,S,M,2023-12-30
18630.0,AW00018630,Mary,Williams,M,F,2025-04-29
18631.0,AW00018631,Mere,Williams,M,F,2026-05-16
18632.0,AW00018632,Melissa,Turner,S,M,2023-02-24
18633.0,AW00018633,Emily,Manu,M,M,2025-05-28
18634.0,AW00018634,Peter,Perez,S,F,2025-03-29
18635.0,AW00018635,Amanda,Baker,M,F,2026-05-15
18636.0,AW00018636,Nancy,Adams,S,M,2025-01-05
18637.0,AW00018637,Michael,Baker,S,M,2023-12-08
18638.0,AW00018638,Michelle,Thompson,S,M,2023-08-22
18639.0,AW00018639,Karen,Patel,M,F,2026-01-07
18640.0,AW00018640,Brian,Hall,S,F,2023-05-20
18641.0,AW00018641,Jennifer,Wright,M,F,2023-02-03
18642.0,AW00018642,David,Lopez,S,F,2024-07-08
18643.0,AW00018643,Jennifer,White,S,F,2025-10-21
18644.0,AW00018644,Jason,Roberts,S,F,2025-09-08
18645.0,AW00018645,Robert,White,S,M,2023-10-22
18646.0,AW00018646,Rebecca,Toalii,S,F,2026-01-18
18647.0,AW00018647,Mere,Roberts,M,F,2026-04-11
18648.0,AW00018648,Keziah,Green,S,M,2025-12-11
18649.0,AW00018649,Joseph,Ngata,S,M,2026-04-04
18650.0,AW00018650,Linda,Nime,S,F,2024-04-10
18651.0,AW00018651,Daniel,Perez,M,M,2025-07-29
18652.0,AW00018652,Daniel,Parker,S,M,2025-08-14
18653.0,AW00018653,Susan,Phillips,S,M,2024-04-24
18654.0,AW00018654,Donna,Parker,M,M,2026-02-04
18655.0,AW00018655,Richard,Allen,M,M,2024-12-10
18656.0,AW00018656,Linda,Carter,S,F,2025-08-19
18657.0,AW00018657,Anthony,Singh,S,M,2026-03-15
18658.0,AW00018658,Linda,Mitchell,M,M,2024-05-30
18659.0,AW00018659,Matthew,Wright,M,F,2024-02-18
18660.0,AW00018660,Jessica,Brown,S,F,2024-11-10
18661.0,AW00018661,Rebecca,Thompson,M,M,2025-01-07
18662.0,AW00018662,Joshua,Turner,S,F,2026-02-25
18663.0,AW00018663,Mere,Manu,M,M,2025-03-02
18664.0,AW00018664,Robert,Nime,M,M,2024-02-09
18665.0,AW00018665,Emily,Green,M,M,2025-01-31
18666.0,AW00018666,Richard,Parker,M,M,2025-04-26
18667.0,AW00018667,Patricia,Williams,S,M,2024-04-08
,AW00018668,David,Scott,S,F,2024-12-09
18669.0,AW00018669,Keziah,Manu,M,M,2023-05-15
18670.0,AW00018670,David,Lopez,M,F,2025-09-01
18671.0,AW00018671,Susan,Patel,S,M,2023-04-19
18672.0,AW00018672,Donald,Allen,S,F,2025-02-08
18673.0,AW00018673,Rebecca,Toalii,M,F,2023-03-30
18674.0,AW00018674,Timothy,Kumar,M,F,2023-08-29
18675.0,AW00018675,Steven,White,S,M,2025-04-18
18676.0,AW00018676,Kenneth,King,S,M,2025-02-01
18677.0,AW00018677,Mark,King,S,M,2023-10-24
18678.0,AW00018678,Karen,Smith,S,M,2026-02-19
18679.0,AW00018679,Sarah,Turner,S,F,2024-11-04
18680.0,AW00018680,Peter,Scott,S,F,2026-05-15
18681.0,AW00018681,Malia,White,S,F,2023-10-27
18682.0,AW00018682,Richard,Mitchell,S,M,2026-05-29
18683.0,AW00018683,Carol,White,M,F,2024-08-03
18684.0,AW00018684,Melissa,Adams,S,F,2023-05-07
18685.0,AW00018685,Brian,Lopez,M,M,2026-02-08
18686.0,AW00018686,Peter,Lewis,S,F,2023-09-09
18687.0,AW00018687,Jennifer,Davis,M,M,2025-01-23
18688.0,AW00018688,Barbara,Allen,M,F,2025-09-30
18689.0,AW00018689,James,Wright,S,F,2026-02-11
18690.0,AW00018690,Ronald,Wright,M,F,2023-01-19
18691.0,AW00018691,Michelle,Kumar,S,F,2024-10-10
18692.0,AW00018692,Ronald,Brown,M,M,2023-06-28
18693.0,AW00018693,Amanda,Manu,S,M,2024-06-05
18694.0,AW00018694,Sione,Manu,M,F,2023-01-11
18695.0,AW00018695,William,Brown,S,F,2025-07-20
18696.0,AW00018696,Joseph,Phillips,S,F,2024-06-13
18697.0,AW00018697,Melissa,Nelson,M,F,2026-03-16
18698.0,AW00018698,Donald,Ngata,M,M,2025-10-21
18699.0,AW00018699,Peter,Manu,S,F,2025-12-19
18700.0,AW00018700,Tane,Nelson,S,F,2025-06-10
18701.0,AW00018701,Linda,Lewis,S,M,2023-05-06
18702.0,AW00018702,Kimberly,Nime,M,F,2025-12-23
18703.0,AW00018703,Mere,Moore,S,F,2023-05-28
18704.0,AW00018704,Patricia,Baker,S,M,2023-08-30
18705.0,AW00018705,Joseph,Toalii,S,M,2023-08-17
18706.0,AW00018706,Lisa,Thompson,M,F,2026-02-23
18707.0,AW00018707,Charles,Perez,M,F,2024-07-28
18708.0,AW00018708,Paul,Phillips,M,M,2023-07-17
18709.0,AW00018709,James,Moore,M,M,2025-01-03
18710.0,AW00018710,Steven,Hall,M,M,2023-10-16
18711.0,AW00018711,John,Patel,S,M,2024-07-02
18712.0,AW00018712,Michelle,Brown,S,F,2025-04-17
18713.0,AW00018713,Carol,Ngata,S,M,2023-07-10
18714.0,AW00018714,Michelle,Ngata,M,M,2025-07-31
18715.0,AW00018715,Jessica,Lewis,M,F,2023-01-28
18716.0,AW00018716,Linda,Baker,S,M,2026-03-06
18717.0,AW00018717,Carol,Roberts,M,M,2024-01-02
18718.0,AW00018718,Betty,Young,S,F,2023-03-24
18719.0,AW00018719,Keziah,Singh,S,M,2023-08-04
18720.0,AW00018720,Thomas,White,M,F,2025-08-21
18721.0,AW00018721,Patricia,Perez,S,F,2025-09-25
18722.0,AW00018722,Steven,Davis,M,F,2025-05-30
18723.0,AW00018723,Anthony,Johnson,M,M,2024-04-17
18724.0,AW00018724,Mary,Adams,S,M,2025-12-07
18725.0,AW00018725,John,Martin,S,F,2023-12-25
18726.0,AW00018726,Daniel,Nelson,S,F,2024-04-10
18727.0,AW00018727,Melissa,Singh,M,F,2024-05-24
18728.0,AW00018728,Robert,Perez,S,M,2024-12-20
18729.0,AW00018729,Mary,Wright,M,F,2023-01-05
18730.0,AW00018730,Karen,Jackson,M,F,2025-08-28
18731.0,AW00018731,Jason,Kumar,S,M,2024-09-29
18732.0,AW00018732,Ronald,Roberts,S,F,2023-02-03
18733.0,AW00018733,Amanda,Young,S,M,2025-10-27
18734.0,AW00018734,Joseph,Phillips,M,F,2025-08-10
18735.0,AW00018735,Emily,Jones,M,M,2024-07-04
18736.0,AW00018736,Lisa,Johnson,M,M,2026-03-02
18737.0,AW00018737,Deborah,Williams,M,F,2023-10-22
18738.0,AW00018738,Barbara,Walker,S,M,2024-03-25
18739.0,AW00018739,Emily,Baker,S,M,2024-07-31
18740.0,AW00018740,Mark,Campbell,M,M,2026-03-24
18741.0,AW00018741,Michelle,Scott,S,F,2024-02-17
18742.0,AW00018742,Jennifer,Lee,M,M,2023-06-25
18743.0,AW00018743,Thomas,Perez,M,F,2023-04-09
18744.0,AW00018744,Linda,Jackson,M,M,2025-05-15
18745.0,AW00018745,Susan,White,S,F,2025-06-20
18746.0,AW00018746,Malia,Clark,S,M,2024-06-14
18747.0,AW00018747,William,Jones,S,F,2025-07-26
18748.0,AW00018748,Timothy,Davis,M,F,2025-12-24
18749.0,AW00018749,Melissa,Lopez,S,F,2025-02-27
18750.0,AW00018750,Aroha,Jackson,S,F,2025-11-28
18751.0,AW00018751,Steven,Thompson,S,M,2026-03-13
18752.0,AW00018752,Mary,Adams,S,F,2023-04-15
18753.0,AW00018753,Karen,Scott,M,F,2024-05-04
18754.0,AW00018754,Jessica,Wright,M,M,2023-11-09
18755.0,AW00018755,Jason,Scott,M,M,2025-04-09
18756.0,AW00018756,Rebecca,Turner,S,F,2023-12-25
18757.0,AW00018757,Kenneth,Manu,M,F,2025-11-04
18758.0,AW00018758,Michael,Manu,S,M,2025-03-20
18759.0,AW00018759,Donald,Phillips,S,F,2023-03-07
18760.0,AW00018760,Michelle,Garcia,S,F,2024-06-12
18761.0,AW00018761,Donna,Scott,S,F,2023-10-22
18762.0,AW00018762,Tane,Green,M,M,2024-03-09
18763.0,AW00018763,Richard,Wilson,S,F,2025-04-20
18764.0,AW00018764,Robert,Wilson,S,F,2024-01-12
18765.0,AW00018765,Malia,Lopez,M,M,2024-11-30
18766.0,AW00018766,Richard,Moore,M,F,2023-05-13
18767.0,AW00018767,William,Parker,M,M,2023-12-11
18768.0,AW00018768,Susan,Adams,S,M,2025-04-13
18769.0,AW00018769,Jason,Wright,S,M,2026-04-20
18770.0,AW00018770,Baraa,Taylor,M,M,2025-10-16
18771.0,AW00018771,Michael,Patel,S,F,2025-10-24
18772.0,AW00018772,Linda,Thompson,M,F,2024-05-09
18773.0,AW00018773,Patricia,Campbell,S,M,2024-08-18
18774.0,AW00018774,Carol,Adams,S,F,2025-03-25
18775.0,AW00018775,Susan,Roberts,M,F,2026-01-30
18776.0,AW00018776,Paul,Thompson,S,F,2024-10-19
18777.0,AW00018777,Mere,Garcia,M,F,2023-03-11
18778.0,AW00018778,Steven,Toalii,M,M,2023-06-06
18779.0,AW00018779,Andrew,Jones,M,F,2025-08-10
18780.0,AW00018780,Donna,Davis,S,M,2025-10-27
18781.0,AW00018781,Jennifer,Lewis,S,F,2023-08-27
18782.0,AW00018782,Peter,Johnson,M,F,2023-07-04
18783.0,AW00018783,Barbara,Wilson,M,F,2023-01-14
18784.0,AW00018784,Deborah,Thompson,M,M,2024-01-10
18785.0,AW00018785,Joshua,Mitchell,M,F,2025-04-11
18786.0,AW00018786,Lisa,Garcia,M,F,2025-06-12
18787.0,AW00018787,Anthony,Carter,M,F,2024-10-13
18788.0,AW00018788,Daniel,Clark,S,M,2026-03-22
18789.0,AW00018789,Timothy,Lee,S,M,2024-08-17
18790.0,AW00018790,Anthony,Ngata,S,F,2025-11-24
18791.0,AW00018791,Richard,Young,M,F,2023-05-26
18792.0,AW00018792,Lisa,Green,M,F,2024-05-02
18793.0,AW00018793,Michelle,Allen,S,M,2026-04-20
18794.0,AW00018794,Kimberly,Thompson,M,M,2025-09-23
18795.0,AW00018795,Elizabeth,Martin,S,F,2025-08-23
18796.0,AW00018796,Michelle,White,S,F,2025-07-07
18797.0,AW00018797,Susan,Williams,M,M,2024-01-31
18798.0,AW00018798,Melissa,Lee,M,M,2025-12-28
18799.0,AW00018799,John,Lopez,M,M,2023-12-01
18800.0,AW00018800,Baraa,Brown,S,M,2024-09-22
18801.0,AW00018801,Barbara,Miller,S,F,2025-05-23
18802.0,AW00018802,George,Davis,S,F,2023-04-09
18803.0,AW00018803,Richard,Taylor,M,M,2026-01-02
18804.0,AW00018804,Malia,Patel,S,M,2023-07-30
18805.0,AW00018805,Sandra,Roberts,S,M,2024-07-13
18806.0,AW00018806,Tane,Lewis,S,M,2024-06-22
18807.0,AW00018807,Paul,Williams,S,F,2026-04-28
18808.0,AW00018808,Michelle,Nelson,S,M,2025-02-26
18809.0,AW00018809,Sione,Turner,S,F,2026-01-03
18810.0,AW00018810,Barbara,Nime,M,M,2023-06-27
18811.0,AW00018811,Carol,King,S,M,2026-04-04
18812.0,AW00018812,Steven,Phillips,M,M,2026-04-02
18813.0,AW00018813,Amanda,Garcia,M,M,2023-08-21
18814.0,AW00018814,Nancy,Lopez,S,F,2025-02-28
18815.0,AW00018815,Sandra,Green,M,M,2024-11-19
18816.0,AW00018816,Michelle,Wright,S,M,2023-05-31
18817.0,AW00018817,Baraa,Johnson,S,F,2023-09-18
18818.0,AW00018818,Jason,Toalii,S,F,2026-04-03
18819.0,AW00018819,Emily,Lee,M,F,2024-08-03
18820.0,AW00018820,Andrew,Singh,M,M,2023-09-19
18821.0,AW00018821,Betty,Turner,M,F,2023-01-30
18822.0,AW00018822,Charles,Thomas,M,M,2023-05-21
18823.0,AW00018823,Kimberly,Singh,S,M,2023-02-07
18824.0,AW00018824,Stephanie,Perez,M,F,2023-11-12
18825.0,AW00018825,John,Patel,S,M,2025-01-11
18826.0,AW00018826,Brian,Lee,S,F,2024-09-18
18827.0,AW00018827,Charles,Young,M,F,2025-01-16
18828.0,AW00018828,Amanda,Jones,S,M,2023-12-11
18829.0,AW00018829,Kenneth,Nelson,M,F,2023-10-25
18830.0,AW00018830,Thomas,Perez,M,M,2023-08-03
18831.0,AW00018831,Kenneth,Manu,S,M,2023-05-11
18832.0,AW00018832,Donald,Roberts,S,F,2023-06-24
18833.0,AW00018833,Sarah,Johnson,S,F,2023-11-18
18834.0,AW00018834,Jason,Clark,S,M,2024-07-06
18835.0,AW00018835,Betty,Miller,S,F,2024-11-22
18836.0,AW00018836,Tane,Thompson,M,M,2024-06-04
18837.0,AW00018837,Joshua,Martin,M,M,2024-03-27
18838.0,AW00018838,Stephanie,Adams,S,F,2025-11-22
18839.0,AW00018839,David,Manu,M,M,2023-10-13
18840.0,AW00018840,Jessica,Roberts,M,F,2025-06-30
18841.0,AW00018841,Baraa,Brown,M,F,2025-07-07
18842.0,AW00018842,Ashley,Davis,S,F,2026-05-08
18843.0,AW00018843,Rebecca,White,M,F,2026-04-23
18844.0,AW00018844,Mere,Moore,M,F,2023-09-01
18845.0,AW00018845,Betty,Manu,S,M,2023-06-06
18846.0,AW00018846,Rebecca,Allen,M,F,2024-11-24
18847.0,AW00018847,Mary,Walker,M,F,2026-02-28
18848.0,AW00018848,Jennifer,Walker,M,F,2025-04-21
18849.0,AW00018849,Kimberly,Brown,M,F,2025-08-27
18850.0,AW00018850,Carol,Phillips,S,M,2023-09-05
18851.0,AW00018851,Sione,Singh,S,M,2023-11-10
18852.0,AW00018852,Karen,Walker,M,M,2023-05-15
18853.0,AW00018853,Jessica,Lopez,M,F,2023-11-07
18854.0,AW00018854,Thomas,Clark,M,M,2024-05-18
18855.0,AW00018855,Baraa,Walker,M,M,2023-10-03
18856.0,AW00018856,Joseph,Clark,S,M,2024-10-05
18857.0,AW00018857,Rebecca,Turner,S,M,2025-03-28
18858.0,AW00018858,Susan,Phillips,S,M,2023-11-10
18859.0,AW00018859,Kimberly,Walker,M,F,2023-03-24
18860.0,AW00018860,Andrew,Anderson,S,M,2026-05-21
18861.0,AW00018861,Malia,Toalii,M,F,2025-11-14
18862.0,AW00018862,Deborah,Lewis,M,F,2025-06-09
18863.0,AW00018863,James,Phillips,M,F,2026-04-25
18864.0,AW00018864,Sarah,Perez,S,F,2025-09-02
18865.0,AW00018865,Andrew,Young,M,M,2023-04-07
18866.0,AW00018866,Michelle,Lee,M,F,2023-04-07
18867.0,AW00018867,James,Kumar,M,F,2026-02-17
18868.0,AW00018868,Donald,Phillips,S,F,2025-08-04
18869.0,AW00018869,Melissa,Ngata,M,F,2023-09-28
18870.0,AW00018870,Peter,Patel,S,M,2023-02-13
18871.0,AW00018871,Elizabeth,Wilson,M,F,2024-09-23
18872.0,AW00018872,Kenneth,Lopez,S,M,2025-03-07
18873.0,AW00018873,Rebecca,White,S,M,2024-05-09
18874.0,AW00018874,Baraa,Campbell,S,M,2023-01-25
18875.0,AW00018875,Ronald,Roberts,M,M,2025-04-22
18876.0,AW00018876,Susan,Moore,S,F,2025-11-14
18877.0,AW00018877,Michael,Patel,M,F,2023-10-13
18878.0,AW00018878,Ronald,Campbell,S,F,2025-10-04
18879.0,AW00018879,Elizabeth,Wilson,S,M,2023-12-05
18880.0,AW00018880,Elizabeth,Ngata,S,M,2025-07-17
18881.0,AW00018881,Paul,Wilson,S,M,2024-01-22
18882.0,AW00018882,Jason,Phillips,M,M,2023-10-10
18883.0,AW00018883,Anthony,Martin,S,F,2024-01-31
18884.0,AW00018884,Donna,Adams,S,M,2024-08-08
18885.0,AW00018885,Susan,White,S,F,2023-08-29
18886.0,AW00018886,Daniel,King,S,F,2023-07-05
18887.0,AW00018887,Jennifer,Wright,S,F,2024-02-03
18888.0,AW00018888,Peter,White,M,M,2024-04-08
18889.0,AW00018889,Elizabeth,Roberts,M,F,2023-10-04
18890.0,AW00018890,Baraa,Kumar,M,M,2024-01-31
18891.0,AW00018891,James,Ngata,M,F,2025-10-03
18892.0,AW00018892,Amanda,Green,M,M,2025-10-17
18893.0,AW00018893,Thomas,Lewis,M,F,2024-05-05
18894.0,AW00018894,Aroha,Ngata,M,M,2023-09-26
18895.0,AW00018895,Stephanie,Williams,S,F,2026-05-17
18896.0,AW00018896,Peter,Moore,M,M,2023-06-29
18897.0,AW00018897,Melissa,Manu,M,M,2024-10-11
18898.0,AW00018898,David,Thomas,S,F,2024-10-10
18899.0,AW00018899,Lisa,Allen,S,M,2026-01-10
18900.0,AW00018900,Mark,Turner,M,F,2025-08-22
18901.0,AW00018901,Jessica,Clark,S,M,2023-05-28
18902.0,AW00018902,Karen,Davis,S,M,2026-02-23
18903.0,AW00018903,Karen,White,M,F,2025-08-23
18904.0,AW00018904,Richard,Williams,M,M,2023-09-15
18905.0,AW00018905,Rebecca,Hall,S,M,2024-09-29
18906.0,AW00018906,John,Adams,S,F,2024-05-10
18907.0,AW00018907,Barbara,Hall,S,M,2024-02-04
18908.0,AW00018908,Linda,Parker,S,F,2025-12-11
18909.0,AW00018909,Deborah,Phillips,M,F,2025-09-12
18910.0,AW00018910,Mere,Hall,S,F,2026-05-01
18911.0,AW00018911,Sandra,Manu,S,F,2023-03-26
18912.0,AW00018912,Deborah,Lewis,S,M,2026-02-26
18913.0,AW00018913,Michelle,Campbell,S,M,2025-04-08
18914.0,AW00018914,Mary,King,M,F,2023-05-05
18915.0,AW00018915,Michelle,Hall,M,M,2024-11-21
18916.0,AW00018916,Patricia,Miller,S,F,2023-12-19
18917.0,AW00018917,Ashley,Moore,S,M,2026-02-13
18918.0,AW00018918,Michelle,Davis,M,M,2026-04-07
18919.0,AW00018919,Richard,Thomas,M,F,2023-08-05
18920.0,AW00018920,Michelle,Mitchell,S,F,2025-11-15
18921.0,AW00018921,George,Williams,S,F,2026-02-12
18922.0,AW00018922,Peter,Miller,M,M,2025-10-01
18923.0,AW00018923,Anthony,Manu,S,F,2023-01-25
18924.0,AW00018924,Joshua,Hall,M,F,2023-02-27
18925.0,AW00018925,Tane,Kumar,M,F,2024-04-15
18926.0,AW00018926,Amanda,Davis,S,F,2025-02-08
18927.0,AW00018927,Mary,Miller,S,F,2023-06-11
18928.0,AW00018928,Tane,Lewis,M,F,2023-08-29
18929.0,AW00018929,Betty,Martin,M,F,2024-03-08
18930.0,AW00018930,Timothy,Mitchell,S,F,2025-01-18
18931.0,AW00018931,Brian,Allen,M,M,2024-05-13
18932.0,AW00018932,Andrew,Moore,S,F,2023-03-16
18933.0,AW00018933,George,King,M,F,2024-11-12
18934.0,AW00018934,Elizabeth,Williams,S,M,2025-07-25
18935.0,AW00018935,Donna,Moore,M,M,2025-10-25
18936.0,AW00018936,Ashley,Perez,S,F,2024-09-22
18937.0,AW00018937,Mere,Lee,S,M,2023-01-13
18938.0,AW00018938,Mary,Wright,S,F,2025-05-29
18939.0,AW00018939,Mary,Adams,S,F,2024-01-16
18940.0,AW00018940,Aroha,Allen,S,F,2023-04-26
18941.0,AW00018941,Timothy,Toalii,M,M,2023-07-30
18942.0,AW00018942,Steven,Green,M,M,2023-04-01
18943.0,AW00018943,Betty,Lopez,M,F,2023-07-08
18944.0,AW00018944,Barbara,Nime,S,M,2025-01-08
18945.0,AW00018945,Nancy,Davis,M,F,2023-11-15
18946.0,AW00018946,Joshua,Phillips,M,F,2024-09-11
18947.0,AW00018947,Carol,Thomas,S,F,2024-11-15
18948.0,AW00018948,Rebecca,White,S,M,2025-01-11
18949.0,AW00018949,Mark,Young,S,F,2024-04-09
18950.0,AW00018950,Barbara,Hall,S,F,2024-05-02
18951.0,AW00018951,Malia,Parker,M,M,2025-01-13
18952.0,AW00018952,Michael,White,M,F,2023-10-21
18953.0,AW00018953,Sarah,Jones,S,M,2024-07-31
18954.0,AW00018954,Kenneth,Lewis,S,M,2025-09-14
18955.0,AW00018955,Barbara,Jones,M,F,2024-08-19
18956.0,AW00018956,Anthony,Carter,M,M,2024-12-06
18957.0,AW00018957,Jennifer,Jones,S,M,2025-03-11
18958.0,AW00018958,Aroha,Anderson,S,M,2025-08-24
18959.0,AW00018959,Timothy,Anderson,M,F,2024-07-28
18960.0,AW00018960,Charles,Manu,M,F,2024-07-09
18961.0,AW00018961,David,Taylor,S,M,2023-05-17
18962.0,AW00018962,Matthew,Wilson,M,M,2025-03-22
18963.0,AW00018963,John,Manu,M,F,2024-03-13
18964.0,AW00018964,Kenneth,Turner,S,M,2023-04-05
18965.0,AW00018965,Charles,Brown,S,F,2026-03-31
18966.0,AW00018966,Amanda,Campbell,S,M,2023-10-11
18967.0,AW00018967,Paul,Walker,M,M,2025-02-02
18968.0,AW00018968,Mark,Nelson,S,F,2023-03-03
18969.0,AW00018969,Timothy,Allen,M,M,2023-02-10
18970.0,AW00018970,Kimberly,Brown,S,F,2023-11-11
18971.0,AW00018971,Nancy,Taylor,S,M,2024-09-10
18972.0,AW00018972,Tane,Taylor,M,F,2025-06-18
18973.0,AW00018973,Anthony,Green,S,F,2023-09-12
18974.0,AW00018974,Ronald,Jones,S,F,2024-09-28
18975.0,AW00018975,Melissa,Campbell,S,F,2023-12-27
18976.0,AW00018976,Andrew,Nelson,S,F,2023-11-26
18977.0,AW00018977,Susan,Walker,S,F,2024-02-18
18978.0,AW00018978,Betty,Wright,M,M,2024-10-04
18979.0,AW00018979,Susan,Toalii,S,M,2025-09-05
18980.0,AW00018980,Sione,Smith,S,F,2025-05-15
18981.0,AW00018981,Tane,Parker,M,F,2026-03-03
18982.0,AW00018982,Richard,Martin,S,F,2026-04-08
18983.0,AW00018983,Jessica,Moore,M,M,2024-06-05
18984.0,AW00018984,Jennifer,Green,S,F,2026-04-14
18985.0,AW00018985,Kenneth,Green,M,M,2023-01-04
18986.0,AW00018986,Timothy,Thompson,M,M,2025-05-30
18987.0,AW00018987,Melissa,Thomas,M,M,2026-02-16
18988.0,AW00018988,Jessica,Carter,M,M,2023-01-31
18989.0,AW00018989,Richard,Wright,S,F,2025-06-08
18990.0,AW00018990,Jessica,Clark,S,F,2023-08-02
18991.0,AW00018991,Peter,Green,M,F,2023-11-05
18992.0,AW00018992,Andrew,Mitchell,S,M,2025-11-22
18993.0,AW00018993,Barbara,Nime,S,F,2025-08-13
18994.0,AW00018994,Peter,Young,M,F,2024-04-14
18995.0,AW00018995,George,Thomas,M,F,2025-10-20
18996.0,AW00018996,Karen,Turner,S,F,2024-03-11
18997.0,AW00018997,Anthony,Toalii,S,M,2024-08-01
18998.0,AW00018998,Anthony,Green,S,M,2023-08-04
18999.0,AW00018999,Mary,Jones,S,F,2025-04-11
19000.0,AW00019000,Tane,Thomas,S,M,2024-05-28
19001.0,AW00019001,Kenneth,Carter,S,M,2024-10-28
19002.0,AW00019002,Ronald,White,S,F,2024-02-07
19003.0,AW00019003,Richard,Johnson,S,M,2023-12-29
19004.0,AW00019004,Kimberly,Lewis,M,F,2023-08-31
19005.0,AW00019005,Malia,Allen,M,M,2023-10-24
19006.0,AW00019006,Jessica,Walker,M,M,2025-08-04
19007.0,AW00019007,Rebecca,White,S,F,2025-01-04
19008.0,AW00019008,William,Anderson,M,F,2024-05-17
19009.0,AW00019009,Aroha,Thompson,M,M,2025-11-08
19010.0,AW00019010,Sione,Wilson,S,M,2023-04-15
19011.0,AW00019011,Donna,Kumar,M,M,2025-04-13
19012.0,AW00019012,David,Adams,M,M,2026-03-17
19013.0,AW00019013,Sione,Taylor,S,M,2024-01-17
19014.0,AW00019014,Patricia,Campbell,S,M,2026-04-12
19015.0,AW00019015,George,Adams,M,M,2026-02-08
19016.0,AW00019016,Malia,Smith,M,M,2023-08-30
19017.0,AW00019017,Tane,Thomas,M,F,2024-11-27
19018.0,AW00019018,Linda,Adams,S,M,2023-08-19
19019.0,AW00019019,Daniel,Perez,M,F,2025-11-21
19020.0,AW00019020,Matthew,King,S,F,2025-01-04
19021.0,AW00019021,Timothy,Lopez,M,M,2025-03-09
19022.0,AW00019022,Patricia,Phillips,S,F,2024-03-03
19023.0,AW00019023,Sandra,Davis,M,M,2024-07-30
19024.0,AW00019024,Kimberly,Jackson,S,F,2025-01-12
19025.0,AW00019025,Matthew,Singh,S,F,2025-01-19
19026.0,AW00019026,Amanda,Jackson,M,F,2024-06-08
19027.0,AW00019027,David,Davis,M,F,2025-04-22
19028.0,AW00019028,Mary,Kumar,M,F,2025-02-13
19029.0,AW00019029,Mere,King,M,F,2023-04-07
19030.0,AW00019030,Linda,Jones,S,M,2024-05-31
19031.0,AW00019031,Deborah,Lee,S,F,2023-08-09
19032.0,AW00019032,Peter,Hall,M,M,2026-03-10
19033.0,AW00019033,Emily,Moore,S,F,2024-07-19
19034.0,AW00019034,Mark,Kumar,S,M,2025-07-18
19035.0,AW00019035,Robert,Perez,M,F,2024-01-15
19036.0,AW00019036,Jessica,Toalii,M,M,2026-05-29
19037.0,AW00019037,Amanda,Green,S,M,2023-06-22
19038.0,AW00019038,Elizabeth,White,M,M,2024-07-07
19039.0,AW00019039,Linda,Nelson,M,M,2023-02-20
19040.0,AW00019040,Karen,Davis,M,F,2026-02-04
19041.0,AW00019041,Karen,Lewis,M,F,2025-07-26
19042.0,AW00019042,Stephanie,Walker,M,M,2023-03-19
19043.0,AW00019043,Betty,Carter,M,F,2025-07-04
19044.0,AW00019044,Daniel,Parker,M,F,2026-03-13
19045.0,AW00019045,Thomas,Phillips,M,F,2025-04-25
19046.0,AW00019046,Charles,Thomas,S,F,2024-11-13
19047.0,AW00019047,Kenneth,Hall,M,F,2023-12-23
19048.0,AW00019048,Kenneth,Lopez,S,F,2023-01-24
19049.0,AW00019049,Emily,Brown,S,F,2025-05-28
19050.0,AW00019050,Deborah,Thomas,S,F,2023-08-07
19051.0,AW00019051,Aroha,Scott,S,M,2025-07-23
19052.0,AW00019052,Betty,Lee,S,F,2025-01-20
19053.0,AW00019053,Michelle,Anderson,S,M,2025-01-19
19054.0,AW00019054,Robert,Baker,M,F,2023-01-26
19055.0,AW00019055,Timothy,Patel,M,F,2024-06-23
19056.0,AW00019056,Betty,Garcia,M,F,2025-09-03
19057.0,AW00019057,Nancy,Carter,M,M,2025-03-01
19058.0,AW00019058,David,Scott,M,M,2024-03-04
19059.0,AW00019059,David,White,S,M,2026-04-10
19060.0,AW00019060,Steven,Davis,S,M,2025-05-26
19061.0,AW00019061,David,Lee,S,M,2024-05-20
19062.0,AW00019062,Patricia,Allen,S,M,2023-06-06
19063.0,AW00019063,Karen,Thompson,S,M,2025-12-15
19064.0,AW00019064,Jessica,Nelson,S,M,2025-02-09
19065.0,AW00019065,Emily,Moore,S,M,2023-12-25
19066.0,AW00019066,George,Jackson,M,F,2024-01-03
19067.0,AW00019067,John,Scott,M,M,2024-06-22
19068.0,AW00019068,Charles,Mitchell,S,M,2024-12-05
19069.0,AW00019069,Jennifer,Young,S,M,2026-05-05
19070.0,AW00019070,Elizabeth,Brown,M,F,2025-05-06
19071.0,AW00019071,John,Taylor,S,F,2024-02-27
19072.0,AW00019072,Sarah,Williams,M,M,2025-06-18
19073.0,AW00019073,Lisa,Ngata,M,F,2026-02-13
19074.0,AW00019074,Nancy,White,M,F,2023-12-14
19075.0,AW00019075,Mark,Smith,S,F,2023-01-19
19076.0,AW00019076,Mark,Wilson,M,M,2025-02-11
19077.0,AW00019077,Charles,Hall,S,M,2025-03-10
19078.0,AW00019078,Sarah,Jones,M,F,2025-04-21
19079.0,AW00019079,Mere,Thompson,S,F,2025-10-12
19080.0,AW00019080,Ronald,Lopez,M,F,2023-11-29
19081.0,AW00019081,Lisa,Hall,S,M,2024-11-22
19082.0,AW00019082,Steven,Baker,S,F,2024-12-02
19083.0,AW00019083,George,Ngata,M,F,2023-07-06
19084.0,AW00019084,Ashley,Phillips,M,M,2024-01-13
19085.0,AW00019085,Elizabeth,Young,M,F,2023-08-25
19086.0,AW00019086,Patricia,Lopez,S,M,2023-06-21
19087.0,AW00019087,James,Perez,S,F,2026-02-28
19088.0,AW00019088,Donna,Carter,M,M,2023-10-13
19089.0,AW00019089,Mary,Carter,M,M,2023-05-17
19090.0,AW00019090,Mere,Baker,S,M,2023-05-04
19091.0,AW00019091,Lisa,Miller,M,M,2023-03-14
19092.0,AW00019092,Mary,Parker,M,F,2023-03-07
19093.0,AW00019093,George,Campbell,S,F,2025-12-21
19094.0,AW00019094,Paul,Miller,S,F,2024-07-29
19095.0,AW00019095,Robert,Parker,S,F,2023-01-20
19096.0,AW00019096,Thomas,White,M,F,2024-04-19
19097.0,AW00019097,Matthew,Davis,S,M,2023-05-07
19098.0,AW00019098,Andrew,Miller,M,M,2024-10-16
19099.0,AW00019099,Carol,Johnson,M,F,2023-07-19
19100.0,AW00019100,Matthew,Garcia,S,F,2024-09-06
19101.0,AW00019101,Sarah,Lopez,S,M,2025-05-10
19102.0,AW00019102,Elizabeth,Lewis,M,F,2025-04-01
19103.0,AW00019103,Paul,Smith,M,M,2023-09-01
19104.0,AW00019104,Nancy,Scott,M,M,2026-01-06
19105.0,AW00019105,Barbara,Garcia,S,M,2026-03-20
19106.0,AW00019106,Susan,King,S,M,2023-03-28
19107.0,AW00019107,Jennifer,Manu,S,F,2026-01-11
19108.0,AW00019108,Daniel,Toalii,M,M,2024-09-18
19109.0,AW00019109,Andrew,Jones,M,M,2024-11-07
19110.0,AW00019110,Michelle,Walker,S,F,2025-01-05
19111.0,AW00019111,Kenneth,Williams,S,M,2024-11-18
19112.0,AW00019112,Emily,Nelson,M,M,2024-02-11
19113.0,AW00019113,Richard,Thomas,M,F,2023-07-07
19114.0,AW00019114,Melissa,Manu,S,M,2025-08-18
19115.0,AW00019115,William,Turner,S,M,2025-10-25
19116.0,AW00019116,Elizabeth,Miller,M,M,2023-07-31
19117.0,AW00019117,Karen,Campbell,S,F,2025-09-19
19118.0,AW00019118,Aroha,Wright,M,M,2024-09-27
19119.0,AW00019119,David,Brown,S,M,2024-11-28
19120.0,AW00019120,Donna,Toalii,S,F,2024-12-01
19121.0,AW00019121,Thomas,Wright,M,F,2024-05-09
19122.0,AW00019122,Michelle,Miller,M,F,2023-11-18
19123.0,AW00019123,Donald,Lopez,S,M,2024-07-17
19124.0,AW00019124,Susan,Lee,M,F,2023-05-22
19125.0,AW00019125,Andrew,Campbell,S,F,2026-03-29
19126.0,AW00019126,Anthony,Lee,M,F,2026-02-11
19127.0,AW00019127,Mark,Ngata,M,F,2025-09-20
19128.0,AW00019128,Betty,Carter,M,M,2023-01-13
19129.0,AW00019129,John,Wilson,S,F,2024-09-11
19130.0,AW00019130,Mark,Anderson,M,M,2025-07-11
19131.0,AW00019131,Rebecca,Smith,S,M,2026-05-22
19132.0,AW00019132,Mary,Anderson,S,F,2024-10-16
19133.0,AW00019133,John,Adams,S,M,2023-04-01
19134.0,AW00019134,Sione,Baker,M,M,2024-06-08
19135.0,AW00019135,Robert,Allen,M,M,2025-03-09
19136.0,AW00019136,Ashley,White,M,M,2024-03-25
19137.0,AW00019137,Carol,Lopez,S,F,2023-07-06
19138.0,AW00019138,Karen,Kumar,M,F,2026-05-03
19139.0,AW00019139,Melissa,Miller,S,F,2024-04-28
19140.0,AW00019140,Ronald,Williams,S,M,2023-07-13
19141.0,AW00019141,Matthew,Phillips,S,F,2024-11-21
19142.0,AW00019142,James,Turner,S,M,2023-04-11
19143.0,AW00019143,Carol,Thompson,S,F,2024-07-31
19144.0,AW00019144,Amanda,Walker,M,M,2026-03-29
19145.0,AW00019145,Andrew,Mitchell,M,F,2024-04-01
19146.0,AW00019146,Mere,Allen,S,M,2024-07-29
19147.0,AW00019147,Matthew,Anderson,,F,2025-01-01
19148.0,AW00019148,Thomas,Wilson,M,F,2023-01-05
19149.0,AW00019149,Carol,Green,S,M,2025-05-06
19150.0,AW00019150,Michelle,Lopez,M,F,2024-10-09
19151.0,AW00019151,Jennifer,Davis,S,M,2023-02-10
19152.0,AW00019152,Lisa,King,M,M,2023-10-17
19153.0,AW00019153,Malia,White,S,F,2024-06-14
19154.0,AW00019154,Steven,Adams,M,M,2025-12-15
19155.0,AW00019155,Carol,Jones,S,F,2023-10-29
19156.0,AW00019156,Ronald,Turner,M,M,2026-01-12
19157.0,AW00019157,Matthew,Kumar,M,F,2024-06-20
19158.0,AW00019158,Betty,Campbell,S,M,2024-03-25
19159.0,AW00019159,Keziah,Thomas,S,F,2025-11-17
19160.0,AW00019160,Aroha,Garcia,M,F,2025-02-26
19161.0,AW00019161,John,Wilson,M,F,2025-05-07
19162.0,AW00019162,Joshua,Manu,M,F,2024-10-25
19163.0,AW00019163,Aroha,Carter,M,F,2023-04-23
19164.0,AW00019164,Daniel,Jones,M,F,2023-12-14
19165.0,AW00019165,Tane,Nime,M,F,2026-01-28
19166.0,AW00019166,Steven,Patel,S,F,2025-03-01
19167.0,AW00019167,Barbara,Mitchell,M,F,2024-08-10
19168.0,AW00019168,Michael,Patel,S,F,2024-10-20
19169.0,AW00019169,Jason,Walker,M,F,2025-10-06
19170.0,AW00019170,Timothy,Nelson,M,M,2023-02-19
19171.0,AW00019171,Tane,Garcia,S,M,2024-02-17
19172.0,AW00019172,Rebecca,Young,M,M,2025-02-22
19173.0,AW00019173,Keziah,Jackson,M,M,2025-04-11
19174.0,AW00019174,Steven,Jones,S,F,2024-10-05
19175.0,AW00019175,Sione,Williams,S,F,2024-02-23
19176.0,AW00019176,Emily,Jackson,M,M,2023-08-29
19177.0,AW00019177,Jason,Johnson,S,F,2025-07-31
19178.0,AW00019178,Kenneth,Miller,S,F,2023-02-17
19179.0,AW00019179,Sarah,Williams,S,F,2025-06-19
19180.0,AW00019180,James,Martin,M,F,2024-04-29
19181.0,AW00019181,Rebecca,Moore,M,F,2023-09-05
19182.0,AW00019182,Elizabeth,Toalii,S,F,2026-05-31
19183.0,AW00019183,Deborah,Turner,S,M,2026-05-08
19184.0,AW00019184,Anthony,Toalii,S,M,2025-07-19
19185.0,AW00019185,Timothy,Phillips,S,F,2026-03-02
19186.0,AW00019186,Betty,Nelson,M,F,2026-03-30
19187.0,AW00019187,George,Smith,S,M,2024-04-11
19188.0,AW00019188,Rebecca,Jackson,M,M,2025-01-05
19189.0,AW00019189,Tane,Walker,S,M,2023-01-08
19190.0,AW00019190,Kimberly,Miller,M,F,2024-10-17
19191.0,AW00019191,Melissa,Allen,M,F,2025-08-12
19192.0,AW00019192,Betty,Allen,M,F,2023-03-03
19193.0,AW00019193,Daniel,Nelson,S,F,2023-04-08
19194.0,AW00019194,Sarah,Parker,S,M,2025-03-27
19195.0,AW00019195,Joseph,Walker,M,F,2026-03-14
19196.0,AW00019196,Emily,Jackson,S,M,2024-02-05
19197.0,AW00019197,Paul,Ngata,M,F,2024-11-01
19198.0,AW00019198,Daniel,King,M,M,2024-01-30
19199.0,AW00019199,Richard,White,S,M,2024-04-09
19200.0,AW00019200,Sione,Anderson,M,F,2024-01-06
19201.0,AW00019201,Paul,Jones,S,F,2023-04-26
19202.0,AW00019202,Robert,Kumar,S,F,2024-02-21
19203.0,AW00019203,Daniel,Martin,M,F,2026-01-23
19204.0,AW00019204,Richard,Patel,M,F,2024-03-03
19205.0,AW00019205,Sione,Nelson,M,F,2025-03-07
19206.0,AW00019206,Richard,Parker,S,M,2023-03-23
19207.0,AW00019207,Thomas,Jones,M,M,2025-04-12
19208.0,AW00019208,Susan,Davis,M,M,2023-01-13
19209.0,AW00019209,Elizabeth,Kumar,S,M,2026-01-01
19210.0,AW00019210,Anthony,Lewis,S,F,2023-10-25
19211.0,AW00019211,Nancy,Young,S,F,2023-12-09
19212.0,AW00019212,Amanda,Phillips,M,M,2024-12-15
19213.0,AW00019213,Sione,Campbell,M,M,2023-04-11
19214.0,AW00019214,Paul,Green,M,F,2023-12-07
19215.0,AW00019215,Donna,Garcia,S,M,2026-03-09
19216.0,AW00019216,Barbara,Allen,M,M,2025-01-12
19217.0,AW00019217,Steven,Williams,S,M,2023-01-02
19218.0,AW00019218,Mark,Roberts,S,F,2025-04-24
19219.0,AW00019219,Paul,White,S,M,2025-01-07
19220.0,AW00019220,Andrew,Williams,M,F,2026-01-12
19221.0,AW00019221,Linda,Green,S,M,2025-02-13
19222.0,AW00019222,Baraa,Wright,S,M,2025-07-30
19223.0,AW00019223,Matthew,Wright,S,M,2025-08-12
19224.0,AW00019224,James,Parker,S,M,2025-10-21
19225.0,AW00019225,Rebecca,Baker,M,M,2024-02-25
19226.0,AW00019226,Brian,Campbell,S,F,2026-01-24
19227.0,AW00019227,Andrew,Manu,M,M,2026-05-13
19228.0,AW00019228,Paul,Miller,S,M,2025-11-09
19229.0,AW00019229,Matthew,Adams,S,M,2025-01-15
19230.0,AW00019230,Patricia,Mitchell,M,F,2023-05-04
19231.0,AW00019231,Sione,Jackson,M,M,2025-11-07
19232.0,AW00019232,Patricia,Green,M,F,2024-06-03
19233.0,AW00019233,David,Clark,M,M,2023-09-29
19234.0,AW00019234,Keziah,King,S,M,2024-12-16
19235.0,AW00019235,Kenneth,Singh,M,M,2025-12-29
19236.0,AW00019236,Carol,Clark,M,M,2024-06-10
19237.0,AW00019237,Carol,Thompson,S,F,2025-08-02
19238.0,AW00019238,Patricia,Carter,M,F,2024-02-13
19239.0,AW00019239,Tane,Kumar,M,F,2024-08-03
19240.0,AW00019240,Kimberly,Singh,M,F,2023-06-29
19241.0,AW00019241,Donald,Smith,S,M,2026-02-11
19242.0,AW00019242,Mark,Martin,S,F,2024-02-15
19243.0,AW00019243,Matthew,Wright,M,M,2025-10-30
19244.0,AW00019244,Andrew,Nime,M,M,2026-04-26
19245.0,AW00019245,William,Baker,M,F,2023-10-13
19246.0,AW00019246,Andrew,Toalii,M,F,2025-10-21
19247.0,AW00019247,Patricia,Anderson,M,F,2023-04-18
19248.0,AW00019248,Amanda,Moore,M,M,2023-01-05
19249.0,AW00019249,Ashley,Brown,S,F,2025-10-10
19250.0,AW00019250,Stephanie,Williams,S,M,2025-11-17
19251.0,AW00019251,Elizabeth,Baker,S,F,2023-03-31
19252.0,AW00019252,Kimberly,Parker,S,M,2025-03-26
19253.0,AW00019253,Jessica,Miller,M,M,2024-09-18
19254.0,AW00019254,Lisa,Walker,M,M,2024-03-12
19255.0,AW00019255,Andrew,White,M,F,2025-10-16
19256.0,AW00019256,Sandra,Young,M,M,2023-03-31
19257.0,AW00019257,Donald,Singh,M,M,2024-03-06
19258.0,AW00019258,Karen,Smith,S,F,2024-07-28
19259.0,AW00019259,Elizabeth,Wright,S,M,2024-02-26
19260.0,AW00019260,Emily,Toalii,M,F,2024-01-04
19261.0,AW00019261,Robert,Smith,M,M,2025-10-26
19262.0,AW00019262,Ronald,Miller,M,M,2025-03-27
19263.0,AW00019263,Nancy,Walker,M,M,2024-12-28
19264.0,AW00019264,Mere,Lee,M,M,2023-08-26
19265.0,AW00019265,Emily,Patel,M,M,2025-01-31
19266.0,AW00019266,Emily,Carter,M,M,2023-10-10
19267.0,AW00019267,Sandra,Taylor,M,F,2024-09-02
19268.0,AW00019268,Joshua,Green,M,F,2023-10-02
19269.0,AW00019269,Michael,Taylor,M,M,2023-11-20
19270.0,AW00019270,Nancy,Thomas,M,M,2023-10-10
19271.0,AW00019271,Robert,Smith,S,M,2023-12-16
19272.0,AW00019272,Sione,Johnson,S,F,2023-03-24
19273.0,AW00019273,Keziah,Scott,M,M,2024-05-06
19274.0,AW00019274,Richard,Patel,M,F,2024-10-08
19275.0,AW00019275,James,Parker,S,F,2023-07-27
19276.0,AW00019276,Joshua,Baker,M,M,2023-12-24
19277.0,AW00019277,Peter,Ngata,M,M,2024-08-07
19278.0,AW00019278,Jennifer,Carter,M,M,2023-01-10
19279.0,AW00019279,Brian,Nelson,M,F,2023-06-20
19280.0,AW00019280,Jessica,Carter,M,F,2025-02-02
19281.0,AW00019281,Steven,Lee,S,M,2024-07-21
19282.0,AW00019282,Jennifer,Perez,M,F,2023-08-30
19283.0,AW00019283,Ronald,Turner,M,M,2024-08-30
19284.0,AW00019284,Sione,,S,F,2024-09-02
19285.0,AW00019285,David,Ngata,M,M,2025-05-21
19286.0,AW00019286,Andrew,Campbell,S,F,2025-03-20
19287.0,AW00019287,Jessica,Brown,S,M,2023-11-28
19288.0,AW00019288,Kimberly,Brown,M,F,2025-06-26
19289.0,AW00019289,Kenneth,Singh,M,F,2024-05-03
19290.0,AW00019290,Robert,Singh,M,F,2024-06-20
19291.0,AW00019291,Robert,Perez,M,F,2023-04-29
19292.0,AW00019292,Mary,Kumar,S,M,2026-02-17
19293.0,AW00019293,Elizabeth,King,M,M,2024-07-06
19294.0,AW00019294,Kimberly,White,S,F,2023-02-17
19295.0,AW00019295,Richard,Scott,M,F,2023-10-12
19296.0,AW00019296,Ronald,Adams,S,M,2023-11-11
19297.0,AW00019297,Tane,Hall,S,F,2023-09-28
19298.0,AW00019298,Sandra,Thomas,S,M,2024-12-04
19299.0,AW00019299,Mere,Roberts,S,F,2023-03-05
19300.0,AW00019300,Joseph,Williams,M,F,2025-02-02
19301.0,AW00019301,Peter,Baker,S,F,2024-02-11
19302.0,AW00019302,Ashley,Lewis,M,F,2026-03-30
19303.0,AW00019303,Brian,Lee,M,M,2024-11-26
19304.0,AW00019304,Michelle,Thomas,S,F,2024-12-04
19305.0,AW00019305,Joseph,Johnson,S,F,2025-02-15
19306.0,AW00019306,Nancy,Miller,S,F,2024-01-25
19307.0,AW00019307,Timothy,Manu,M,F,2023-02-06
19308.0,AW00019308,Andrew,Clark,M,M,2026-03-29
19309.0,AW00019309,Jason,Thomas,S,F,2024-05-30
19310.0,AW00019310,Michelle,Phillips,S,F,2024-08-15
19311.0,AW00019311,Charles,Wright,S,F,2024-11-04
19312.0,AW00019312,Malia,Turner,S,M,2023-05-23
19313.0,AW00019313,Thomas,Phillips,M,F,2023-05-24
19314.0,AW00019314,Melissa,Mitchell,M,F,2024-06-16
19315.0,AW00019315,Jennifer,Perez,M,M,2023-06-10
19316.0,AW00019316,Thomas,Walker,M,F,2023-01-21
19317.0,AW00019317,Jessica,Baker,S,M,2025-11-18
19318.0,AW00019318,Ashley,Nime,M,M,2025-04-06
19319.0,AW00019319,Elizabeth,Phillips,M,F,2023-06-01
19320.0,AW00019320,Nancy,Ngata,S,M,2025-11-23
19321.0,AW00019321,Kenneth,Martin,S,M,2026-04-17
19322.0,AW00019322,Paul,Perez,M,M,2023-01-20
19323.0,AW00019323,Thomas,Patel,M,M,2023-09-28
19324.0,AW00019324,Michelle,Jackson,M,F,2024-04-25
19325.0,AW00019325,Sarah,Lopez,M,M,2025-02-11
19326.0,AW00019326,Rebecca,Davis,S,M,2026-01-19
19327.0,AW00019327,Timothy,Jackson,M,M,2025-05-11
19328.0,AW00019328,Michael,Roberts,M,F,2025-05-18
19329.0,AW00019329,Michelle,Davis,M,F,2024-09-18
19330.0,AW00019330,William,Jackson,M,M,2024-09-20
19331.0,AW00019331,William,Parker,M,M,2025-04-26
19332.0,AW00019332,Baraa,Davis,M,M,2023-03-02
19333.0,AW00019333,Paul,Lee,M,M,2025-05-25
19334.0,AW00019334,Joshua,Johnson,S,F,2025-11-11
19335.0,AW00019335,Elizabeth,Allen,M,M,2023-06-18
19336.0,AW00019336,Rebecca,Lopez,S,M,2026-05-16
19337.0,AW00019337,Andrew,Hall,S,M,2025-11-01
19338.0,AW00019338,George,Scott,M,F,2024-03-16
19339.0,AW00019339,Malia,Perez,S,M,2025-05-19
19340.0,AW00019340,Nancy,Miller,S,F,2024-11-19
19341.0,AW00019341,Stephanie,Taylor,M,M,2023-05-13
19342.0,AW00019342,Sione,Kumar,S,M,2024-01-13
19343.0,AW00019343,Robert,Lewis,M,F,2026-05-03
19344.0,AW00019344,Barbara,Parker,M,F,2025-05-01
19345.0,AW00019345,Steven,Nime,M,M,2025-12-30
19346.0,AW00019346,Sarah,White,S,F,2025-03-05
19347.0,AW00019347,Ronald,Brown,S,F,2023-04-26
19348.0,AW00019348,Timothy,Davis,S,F,2025-09-09
19349.0,AW00019349,Kenneth,Perez,S,F,2024-02-15
19350.0,AW00019350,Keziah,Campbell,M,M,2025-09-04
19351.0,AW00019351,Thomas,Singh,S,F,2024-02-17
19352.0,AW00019352,Patricia,Patel,S,F,2025-08-25
19353.0,AW00019353,Mark,Manu,M,M,2024-10-22
19354.0,AW00019354,Deborah,Carter,S,F,2023-04-14
19355.0,AW00019355,Stephanie,Johnson,S,M,2026-04-22
19356.0,AW00019356,Robert,Allen,S,M,2023-05-02
19357.0,AW00019357,Betty,Martin,S,F,2023-03-11
19358.0,AW00019358,Donald,Carter,S,M,2023-12-23
19359.0,AW00019359,Mere,Patel,M,M,2024-11-22
19360.0,AW00019360,Rebecca,Kumar,M,M,2024-05-07
19361.0,AW00019361,Emily,Carter,M,M,2023-04-05
19362.0,AW00019362,Jessica,Anderson,S,M,2024-05-02
19363.0,AW00019363,Ashley,Phillips,M,M,2024-05-28
19364.0,AW00019364,Baraa,Nelson,M,M,2026-02-01
19365.0,AW00019365,Aroha,Wilson,M,F,2023-10-19
19366.0,AW00019366,Robert,Martin,M,M,2026-01-01
19367.0,AW00019367,Joseph,Wright,M,M,2024-04-11
19368.0,AW00019368,Carol,Garcia,S,F,2023-08-10
19369.0,AW00019369,Richard,Davis,M,F,2023-04-17
19370.0,AW00019370,Peter,Roberts,M,M,2025-09-02
19371.0,AW00019371,Kenneth,Walker,M,M,2025-03-26
19372.0,AW00019372,Anthony,Baker,M,F,2023-08-04
19373.0,AW00019373,Deborah,Patel,S,F,2024-06-14
19374.0,AW00019374,Donna,Nelson,M,M,2025-01-07
19375.0,AW00019375,Kimberly,Nelson,M,M,2025-10-06
19376.0,AW00019376,Ronald,Phillips,S,M,2025-05-08
19377.0,AW00019377,Mark,Lewis,S,M,2024-05-05
19378.0,AW00019378,Malia,Miller,M,F,2023-09-28
19379.0,AW00019379,Ashley,Taylor,S,F,2023-02-15
19380.0,AW00019380,Michael,Singh,S,M,2024-06-23
19381.0,AW00019381,Barbara,Lee,M,F,2023-01-11
19382.0,AW00019382,Elizabeth,Garcia,S,M,2025-06-29
19383.0,AW00019383,Richard,Adams,S,F,2024-06-01
19384.0,AW00019384,Ashley,Patel,M,M,2026-05-10
19385.0,AW00019385,Joseph,Parker,S,F,2023-01-24
19386.0,AW00019386,Joshua,Patel,M,M,2024-03-19
19387.0,AW00019387,William,Roberts,M,F,2026-05-03
19388.0,AW00019388,David,White,S,F,2024-08-11
19389.0,AW00019389,Robert,Martin,M,M,2023-12-08
19390.0,AW00019390,Susan,Martin,S,F,2023-11-02
19391.0,AW00019391,Brian,Singh,S,M,2026-05-31
19392.0,AW00019392,Patricia,Phillips,M,M,2025-09-12
19393.0,AW00019393,Ashley,Roberts,S,F,2025-12-08
19394.0,AW00019394,Lisa,Thomas,S,M,2025-01-21
19395.0,AW00019395,Mary,Miller,S,F,2024-12-03
19396.0,AW00019396,Ronald,Toalii,M,M,2024-08-01
19397.0,AW00019397,Amanda,Williams,S,F,2024-05-20
19398.0,AW00019398,Lisa,Clark,S,F,2026-02-02
19399.0,AW00019399,Keziah,Manu,S,F,2025-04-08
19400.0,AW00019400,Ronald,Davis,M,M,2024-06-16
19401.0,AW00019401,Steven,Turner,S,F,2025-09-21
19402.0,AW00019402,Patricia,Taylor,M,M,2026-05-08
19403.0,AW00019403,William,Taylor,M,M,2024-11-05
19404.0,AW00019404,Malia,Lopez,M,M,2024-08-11
19405.0,AW00019405,Sandra,Kumar,S,M,2025-04-12
19406.0,AW00019406,Mere,Allen,M,M,2023-10-23
19407.0,AW00019407,Sandra,Smith,S,F,2023-11-29
19408.0,AW00019408,Robert,Manu,S,M,2024-12-17
19409.0,AW00019409,Steven,Patel,S,M,2025-08-10
19410.0,AW00019410,Tane,Kumar,M,F,2024-02-17
19411.0,AW00019411,Sione,King,S,M,2026-03-03
19412.0,AW00019412,Joshua,White,M,F,2025-02-14
19413.0,AW00019413,Robert,Lopez,S,F,2023-11-08
19414.0,AW00019414,Barbara,Thomas,S,M,2025-05-10
19415.0,AW00019415,Carol,Thompson,S,F,2024-02-01
19416.0,AW00019416,Emily,Nime,M,M,2025-02-27
19417.0,AW00019417,Robert,Clark,S,F,2025-08-12
19418.0,AW00019418,Ashley,Davis,M,M,2024-12-12
19419.0,AW00019419,Donna,Wright,M,M,2025-05-19
19420.0,AW00019420,Tane,Roberts,M,F,2025-01-08
19421.0,AW00019421,Jennifer,Green,S,F,2025-01-25
19422.0,AW00019422,David,Williams,M,M,2026-05-27
19423.0,AW00019423,Stephanie,Taylor,S,F,2023-01-29
19424.0,AW00019424,Aroha,Carter,S,F,2025-09-08
19425.0,AW00019425,George,Miller,S,M,2023-02-05
19426.0,AW00019426,Jennifer,Jones,S,M,2025-05-09
19427.0,AW00019427,Betty,King,S,M,2025-04-18
19428.0,AW00019428,Mary,Nelson,S,M,2025-09-28
19429.0,AW00019429,Sione,Walker,S,M,2024-05-31
19430.0,AW00019430,Karen,Nime,M,M,2026-01-07
19431.0,AW00019431,Peter,Patel,S,M,2025-07-01
19432.0,AW00019432,Deborah,Williams,S,F,2023-05-13
19433.0,AW00019433,Michelle,Wilson,M,M,2024-01-28
19434.0,AW00019434,Robert,Anderson,M,F,2024-03-09
19435.0,AW00019435,Linda,Smith,S,F,2025-10-02
19436.0,AW00019436,Peter,Campbell,M,F,2025-01-21
19437.0,AW00019437,Donna,Ngata,M,M,2025-01-23
19438.0,AW00019438,Amanda,Kumar,M,F,2024-12-11
19439.0,AW00019439,Jason,Parker,S,M,2025-12-22
19440.0,AW00019440,Michelle,Thomas,M,M,2024-08-10
19441.0,AW00019441,Tane,White,S,M,2026-04-17
19442.0,AW00019442,David,King,M,M,2026-02-03
19443.0,AW00019443,Rebecca,Brown,M,F,2024-06-05
19444.0,AW00019444,Mark,Baker,S,F,2025-02-05
19445.0,AW00019445,Sione,Wright,M,F,2024-08-27
19446.0,AW00019446,Nancy,Thomas,S,F,2026-03-06
19447.0,AW00019447,Patricia,Scott,M,F,2026-02-20
19448.0,AW00019448,Robert,Martin,S,F,2025-07-17
19449.0,AW00019449,Joseph,Anderson,M,F,2023-06-06
19450.0,AW00019450,Carol,Green,M,M,2023-06-11
19451.0,AW00019451,Joshua,White,M,F,2024-05-24
19452.0,AW00019452,Sione,Turner,S,M,2025-03-19
19453.0,AW00019453,John,Wilson,S,F,2025-08-27
19454.0,AW00019454,Lisa,Hall,M,M,2024-10-18
19455.0,AW00019455,Anthony,Young,M,F,2023-11-18
19456.0,AW00019456,Andrew,Davis,S,F,2024-12-03
19457.0,AW00019457,Tane,Taylor,S,F,2024-11-29
19458.0,AW00019458,Richard,Perez,M,F,2023-08-07
19459.0,AW00019459,Aroha,Lewis,M,F,2026-01-28
19460.0,AW00019460,Karen,Thompson,S,F,2023-08-28
19461.0,AW00019461,Susan,Phillips,S,M,2025-12-03
19462.0,AW00019462,Sarah,Thompson,M,M,2023-06-23
19463.0,AW00019463,Donald,Martin,S,F,2024-11-04
19464.0,AW00019464,Michael,Davis,S,F,2024-08-19
19465.0,AW00019465,Keziah,Miller,S,F,2023-11-04
19466.0,AW00019466,George,Unknown,M,F,2025-08-27
19467.0,AW00019467,Linda,Thomas,M,F,2026-05-15
19468.0,AW00019468,Susan,Brown,M,F,2024-08-06
19469.0,AW00019469,Daniel,Williams,M,M,2025-03-10
19470.0,AW00019470,Amanda,Roberts,M,M,2024-03-02
19471.0,AW00019471,Michael,Wilson,S,M,2023-01-26
19472.0,AW00019472,Richard,Williams,M,F,2025-10-28
19473.0,AW00019473,Michelle,Kumar,S,F,2024-08-11
19474.0,AW00019474,Matthew,Manu,S,M,2025-06-14
19475.0,AW00019475,Aroha,Allen,S,M,2023-09-19
19476.0,AW00019476,Deborah,Roberts,S,M,2025-07-19
19477.0,AW00019477,Kenneth,Miller,S,F,2024-01-05
19478.0,AW00019478,Elizabeth,Johnson,S,M,2025-10-16
19479.0,AW00019479,Mere,Patel,S,F,2026-02-27
19480.0,AW00019480,Kimberly,Singh,S,M,2024-10-20
19481.0,AW00019481,Stephanie,Green,M,F,2023-04-13
19482.0,AW00019482,Peter,Young,M,F,2024-02-21
19483.0,AW00019483,Thomas,Campbell,S,M,2025-06-22
19484.0,AW00019484,Anthony,Jackson,S,F,2025-07-24
19485.0,AW00019485,Donna,Perez,M,F,2023-06-21
19486.0,AW00019486,Michael,Garcia,S,M,2023-11-18
19487.0,AW00019487,Sandra,Patel,S,M,2023-04-09
19488.0,AW00019488,Elizabeth,Thompson,S,M,2023-11-14
19489.0,AW00019489,James,Young,M,F,2023-12-21
19490.0,AW00019490,Elizabeth,Brown,M,M,2025-12-19
19491.0,AW00019491,Sandra,Toalii,S,M,2024-04-22
19492.0,AW00019492,Emily,Wilson,M,F,2026-05-26
19493.0,AW00019493,Paul,Campbell,M,F,2023-06-19
19494.0,AW00019494,Tane,Miller,M,F,2025-04-10
19495.0,AW00019495,Aroha,Parker,S,M,2024-11-26
19496.0,AW00019496,Deborah,Scott,S,M,2023-09-06
19497.0,AW00019497,Susan,Davis,M,M,2023-04-07
19498.0,AW00019498,Donald,Scott,S,M,2024-03-19
19499.0,AW00019499,Mere,Miller,M,F,2024-03-15
19500.0,AW00019500,Jennifer,Mitchell,M,F,2023-05-20
19501.0,AW00019501,Matthew,Lewis,S,M,2024-09-01
19502.0,AW00019502,Steven,Baker,S,F,2023-03-17
19503.0,AW00019503,Peter,Young,M,F,2024-10-31
19504.0,AW00019504,Jennifer,Anderson,M,F,2026-04-27
19505.0,AW00019505,Baraa,Clark,M,M,2024-12-25
19506.0,AW00019506,Sarah,Nelson,S,F,2024-03-21
19507.0,AW00019507,Mary,Anderson,S,M,2023-07-15
19508.0,AW00019508,Betty,Manu,M,M,2024-12-29
19509.0,AW00019509,Kenneth,Ngata,M,M,2025-09-09
19510.0,AW00019510,David,Adams,M,M,2023-05-18
19511.0,AW00019511,Jason,Ngata,S,F,2024-08-03
19512.0,AW00019512,Karen,Walker,M,M,2024-11-21
19513.0,AW00019513,Mere,Singh,S,M,2026-05-11
19514.0,AW00019514,Kimberly,Roberts,M,F,2023-05-21
19515.0,AW00019515,Linda,Ngata,S,F,2024-12-26
19516.0,AW00019516,Linda,Garcia,M,F,2023-09-03
19517.0,AW00019517,Elizabeth,Campbell,M,F,2023-07-17
19518.0,AW00019518,Jessica,Williams,M,F,2024-12-21
19519.0,AW00019519,Nancy,Mitchell,S,M,2023-01-28
19520.0,AW00019520,Michael,Ngata,S,M,2023-06-20
19521.0,AW00019521,Ashley,Garcia,S,M,2026-05-06
19522.0,AW00019522,Joseph,Walker,S,M,2026-02-05
19523.0,AW00019523,Nancy,Lee,M,M,2023-03-20
19524.0,AW00019524,Joshua,Mitchell,S,M,2025-06-28
19525.0,AW00019525,Nancy,Walker,M,F,2026-04-19
19526.0,AW00019526,Kimberly,Brown,S,F,2025-06-29
19527.0,AW00019527,Keziah,Toalii,M,F,2025-04-12
19528.0,AW00019528,Elizabeth,Johnson,M,F,2024-11-17
19529.0,AW00019529,Karen,Martin,M,M,2024-10-08
19530.0,AW00019530,Jason,Jones,M,M,2025-01-28
19531.0,AW00019531,Keziah,Brown,S,M,2026-01-06
19532.0,AW00019532,Charles,Roberts,M,M,2026-01-20
19533.0,AW00019533,Jason,Taylor,S,M,2025-03-23
19534.0,AW00019534,Kenneth,Green,S,M,2026-05-13
19535.0,AW00019535,Richard,Green,M,M,2023-06-30
19536.0,AW00019536,Peter,Thompson,S,F,2023-12-06
19537.0,AW00019537,Ashley,Davis,M,F,2024-04-24
19538.0,AW00019538,Anthony,Young,S,M,2025-10-10
19539.0,AW00019539,Amanda,Lee,M,M,2023-01-07
19540.0,AW00019540,Malia,Johnson,S,M,2026-05-30
19541.0,AW00019541,Richard,Phillips,S,F,2023-11-07
19542.0,AW00019542,John,Nelson,M,F,2023-08-14
19543.0,AW00019543,Ronald,Lewis,M,M,2026-01-25
19544.0,AW00019544,Richard,Allen,S,M,2023-10-31
19545.0,AW00019545,John,Young,S,M,2025-08-18
19546.0,AW00019546,Patricia,Martin,S,M,2023-06-18
19547.0,AW00019547,Andrew,Clark,S,M,2023-08-25
19548.0,AW00019548,Lisa,Johnson,M,F,2024-06-03
19549.0,AW00019549,Brian,Johnson,M,M,2023-08-21
19550.0,AW00019550,Matthew,Johnson,S,F,2026-02-04
19551.0,AW00019551,Sandra,Moore,S,F,2026-05-14
19552.0,AW00019552,Robert,Lee,M,M,2023-06-18
19553.0,AW00019553,Karen,Johnson,S,F,2026-01-01
19554.0,AW00019554,Michelle,Campbell,M,F,2026-05-12
19555.0,AW00019555,Michelle,Lopez,M,M,2024-11-06
19556.0,AW00019556,Jennifer,Carter,S,M,2024-10-13
19557.0,AW00019557,Kimberly,Carter,S,M,2023-10-16
19558.0,AW00019558,Betty,Clark,S,M,2025-05-14
19559.0,AW00019559,Matthew,Clark,S,F,2023-12-26
19560.0,AW00019560,Charles,Kumar,M,M,2025-10-28
19561.0,AW00019561,George,Perez,M,M,2024-05-23
19562.0,AW00019562,Amanda,Phillips,M,M,2024-04-13
19563.0,AW00019563,Carol,Toalii,S,F,2024-02-11
19564.0,AW00019564,Karen,White,M,F,2025-05-25
19565.0,AW00019565,John,Nime,M,M,2025-09-24
19566.0,AW00019566,Donald,Green,S,F,2023-09-25
19567.0,AW00019567,Steven,Jackson,M,F,2025-02-02
19568.0,AW00019568,Donald,Garcia,S,Unknown,2024-05-07
19569.0,AW00019569,Lisa,Turner,M,M,2023-02-22
19570.0,AW00019570,Andrew,Adams,S,F,2025-06-02
19571.0,AW00019571,William,Mitchell,M,F,2023-07-10
19572.0,AW00019572,Joseph,Carter,M,F,2023-08-10
19573.0,AW00019573,Michael,Baker,S,M,2023-01-22
19574.0,AW00019574,Sandra,Roberts,M,F,2023-04-24
19575.0,AW00019575,Nancy,Lewis,S,M,2023-10-06
19576.0,AW00019576,Andrew,Martin,M,M,2024-06-07
19577.0,AW00019577,Mark,Moore,M,M,2025-07-09
19578.0,AW00019578,Sarah,Turner,M,F,2023-07-11
19579.0,AW00019579,Ashley,Hall,M,M,2023-02-05
19580.0,AW00019580,Robert,Scott,S,F,2025-06-27
19581.0,AW00019581,Baraa,Mitchell,M,M,2026-04-02
19582.0,AW00019582,Barbara,Thomas,S,M,2025-09-20
19583.0,AW00019583,Sandra,Jackson,M,M,2023-08-19
19584.0,AW00019584,Mary,Green,S,F,2023-08-21
19585.0,AW00019585,Jennifer,Jones,M,M,2023-07-17
19586.0,AW00019586,Rebecca,Jones,M,F,2024-02-15
19587.0,AW00019587,Sandra,Singh,M,M,2025-03-17
19588.0,AW00019588,Donna,Manu,M,F,2025-08-09
19589.0,AW00019589,Robert,Adams,M,M,2024-02-26
19590.0,AW00019590,Thomas,Allen,S,F,2025-11-04
19591.0,AW00019591,Steven,Ngata,S,F,2026-01-04
19592.0,AW00019592,Keziah,Adams,S,M,2024-04-22
19593.0,AW00019593,Sarah,King,S,M,2025-06-02
19594.0,AW00019594,Richard,Jackson,S,M,2023-02-24
19595.0,AW00019595,Mark,Toalii,M,F,2024-05-24
19596.0,AW00019596,Michelle,Phillips,S,F,2025-08-11
19597.0,AW00019597,Amanda,Allen,M,M,2023-08-12
19598.0,AW00019598,Malia,Martin,M,F,2025-08-11
19599.0,AW00019599,Charles,Singh,M,F,2024-07-25
19600.0,AW00019600,Sione,Anderson,M,M,2025-01-04
19601.0,AW00019601,Timothy,Kumar,S,F,2023-10-08
19602.0,AW00019602,Anthony,Garcia,M,F,2025-01-10
19603.0,AW00019603,Donna,Miller,S,M,2026-04-14
19604.0,AW00019604,Patricia,Lewis,M,M,2024-10-17
19605.0,AW00019605,Lisa,Kumar,M,M,2023-07-21
19606.0,AW00019606,Charles,Nime,S,F,2023-05-18
19607.0,AW00019607,Jason,Kumar,M,F,2023-05-19
19608.0,AW00019608,Amanda,Garcia,M,M,2025-03-29
19609.0,AW00019609,Melissa,Martin,M,M,2024-10-24
19610.0,AW00019610,Betty,Williams,S,M,2026-04-04
19611.0,AW00019611,Joseph,Anderson,S,M,2026-05-27
19612.0,AW00019612,Nancy,Adams,M,F,2023-02-23
19613.0,AW00019613,Deborah,Clark,S,M,2025-03-24
19614.0,AW00019614,Sarah,Kumar,S,F,2023-06-20
19615.0,AW00019615,Peter,Scott,M,M,2023-07-04
19616.0,AW00019616,Jennifer,King,M,M,2023-10-23
19617.0,AW00019617,Daniel,Clark,M,M,2024-08-02
19618.0,AW00019618,Jessica,Campbell,M,F,2025-04-05
19619.0,AW00019619,Robert,Turner,S,M,2025-09-04
19620.0,AW00019620,Daniel,Roberts,S,F,2023-01-07
19621.0,AW00019621,Richard,Turner,S,M,2024-07-02
19622.0,AW00019622,George,Lewis,M,F,2024-03-13
19623.0,AW00019623,Emily,Parker,M,F,2024-12-08
19624.0,AW00019624,Sandra,Patel,M,F,2026-03-14
19625.0,AW00019625,Jessica,Lewis,S,F,2026-04-11
19626.0,AW00019626,Steven,Wright,M,M,2025-09-13
19627.0,AW00019627,Ashley,Anderson,S,M,2026-03-14
19628.0,AW00019628,David,Carter,M,F,2025-09-29
19629.0,AW00019629,Lisa,Baker,S,F,2023-09-26
19630.0,AW00019630,Susan,Allen,S,M,2024-03-17
19631.0,AW00019631,Stephanie,Jones,M,M,2023-01-12
19632.0,AW00019632,Kenneth,White,M,F,2024-10-05
19633.0,AW00019633,Amanda,Jackson,S,M,2023-01-12
19634.0,AW00019634,Mere,Lopez,M,F,2026-01-28
19635.0,AW00019635,David,Anderson,M,M,2025-09-21
19636.0,AW00019636,Deborah,Carter,S,M,2023-10-24
19637.0,AW00019637,Baraa,Kumar,M,F,2024-04-30
19638.0,AW00019638,Joshua,Scott,M,M,2023-07-31
19639.0,AW00019639,John,Kumar,S,M,2023-11-30
19640.0,AW00019640,George,Wright,S,F,2023-06-19
19641.0,AW00019641,Karen,Jones,S,M,2024-11-28
19642.0,AW00019642,Sandra,Parker,M,M,2024-10-03
19643.0,AW00019643,Sione,Anderson,S,F,2024-06-04
19644.0,AW00019644,Carol,Ngata,M,M,2023-08-02
19645.0,AW00019645,Sandra,Davis,S,F,2024-07-07
19646.0,AW00019646,Emily,Smith,M,M,2025-12-02
19647.0,AW00019647,Matthew,Thomas,M,M,2025-02-19
19648.0,AW00019648,John,Parker,M,M,2024-07-07
19649.0,AW00019649,Elizabeth,Kumar,S,M,2024-08-18
19650.0,AW00019650,Mere,Phillips,M,F,2024-05-22
19651.0,AW00019651,Betty,Lewis,M,F,2025-08-06
19652.0,AW00019652,Rebecca,Nelson,M,M,2025-03-15
19653.0,AW00019653,Kimberly,Wilson,S,M,2023-01-02
19654.0,AW00019654,Joseph,Anderson,M,M,2024-06-12
19655.0,AW00019655,Michelle,Parker,S,F,2024-09-11
19656.0,AW00019656,Mary,Moore,S,M,2025-03-17
19657.0,AW00019657,Ronald,Lewis,M,M,2024-12-15
19658.0,AW00019658,Emily,Walker,S,M,2024-08-19
19659.0,AW00019659,Sione,Moore,M,M,2023-08-26
19660.0,AW00019660,Brian,Moore,S,F,2024-06-14
19661.0,AW00019661,Sandra,Manu,M,M,2025-11-19
19662.0,AW00019662,Michelle,Wright,M,F,2023-04-24
19663.0,AW00019663,Sione,Patel,M,M,2025-06-03
19664.0,AW00019664,Amanda,Smith,M,M,2024-01-28
19665.0,AW00019665,Malia,Toalii,M,F,2025-11-30
19666.0,AW00019666,Peter,Singh,S,F,2025-08-13
19667.0,AW00019667,Thomas,Walker,M,F,2025-10-09
19668.0,AW00019668,George,Jackson,M,F,2024-05-01
19669.0,AW00019669,Joseph,King,S,F,2025-03-16
19670.0,AW00019670,Amanda,Nime,M,M,2026-01-31
19671.0,AW00019671,Emily,Campbell,S,M,2025-09-29
19672.0,AW00019672,Richard,Manu,S,M,2025-12-10
19673.0,AW00019673,Kimberly,Carter,M,M,2025-01-27
19674.0,AW00019674,Thomas,Hall,S,M,2025-01-29
19675.0,AW00019675,Robert,Nelson,S,M,2023-08-14
19676.0,AW00019676,Deborah,Williams,M,F,2024-12-04
19677.0,AW00019677,David,Lee,S,M,2026-03-05
19678.0,AW00019678,Lisa,Thompson,M,M,2025-05-27
19679.0,AW00019679,Timothy,Smith,S,M,2026-01-11
19680.0,AW00019680,Daniel,Toalii,S,F,2023-08-18
19681.0,AW00019681,Barbara,Wilson,M,F,2023-05-10
19682.0,AW00019682,Baraa,Nime,M,M,2024-05-19
19683.0,AW00019683,Jason,Martin,M,F,2023-03-02
19684.0,AW00019684,Peter,Roberts,S,M,2025-10-19
19685.0,AW00019685,Andrew,Hall,M,M,2026-03-26
19686.0,AW00019686,Sione,Clark,M,M,2023-10-28
19687.0,AW00019687,Sarah,Lewis,S,F,2025-12-08
19688.0,AW00019688,Deborah,Jones,M,M,2026-04-26
19689.0,AW00019689,Robert,Clark,S,F,2025-11-21
19690.0,AW00019690,George,Mitchell,M,M,2024-12-29
19691.0,AW00019691,Tane,Jones,S,M,2026-02-24
19692.0,AW00019692,Patricia,Roberts,M,F,2024-03-22
19693.0,AW00019693,Baraa,Miller,M,M,2024-06-22
19694.0,AW00019694,Joseph,Lee,S,F,2023-12-04
19695.0,AW00019695,Brian,Baker,S,F,2024-08-09
19696.0,AW00019696,Lisa,Kumar,M,F,2024-10-06
19697.0,AW00019697,Susan,Turner,S,F,2025-09-20
19698.0,AW00019698,Elizabeth,Wilson,S,F,2024-08-27
19699.0,AW00019699,Sarah,Patel,M,F,2025-05-04
19700.0,AW00019700,Aroha,Wilson,S,F,2024-03-08
19701.0,AW00019701,Charles,Davis,M,F,2023-03-08
19702.0,AW00019702,Daniel,Scott,M,F,2026-03-14
19703.0,AW00019703,Donald,Smith,M,M,2025-03-23
19704.0,AW00019704,Mark,Nime,M,M,2025-07-05
19705.0,AW00019705,Paul,Williams,S,F,2023-06-03
19706.0,AW00019706,Andrew,Turner,S,F,2023-08-04
19707.0,AW00019707,Stephanie,Williams,M,M,2023-09-24
19708.0,AW00019708,Baraa,Manu,S,F,2023-02-02
19709.0,AW00019709,Sione,Manu,S,F,2026-01-20
19710.0,AW00019710,Jessica,Brown,S,M,2025-03-10
19711.0,AW00019711,Susan,Brown,M,M,2025-04-11
19712.0,AW00019712,Daniel,Martin,S,F,2024-11-21
19713.0,AW00019713,Jennifer,Baker,S,F,2026-05-11
19714.0,AW00019714,Betty,Nelson,M,F,2023-12-22
19715.0,AW00019715,Betty,Thompson,S,F,2025-01-30
19716.0,AW00019716,Robert,Manu,S,F,2024-06-03
19717.0,AW00019717,Kimberly,Johnson,S,F,2023-01-07
19718.0,AW00019718,Steven,Roberts,S,M,2025-08-07
19719.0,AW00019719,Richard,Green,M,F,2023-05-29
19720.0,AW00019720,Emily,Jones,M,M,2025-06-27
19721.0,AW00019721,Sandra,Garcia,S,F,2024-06-03
19722.0,AW00019722,Betty,Lopez,S,M,2023-11-15
19723.0,AW00019723,Malia,Jones,S,M,2026-01-12
19724.0,AW00019724,Ashley,Thomas,M,M,2024-08-31
19725.0,AW00019725,Richard,Allen,M,F,2023-11-08
19726.0,AW00019726,Peter,Toalii,S,F,2025-12-09
19727.0,AW00019727,Ashley,Thompson,S,F,2023-08-16
19728.0,AW00019728,Paul,Perez,M,F,2024-11-02
19729.0,AW00019729,Andrew,Martin,M,F,2024-07-24
19730.0,AW00019730,Aroha,Phillips,S,F,2024-06-17
19731.0,AW00019731,Mark,Patel,M,M,2024-04-16
19732.0,AW00019732,Deborah,Nelson,M,M,2023-05-24
19733.0,AW00019733,Deborah,Lopez,S,F,2025-05-17
19734.0,AW00019734,Andrew,Scott,S,F,2025-10-31
19735.0,AW00019735,Deborah,Kumar,M,F,2023-04-16
19736.0,AW00019736,Malia,Turner,M,F,2024-04-30
19737.0,AW00019737,Anthony,Allen,M,F,2023-12-02
19738.0,AW00019738,Donald,Campbell,S,M,2025-12-17
19739.0,AW00019739,Michael,Scott,S,M,2025-09-27
19740.0,AW00019740,Kenneth,Wilson,M,F,2025-08-19
19741.0,AW00019741,Deborah,Thompson,S,F,2024-02-01
19742.0,AW00019742,Ashley,Nelson,S,M,2023-05-24
19743.0,AW00019743,Michael,Lewis,M,M,2024-06-03
19744.0,AW00019744,Ronald,Allen,S,F,2023-03-16
19745.0,AW00019745,Richard,Mitchell,M,F,2024-04-05
19746.0,AW00019746,Barbara,Wilson,S,M,2023-05-16
19747.0,AW00019747,James,Taylor,S,F,2023-11-02
19748.0,AW00019748,Kenneth,Williams,S,M,2025-03-22
19749.0,AW00019749,Amanda,Lopez,M,M,2025-04-22
19750.0,AW00019750,Elizabeth,Moore,S,M,2025-05-16
19751.0,AW00019751,Joseph,Clark,M,F,2025-09-22
19752.0,AW00019752,Rebecca,Thompson,S,F,2024-07-26
19753.0,AW00019753,Rebecca,Young,M,F,2024-05-12
19754.0,AW00019754,Peter,White,M,F,2024-12-23
19755.0,AW00019755,Barbara,Roberts,M,M,2023-03-23
19756.0,AW00019756,Deborah,Jackson,S,F,2023-03-09
19757.0,AW00019757,Mark,Johnson,M,M,2025-01-02
19758.0,AW00019758,Kimberly,Singh,M,F,2025-06-05
19759.0,AW00019759,Mere,Anderson,M,F,2023-03-03
19760.0,AW00019760,Steven,Lee,S,F,2023-05-03
19761.0,AW00019761,Barbara,Thompson,M,F,2025-02-20
19762.0,AW00019762,David,Campbell,S,M,2025-02-14
19763.0,AW00019763,Steven,Williams,S,M,2025-04-06
19764.0,AW00019764,Melissa,Turner,S,F,2026-05-26
19765.0,AW00019765,Betty,Singh,S,M,2023-09-13
19766.0,AW00019766,Aroha,Martin,S,M,2024-02-16
19767.0,AW00019767,Kimberly,Johnson,S,F,2024-07-06
19768.0,AW00019768,Elizabeth,Allen,M,M,2024-05-10
19769.0,AW00019769,Joseph,Toalii,M,M,2024-05-27
19770.0,AW00019770,David,Anderson,S,M,2024-07-28
19771.0,AW00019771,Susan,Ngata,M,F,2025-07-09
19772.0,AW00019772,Sione,Green,S,F,2025-11-19
19773.0,AW00019773,David,Jackson,S,M,2026-03-12
19774.0,AW00019774,Sione,White,S,M,2024-06-17
19775.0,AW00019775,Joshua,Green,M,F,2024-10-12
19776.0,AW00019776,Sione,Parker,S,F,2024-04-28
19777.0,AW00019777,Brian,Miller,M,M,2025-06-19
19778.0,AW00019778,Tane,Carter,M,F,2025-12-04
19779.0,AW00019779,James,Turner,S,F,2023-05-20
19780.0,AW00019780,Ashley,Johnson,M,M,2026-01-18
19781.0,AW00019781,Nancy,Thomas,S,F,2025-07-11
19782.0,AW00019782,Melissa,Wilson,S,M,2023-06-18
19783.0,AW00019783,Ronald,Lee,S,F,2025-06-08
19784.0,AW00019784,Sandra,Kumar,M,M,2024-09-30
19785.0,AW00019785,Emily,Roberts,S,M,2025-05-30
19786.0,AW00019786,Linda,Lee,S,F,2023-01-14
19787.0,AW00019787,Donna,Turner,M,F,2025-04-18
19788.0,AW00019788,Baraa,Jackson,S,M,2025-07-14
19789.0,AW00019789,Donna,Nelson,S,M,2025-09-29
19790.0,AW00019790,Jason,Johnson,S,F,2026-01-18
19791.0,AW00019791,John,Baker,M,M,2026-05-04
19792.0,AW00019792,Joshua,Ngata,S,M,2025-11-24
19793.0,AW00019793,Matthew,Nelson,S,M,2025-12-27
19794.0,AW00019794,Daniel,Lopez,M,F,2025-11-18
19795.0,AW00019795,Aroha,Lopez,M,M,2026-04-04
19796.0,AW00019796,Steven,Wilson,M,F,2026-04-21
19797.0,AW00019797,Donald,Singh,M,M,2024-01-14
19798.0,AW00019798,Charles,Johnson,M,F,2026-03-17
19799.0,AW00019799,Aroha,Perez,M,M,2023-01-14
19800.0,AW00019800,Thomas,Lopez,M,F,2024-10-21
19801.0,AW00019801,Donald,Lopez,S,F,2026-03-19
19802.0,AW00019802,Anthony,Lee,S,F,2025-07-22
19803.0,AW00019803,Timothy,Lopez,M,M,2025-11-03
19804.0,AW00019804,Kenneth,Williams,M,F,2024-09-20
19805.0,AW00019805,Mark,Singh,S,M,2025-04-07
19806.0,AW00019806,Michael,Moore,M,F,2023-07-03
19807.0,AW00019807,Stephanie,Baker,M,F,2024-02-23
19808.0,AW00019808,Carol,Garcia,S,F,2023-09-20
19809.0,AW00019809,Robert,Brown,S,M,2023-02-17
19810.0,AW00019810,Michael,Ngata,M,F,2023-06-29
19811.0,AW00019811,Mark,Jackson,M,F,2023-08-15
19812.0,AW00019812,Kenneth,Nelson,S,M,2025-02-12
19813.0,AW00019813,Barbara,Turner,M,F,2023-10-25
19814.0,AW00019814,Aroha,Toalii,S,M,2024-03-28
19815.0,AW00019815,John,Walker,S,M,2023-05-21
19816.0,AW00019816,Mary,Nime,M,M,2025-02-18
19817.0,AW00019817,Carol,Baker,S,M,2025-11-29
19818.0,AW00019818,Amanda,Garcia,M,F,2025-12-15
19819.0,AW00019819,Andrew,Singh,S,F,2023-07-15
19820.0,AW00019820,Jessica,Taylor,S,F,2023-02-26
19821.0,AW00019821,Ronald,Perez,S,M,2023-04-19
19822.0,AW00019822,Patricia,Anderson,M,M,2026-01-22
19823.0,AW00019823,Kenneth,Jones,M,M,2024-06-17
19824.0,AW00019824,Tane,Adams,S,M,2025-10-16
19825.0,AW00019825,Elizabeth,Martin,S,F,2026-01-16
19826.0,AW00019826,Charles,Allen,S,F,2025-07-30
19827.0,AW00019827,Sione,Moore,M,F,2026-04-02
19828.0,AW00019828,Matthew,White,M,M,2025-05-24
19829.0,AW00019829,Robert,Allen,M,F,2023-08-07
19830.0,AW00019830,James,Mitchell,M,F,2024-01-11
19831.0,AW00019831,Karen,Garcia,S,M,2025-03-26
19832.0,AW00019832,Carol,Jones,M,M,2026-02-04
19833.0,AW00019833,Betty,Young,M,M,2024-05-08
19834.0,AW00019834,Andrew,Wright,S,F,2023-02-16
19835.0,AW00019835,Kimberly,Walker,M,M,2024-06-17
19836.0,AW00019836,Aroha,Baker,S,F,2023-01-14
19837.0,AW00019837,Tane,Parker,S,F,2025-02-12
19838.0,AW00019838,Amanda,Thomas,M,F,2025-09-24
19839.0,AW00019839,Stephanie,Nelson,S,F,2026-05-31
19840.0,AW00019840,Patricia,Brown,S,F,2025-08-31
19841.0,AW00019841,Emily,Perez,S,M,2024-09-13
19842.0,AW00019842,Joshua,Davis,M,F,2023-10-06
19843.0,AW00019843,Joseph,Johnson,S,M,2024-12-12
19844.0,AW00019844,Sandra,Young,S,F,2023-03-08
19845.0,AW00019845,Timothy,Clark,M,M,2023-05-04
19846.0,AW00019846,Michael,Jackson,S,F,2023-08-19
19847.0,AW00019847,Betty,Turner,S,M,2026-05-14
19848.0,AW00019848,Keziah,Lewis,S,F,2024-01-29
19849.0,AW00019849,Malia,Parker,M,F,2023-05-07
19850.0,AW00019850,Jason,Walker,S,F,2024-08-04
19851.0,AW00019851,William,Miller,M,M,2026-04-23
19852.0,AW00019852,David,Wilson,S,M,2023-04-19
19853.0,AW00019853,David,Manu,M,F,2024-03-27
19854.0,AW00019854,Donald,Jackson,S,M,2023-12-27
19855.0,AW00019855,Aroha,Wright,M,M,2024-07-12
19856.0,AW00019856,Brian,Scott,M,F,2024-12-28
19857.0,AW00019857,Patricia,Ngata,M,F,2026-02-21
19858.0,AW00019858,Robert,Taylor,M,M,2024-07-26
19859.0,AW00019859,Stephanie,Jackson,M,M,2023-05-18
19860.0,AW00019860,Barbara,Nelson,S,M,2023-09-03
19861.0,AW00019861,Betty,Lopez,S,F,2025-07-18
19862.0,AW00019862,Jennifer,Brown,S,F,2026-04-11
19863.0,AW00019863,Sandra,White,S,F,2024-01-05
19864.0,AW00019864,Sandra,Williams,M,F,2023-02-09
19865.0,AW00019865,Joshua,King,M,M,2025-03-10
19866.0,AW00019866,Matthew,Turner,S,M,2026-04-09
19867.0,AW00019867,Susan,Toalii,M,M,2024-07-05
19868.0,AW00019868,Jason,Clark,S,M,2025-01-03
19869.0,AW00019869,Karen,Lewis,M,M,2023-06-06
19870.0,AW00019870,Joseph,Adams,S,F,2026-02-28
19871.0,AW00019871,Barbara,Walker,S,M,2025-01-28
19872.0,AW00019872,Carol,Nime,M,F,2025-01-18
19873.0,AW00019873,Nancy,Baker,S,M,2025-03-03
19874.0,AW00019874,Patricia,Jones,S,M,2025-07-14
19875.0,AW00019875,Deborah,Hall,S,M,2024-08-26
19876.0,AW00019876,Anthony,Toalii,M,M,2024-10-20
19877.0,AW00019877,George,Perez,S,M,2025-09-24
19878.0,AW00019878,Thomas,Toalii,S,M,2024-11-02
19879.0,AW00019879,Betty,Baker,S,F,2024-07-23
19880.0,AW00019880,Mary,Baker,M,M,2025-10-28
19881.0,AW00019881,Mary,Johnson,M,M,2024-08-08
19882.0,AW00019882,Keziah,Nime,M,M,2025-06-30
19883.0,AW00019883,Jennifer,Patel,M,M,2023-01-06
19884.0,AW00019884,Aroha,Williams,M,M,2024-11-14
19885.0,AW00019885,Lisa,Young,S,M,2023-02-11
19886.0,AW00019886,Keziah,Phillips,M,M,2025-09-11
19887.0,AW00019887,Matthew,Martin,S,M,2026-04-08
19888.0,AW00019888,Linda,Hall,S,M,2024-05-02
19889.0,AW00019889,Betty,Miller,S,M,2024-02-20
19890.0,AW00019890,Sandra,Baker,M,M,2026-04-02
19891.0,AW00019891,James,White,M,F,2026-04-16
19892.0,AW00019892,Steven,Miller,M,F,2026-04-12
19893.0,AW00019893,Barbara,Thomas,M,M,2025-03-13
19894.0,AW00019894,Andrew,King,M,M,2024-03-16
19895.0,AW00019895,Joshua,Perez,S,F,2025-07-20
19896.0,AW00019896,George,Thompson,M,F,2024-09-18
19897.0,AW00019897,Andrew,Jones,M,M,2026-02-18
19898.0,AW00019898,Aroha,Carter,M,M,2024-06-11
19899.0,AW00019899,Amanda,Nime,S,M,2024-07-09
19900.0,AW00019900,Anthony,Thomas,M,M,2025-11-04
19901.0,AW00019901,Daniel,Anderson,M,F,2026-03-24
19902.0,AW00019902,Paul,Thompson,S,M,2023-10-07
19903.0,AW00019903,Baraa,Patel,S,M,2023-07-31
19904.0,AW00019904,Joseph,Campbell,M,F,2024-02-15
19905.0,AW00019905,Patricia,Turner,M,M,2023-01-26
19906.0,AW00019906,Michelle,Walker,M,M,2025-06-02
19907.0,AW00019907,Paul,Davis,M,M,2025-01-06
19908.0,AW00019908,Tane,Taylor,M,M,2025-05-03
19909.0,AW00019909,Joseph,Manu,M,F,2023-01-08
19910.0,AW00019910,Sandra,Perez,S,F,2024-06-14
19911.0,AW00019911,Mark,Ngata,M,M,2025-07-20
19912.0,AW00019912,Amanda,Martin,S,F,2024-08-29
19913.0,AW00019913,Karen,Hall,S,M,2026-01-08
19914.0,AW00019914,Tane,Martin,M,M,2023-11-19
19915.0,AW00019915,Aroha,Garcia,M,M,2025-12-15
19916.0,AW00019916,Stephanie,Roberts,S,M,2023-05-18
19917.0,AW00019917,Jennifer,Lewis,S,F,2024-08-20
19918.0,AW00019918,Sione,Walker,M,F,2023-03-20
19919.0,AW00019919,Mark,Nelson,S,F,2023-06-06
19920.0,AW00019920,Lisa,Green,M,F,2024-02-15
19921.0,AW00019921,Mary,Allen,S,M,2023-05-19
19922.0,AW00019922,Keziah,Jones,S,F,2024-01-28
19923.0,AW00019923,Steven,Walker,S,M,2023-01-09
19924.0,AW00019924,Deborah,Lee,S,F,2024-04-30
19925.0,AW00019925,Anthony,Green,S,M,2023-06-22
19926.0,AW00019926,Lisa,Martin,M,M,2024-11-21
19927.0,AW00019927,Betty,Carter,M,F,2023-10-11
19928.0,AW00019928,Steven,Toalii,M,M,2023-10-25
19929.0,AW00019929,Aroha,Singh,M,F,2025-05-21
19930.0,AW00019930,Jessica,Wilson,M,M,2023-08-18
19931.0,AW00019931,Andrew,White,M,M,2023-12-14
19932.0,AW00019932,Rebecca,Roberts,M,M,2025-10-29
19933.0,AW00019933,Matthew,Lopez,M,F,2023-10-13
19934.0,AW00019934,Ashley,Martin,S,F,2025-06-28
19935.0,AW00019935,Lisa,Hall,S,M,2025-07-06
19936.0,AW00019936,John,Mitchell,M,F,2023-09-28
19937.0,AW00019937,Donald,Singh,M,M,2026-01-17
19938.0,AW00019938,Jennifer,Williams,S,M,2025-04-07
19939.0,AW00019939,Charles,Nelson,M,F,2025-04-01
19940.0,AW00019940,Matthew,Anderson,S,M,2025-04-16
19941.0,AW00019941,David,Jackson,M,F,2024-05-07
19942.0,AW00019942,David,Garcia,S,M,2024-07-16
19943.0,AW00019943,Karen,Toalii,S,M,2024-03-19
19944.0,AW00019944,John,Nelson,M,F,2025-10-20
19945.0,AW00019945,Baraa,Hall,S,M,2024-12-28
19946.0,AW00019946,Sarah,Smith,M,F,2023-11-26
19947.0,AW00019947,Stephanie,White,M,F,2023-12-12
19948.0,AW00019948,George,Williams,M,F,2026-05-16
19949.0,AW00019949,Michelle,Singh,M,F,2026-03-09
19950.0,AW00019950,Linda,Miller,S,M,2026-05-27
19951.0,AW00019951,Amanda,Patel,M,F,2024-03-06
19952.0,AW00019952,Ronald,Toalii,M,F,2026-05-22
19953.0,AW00019953,Patricia,Anderson,M,F,2023-08-01
19954.0,AW00019954,Joshua,Mitchell,S,M,2025-03-09
19955.0,AW00019955,Peter,Brown,M,F,2025-11-07
19956.0,AW00019956,Mary,Parker,S,F,2025-06-04
19957.0,AW00019957,Brian,Clark,S,M,2026-05-24
19958.0,AW00019958,Daniel,Adams,M,F,2023-10-25
19959.0,AW00019959,Unknown,Phillips,M,F,2023-08-05
19960.0,AW00019960,Susan,Jackson,S,F,2023-04-17
19961.0,AW00019961,Joshua,Patel,S,F,2024-07-25
19962.0,AW00019962,Mere,Nime,M,M,2024-02-14
19963.0,AW00019963,Mary,White,S,M,2026-02-22
19964.0,AW00019964,Charles,Anderson,S,M,2024-01-14
19965.0,AW00019965,Robert,Smith,S,M,2024-03-30
19966.0,AW00019966,Patricia,Hall,S,M,2025-12-08
19967.0,AW00019967,Malia,Jones,S,F,2026-01-01
19968.0,AW00019968,Sarah,Toalii,M,M,2025-04-20
19969.0,AW00019969,Ronald,Nelson,M,F,2025-05-23
19970.0,AW00019970,Charles,Green,S,F,2024-03-11
19971.0,AW00019971,Thomas,Mitchell,M,F,2026-03-25
,AW00019972,Michael,Lewis,M,M,2025-12-11
19973.0,AW00019973,Aroha,Thomas,M,M,2023-07-20
19974.0,AW00019974,Donna,Young,M,F,2024-06-27
19975.0,AW00019975,Linda,Moore,M,F,2023-06-13
19976.0,AW00019976,Peter,Baker,M,F,2023-01-27
19977.0,AW00019977,Ashley,Thompson,M,M,2025-09-07
19978.0,AW00019978,Sandra,Brown,M,M,2023-02-02
19979.0,AW00019979,Joshua,Anderson,S,F,2024-06-22
19980.0,AW00019980,Joseph,Jackson,S,M,2024-11-18
19981.0,AW00019981,Nancy,Walker,M,M,2025-10-24
19982.0,AW00019982,Patricia,Walker,M,M,2024-07-31
19983.0,AW00019983,Donna,Moore,S,M,2024-06-18
19984.0,AW00019984,Rebecca,Moore,S,M,2023-12-28
19985.0,AW00019985,Susan,Nelson,M,M,2023-08-27
19986.0,AW00019986,Deborah,Wilson,S,M,2025-10-29
19987.0,AW00019987,Steven,Moore,M,M,2025-01-26
19988.0,AW00019988,Brian,Garcia,S,M,2024-03-22
19989.0,AW00019989,Robert,Lewis,S,F,2025-12-22
19990.0,AW00019990,Patricia,Nelson,M,F,2024-09-21
19991.0,AW00019991,Peter,Williams,S,F,2024-12-15
19992.0,AW00019992,Betty,Thomas,S,M,2024-09-19
19993.0,AW00019993,Daniel,Campbell,S,M,2025-12-20
19994.0,AW00019994,Paul,Carter,M,F,2026-03-08
19995.0,AW00019995,Sandra,White,S,M,2023-01-10
19996.0,AW00019996,Timothy,Garcia,S,M,2023-06-17
19997.0,AW00019997,Paul,Lewis,M,F,2025-01-07
19998.0,AW00019998,Melissa,Smith,S,M,2024-07-27
19999.0,AW00019999,Amanda,Turner,S,F,2025-12-18
20000.0,AW00020000,Mere,Miller,M,F,2024-08-26
20001.0,AW00020001,Michelle,Wilson,M,F,2023-03-05
20002.0,AW00020002,Barbara,Wright,M,M,2025-06-03
20003.0,AW00020003,Susan,Miller,S,M,2025-03-03
20004.0,AW00020004,Tane,Davis,M,F,2024-06-03
20005.0,AW00020005,Ronald,Thompson,S,M,2023-05-25
20006.0,AW00020006,Baraa,Martin,M,F,2023-09-15
20007.0,AW00020007,Sione,Nelson,S,F,2025-01-16
20008.0,AW00020008,Aroha,Jackson,M,F,2025-05-16
20009.0,AW00020009,Peter,Phillips,S,F,2023-05-06
20010.0,AW00020010,Joseph,Parker,M,F,2023-05-15
20011.0,AW00020011,Sione,Anderson,S,M,2025-06-21
20012.0,AW00020012,Kimberly,Smith,M,F,2026-05-19
20013.0,AW00020013,Kenneth,Miller,S,F,2025-12-08
20014.0,AW00020014,Elizabeth,Scott,M,F,2025-04-10
20015.0,AW00020015,Mary,Johnson,S,F,2023-02-16
20016.0,AW00020016,Betty,Miller,S,M,2023-01-13
20017.0,AW00020017,Richard,White,M,M,2023-10-07
20018.0,AW00020018,Andrew,Johnson,S,M,2025-12-12
20019.0,AW00020019,Mary,Clark,M,F,2024-12-20
20020.0,AW00020020,Steven,Jackson,M,M,2023-03-17
20021.0,AW00020021,Keziah,Brown,S,M,2024-06-05
20022.0,AW00020022,Betty,White,S,F,2026-04-29
20023.0,AW00020023,Michelle,White,M,F,2024-01-12
20024.0,AW00020024,Mark,Hall,M,F,2024-01-15
20025.0,AW00020025,Carol,Patel,M,M,2024-02-20
20026.0,AW00020026,Kimberly,Green,S,F,2024-05-17
20027.0,AW00020027,Elizabeth,Young,M,F,2024-03-27
20028.0,AW00020028,Kenneth,Singh,S,M,2026-02-04
20029.0,AW00020029,Robert,Wilson,M,F,2026-01-16
20030.0,AW00020030,Tane,Martin,M,F,2026-05-20
20031.0,AW00020031,Patricia,Kumar,S,F,2025-01-02
20032.0,AW00020032,Anthony,Ngata,M,M,2024-12-24
20033.0,AW00020033,Sarah,Wilson,S,F,2023-09-19
20034.0,AW00020034,Jessica,Martin,M,M,2024-06-19
20035.0,AW00020035,Melissa,Taylor,M,F,2023-06-06
20036.0,AW00020036,Brian,Young,M,F,2023-09-07
20037.0,AW00020037,Rebecca,Ngata,M,F,2023-02-15
20038.0,AW00020038,Donna,Johnson,S,M,2023-04-06
20039.0,AW00020039,Baraa,Campbell,M,F,2024-10-30
20040.0,AW00020040,George,Jones,S,F,2024-09-06
20041.0,AW00020041,Malia,Green,S,F,2026-03-31
20042.0,AW00020042,Karen,Thompson,M,F,2025-06-05
20043.0,AW00020043,Elizabeth,Davis,M,F,2024-07-08
20044.0,AW00020044,Emily,Brown,S,F,2023-05-18
20045.0,AW00020045,Elizabeth,Mitchell,S,M,2023-11-21
20046.0,AW00020046,Jessica,Brown,S,M,2026-02-06
20047.0,AW00020047,Michelle,Phillips,M,F,2025-08-16
20048.0,AW00020048,Keziah,Lee,M,F,2024-11-19
20049.0,AW00020049,Sandra,Allen,M,M,2023-04-20
20050.0,AW00020050,Joseph,Brown,S,F,2024-01-04
20051.0,AW00020051,Michelle,Wilson,S,M,2024-10-28
20052.0,AW00020052,Linda,Allen,S,M,2025-12-09
20053.0,AW00020053,Betty,Lopez,S,M,2023-04-15
20054.0,AW00020054,Aroha,Roberts,S,F,2025-08-24
20055.0,AW00020055,Deborah,Taylor,S,M,2024-12-20
20056.0,AW00020056,Tane,Turner,S,F,2024-07-21
20057.0,AW00020057,Jessica,Toalii,M,M,2024-11-12
20058.0,AW00020058,Tane,Adams,S,M,2025-04-11
20059.0,AW00020059,Rebecca,Toalii,M,M,2024-01-12
20060.0,AW00020060,Andrew,Lee,M,F,2025-01-18
20061.0,AW00020061,Paul,Scott,S,M,2023-04-18
20062.0,AW00020062,Sione,Nime,M,F,2023-11-22
20063.0,AW00020063,Stephanie,Garcia,S,F,2024-08-10
20064.0,AW00020064,Paul,Allen,M,M,2023-11-10
20065.0,AW00020065,Brian,Lewis,S,M,2023-03-02
20066.0,AW00020066,Paul,Toalii,M,F,2023-11-16
20067.0,AW00020067,Donald,Ngata,S,M,2025-03-13
20068.0,AW00020068,Mary,Jackson,M,F,2025-01-13
20069.0,AW00020069,Daniel,Green,M,F,2024-02-29
20070.0,AW00020070,William,Clark,S,F,2023-05-20
20071.0,AW00020071,Steven,Davis,S,F,2026-02-26
20072.0,AW00020072,Betty,Brown,S,F,2024-12-17
20073.0,AW00020073,Paul,Jackson,S,F,2023-01-31
20074.0,AW00020074,Richard,Smith,S,M,2024-06-29
20075.0,AW00020075,Donald,Davis,S,F,2024-09-07
20076.0,AW00020076,Brian,Kumar,S,F,2023-12-15
20077.0,AW00020077,Jessica,Toalii,M,F,2025-01-20
20078.0,AW00020078,Tane,Singh,M,M,2024-03-30
20079.0,AW00020079,Nancy,Manu,M,M,2023-01-19
20080.0,AW00020080,Thomas,Miller,S,M,2025-10-03
20081.0,AW00020081,Baraa,Singh,S,M,2025-03-12
20082.0,AW00020082,Emily,Martin,M,M,2026-01-11
20083.0,AW00020083,Baraa,Lewis,M,F,2025-02-24
20084.0,AW00020084,Amanda,Phillips,S,M,2024-05-24
20085.0,AW00020085,Keziah,Campbell,M,M,2023-07-25
20086.0,AW00020086,Anthony,Anderson,S,M,2023-05-24
20087.0,AW00020087,Betty,Anderson,M,F,2023-12-27
20088.0,AW00020088,Sione,Baker,S,F,2026-05-25
20089.0,AW00020089,Joshua,Nime,M,F,2024-11-03
20090.0,AW00020090,Michael,Jones,M,F,2024-02-21
20091.0,AW00020091,Charles,Allen,M,F,2025-11-01
20092.0,AW00020092,Peter,Campbell,S,M,2025-09-22
20093.0,AW00020093,William,Hall,S,F,2023-04-26
20094.0,AW00020094,Daniel,Nelson,S,F,2026-02-07
20095.0,AW00020095,Peter,Manu,M,M,2025-02-18
20096.0,AW00020096,Nancy,King,M,F,2025-11-09
20097.0,AW00020097,Karen,Campbell,M,F,2025-07-07
20098.0,AW00020098,Elizabeth,Wright,M,F,2024-01-15
20099.0,AW00020099,Daniel,Moore,M,F,2024-02-10
20100.0,AW00020100,Amanda,Walker,S,F,2025-03-05
20101.0,AW00020101,Peter,Lee,S,F,2023-11-13
20102.0,AW00020102,Daniel,Singh,M,M,2024-12-28
20103.0,AW00020103,Matthew,Singh,S,M,2025-04-01
20104.0,AW00020104,Melissa,Smith,S,M,2026-05-15
20105.0,AW00020105,Kenneth,Jackson,S,M,2023-10-21
20106.0,AW00020106,Michelle,King,M,M,2023-04-23
20107.0,AW00020107,Elizabeth,Thomas,S,F,2024-07-08
20108.0,AW00020108,Peter,Lee,M,F,2023-05-20
20109.0,AW00020109,Timothy,Williams,M,F,2023-09-21
20110.0,AW00020110,Mere,Perez,S,M,2023-03-12
20111.0,AW00020111,Malia,Campbell,M,F,2024-06-04
20112.0,AW00020112,Emily,Scott,M,M,2023-12-15
20113.0,AW00020113,Keziah,Manu,S,M,2025-10-04
20114.0,AW00020114,Nancy,Taylor,S,F,2025-01-27
20115.0,AW00020115,Melissa,Jackson,S,M,2024-05-04
20116.0,AW00020116,Jessica,Johnson,S,M,2023-01-18
20117.0,AW00020117,Richard,Thomas,M,M,2024-12-04
20118.0,AW00020118,Sione,Baker,M,F,2023-06-23
20119.0,AW00020119,Melissa,Garcia,M,M,2024-10-01
20120.0,AW00020120,Donna,Manu,M,M,2025-02-08
20121.0,AW00020121,Malia,Lopez,M,M,2023-03-09
20122.0,AW00020122,Kimberly,Thompson,S,F,2023-12-11
20123.0,AW00020123,Betty,Miller,M,F,2023-08-26
20124.0,AW00020124,Daniel,Williams,S,M,2023-09-28
20125.0,AW00020125,Brian,Williams,M,F,2025-07-31
20126.0,AW00020126,Tane,Carter,M,M,2025-09-19
20127.0,AW00020127,Steven,Wilson,M,M,2023-01-03
20128.0,AW00020128,Lisa,Anderson,S,F,2023-03-26
20129.0,AW00020129,Donna,Lopez,S,F,2026-05-04
20130.0,AW00020130,Elizabeth,Hall,S,M,2025-05-16
20131.0,AW00020131,Thomas,Johnson,S,F,2026-02-16
20132.0,AW00020132,Mary,Thomas,S,F,2024-09-20
20133.0,AW00020133,Donna,Manu,S,F,2025-08-20
20134.0,AW00020134,Joseph,Walker,S,M,2025-09-16
20135.0,AW00020135,Thomas,Campbell,S,M,2023-07-04
20136.0,AW00020136,Michael,Garcia,S,F,2023-05-04
20137.0,AW00020137,Matthew,Thomas,S,F,2025-05-04
20138.0,AW00020138,Paul,Phillips,M,M,2023-02-13
20139.0,AW00020139,Timothy,Mitchell,M,F,2025-03-15
20140.0,AW00020140,Nancy,Adams,S,F,2024-06-01
20141.0,AW00020141,Donna,Manu,M,F,2024-07-28
20142.0,AW00020142,Susan,Martin,M,F,2023-09-12
20143.0,AW00020143,Michelle,Mitchell,S,M,2023-11-20
20144.0,AW00020144,Richard,Lopez,M,M,2025-02-10
20145.0,AW00020145,Anthony,Lee,M,M,2025-09-30
20146.0,AW00020146,Betty,Walker,S,M,2024-07-30
20147.0,AW00020147,Patricia,Garcia,M,F,2023-05-28
20148.0,AW00020148,Nancy,Lopez,S,F,2023-05-06
20149.0,AW00020149,Lisa,Campbell,M,M,2023-05-31
20150.0,AW00020150,George,Thompson,M,F,2024-01-23
20151.0,AW00020151,Brian,Miller,S,M,2023-11-26
20152.0,AW00020152,Richard,Perez,M,M,2024-02-02
20153.0,AW00020153,Donald,Carter,S,F,2025-12-08
20154.0,AW00020154,Ronald,Walker,M,F,2025-06-21
20155.0,AW00020155,Paul,Scott,S,F,2023-01-16
20156.0,AW00020156,David,Garcia,M,M,2024-02-02
20157.0,AW00020157,Keziah,Young,M,F,2024-05-29
20158.0,AW00020158,Joshua,Kumar,S,M,2024-06-15
20159.0,AW00020159,Michael,Campbell,M,F,2024-02-13
20160.0,AW00020160,Malia,Singh,M,F,2026-01-04
20161.0,AW00020161,Daniel,Adams,S,F,2025-11-25
20162.0,AW00020162,Joshua,Miller,M,M,2025-05-06
20163.0,AW00020163,Matthew,Patel,S,M,2024-05-27
20164.0,AW00020164,Mary,Nime,M,F,2024-12-12
20165.0,AW00020165,Sione,Thomas,M,M,2025-08-04
20166.0,AW00020166,Ashley,Clark,M,M,2025-12-18
20167.0,AW00020167,Stephanie,White,S,F,2023-04-25
20168.0,AW00020168,Michael,Lee,S,F,2023-08-25
20169.0,AW00020169,Sandra,Jackson,M,M,2023-05-31
20170.0,AW00020170,William,Jackson,M,M,2023-08-26
20171.0,AW00020171,Ashley,Roberts,M,F,2024-06-16
20172.0,AW00020172,Paul,Wilson,S,F,2023-12-24
20173.0,AW00020173,Rebecca,Carter,S,M,2024-11-10
20174.0,AW00020174,Mere,Walker,M,F,2026-03-01
20175.0,AW00020175,Lisa,Lee,S,F,2024-02-20
20176.0,AW00020176,Charles,Allen,M,F,2025-02-18
20177.0,AW00020177,Kimberly,Roberts,S,F,2025-11-22
20178.0,AW00020178,Sarah,Thomas,M,F,2023-04-22
20179.0,AW00020179,Elizabeth,Singh,S,M,2025-10-14
20180.0,AW00020180,Joshua,King,M,F,2023-11-12
20181.0,AW00020181,Robert,Thomas,S,F,2026-05-15
20182.0,AW00020182,Lisa,Baker,S,M,2025-09-09
20183.0,AW00020183,Steven,Jones,S,F,2026-02-02
20184.0,AW00020184,Mere,Walker,M,F,2025-04-27
20185.0,AW00020185,Emily,Perez,S,M,2024-01-11
20186.0,AW00020186,Michelle,Roberts,M,M,2023-01-08
20187.0,AW00020187,Matthew,Anderson,S,M,2025-03-04
20188.0,AW00020188,Amanda,Patel,S,F,2025-04-05
20189.0,AW00020189,Emily,Campbell,M,M,2025-03-03
20190.0,AW00020190,Amanda,Patel,M,M,2025-08-13
20191.0,AW00020191,Ronald,Wright,M,F,2024-01-13
20192.0,AW00020192,Baraa,Davis,S,F,2023-02-12
20193.0,AW00020193,Thomas,Garcia,M,M,2024-07-30
20194.0,AW00020194,Elizabeth,Mitchell,M,M,2024-05-27
20195.0,AW00020195,Jason,Hall,M,M,2023-12-09
20196.0,AW00020196,Carol,Johnson,S,M,2023-04-17
20197.0,AW00020197,Sione,Thomas,M,F,2025-05-31
20198.0,AW00020198,Nancy,Davis,S,F,2023-04-14
20199.0,AW00020199,Barbara,Baker,S,M,2024-01-30
20200.0,AW00020200,Charles,Nelson,S,F,2023-08-01
20201.0,AW00020201,Carol,Brown,M,F,2025-01-26
20202.0,AW00020202,Mark,Ngata,M,M,2025-02-09
20203.0,AW00020203,Keziah,Jackson,S,M,2024-08-14
20204.0,AW00020204,Ashley,Brown,M,F,2024-06-20
20205.0,AW00020205,David,Hall,M,F,2026-04-03
20206.0,AW00020206,Anthony,Lopez,M,F,2023-10-31
20207.0,AW00020207,Michelle,White,S,F,2024-01-15
20208.0,AW00020208,Anthony,Hall,M,F,2025-05-12
20209.0,AW00020209,Jennifer,Toalii,M,F,2026-01-25
20210.0,AW00020210,Kenneth,Turner,M,M,2024-06-13
20211.0,AW00020211,Brian,Lee,S,F,2025-12-17
20212.0,AW00020212,Michael,Johnson,M,M,2023-08-14
20213.0,AW00020213,Mere,King,S,M,2025-03-26
20214.0,AW00020214,Barbara,Lee,S,M,2023-07-11
20215.0,AW00020215,Richard,Allen,M,M,2025-11-28
20216.0,AW00020216,Keziah,Davis,S,F,2023-12-11
20217.0,AW00020217,Rebecca,Wilson,S,M,2024-12-30
20218.0,AW00020218,Andrew,Lewis,M,F,2023-04-01
20219.0,AW00020219,James,Roberts,S,F,2023-05-16
20220.0,AW00020220,Nancy,Miller,M,F,2025-12-18
20221.0,AW00020221,Robert,Nime,M,F,2023-07-27
20222.0,AW00020222,Emily,Clark,M,F,2023-10-26
20223.0,AW00020223,Rebecca,Lee,S,F,2023-10-14
20224.0,AW00020224,Melissa,Walker,M,M,2026-05-31
20225.0,AW00020225,Deborah,White,S,M,2025-12-12
20226.0,AW00020226,Jessica,Anderson,S,M,2024-03-15
20227.0,AW00020227,Joseph,Thomas,M,M,2026-04-28
20228.0,AW00020228,Daniel,Brown,S,F,2023-07-31
20229.0,AW00020229,Mary,Thompson,S,M,2023-08-16
20230.0,AW00020230,Karen,Lee,S,M,2023-07-18
20231.0,AW00020231,David,Johnson,S,F,2025-04-13
20232.0,AW00020232,Matthew,Kumar,M,F,2023-10-25
20233.0,AW00020233,Emily,Clark,S,M,2024-07-06
20234.0,AW00020234,Jason,Smith,M,F,2026-03-26
20235.0,AW00020235,Melissa,Davis,S,M,2025-07-26
20236.0,AW00020236,Peter,Jones,S,M,2026-05-24
20237.0,AW00020237,Matthew,Nime,M,M,2025-01-14
20238.0,AW00020238,Timothy,Martin,S,F,2023-11-06
20239.0,AW00020239,Jason,Clark,M,M,2024-08-06
20240.0,AW00020240,Susan,Campbell,S,F,2024-03-04
20241.0,AW00020241,Brian,Parker,M,F,2023-05-06
20242.0,AW00020242,George,Nelson,S,F,2024-07-19
20243.0,AW00020243,Donna,King,S,F,2024-02-01
20244.0,AW00020244,Ronald,Taylor,M,M,2023-01-23
20245.0,AW00020245,Betty,Wilson,S,M,2024-03-31
20246.0,AW00020246,Paul,White,M,M,2026-02-22
20247.0,AW00020247,Richard,Hall,S,F,2023-04-25
20248.0,AW00020248,Nancy,Manu,M,F,2026-01-21
20249.0,AW00020249,Linda,Young,M,M,2023-02-09
20250.0,AW00020250,John,Roberts,M,M,2024-12-10
20251.0,AW00020251,Carol,Nelson,S,F,2023-05-19
20252.0,AW00020252,Patricia,Carter,M,M,2024-01-04
20253.0,AW00020253,Ronald,Kumar,M,F,2023-09-05
20254.0,AW00020254,Susan,Ngata,S,M,2025-03-31
20255.0,AW00020255,Sione,Miller,M,M,2024-03-15
20256.0,AW00020256,Amanda,Singh,M,M,2024-11-22
20257.0,AW00020257,Matthew,Ngata,M,F,2024-04-16
20258.0,AW00020258,Keziah,Johnson,S,F,2024-04-05
20259.0,AW00020259,Sione,Lewis,S,F,2024-07-15
20260.0,AW00020260,Sione,Lee,M,F,2023-12-25
20261.0,AW00020261,Joshua,Johnson,M,M,2025-10-15
20262.0,AW00020262,Richard,Lee,M,M,2023-08-04
20263.0,AW00020263,Donald,Green,S,F,2025-02-23
20264.0,AW00020264,Keziah,Carter,S,M,2026-02-02
20265.0,AW00020265,Baraa,Phillips,S,M,2025-10-13
20266.0,AW00020266,Deborah,Clark,M,M,2023-05-22
20267.0,AW00020267,Lisa,Nime,M,F,2024-04-27
20268.0,AW00020268,Betty,Moore,M,F,2023-05-17
20269.0,AW00020269,Jessica,Phillips,M,F,2026-03-27
20270.0,AW00020270,Paul,Thomas,S,F,2026-05-24
20271.0,AW00020271,Donna,Carter,S,M,2025-05-22
20272.0,AW00020272,Matthew,Moore,S,F,2023-09-04
20273.0,AW00020273,Anthony,Campbell,M,M,2026-04-02
20274.0,AW00020274,Andrew,Wilson,M,M,2025-01-16
20275.0,AW00020275,Matthew,Carter,M,M,2023-03-12
20276.0,AW00020276,Jessica,Walker,S,F,2023-10-14
20277.0,AW00020277,Melissa,Toalii,S,F,2024-04-08
20278.0,AW00020278,Jennifer,Jackson,M,F,2024-11-01
20279.0,AW00020279,Baraa,Mitchell,S,M,2024-08-02
20280.0,AW00020280,Stephanie,Adams,M,F,2023-06-08
20281.0,AW00020281,Kenneth,Smith,S,F,2023-08-15
20282.0,AW00020282,Timothy,Martin,S,M,2024-06-21
20283.0,AW00020283,Jessica,Nelson,S,F,2024-02-29
20284.0,AW00020284,Keziah,Lewis,M,F,2025-04-06
20285.0,AW00020285,Matthew,Smith,S,M,2023-02-03
20286.0,AW00020286,Matthew,Singh,S,F,2025-09-19
20287.0,AW00020287,Amanda,Baker,S,F,2024-02-08
20288.0,AW00020288,Sandra,Adams,S,F,2024-03-16
20289.0,AW00020289,Amanda,Toalii,M,M,2023-03-17
20290.0,AW00020290,Karen,Taylor,S,F,2023-01-27
20291.0,AW00020291,Stephanie,Nelson,S,F,2024-12-20
20292.0,AW00020292,Keziah,Phillips,S,M,2025-05-02
20293.0,AW00020293,David,Phillips,S,M,2023-04-22
20294.0,AW00020294,Carol,Smith,S,M,2025-05-21
20295.0,AW00020295,William,Roberts,M,F,2025-03-27
20296.0,AW00020296,Steven,Carter,M,F,2023-12-27
20297.0,AW00020297,Peter,Singh,S,M,2025-08-26
20298.0,AW00020298,George,Miller,M,F,2023-05-26
20299.0,AW00020299,Ashley,Smith,S,F,2025-03-03
20300.0,AW00020300,Andrew,Turner,S,F,2023-02-02
20301.0,AW00020301,Barbara,Miller,M,F,2026-05-21
20302.0,AW00020302,Richard,Davis,S,M,2024-12-14
20303.0,AW00020303,Betty,Green,M,F,2023-02-09
20304.0,AW00020304,Donna,King,M,M,2026-03-09
20305.0,AW00020305,John,Wilson,S,F,2023-09-24
20306.0,AW00020306,Malia,Patel,S,M,2023-09-25
20307.0,AW00020307,Jessica,Young,S,F,2023-03-08
20308.0,AW00020308,Keziah,Toalii,M,M,2025-12-29
20309.0,AW00020309,Jennifer,Thompson,S,F,2026-01-02
20310.0,AW00020310,Sarah,Kumar,M,M,2023-10-18
20311.0,AW00020311,,Adams,M,F,2025-07-07
20312.0,AW00020312,Karen,Carter,S,M,2026-03-24
20313.0,AW00020313,William,Parker,S,F,2024-03-24
20314.0,AW00020314,James,Thomas,S,M,2024-08-23
20315.0,AW00020315,Thomas,Nime,S,M,2023-04-04
20316.0,AW00020316,David,Smith,M,M,2023-02-23
20317.0,AW00020317,Keziah,Williams,M,F,2025-08-07
20318.0,AW00020318,Karen,Miller,M,M,2023-03-15
20319.0,AW00020319,Carol,Patel,M,F,2024-04-05
20320.0,AW00020320,Jason,Smith,M,F,2025-10-11
20321.0,AW00020321,Malia,Campbell,M,M,2023-05-26
20322.0,AW00020322,Sione,Garcia,M,F,2024-05-22
20323.0,AW00020323,Joseph,Phillips,S,M,2025-04-23
20324.0,AW00020324,Ronald,Clark,S,M,2026-04-28
20325.0,AW00020325,Kenneth,Johnson,M,F,2025-06-04
20326.0,AW00020326,Ashley,Phillips,M,M,2025-10-19
20327.0,AW00020327,Sione,Moore,S,M,2023-04-10
20328.0,AW00020328,Peter,Kumar,M,M,2023-09-12
20329.0,AW00020329,Sandra,Kumar,M,M,2025-12-01
20330.0,AW00020330,Emily,Wright,M,M,2024-04-06
20331.0,AW00020331,Thomas,Carter,M,F,2023-08-31
20332.0,AW00020332,George,Lewis,M,F,2025-02-15
20333.0,AW00020333,Tane,Davis,S,M,2025-03-13
20334.0,AW00020334,George,Thompson,M,F,2024-06-06
20335.0,AW00020335,Baraa,Lopez,M,F,2025-04-11
20336.0,AW00020336,Emily,Campbell,M,F,2023-03-23
20337.0,AW00020337,Thomas,Perez,S,F,2024-09-28
20338.0,AW00020338,Carol,Taylor,S,F,2023-12-27
20339.0,AW00020339,Mary,Nelson,S,M,2024-02-21
20340.0,AW00020340,Robert,Moore,S,M,2025-05-03
20341.0,AW00020341,Tane,Lopez,S,F,2023-05-12
20342.0,AW00020342,Malia,Campbell,M,F,2023-06-20
20343.0,AW00020343,James,Wilson,S,F,2023-09-28
20344.0,AW00020344,Anthony,Nime,S,M,2025-10-14
20345.0,AW00020345,Melissa,Turner,M,F,2024-09-24
20346.0,AW00020346,Tane,Patel,M,M,2023-06-27
20347.0,AW00020347,Robert,Clark,S,F,2023-08-19
20348.0,AW00020348,Brian,White,M,F,2026-05-10
20349.0,AW00020349,Sione,Wright,S,F,2026-02-13
20350.0,AW00020350,Richard,Singh,M,M,2025-02-12
20351.0,AW00020351,Elizabeth,White,M,F,2025-03-26
20352.0,AW00020352,Ronald,Patel,S,F,2024-07-12
20353.0,AW00020353,Barbara,Martin,S,F,2024-07-23
20354.0,AW00020354,Carol,Kumar,S,M,2026-05-29
20355.0,AW00020355,Aroha,Phillips,M,F,2026-04-19
20356.0,AW00020356,Anthony,Campbell,M,F,2024-09-05
20357.0,AW00020357,Michelle,Lopez,S,F,2024-02-05
20358.0,AW00020358,Donna,Lee,S,F,2024-06-06
20359.0,AW00020359,Carol,Parker,M,M,2023-04-21
20360.0,AW00020360,Susan,Manu,S,F,2025-10-27
20361.0,AW00020361,Rebecca,Manu,M,F,2024-09-04
20362.0,AW00020362,Aroha,Campbell,S,M,2023-08-24
20363.0,AW00020363,Peter,Singh,M,F,2025-11-01
20364.0,AW00020364,Peter,Adams,M,F,2024-03-20
20365.0,AW00020365,Linda,Mitchell,M,M,2024-08-26
20366.0,AW00020366,Timothy,Williams,S,M,2026-05-29
20367.0,AW00020367,Mere,Lee,S,M,2023-02-10
20368.0,AW00020368,Rebecca,Perez,S,M,2025-06-18
20369.0,AW00020369,Sione,Jones,M,F,2024-06-02
20370.0,AW00020370,Stephanie,Smith,S,M,2023-04-11
20371.0,AW00020371,Karen,Campbell,M,M,2023-11-29
20372.0,AW00020372,Daniel,Brown,M,F,2025-04-18
20373.0,AW00020373,Anthony,Hall,S,M,2024-03-13
20374.0,AW00020374,Timothy,Scott,M,M,2024-08-09
20375.0,AW00020375,Sandra,Hall,S,M,2023-04-12
20376.0,AW00020376,Elizabeth,Clark,M,F,2025-03-25
20377.0,AW00020377,Daniel,Young,M,M,2024-04-25
20378.0,AW00020378,Barbara,Jackson,M,F,2023-12-06
20379.0,AW00020379,Mere,Wright,S,F,2026-01-11
20380.0,AW00020380,Emily,White,S,F,2024-04-11
20381.0,AW00020381,Barbara,Garcia,S,F,2024-03-03
20382.0,AW00020382,Brian,Campbell,S,M,2024-10-02
20383.0,AW00020383,Tane,Parker,M,M,2023-06-13
20384.0,AW00020384,Matthew,Wright,S,M,2024-06-05
20385.0,AW00020385,Michael,Wright,S,F,2026-04-10
20386.0,AW00020386,Brian,Nime,M,M,2026-04-06
20387.0,AW00020387,Anthony,Lee,M,M,2025-10-18
20388.0,AW00020388,Karen,Allen,M,M,2024-08-20
20389.0,AW00020389,Stephanie,Allen,S,F,2025-04-07
20390.0,AW00020390,Anthony,Toalii,S,M,2024-08-08
20391.0,AW00020391,Ronald,Lopez,M,F,2024-01-12
20392.0,AW00020392,Sione,Kumar,S,M,2023-09-11
20393.0,AW00020393,Malia,Jackson,M,M,2025-12-08
20394.0,AW00020394,Baraa,Wright,M,M,2024-01-04
20395.0,AW00020395,Baraa,Nime,S,F,2026-04-23
20396.0,AW00020396,Malia,Nelson,S,Unknown,2024-06-01
20397.0,AW00020397,Mere,Davis,S,M,2025-07-20
20398.0,AW00020398,Nancy,Brown,S,M,2023-10-21
20399.0,AW00020399,Joseph,Nelson,S,F,2023-12-13
20400.0,AW00020400,Amanda,Adams,S,M,2023-12-05
20401.0,AW00020401,James,Smith,M,F,2024-05-21
20402.0,AW00020402,Jennifer,Davis,S,F,2024-08-03
20403.0,AW00020403,Carol,Adams,S,F,2024-05-06
20404.0,AW00020404,Richard,Green,M,M,2025-09-29
20405.0,AW00020405,Andrew,Brown,M,M,2024-11-02
20406.0,AW00020406,Karen,Garcia,S,M,2024-10-31
20407.0,AW00020407,Melissa,Carter,M,F,2024-05-14
20408.0,AW00020408,Thomas,Miller,M,F,2024-07-19
20409.0,AW00020409,Mary,Kumar,S,F,2024-01-23
20410.0,AW00020410,Malia,Thomas,S,M,2024-03-22
20411.0,AW00020411,Karen,Jackson,M,F,2025-04-14
20412.0,AW00020412,Donald,Lopez,S,M,2023-03-04
20413.0,AW00020413,Deborah,Patel,M,F,2023-04-09
20414.0,AW00020414,Ronald,Clark,S,M,2024-04-16
20415.0,AW00020415,Donald,Patel,M,F,2023-09-23
20416.0,AW00020416,Deborah,Wright,S,F,2024-05-24
20417.0,AW00020417,Matthew,Young,M,F,2026-01-09
20418.0,AW00020418,Jennifer,Walker,S,F,2024-01-08
20419.0,AW00020419,Lisa,Roberts,M,M,2023-11-13
20420.0,AW00020420,David,Turner,M,F,2024-01-27
20421.0,AW00020421,Deborah,Jones,S,F,2024-07-13
20422.0,AW00020422,Daniel,Thomas,M,F,2024-05-11
20423.0,AW00020423,Mark,Moore,M,F,2025-01-12
20424.0,AW00020424,Anthony,Toalii,M,F,2023-11-19
20425.0,AW00020425,Barbara,Perez,S,M,2024-08-08
20426.0,AW00020426,Donna,Adams,M,F,2023-03-06
20427.0,AW00020427,Emily,Garcia,S,F,2026-03-28
20428.0,AW00020428,Daniel,Phillips,M,M,2025-05-19
20429.0,AW00020429,Aroha,Baker,S,F,2024-09-29
20430.0,AW00020430,Elizabeth,Thomas,M,M,2025-06-10
20431.0,AW00020431,Matthew,Baker,S,M,2024-10-01
20432.0,AW00020432,Joseph,King,S,F,2025-03-24
20433.0,AW00020433,Rebecca,Campbell,M,F,2025-10-16
20434.0,AW00020434,Robert,Baker,S,F,2023-06-14
20435.0,AW00020435,Barbara,King,S,M,2024-05-27
20436.0,AW00020436,Tane,Adams,S,F,2025-03-11
20437.0,AW00020437,Jennifer,Mitchell,M,M,2026-03-04
20438.0,AW00020438,Mark,Lopez,S,M,2024-10-17
20439.0,AW00020439,Steven,Davis,S,F,2024-09-20
20440.0,AW00020440,Richard,Singh,S,F,2023-11-27
20441.0,AW00020441,Andrew,Anderson,S,M,2025-01-23
20442.0,AW00020442,Aroha,Thompson,S,F,2025-07-17
20443.0,AW00020443,James,Davis,S,F,2023-05-17
20444.0,AW00020444,Karen,Walker,S,M,2025-07-02
20445.0,AW00020445,Tane,Young,M,M,2025-01-12
20446.0,AW00020446,Donald,Miller,M,F,2025-09-11
20447.0,AW00020447,Mark,Jones,M,M,2023-10-20
20448.0,AW00020448,Donald,Parker,S,M,2025-02-26
20449.0,AW00020449,Mere,Ngata,S,M,2023-02-21
20450.0,AW00020450,Stephanie,Jackson,M,F,2023-04-25
20451.0,AW00020451,Steven,Jackson,M,F,2024-12-02
20452.0,AW00020452,Keziah,Lopez,S,M,2025-04-19
20453.0,AW00020453,Andrew,Perez,S,M,2024-05-24
20454.0,AW00020454,Amanda,Clark,S,F,2023-03-15
20455.0,AW00020455,Jessica,King,S,F,2025-09-29
20456.0,AW00020456,Kenneth,Jackson,M,F,2023-02-08
20457.0,AW00020457,Patricia,Green,S,M,2025-04-10
20458.0,AW00020458,Jennifer,Brown,M,M,2025-11-04
20459.0,AW00020459,Paul,Patel,S,F,2023-04-04
20460.0,AW00020460,Susan,Williams,M,M,2024-01-10
20461.0,AW00020461,Timothy,Lopez,M,M,2023-12-31
20462.0,AW00020462,Peter,Ngata,S,F,2024-08-13
20463.0,AW00020463,Emily,White,S,M,2023-01-16
20464.0,AW00020464,Charles,Manu,M,M,2026-05-16
20465.0,AW00020465,Stephanie,Wright,S,M,2025-01-15
20466.0,AW00020466,Sarah,Lopez,M,M,2023-07-29
20467.0,AW00020467,Patricia,Kumar,S,F,2023-12-10
20468.0,AW00020468,Joseph,Miller,S,F,2023-01-05
20469.0,AW00020469,Timothy,Phillips,M,F,2024-10-28
20470.0,AW00020470,Peter,Perez,M,M,2025-12-07
20471.0,AW00020471,Carol,Singh,S,M,2025-06-24
20472.0,AW00020472,Patricia,Ngata,M,F,2025-03-02
20473.0,AW00020473,Michael,Smith,S,F,2023-01-01
20474.0,AW00020474,Patricia,Mitchell,M,F,2023-10-27
20475.0,AW00020475,Richard,Jones,S,M,2023-06-06
20476.0,AW00020476,Brian,Allen,S,F,2026-04-28
20477.0,AW00020477,Charles,Young,M,M,2023-11-25
20478.0,AW00020478,Carol,Clark,M,M,2025-12-22
20479.0,AW00020479,Patricia,Thompson,M,M,2024-03-31
20480.0,AW00020480,Barbara,Phillips,S,F,2024-12-13
20481.0,AW00020481,Barbara,Manu,M,M,2023-09-09
20482.0,AW00020482,Peter,Taylor,M,F,2026-04-13
20483.0,AW00020483,Nancy,Miller,M,F,2026-02-13
20484.0,AW00020484,Nancy,Miller,S,F,2025-12-09
20485.0,AW00020485,Kenneth,Phillips,S,F,2024-01-27
20486.0,AW00020486,Patricia,Thomas,M,M,2026-01-29
20487.0,AW00020487,Stephanie,Miller,S,M,2024-03-17
20488.0,AW00020488,Betty,Martin,S,F,2024-09-01
20489.0,AW00020489,John,Jackson,M,M,2024-05-17
20490.0,AW00020490,Sione,Brown,M,F,2025-08-09
20491.0,AW00020491,Emily,Parker,M,M,2024-09-10
20492.0,AW00020492,Donna,Davis,S,F,2026-05-22
20493.0,AW00020493,Deborah,Parker,S,M,2025-07-09
20494.0,AW00020494,Steven,Ngata,M,M,2023-05-05
20495.0,AW00020495,Sione,Brown,S,M,2025-06-05
20496.0,AW00020496,William,Young,M,F,2026-04-08
20497.0,AW00020497,William,Nelson,M,F,2023-10-01
20498.0,AW00020498,Susan,Green,M,M,2024-07-30
20499.0,AW00020499,Brian,White,M,M,2025-11-17
20500.0,AW00020500,Brian,Young,S,M,2023-10-28
20501.0,AW00020501,Matthew,Carter,S,M,2023-09-23
20502.0,AW00020502,Amanda,Manu,S,M,2024-02-06
20503.0,AW00020503,Joseph,Brown,M,M,2023-02-02
20504.0,AW00020504,Stephanie,Moore,S,M,2025-12-16
20505.0,AW00020505,Patricia,Campbell,M,M,2023-07-07
20506.0,AW00020506,Joseph,Smith,S,F,2024-11-18
20507.0,AW00020507,Joseph,Adams,S,M,2024-02-03
20508.0,AW00020508,Mark,Nime,S,M,2025-12-29
20509.0,AW00020509,Steven,Hall,S,F,2025-03-10
20510.0,AW00020510,Michelle,Wright,M,F,2024-07-06
20511.0,AW00020511,Donna,Davis,M,F,2025-12-10
20512.0,AW00020512,Jessica,Garcia,M,M,2023-02-14
20513.0,AW00020513,David,Jackson,S,M,2023-04-02
20514.0,AW00020514,Paul,Carter,S,M,2024-07-06
20515.0,AW00020515,Melissa,Singh,M,F,2025-11-18
20516.0,AW00020516,Joshua,Ngata,M,F,2024-06-20
20517.0,AW00020517,Michael,Nime,S,M,2023-01-30
20518.0,AW00020518,Anthony,Turner,S,F,2023-11-14
20519.0,AW00020519,Mark,Williams,S,M,2025-12-22
20520.0,AW00020520,Jason,Singh,S,M,2023-07-07
20521.0,AW00020521,Jennifer,Singh,S,F,2024-03-25
20522.0,AW00020522,William,Clark,M,M,2024-09-17
20523.0,AW00020523,Anthony,Brown,S,M,2023-03-08
20524.0,AW00020524,Baraa,Wright,S,F,2023-07-31
20525.0,AW00020525,Amanda,Anderson,M,F,2026-02-24
20526.0,AW00020526,Emily,Wright,M,M,2023-09-26
20527.0,AW00020527,Keziah,Nelson,S,F,2024-07-30
20528.0,AW00020528,Michael,Clark,S,M,2026-05-30
20529.0,AW00020529,Linda,Phillips,M,M,2025-03-23
20530.0,AW00020530,Brian,Garcia,S,M,2026-04-12
20531.0,AW00020531,Stephanie,Green,M,M,2024-11-26
20532.0,AW00020532,Andrew,Lopez,M,F,2026-04-26
20533.0,AW00020533,Barbara,Ngata,S,F,2025-10-20
20534.0,AW00020534,Amanda,Allen,S,F,2025-11-06
20535.0,AW00020535,Karen,Lewis,S,M,2024-07-22
20536.0,AW00020536,Joshua,Lee,M,M,2025-06-25
20537.0,AW00020537,Timothy,Wright,S,F,2023-07-21
20538.0,AW00020538,Ronald,Carter,M,M,2023-06-19
20539.0,AW00020539,Richard,Garcia,S,F,2023-01-24
20540.0,AW00020540,Ronald,Walker,S,M,2023-10-27
20541.0,AW00020541,Elizabeth,Campbell,S,F,2024-11-19
20542.0,AW00020542,Donna,Lewis,M,M,2026-05-26
20543.0,AW00020543,Stephanie,Green,M,M,2024-12-11
20544.0,AW00020544,Tane,King,S,F,2025-03-09
20545.0,AW00020545,Melissa,Parker,S,M,2026-01-21
20546.0,AW00020546,Susan,Wright,M,M,2023-11-23
20547.0,AW00020547,David,Taylor,M,M,2025-04-13
20548.0,AW00020548,Nancy,Hall,S,M,2024-07-17
20549.0,AW00020549,Daniel,Carter,S,F,2024-08-11
20550.0,AW00020550,Ashley,Young,S,F,2023-02-07
20551.0,AW00020551,Amanda,Wright,S,F,2023-02-08
20552.0,AW00020552,Charles,Patel,S,M,2024-04-13
20553.0,AW00020553,Charles,Young,M,M,2024-03-24
20554.0,AW00020554,Karen,Moore,S,F,2023-07-17
20555.0,AW00020555,Nancy,Williams,S,F,2023-08-15
20556.0,AW00020556,Brian,White,M,M,2023-05-07
20557.0,AW00020557,Mark,Kumar,S,M,2024-10-25
20558.0,AW00020558,Michelle,Phillips,M,M,2025-12-19
20559.0,AW00020559,Jessica,Scott,M,F,2023-11-02
20560.0,AW00020560,Lisa,Patel,M,M,2025-10-26
20561.0,AW00020561,Andrew,Young,S,F,2024-09-02
20562.0,AW00020562,Joseph,Kumar,M,F,2024-11-27
20563.0,AW00020563,Lisa,Miller,S,M,2024-07-19
20564.0,AW00020564,Thomas,Perez,M,M,2025-02-23
20565.0,AW00020565,John,Nime,M,F,2026-02-12
20566.0,AW00020566,Patricia,Brown,M,F,2025-07-27
20567.0,AW00020567,Deborah,Jackson,M,M,2023-08-14
20568.0,AW00020568,Richard,Anderson,S,M,2024-09-24
20569.0,AW00020569,David,Johnson,M,M,2024-02-26
20570.0,AW00020570,Ronald,Hall,M,F,2026-04-25
20571.0,AW00020571,Sandra,Martin,M,M,2025-11-14
20572.0,AW00020572,Ashley,Kumar,M,F,2024-09-07
20573.0,AW00020573,Donna,Brown,S,F,2026-03-15
20574.0,AW00020574,Donna,Young,M,F,2023-06-05
20575.0,AW00020575,Mere,Clark,M,M,2025-06-20
20576.0,AW00020576,Ashley,Turner,M,F,2024-09-05
20577.0,AW00020577,Sione,Williams,S,F,2025-03-19
20578.0,AW00020578,Kenneth,Carter,S,F,2024-03-19
20579.0,AW00020579,Sandra,Walker,S,F,2025-09-05
20580.0,AW00020580,Sione,Carter,S,F,2023-10-30
20581.0,AW00020581,Deborah,Ngata,S,F,2025-10-08
20582.0,AW00020582,Mark,Baker,M,M,2023-09-07
20583.0,AW00020583,Linda,Turner,M,F,2024-12-09
20584.0,AW00020584,Linda,White,M,M,2024-06-06
20585.0,AW00020585,Jessica,Garcia,M,F,2025-11-20
20586.0,AW00020586,James,Clark,M,M,2024-02-23
20587.0,AW00020587,Michael,Carter,S,F,2025-09-24
20588.0,AW00020588,Keziah,Williams,M,F,2025-01-26
20589.0,AW00020589,Thomas,Johnson,M,F,2024-05-11
20590.0,AW00020590,Charles,Mitchell,M,M,2025-12-07
20591.0,AW00020591,Karen,Martin,M,M,2024-03-25
20592.0,AW00020592,Charles,Johnson,S,F,2024-10-05
20593.0,AW00020593,Linda,Anderson,M,F,2025-03-31
20594.0,AW00020594,Tane,Kumar,S,F,2026-04-15
20595.0,AW00020595,Patricia,Nime,M,F,2023-08-22
20596.0,AW00020596,Karen,Lopez,S,M,2026-05-23
20597.0,AW00020597,Donna,Roberts,S,F,2025-04-17
20598.0,AW00020598,Tane,Ngata,S,F,2024-01-20
20599.0,AW00020599,Stephanie,Perez,M,M,2025-09-29
20600.0,AW00020600,Mark,Baker,M,M,2024-06-04
20601.0,AW00020601,Emily,Wright,M,F,2024-05-07
20602.0,AW00020602,Carol,Lee,M,F,2024-08-04
20603.0,AW00020603,Mary,Young,S,M,2023-05-29
20604.0,AW00020604,Sandra,Garcia,S,M,2024-07-10
20605.0,AW00020605,Joseph,Garcia,M,M,2024-01-14
20606.0,AW00020606,Ashley,Jackson,M,M,2025-11-21
20607.0,AW00020607,Sione,Taylor,S,M,2025-12-19
20608.0,AW00020608,Betty,Turner,S,F,2024-06-27
20609.0,AW00020609,Betty,Mitchell,M,M,2026-04-14
20610.0,AW00020610,John,Roberts,S,M,2026-01-23
20611.0,AW00020611,Ronald,Martin,M,M,2024-09-14
20612.0,AW00020612,Thomas,Martin,M,F,2024-02-04
20613.0,AW00020613,Thomas,Jackson,M,M,2023-11-28
20614.0,AW00020614,Timothy,Scott,M,F,2025-12-13
20615.0,AW00020615,Aroha,Davis,S,M,2025-01-05
20616.0,AW00020616,Emily,Wright,M,F,2025-04-17
20617.0,AW00020617,Michelle,Green,M,M,2024-03-19
20618.0,AW00020618,Patricia,Phillips,M,M,2024-07-21
20619.0,AW00020619,Anthony,Brown,S,F,2026-05-03
20620.0,AW00020620,Daniel,Johnson,S,F,2025-10-03
20621.0,AW00020621,Michelle,Adams,M,M,2023-10-08
20622.0,AW00020622,Joseph,Nime,S,M,2025-03-21
20623.0,AW00020623,Ashley,Jones,S,M,2025-12-29
20624.0,AW00020624,Carol,Garcia,S,F,2025-01-27
20625.0,AW00020625,Joseph,Adams,S,M,2023-10-11
20626.0,AW00020626,Mere,Green,S,F,2025-08-31
20627.0,AW00020627,James,Manu,S,M,2023-07-30
20628.0,AW00020628,John,Walker,S,F,2025-03-18
20629.0,AW00020629,Susan,Carter,S,F,2025-08-07
20630.0,AW00020630,Tane,Johnson,M,M,2024-03-07
20631.0,AW00020631,Malia,Taylor,S,F,2026-04-11
20632.0,AW00020632,Keziah,Kumar,M,F,2023-03-14
20633.0,AW00020633,Melissa,Miller,M,F,2025-04-12
20634.0,AW00020634,Melissa,Perez,S,F,2025-03-07
20635.0,AW00020635,Michael,Mitchell,S,M,2024-10-17
20636.0,AW00020636,Patricia,Moore,M,M,2023-03-10
20637.0,AW00020637,Nancy,Lopez,M,M,2023-04-27
20638.0,AW00020638,Deborah,Thomas,S,M,2025-11-20
20639.0,AW00020639,Peter,Singh,M,F,2024-06-17
20640.0,AW00020640,Ashley,Turner,M,M,2026-04-19
20641.0,AW00020641,Michael,Williams,M,M,2025-03-19
20642.0,AW00020642,Sandra,Martin,M,M,2025-02-15
20643.0,AW00020643,Jason,Perez,M,M,2025-04-01
20644.0,AW00020644,Joshua,Smith,S,F,2023-04-15
20645.0,AW00020645,Ronald,Wright,M,M,2023-04-28
20646.0,AW00020646,Kenneth,Phillips,M,M,2024-07-13
20647.0,AW00020647,Karen,Allen,S,M,2024-07-04
20648.0,AW00020648,Joseph,Garcia,M,M,2025-01-06
20649.0,AW00020649,Joshua,Moore,M,F,2024-02-14
20650.0,AW00020650,Tane,Garcia,S,F,2025-03-21
20651.0,AW00020651,Jennifer,Campbell,S,M,2023-12-18
20652.0,AW00020652,Deborah,Ngata,S,M,2024-01-29
20653.0,AW00020653,Emily,Davis,M,M,2026-01-19
20654.0,AW00020654,Peter,Garcia,M,M,2025-07-17
20655.0,AW00020655,Ronald,Nelson,S,F,2023-01-09
20656.0,AW00020656,Daniel,King,M,F,2025-10-05
20657.0,AW00020657,Tane,Campbell,M,M,2024-06-29
20658.0,AW00020658,Rebecca,Jackson,M,F,2026-01-22
20659.0,AW00020659,Jason,Miller,S,M,2023-02-07
20660.0,AW00020660,Anthony,Davis,S,F,2023-08-19
20661.0,AW00020661,Donna,Williams,S,F,2025-05-10
20662.0,AW00020662,Sandra,Jackson,S,M,2025-07-24
20663.0,AW00020663,Jason,Miller,M,M,2026-04-22
20664.0,AW00020664,Steven,Nime,S,M,2026-02-28
20665.0,AW00020665,Karen,Smith,M,M,2025-01-05
20666.0,AW00020666,Amanda,Johnson,S,F,2025-01-07
20667.0,AW00020667,Andrew,Taylor,,M,2024-11-11
20668.0,AW00020668,Amanda,Young,M,F,2024-03-16
20669.0,AW00020669,Charles,Adams,M,M,2023-01-17
20670.0,AW00020670,Donald,Campbell,M,M,2026-01-11
20671.0,AW00020671,Tane,Turner,S,F,2026-05-25
20672.0,AW00020672,Nancy,Moore,S,F,2024-01-26
20673.0,AW00020673,Emily,Lewis,S,F,2024-05-06
20674.0,AW00020674,Betty,Ngata,S,F,2026-01-16
20675.0,AW00020675,Ronald,Baker,M,M,2023-02-23
20676.0,AW00020676,Elizabeth,Williams,M,F,2024-07-04
20677.0,AW00020677,Mere,Davis,M,F,2023-03-01
20678.0,AW00020678,Jason,Singh,M,M,2025-09-04
20679.0,AW00020679,Jennifer,Patel,M,M,2025-06-28
20680.0,AW00020680,Emily,Green,M,F,2024-01-07
20681.0,AW00020681,Kimberly,Scott,M,F,2025-12-16
20682.0,AW00020682,Nancy,Ngata,M,M,2023-01-16
20683.0,AW00020683,Charles,Martin,M,F,2024-10-27
20684.0,AW00020684,Melissa,Garcia,M,F,2025-05-04
20685.0,AW00020685,Peter,Patel,S,M,2024-01-31
20686.0,AW00020686,Mary,Phillips,S,F,2023-08-31
20687.0,AW00020687,,Adams,S,M,2026-05-16
20688.0,AW00020688,Sandra,Wright,M,M,2024-05-02
20689.0,AW00020689,Jason,Jones,S,F,2025-07-11
20690.0,AW00020690,Daniel,Moore,S,M,2024-04-12
20691.0,AW00020691,Kimberly,Mitchell,S,F,2026-03-23
20692.0,AW00020692,James,King,M,F,2024-10-08
20693.0,AW00020693,Deborah,Singh,M,F,2024-11-25
20694.0,AW00020694,Elizabeth,Turner,S,F,2024-10-25
20695.0,AW00020695,Sione,Brown,S,F,2025-02-09
20696.0,AW00020696,Elizabeth,Young,S,M,2026-04-10
20697.0,AW00020697,Charles,Johnson,M,F,2025-06-14
20698.0,AW00020698,Nancy,Davis,S,F,2024-07-08
20699.0,AW00020699,Donna,Nelson,S,F,2026-02-08
20700.0,AW00020700,Matthew,Clark,S,F,2024-03-05
20701.0,AW00020701,Elizabeth,Taylor,S,F,2026-03-13
20702.0,AW00020702,Ashley,Campbell,S,F,2024-12-25
20703.0,AW00020703,Kimberly,Williams,S,F,2025-10-25
20704.0,AW00020704,Rebecca,Kumar,M,M,2024-08-22
20705.0,AW00020705,Linda,Young,S,F,2025-11-28
20706.0,AW00020706,Baraa,Wilson,S,F,2024-03-19
20707.0,AW00020707,Jessica,Phillips,M,F,2023-03-26
20708.0,AW00020708,James,Perez,S,F,2023-01-27
20709.0,AW00020709,Amanda,Garcia,M,M,2024-07-17
20710.0,AW00020710,Matthew,White,M,F,2023-02-08
20711.0,AW00020711,Carol,Lewis,S,M,2024-04-13
20712.0,AW00020712,Jason,Garcia,M,M,2025-09-26
20713.0,AW00020713,Steven,Williams,M,F,2023-05-01
20714.0,AW00020714,Sandra,Lewis,M,M,2026-03-05
20715.0,AW00020715,Michael,Phillips,S,F,2026-02-26
20716.0,AW00020716,Mere,Young,M,F,2025-02-09
20717.0,AW00020717,Andrew,Wilson,M,M,2026-02-04
20718.0,AW00020718,Amanda,Hall,M,M,2026-02-14
20719.0,AW00020719,Stephanie,Lopez,M,M,2023-07-19
20720.0,AW00020720,Robert,Singh,M,M,2026-02-16
20721.0,AW00020721,Linda,Clark,S,F,2025-01-31
20722.0,AW00020722,Lisa,Phillips,S,F,2023-07-31
20723.0,AW00020723,George,Johnson,M,F,2026-01-09
20724.0,AW00020724,Lisa,Roberts,S,M,2025-08-21
20725.0,AW00020725,Linda,Nime,S,F,2023-08-21
20726.0,AW00020726,Susan,Adams,M,M,2025-01-11
20727.0,AW00020727,Richard,Roberts,M,F,2024-05-09
20728.0,AW00020728,Charles,Williams,S,F,2024-08-26
20729.0,AW00020729,Malia,Jones,M,M,2025-06-11
20730.0,AW00020730,Michael,Lewis,M,M,2025-09-28
20731.0,AW00020731,David,Carter,M,F,2024-06-15
20732.0,AW00020732,Richard,Carter,S,M,2023-09-27
20733.0,AW00020733,Ronald,White,S,F,2025-09-10
20734.0,AW00020734,Timothy,Roberts,M,M,2024-03-26
20735.0,AW00020735,John,Johnson,M,F,2025-06-05
20736.0,AW00020736,Matthew,Miller,S,M,2023-11-30
20737.0,AW00020737,Patricia,White,M,F,2025-12-19
20738.0,AW00020738,Melissa,Brown,M,M,2023-10-24
20739.0,AW00020739,Mere,Carter,M,F,2023-12-05
20740.0,AW00020740,Susan,Johnson,S,F,2025-10-06
20741.0,AW00020741,Jessica,Phillips,S,F,2025-12-15
20742.0,AW00020742,Steven,Phillips,S,M,2023-03-18
20743.0,AW00020743,Mere,Jones,S,M,2023-05-01
20744.0,AW00020744,Amanda,Wilson,M,M,2026-03-01
20745.0,AW00020745,Kimberly,Singh,M,F,2025-09-04
20746.0,AW00020746,Steven,Walker,S,F,2025-08-31
20747.0,AW00020747,George,Smith,S,M,2024-03-13
20748.0,AW00020748,Melissa,Jackson,M,F,2023-07-13
20749.0,AW00020749,Mere,Baker,S,F,2025-11-19
20750.0,AW00020750,Peter,Walker,S,F,2025-03-23
20751.0,AW00020751,Thomas,Clark,M,F,2023-07-22
20752.0,AW00020752,Tane,Walker,M,F,2024-11-04
20753.0,AW00020753,Ronald,Brown,S,M,2024-10-29
20754.0,AW00020754,Peter,Allen,S,M,2023-11-05
20755.0,AW00020755,Steven,Roberts,S,F,2026-04-24
20756.0,AW00020756,Tane,Williams,S,F,2025-06-26
20757.0,AW00020757,Sione,Singh,M,M,2023-04-27
20758.0,AW00020758,Karen,Roberts,S,F,2024-04-24
20759.0,AW00020759,Keziah,Brown,M,F,2024-12-03
20760.0,AW00020760,Sandra,Miller,S,F,2023-11-29
20761.0,AW00020761,Steven,Walker,S,F,2024-11-13
20762.0,AW00020762,Jessica,Allen,M,F,2024-07-26
20763.0,AW00020763,Stephanie,Singh,M,F,2025-08-06
20764.0,AW00020764,Emily,Lewis,S,M,2023-07-29
20765.0,AW00020765,Kenneth,Walker,S,F,2023-09-18
20766.0,AW00020766,Mark,Nime,M,F,2023-06-14
20767.0,AW00020767,Ronald,Garcia,S,M,2026-01-10
20768.0,AW00020768,Mary,White,M,M,2026-03-26
20769.0,AW00020769,James,Parker,M,M,2023-09-09
20770.0,AW00020770,Patricia,Brown,M,F,2023-11-17
20771.0,AW00020771,Richard,Nime,M,M,2025-06-28
20772.0,AW00020772,Rebecca,Moore,S,M,2023-12-25
20773.0,AW00020773,William,White,S,F,2025-03-19
20774.0,AW00020774,Robert,Nelson,M,M,2023-07-08
20775.0,AW00020775,Anthony,Turner,S,F,2024-01-19
20776.0,AW00020776,Betty,Lee,M,M,2026-05-10
20777.0,AW00020777,Malia,Adams,S,F,2023-02-20
20778.0,AW00020778,Joseph,Baker,S,M,2025-04-01
20779.0,AW00020779,John,Young,M,F,2024-01-09
20780.0,AW00020780,Keziah,Lopez,M,F,2023-06-24
20781.0,AW00020781,Keziah,King,S,M,2023-12-25
20782.0,AW00020782,Brian,Jackson,S,F,2025-11-17
20783.0,AW00020783,Mere,Nelson,S,F,2023-04-29
20784.0,AW00020784,Keziah,Adams,S,F,2023-02-25
20785.0,AW00020785,Timothy,Anderson,S,F,2023-12-03
20786.0,AW00020786,Steven,Wilson,M,F,2024-07-14
,AW00020787,Keziah,Nelson,S,F,2026-05-20
20788.0,AW00020788,Melissa,Lee,M,F,2025-02-16
20789.0,AW00020789,Ashley,Lewis,M,F,2025-08-14
20790.0,AW00020790,Linda,Garcia,S,M,2026-02-13
20791.0,AW00020791,Melissa,Toalii,S,M,2023-08-13
20792.0,AW00020792,William,Baker,M,F,2025-12-19
20793.0,AW00020793,Peter,Green,S,M,2025-06-11
20794.0,AW00020794,Elizabeth,King,S,M,2024-02-16
20795.0,AW00020795,Aroha,Thompson,M,F,2023-04-18
20796.0,AW00020796,Peter,Williams,S,M,2024-02-16
20797.0,AW00020797,Donna,Lee,M,F,2025-12-12
20798.0,AW00020798,Patricia,Campbell,S,F,2023-10-02
20799.0,AW00020799,Karen,Thompson,M,F,2025-09-03
20800.0,AW00020800,Deborah,Jones,M,F,2025-05-05
20801.0,AW00020801,Charles,Walker,S,M,2026-05-21
20802.0,AW00020802,William,Moore,M,F,2023-04-19
20803.0,AW00020803,Sarah,Davis,S,F,2025-06-13
20804.0,AW00020804,Mere,Garcia,M,M,2025-09-09
20805.0,AW00020805,Tane,White,M,M,2024-07-29
20806.0,AW00020806,Linda,Miller,M,M,2026-01-25
20807.0,AW00020807,Anthony,Wilson,M,F,2026-01-01
20808.0,AW00020808,Mark,Toalii,M,F,2024-03-03
20809.0,AW00020809,Sione,Thompson,M,F,2024-01-09
20810.0,AW00020810,Aroha,Thompson,S,M,2025-03-02
20811.0,AW00020811,Peter,Davis,S,F,2023-06-07
20812.0,AW00020812,Robert,Adams,M,M,2024-08-25
20813.0,AW00020813,Jason,Patel,S,M,2024-11-12
20814.0,AW00020814,Keziah,Martin,M,M,2023-10-15
20815.0,AW00020815,Kimberly,Perez,S,M,2023-07-04
20816.0,AW00020816,David,Nime,S,F,2026-01-17
20817.0,AW00020817,Kenneth,Martin,S,F,2026-04-19
20818.0,AW00020818,Mere,King,S,F,2023-08-22
20819.0,AW00020819,Deborah,Nime,S,F,2026-03-13
20820.0,AW00020820,Carol,Lee,M,M,2025-08-05
20821.0,AW00020821,Mere,Wilson,M,F,2024-05-14
20822.0,AW00020822,Paul,Nime,S,F,2026-02-03
20823.0,AW00020823,Peter,Carter,S,M,2025-03-17
20824.0,AW00020824,Michelle,Lewis,M,M,2023-04-11
20825.0,AW00020825,Matthew,Lewis,M,M,2024-05-07
20826.0,AW00020826,Nancy,Garcia,S,F,2024-04-15
20827.0,AW00020827,Richard,Lewis,S,M,2025-04-07
20828.0,AW00020828,Jason,Jackson,M,F,2024-03-18
20829.0,AW00020829,Charles,Toalii,S,F,2025-10-11
20830.0,AW00020830,Nancy,Kumar,M,M,2025-06-02
20831.0,AW00020831,Kimberly,Brown,M,M,2024-11-11
20832.0,AW00020832,Matthew,Scott,S,F,2025-05-20
20833.0,AW00020833,Betty,Moore,S,F,2023-11-06
20834.0,AW00020834,Emily,Moore,M,F,2024-04-01
20835.0,AW00020835,Baraa,Kumar,M,M,2024-04-25
20836.0,AW00020836,Peter,Adams,M,M,2023-03-13
20837.0,AW00020837,Joseph,Nelson,M,M,2024-08-14
20838.0,AW00020838,Charles,Thompson,M,F,2026-05-06
20839.0,AW00020839,Baraa,Miller,M,F,2024-06-21
20840.0,AW00020840,Emily,Roberts,M,M,2025-10-21
20841.0,AW00020841,Barbara,Smith,S,M,2023-01-23
20842.0,AW00020842,Amanda,Turner,M,M,2023-03-13
20843.0,AW00020843,Elizabeth,Moore,S,M,2024-07-05
20844.0,AW00020844,Donald,Patel,M,M,2024-07-03
20845.0,AW00020845,Steven,Moore,S,M,2024-06-06
20846.0,AW00020846,Aroha,Kumar,S,M,2024-06-02
20847.0,AW00020847,Emily,Anderson,S,F,2024-06-23
20848.0,AW00020848,Kenneth,Perez,S,F,2024-01-27
20849.0,AW00020849,Richard,Garcia,S,F,2023-07-31
20850.0,AW00020850,Thomas,Nime,M,F,2023-09-20
20851.0,AW00020851,Tane,Jackson,M,M,2023-05-27
20852.0,AW00020852,Emily,Carter,M,F,2024-10-06
20853.0,AW00020853,Thomas,Patel,S,M,2024-09-30
20854.0,AW00020854,Brian,Clark,M,M,2023-12-24
20855.0,AW00020855,Joseph,Johnson,M,M,2026-03-01
20856.0,AW00020856,Richard,Martin,S,F,2024-03-30
20857.0,AW00020857,Tane,Roberts,S,F,2025-05-02
20858.0,AW00020858,Susan,Martin,M,M,2026-03-11
20859.0,AW00020859,Richard,Scott,S,F,2025-04-04
20860.0,AW00020860,Betty,Clark,S,M,2025-12-01
20861.0,AW00020861,Elizabeth,Taylor,S,F,2023-06-09
20862.0,AW00020862,Sarah,Hall,S,F,2025-04-07
20863.0,AW00020863,Rebecca,Singh,M,M,2025-09-29
20864.0,AW00020864,Paul,Jones,S,M,2024-10-07
20865.0,AW00020865,Joshua,Garcia,S,M,2024-06-24
20866.0,AW00020866,Patricia,Green,S,M,2026-03-11
20867.0,AW00020867,Peter,Nime,S,M,2023-10-21
20868.0,AW00020868,James,Campbell,S,M,2025-07-05
20869.0,AW00020869,Mary,Smith,S,F,2023-07-02
20870.0,AW00020870,Baraa,Mitchell,M,F,2025-09-12
20871.0,AW00020871,Michael,Patel,M,M,2026-02-03
20872.0,AW00020872,Kenneth,Baker,S,M,2023-07-09
20873.0,AW00020873,Mary,Lewis,M,F,2024-05-25
20874.0,AW00020874,Joshua,Nelson,M,M,2025-12-24
20875.0,AW00020875,Susan,Baker,S,F,2024-05-18
20876.0,AW00020876,Donna,Nelson,M,M,2024-09-25
20877.0,AW00020877,Steven,Nime,S,F,2025-02-11
20878.0,AW00020878,Keziah,Baker,M,M,2024-12-19
20879.0,AW00020879,Amanda,Clark,M,F,2024-10-09
20880.0,AW00020880,Mark,Clark,M,F,2025-07-04
20881.0,AW00020881,Melissa,Young,M,M,2024-10-02
20882.0,AW00020882,George,Taylor,S,M,2023-11-28
20883.0,AW00020883,Amanda,Toalii,S,M,2024-07-29
20884.0,AW00020884,Jennifer,Smith,M,F,2023-11-24
20885.0,AW00020885,Brian,Young,S,M,2025-09-29
20886.0,AW00020886,George,Smith,M,M,2024-11-30
20887.0,AW00020887,Jason,Toalii,M,M,2026-01-30
20888.0,AW00020888,Karen,Phillips,M,F,2025-04-30
20889.0,AW00020889,Ashley,Williams,S,M,2024-02-05
20890.0,AW00020890,Richard,Garcia,M,F,2024-09-30
20891.0,AW00020891,Susan,Smith,S,F,2024-05-01
20892.0,AW00020892,Barbara,Brown,M,F,2024-10-20
20893.0,AW00020893,Aroha,Parker,S,F,2023-03-11
20894.0,AW00020894,Timothy,Phillips,S,M,2026-04-11
20895.0,AW00020895,William,Hall,M,F,2026-01-29
20896.0,AW00020896,Patricia,Perez,M,F,2025-09-23
20897.0,AW00020897,George,Allen,M,M,2024-10-04
20898.0,AW00020898,Betty,Smith,S,M,2025-04-07
20899.0,AW00020899,Stephanie,Turner,S,F,2025-11-08
20900.0,AW00020900,George,Garcia,S,F,2025-05-23
20901.0,AW00020901,Richard,Manu,S,F,2025-06-05
20902.0,AW00020902,Brian,Miller,M,M,2024-01-14
20903.0,AW00020903,Joseph,Lewis,S,M,2024-02-18
20904.0,AW00020904,Joshua,Singh,S,M,2024-04-25
20905.0,AW00020905,Carol,Moore,M,M,2024-01-30
20906.0,AW00020906,Lisa,Anderson,S,F,2024-10-28
20907.0,AW00020907,George,Manu,M,F,2023-11-30
20908.0,AW00020908,Joseph,Anderson,S,F,2024-11-07
20909.0,AW00020909,Sarah,Adams,M,M,2024-11-16
20910.0,AW00020910,Michael,Young,S,F,2026-04-07
20911.0,AW00020911,James,Toalii,M,M,2025-08-19
20912.0,AW00020912,Jessica,Singh,M,M,2025-01-08
20913.0,AW00020913,Peter,Toalii,M,M,2023-07-18
20914.0,AW00020914,Mere,Williams,S,M,2025-12-04
20915.0,AW00020915,Rebecca,Martin,S,M,2024-01-12
20916.0,AW00020916,Stephanie,Clark,S,M,2023-07-20
20917.0,AW00020917,Stephanie,Roberts,S,F,2026-05-07
20918.0,AW00020918,Thomas,Lopez,M,M,2026-04-01
20919.0,AW00020919,Ronald,Green,S,F,2025-09-14
20920.0,AW00020920,Aroha,Mitchell,M,M,2023-12-31
20921.0,AW00020921,Matthew,Kumar,M,F,2024-06-25
20922.0,AW00020922,Matthew,Carter,M,F,2026-05-24
20923.0,AW00020923,Timothy,Brown,M,F,2023-03-14
20924.0,AW00020924,Ronald,Smith,S,F,2024-11-01
20925.0,AW00020925,Matthew,White,S,M,2026-03-09
20926.0,AW00020926,Patricia,Baker,S,M,2025-02-11
20927.0,AW00020927,Michael,Thomas,S,M,2023-02-19
20928.0,AW00020928,Thomas,Singh,S,M,2023-12-01
20929.0,AW00020929,Nancy,Manu,M,M,2025-12-02
20930.0,AW00020930,Susan,White,S,F,2023-03-18
20931.0,AW00020931,Patricia,Allen,M,F,2026-02-03
20932.0,AW00020932,Melissa,Adams,S,M,2025-04-28
20933.0,AW00020933,Keziah,Jones,S,F,2025-09-05
20934.0,AW00020934,Kimberly,Thomas,M,F,2024-06-15
20935.0,AW00020935,George,Nime,M,F,2023-02-21
20936.0,AW00020936,Jason,King,S,M,2023-02-25
20937.0,AW00020937,Amanda,Nelson,M,F,2023-08-27
20938.0,AW00020938,Brian,Baker,S,F,2025-02-02
20939.0,AW00020939,Susan,Taylor,M,M,2025-10-08
20940.0,AW00020940,Jason,Mitchell,M,F,2024-11-06
20941.0,AW00020941,Patricia,Smith,S,F,2023-01-21
20942.0,AW00020942,Mary,Green,M,M,2024-08-30
20943.0,AW00020943,Barbara,Kumar,S,M,2023-11-01
20944.0,AW00020944,William,Taylor,S,M,2024-01-07
20945.0,AW00020945,Mere,Brown,M,M,2024-07-25
20946.0,AW00020946,Keziah,Brown,M,M,2024-07-22
20947.0,AW00020947,Michelle,Campbell,M,F,2025-09-22
20948.0,AW00020948,James,Brown,S,F,2024-11-24
20949.0,AW00020949,Patricia,Jones,S,F,2024-08-09
20950.0,AW00020950,George,Hall,S,F,2025-12-04
20951.0,AW00020951,Donald,Lopez,M,F,2024-11-30
20952.0,AW00020952,Donald,Scott,M,M,2023-11-26
20953.0,AW00020953,Jessica,Young,S,F,2025-06-24
20954.0,AW00020954,Steven,Manu,S,F,2024-07-31
20955.0,AW00020955,George,Roberts,M,F,2025-04-28
20956.0,AW00020956,George,Williams,M,F,2025-08-16
20957.0,AW00020957,Keziah,Nelson,M,F,2024-08-12
20958.0,AW00020958,Sandra,Campbell,M,F,2023-02-24
20959.0,AW00020959,Daniel,Baker,M,F,2023-03-03
20960.0,AW00020960,Lisa,Perez,M,M,2024-06-05
20961.0,AW00020961,Lisa,White,S,M,2023-12-03
20962.0,AW00020962,Robert,Thomas,M,F,2024-08-27
20963.0,AW00020963,Jason,Nime,M,F,2023-06-03
20964.0,AW00020964,Charles,Allen,S,F,2024-09-11
20965.0,AW00020965,Tane,Lewis,S,M,2024-01-03
20966.0,AW00020966,Karen,Martin,M,M,2026-04-15
20967.0,AW00020967,Ronald,Phillips,M,F,2025-07-01
20968.0,AW00020968,Sione,Ngata,S,M,2025-07-31
20969.0,AW00020969,Keziah,King,S,M,2023-04-14
20970.0,AW00020970,Betty,Garcia,S,F,2023-12-03
20971.0,AW00020971,Jason,Garcia,S,F,2024-06-21
20972.0,AW00020972,Barbara,King,S,F,2023-08-03
20973.0,AW00020973,Barbara,Roberts,M,F,2023-09-02
20974.0,AW00020974,Malia,Lee,S,F,2024-10-13
20975.0,AW00020975,Baraa,Green,S,F,2025-04-22
20976.0,AW00020976,James,Manu,M,F,2024-04-24
20977.0,AW00020977,Jason,Carter,S,F,2023-10-04
20978.0,AW00020978,Melissa,Williams,M,F,2024-07-17
20979.0,AW00020979,Richard,Clark,S,M,2023-02-23
20980.0,AW00020980,Betty,Smith,S,F,2026-01-09
20981.0,AW00020981,Kenneth,Hall,M,F,2024-12-18
20982.0,AW00020982,Kenneth,Adams,S,M,2023-07-03
20983.0,AW00020983,Michelle,Thomas,M,F,2023-02-08
20984.0,AW00020984,Nancy,Lee,M,M,2023-04-27
20985.0,AW00020985,Steven,Nime,S,M,2024-08-09
20986.0,AW00020986,Deborah,Walker,M,M,2025-07-27
20987.0,AW00020987,Matthew,Mitchell,M,M,2023-05-22
20988.0,AW00020988,Jessica,Phillips,M,M,2025-01-14
20989.0,AW00020989,Mere,Nelson,M,F,2025-06-06
20990.0,AW00020990,Emily,Clark,M,M,2025-08-19
20991.0,AW00020991,Robert,Miller,S,M,2024-03-25
20992.0,AW00020992,Amanda,Campbell,M,F,2023-12-01
20993.0,AW00020993,Barbara,King,M,M,2025-10-31
20994.0,AW00020994,Kenneth,Nime,M,M,2026-03-26
20995.0,AW00020995,Michelle,Lopez,S,M,2025-11-01
20996.0,AW00020996,Aroha,Walker,M,F,2023-09-22
20997.0,AW00020997,Michelle,Moore,S,F,2025-12-31
20998.0,AW00020998,Michael,Adams,M,M,2025-03-16
20999.0,AW00020999,Ronald,Lewis,M,F,2026-01-13
21000.0,AW00021000,Peter,Nelson,M,F,2024-09-25
21001.0,AW00021001,Aroha,Moore,M,M,2024-03-07
21002.0,AW00021002,Deborah,Campbell,S,F,2026-05-05
21003.0,AW00021003,Barbara,White,S,M,2024-06-22
21004.0,AW00021004,Brian,Wilson,S,F,2025-05-23
21005.0,AW00021005,Mary,Young,S,M,2023-04-20
21006.0,AW00021006,William,Young,S,F,2026-01-21
21007.0,AW00021007,Emily,Jones,S,F,2026-02-21
21008.0,AW00021008,Sione,Williams,M,M,2023-12-08
21009.0,AW00021009,Patricia,Campbell,M,F,2023-05-26
21010.0,AW00021010,David,Campbell,S,F,2024-08-12
21011.0,AW00021011,John,Allen,S,F,2024-04-13
21012.0,AW00021012,Joseph,Perez,M,M,2026-05-15
21013.0,AW00021013,Barbara,Jackson,M,F,2024-09-22
21014.0,AW00021014,Melissa,Patel,S,M,2025-11-28
21015.0,AW00021015,Betty,Thompson,S,M,2025-02-07
21016.0,AW00021016,Sarah,Smith,S,M,2023-03-02
21017.0,AW00021017,Deborah,Allen,S,F,2025-11-02
21018.0,AW00021018,James,Patel,M,M,2025-10-20
21019.0,AW00021019,Jennifer,Thompson,S,F,2025-01-13
21020.0,AW00021020,Ronald,Phillips,M,M,2026-02-24
21021.0,AW00021021,Michael,Roberts,S,F,2026-04-20
21022.0,AW00021022,Betty,Garcia,S,F,2025-09-09
21023.0,AW00021023,Mark,Singh,S,F,2023-11-17
21024.0,AW00021024,William,Ngata,S,M,2024-10-14
21025.0,AW00021025,Paul,Phillips,M,M,2023-03-02
21026.0,AW00021026,Carol,Moore,S,M,2024-02-12
21027.0,AW00021027,Rebecca,Green,M,F,2023-04-24
21028.0,AW00021028,Elizabeth,Davis,S,F,2025-11-04
21029.0,AW00021029,Donald,Adams,S,F,2024-11-22
21030.0,AW00021030,Joshua,Hall,S,F,2023-03-21
21031.0,AW00021031,Amanda,Parker,S,F,2024-02-25
21032.0,AW00021032,Melissa,Manu,S,M,2024-12-02
21033.0,AW00021033,Jessica,Turner,M,M,2024-01-27
21034.0,AW00021034,Deborah,Anderson,S,F,2026-04-05
21035.0,AW00021035,Patricia,Patel,M,M,2024-07-12
21036.0,AW00021036,Andrew,Nelson,M,M,2023-05-14
21037.0,AW00021037,Jennifer,Jones,S,F,2024-09-07
21038.0,AW00021038,Peter,Kumar,M,M,2023-08-07
21039.0,AW00021039,Keziah,Jones,M,M,2023-03-09
21040.0,AW00021040,Melissa,Clark,S,M,2024-06-23
21041.0,AW00021041,Matthew,Green,M,M,2025-07-09
21042.0,AW00021042,Daniel,Phillips,S,F,2026-03-21
21043.0,AW00021043,Matthew,Moore,M,M,2025-04-26
21044.0,AW00021044,Robert,Lee,M,F,2023-09-07
21045.0,AW00021045,Ashley,Clark,S,F,2023-03-29
21046.0,AW00021046,Donna,Taylor,M,M,2023-10-06
21047.0,AW00021047,Rebecca,Ngata,S,M,2025-01-02
21048.0,AW00021048,Sandra,Martin,M,F,2024-03-07
21049.0,AW00021049,Michael,King,M,M,2026-04-28
21050.0,AW00021050,Peter,Wright,M,M,2025-08-11
21051.0,AW00021051,Deborah,Allen,S,M,2024-06-24
21052.0,AW00021052,Jessica,Manu,S,M,2023-09-07
21053.0,AW00021053,Melissa,Singh,M,F,2024-10-02
21054.0,AW00021054,Patricia,Phillips,M,M,2024-08-24
21055.0,AW00021055,Emily,Clark,S,M,2024-08-07
21056.0,AW00021056,Daniel,Taylor,S,M,2026-01-24
21057.0,AW00021057,Paul,Jackson,M,M,2024-10-18
21058.0,AW00021058,Deborah,Wilson,S,M,2024-01-19
21059.0,AW00021059,Stephanie,Thompson,S,F,2023-02-17
21060.0,AW00021060,Stephanie,Young,S,F,2025-03-31
21061.0,AW00021061,Lisa,Jones,M,F,2025-12-28
21062.0,AW00021062,Mary,Toalii,M,M,2024-10-05
21063.0,AW00021063,Melissa,Patel,M,F,2023-03-13
21064.0,AW00021064,Patricia,Green,S,F,2023-02-23
21065.0,AW00021065,Linda,Carter,S,F,2023-11-20
21066.0,AW00021066,Melissa,Parker,S,M,2023-08-17
21067.0,AW00021067,Tane,Young,M,M,2023-03-28
21068.0,AW00021068,Donald,Nime,M,F,2025-12-29
21069.0,AW00021069,Sandra,Garcia,S,F,2023-10-20
21070.0,AW00021070,Ronald,White,M,F,2024-06-10
21071.0,AW00021071,Joshua,Garcia,S,M,2026-03-19
21072.0,AW00021072,David,Phillips,S,M,2024-10-30
21073.0,AW00021073,Robert,Lopez,S,F,2023-01-14
21074.0,AW00021074,Timothy,Lee,M,F,2025-06-25
21075.0,AW00021075,Aroha,Scott,S,F,2025-04-10
21076.0,AW00021076,Michelle,Scott,S,M,2023-12-04
21077.0,AW00021077,Carol,Lee,M,F,2023-12-20
21078.0,AW00021078,Keziah,Clark,M,F,2024-05-06
21079.0,AW00021079,Stephanie,Walker,S,F,2024-10-11
21080.0,AW00021080,Robert,Moore,S,F,2026-01-30
21081.0,AW00021081,Ashley,Nime,S,M,2025-09-02
21082.0,AW00021082,David,Baker,S,M,2024-06-13
21083.0,AW00021083,Malia,Johnson,M,M,2024-02-03
21084.0,AW00021084,Jason,Toalii,M,F,2025-05-29
21085.0,AW00021085,Ashley,Nelson,M,M,2023-08-24
21086.0,AW00021086,Malia,Allen,S,M,2024-10-10
21087.0,AW00021087,Andrew,Taylor,S,F,2024-11-15
21088.0,AW00021088,James,Wilson,S,M,2023-08-08
21089.0,AW00021089,Malia,Davis,M,M,2024-07-30
21090.0,AW00021090,Carol,Perez,M,F,2024-01-16
21091.0,AW00021091,Ronald,Hall,S,M,2023-11-29
21092.0,AW00021092,James,Williams,M,F,2024-12-21
21093.0,AW00021093,Baraa,Turner,M,F,2023-06-19
21094.0,AW00021094,Amanda,Jackson,S,M,2024-03-02
21095.0,AW00021095,Paul,Thomas,S,F,2024-12-27
21096.0,AW00021096,Keziah,Johnson,S,M,2023-09-23
21097.0,AW00021097,Lisa,Young,M,M,2026-02-20
21098.0,AW00021098,Aroha,Walker,M,F,2024-09-04
21099.0,AW00021099,Elizabeth,Young,S,F,2025-03-01
21100.0,AW00021100,Nancy,Baker,S,M,2023-02-03
21101.0,AW00021101,Aroha,Johnson,S,M,2024-12-19
21102.0,AW00021102,Rebecca,Toalii,S,F,2024-10-03
21103.0,AW00021103,Joshua,Taylor,S,F,2025-09-01
21104.0,AW00021104,Charles,Nelson,S,M,2025-11-26
21105.0,AW00021105,Mark,Thompson,M,M,2023-10-21
21106.0,AW00021106,Richard,Nelson,M,M,2026-05-30
21107.0,AW00021107,Robert,King,M,F,2023-08-19
21108.0,AW00021108,Ronald,Garcia,M,M,2025-03-22
21109.0,AW00021109,Emily,White,S,F,2023-05-29
21110.0,AW00021110,Tane,Campbell,M,M,2023-05-26
21111.0,AW00021111,Joshua,Campbell,S,F,2025-08-26
21112.0,AW00021112,Sandra,Mitchell,S,F,2025-10-30
21113.0,AW00021113,Karen,Toalii,S,F,2025-09-01
21114.0,AW00021114,Sandra,Garcia,S,F,2025-05-28
21115.0,AW00021115,Joshua,Taylor,S,M,2026-03-10
21116.0,AW00021116,Anthony,Turner,M,M,2023-11-28
21117.0,AW00021117,Barbara,Garcia,S,F,2025-05-21
21118.0,AW00021118,Sione,Adams,M,F,2023-10-18
21119.0,AW00021119,Charles,Campbell,S,M,2026-04-22
21120.0,AW00021120,Sione,Phillips,M,M,2025-02-14
21121.0,AW00021121,Richard,Phillips,S,F,2025-11-14
21122.0,AW00021122,Jason,Roberts,S,M,2025-08-16
21123.0,AW00021123,Sarah,Phillips,S,M,2024-06-06
21124.0,AW00021124,Linda,Williams,S,F,2023-06-21
21125.0,AW00021125,Jessica,Patel,M,F,2025-06-03
21126.0,AW00021126,Thomas,Carter,M,M,2025-10-11
21127.0,AW00021127,Carol,Carter,M,F,2023-05-11
21128.0,AW00021128,Joshua,Thompson,S,M,2026-01-27
21129.0,AW00021129,Kenneth,Singh,S,F,2024-09-03
21130.0,AW00021130,Stephanie,Nime,M,F,2026-02-07
21131.0,AW00021131,Elizabeth,Parker,M,F,2025-05-27
21132.0,AW00021132,Nancy,Brown,S,M,2024-01-05
21133.0,AW00021133,Matthew,Wright,S,F,2025-01-08
21134.0,AW00021134,Charles,Ngata,M,F,2026-03-10
21135.0,AW00021135,Michelle,Nelson,S,F,2024-01-18
21136.0,AW00021136,Matthew,Manu,M,M,2023-12-23
21137.0,AW00021137,Joshua,Nime,S,M,2024-06-18
21138.0,AW00021138,Lisa,Scott,M,M,2025-07-03
21139.0,AW00021139,Aroha,Green,M,M,2024-01-16
21140.0,AW00021140,Barbara,Thomas,S,F,2024-07-10
21141.0,AW00021141,Donna,Nelson,S,F,2023-12-05
21142.0,AW00021142,Mere,Williams,S,M,2023-01-07
21143.0,AW00021143,Carol,Wright,M,F,2023-02-23
21144.0,AW00021144,Peter,Taylor,M,M,2025-04-28
21145.0,AW00021145,Elizabeth,Jones,S,F,2026-05-14
21146.0,AW00021146,Jennifer,Phillips,S,M,2023-06-20
21147.0,AW00021147,Sandra,Roberts,M,F,2023-03-05
21148.0,AW00021148,Ronald,Green,S,F,2025-11-13
21149.0,AW00021149,Kimberly,Patel,S,M,2026-04-23
21150.0,AW00021150,William,Toalii,M,F,2024-04-11
21151.0,AW00021151,William,Garcia,S,F,2024-08-09
21152.0,AW00021152,Tane,Young,S,F,2024-11-12
21153.0,AW00021153,Timothy,Jones,M,M,2026-05-15
21154.0,AW00021154,Stephanie,Williams,M,F,2025-07-18
21155.0,AW00021155,Jessica,Wilson,S,F,2025-11-05
21156.0,AW00021156,Karen,Williams,S,F,2025-09-25
21157.0,AW00021157,Mary,Jones,M,F,2025-10-31
21158.0,AW00021158,Barbara,Lopez,M,M,2025-02-20
21159.0,AW00021159,Peter,Manu,S,F,2023-10-22
21160.0,AW00021160,Keziah,Lewis,M,F,2023-10-16
21161.0,AW00021161,Donna,Nime,S,F,2024-10-29
21162.0,AW00021162,Ashley,Patel,S,M,2025-11-01
21163.0,AW00021163,Michelle,Smith,M,M,2025-03-16
21164.0,AW00021164,George,Allen,S,F,2024-11-24
21165.0,AW00021165,Lisa,Garcia,S,F,2025-02-08
21166.0,AW00021166,Ashley,Manu,M,M,2023-02-07
21167.0,AW00021167,Richard,Lopez,M,M,2025-12-20
21168.0,AW00021168,Sandra,Campbell,M,F,2025-04-21
21169.0,AW00021169,Malia,Campbell,S,F,2023-03-20
21170.0,AW00021170,Jessica,Taylor,S,M,2026-03-20
21171.0,AW00021171,Keziah,Wilson,S,F,2024-08-12
21172.0,AW00021172,Brian,Ngata,S,F,2023-03-16
21173.0,AW00021173,Mere,Perez,S,M,2024-03-02
21174.0,AW00021174,Ashley,Turner,S,M,2025-03-22
21175.0,AW00021175,Daniel,Patel,M,M,2023-07-15
21176.0,AW00021176,Kenneth,Wilson,M,M,2023-02-04
21177.0,AW00021177,Joshua,Garcia,M,F,2024-11-03
21178.0,AW00021178,Daniel,Lopez,M,F,2023-08-09
21179.0,AW00021179,Joseph,Garcia,S,F,2024-01-10
21180.0,AW00021180,William,Allen,M,F,2025-03-13
21181.0,AW00021181,Sarah,Hall,M,F,2025-07-12
21182.0,AW00021182,Jason,Carter,M,F,2023-11-23
21183.0,AW00021183,Stephanie,Clark,S,M,2024-04-06
21184.0,AW00021184,Anthony,Singh,M,F,2025-09-17
21185.0,AW00021185,Anthony,Davis,M,F,2026-01-11
21186.0,AW00021186,Donna,Hall,S,M,2023-08-17
21187.0,AW00021187,Michelle,Moore,M,M,2023-02-18
21188.0,AW00021188,Peter,Miller,S,F,2024-02-17
21189.0,AW00021189,Betty,Patel,M,F,2026-01-22
21190.0,AW00021190,Kimberly,Baker,M,M,2023-04-23
21191.0,AW00021191,Anthony,Lopez,M,M,2025-05-09
21192.0,AW00021192,Timothy,Adams,M,M,2024-10-30
21193.0,AW00021193,Jason,Smith,S,M,2025-08-18
21194.0,AW00021194,John,Singh,S,M,2024-03-08
21195.0,AW00021195,Aroha,Hall,S,F,2024-03-04
21196.0,AW00021196,Susan,Turner,S,M,2025-07-07
21197.0,AW00021197,Mark,Singh,M,F,2023-09-04
21198.0,AW00021198,Jennifer,Johnson,S,M,2024-05-11
21199.0,AW00021199,Ashley,Carter,M,M,2024-10-07
21200.0,AW00021200,Joseph,Ngata,M,M,2023-01-22
21201.0,AW00021201,Mark,Hall,M,F,2024-11-13
21202.0,AW00021202,Rebecca,Wright,S,F,2023-11-11
21203.0,AW00021203,Baraa,Clark,S,F,2026-03-21
21204.0,AW00021204,Joshua,Jones,S,M,2024-07-10
21205.0,AW00021205,Deborah,Green,S,M,2025-06-20
21206.0,AW00021206,Mark,Hall,M,F,2025-03-11
21207.0,AW00021207,Nancy,Johnson,S,F,2024-05-30
21208.0,AW00021208,Thomas,Lee,S,F,2025-12-03
21209.0,AW00021209,Patricia,Scott,M,M,2024-03-30
21210.0,AW00021210,Brian,Allen,M,F,2023-06-23
21211.0,AW00021211,Richard,Perez,M,F,2024-05-08
21212.0,AW00021212,Daniel,Lopez,S,F,2023-01-14
21213.0,AW00021213,Sandra,Baker,S,F,2025-04-16
21214.0,AW00021214,Jason,Lewis,S,M,2025-03-05
21215.0,AW00021215,Tane,Garcia,S,M,2023-01-12
21216.0,AW00021216,Sione,Clark,S,F,2025-07-18
21217.0,AW00021217,Paul,Wilson,S,F,2024-11-30
21218.0,AW00021218,Ashley,Wilson,S,F,2023-01-18
21219.0,AW00021219,Jason,Smith,M,F,2024-10-15
21220.0,AW00021220,Karen,Wilson,M,M,2024-06-18
21221.0,AW00021221,Deborah,Miller,M,M,2025-07-07
21222.0,AW00021222,William,Thomas,S,F,2023-03-02
21223.0,AW00021223,Carol,Singh,M,M,2026-03-16
21224.0,AW00021224,John,Turner,S,F,2025-04-01
21225.0,AW00021225,William,Turner,S,F,2023-08-12
21226.0,AW00021226,Michelle,Patel,M,F,2026-02-27
21227.0,AW00021227,Deborah,Brown,S,M,2024-12-02
21228.0,AW00021228,Rebecca,Adams,M,F,2026-01-20
21229.0,AW00021229,Richard,Manu,S,M,2023-12-04
21230.0,AW00021230,Mary,Lewis,S,M,2024-05-29
21231.0,AW00021231,Charles,Wright,S,M,2026-05-26
21232.0,AW00021232,Richard,Miller,M,M,2025-08-18
21233.0,AW00021233,Jennifer,Wright,M,F,2024-11-07
21234.0,AW00021234,Jennifer,Taylor,M,M,2023-11-12
21235.0,AW00021235,Melissa,Wright,S,F,2026-02-24
21236.0,AW00021236,Timothy,Allen,S,M,2025-10-13
21237.0,AW00021237,Joseph,Ngata,M,M,2023-01-06
21238.0,AW00021238,Robert,Baker,S,M,2023-05-03
21239.0,AW00021239,Tane,Adams,S,M,2023-04-28
21240.0,AW00021240,Jennifer,Jones,S,M,2026-03-24
21241.0,AW00021241,Elizabeth,Anderson,S,F,2026-02-27
21242.0,AW00021242,Rebecca,Taylor,S,F,2023-02-16
21243.0,AW00021243,John,Campbell,M,M,2025-01-26
21244.0,AW00021244,Peter,Williams,M,F,2023-10-27
21245.0,AW00021245,Tane,Kumar,M,F,2024-02-05
21246.0,AW00021246,Matthew,Adams,S,F,2024-01-01
21247.0,AW00021247,Lisa,Toalii,S,M,2025-11-20
21248.0,AW00021248,Robert,Johnson,S,F,2025-09-11
21249.0,AW00021249,Robert,Brown,S,F,2025-03-01
21250.0,AW00021250,Linda,Thomas,M,M,2025-11-12
21251.0,AW00021251,Steven,Mitchell,M,M,2024-02-07
21252.0,AW00021252,Brian,Hall,S,F,2023-08-30
21253.0,AW00021253,Rebecca,Walker,M,F,2024-08-27
21254.0,AW00021254,Joshua,Nime,S,F,2025-04-23
21255.0,AW00021255,Aroha,Carter,M,F,2024-09-02
21256.0,AW00021256,David,Wilson,S,M,2026-04-02
21257.0,AW00021257,William,Thompson,S,F,2023-09-17
21258.0,AW00021258,Daniel,Taylor,S,M,2025-03-28
21259.0,AW00021259,Baraa,Jackson,S,M,2025-01-09
21260.0,AW00021260,Rebecca,Carter,S,M,2023-06-09
21261.0,AW00021261,Sione,Walker,M,M,2024-08-06
21262.0,AW00021262,Stephanie,Davis,M,F,2023-12-03
21263.0,AW00021263,Sandra,King,M,F,2024-01-05
21264.0,AW00021264,Mark,Brown,S,M,2023-01-05
21265.0,AW00021265,Amanda,Davis,S,M,2025-11-27
21266.0,AW00021266,Sarah,Turner,M,F,2023-02-06
21267.0,AW00021267,John,Smith,S,M,2025-08-14
21268.0,AW00021268,Emily,Thompson,S,M,2024-05-07
21269.0,AW00021269,Steven,Thompson,M,M,2025-08-01
21270.0,AW00021270,Malia,Wilson,M,M,2025-10-07
21271.0,AW00021271,Peter,Ngata,S,F,2025-04-29
21272.0,AW00021272,Thomas,Adams,M,M,2025-11-25
21273.0,AW00021273,Elizabeth,Garcia,M,F,2024-08-02
21274.0,AW00021274,Kenneth,Green,S,M,2025-08-30
21275.0,AW00021275,Sarah,Young,S,F,2025-10-16
21276.0,AW00021276,Deborah,Scott,M,M,2025-02-15
21277.0,AW00021277,Keziah,Young,S,F,2023-07-10
21278.0,AW00021278,Peter,Lopez,M,M,2023-04-19
21279.0,AW00021279,Peter,Garcia,S,F,2023-04-09
21280.0,AW00021280,Donna,Scott,M,M,2023-03-18
21281.0,AW00021281,Peter,Martin,M,F,2024-05-08
21282.0,AW00021282,Keziah,Clark,M,M,2023-02-10
21283.0,AW00021283,Donna,Wilson,S,F,2025-08-24
21284.0,AW00021284,Mere,Martin,S,M,2026-03-26
21285.0,AW00021285,Robert,Williams,S,F,2023-08-17
21286.0,AW00021286,Anthony,Nime,,F,2023-10-12
21287.0,AW00021287,Sarah,Campbell,M,M,2024-12-19
21288.0,AW00021288,Brian,Green,S,F,2025-04-18
21289.0,AW00021289,Jason,Mitchell,M,M,2025-11-25
21290.0,AW00021290,Jason,Davis,S,F,2024-07-26
21291.0,AW00021291,Melissa,Davis,S,M,2023-02-06
21292.0,AW00021292,Rebecca,Phillips,M,F,2024-02-22
21293.0,AW00021293,Robert,White,M,F,2023-12-09
21294.0,AW00021294,Betty,Hall,M,M,2023-07-21
21295.0,AW00021295,Emily,White,S,F,2024-01-16
21296.0,AW00021296,Jason,Manu,M,F,2023-07-26
21297.0,AW00021297,Daniel,Lopez,S,M,2024-02-16
21298.0,AW00021298,Andrew,Carter,S,M,2024-12-19
21299.0,AW00021299,James,Perez,S,F,2026-04-17
21300.0,AW00021300,Tane,Williams,M,M,2023-12-30
21301.0,AW00021301,George,Perez,M,M,2023-08-18
21302.0,AW00021302,Brian,Patel,S,F,2026-01-11
21303.0,AW00021303,Anthony,Adams,M,M,2025-02-06
21304.0,AW00021304,Baraa,Jackson,M,F,2024-05-23
21305.0,AW00021305,Timothy,Young,S,F,2024-09-13
21306.0,AW00021306,Kenneth,Jones,M,M,2025-03-15
21307.0,AW00021307,Aroha,Thomas,M,F,2024-07-24
21308.0,AW00021308,Donna,Nime,S,M,2025-04-27
21309.0,AW00021309,Jason,Wright,M,M,2025-05-15
21310.0,AW00021310,Sarah,Miller,M,F,2024-03-05
21311.0,AW00021311,Jessica,Thomas,S,F,2023-04-22
21312.0,AW00021312,Karen,Kumar,M,F,2023-07-19
21313.0,AW00021313,Brian,King,M,F,2024-09-03
21314.0,AW00021314,Michelle,Moore,S,M,2023-08-23
21315.0,AW00021315,Aroha,Turner,S,F,2024-03-09
21316.0,AW00021316,Aroha,Mitchell,M,M,2024-09-30
21317.0,AW00021317,Lisa,Moore,S,F,2023-01-28
21318.0,AW00021318,Kenneth,Moore,M,M,2024-07-08
21319.0,AW00021319,Sione,Allen,S,M,2025-08-28
21320.0,AW00021320,Steven,Brown,M,F,2024-08-28
21321.0,AW00021321,Kenneth,White,S,F,2023-04-15
21322.0,AW00021322,Matthew,Manu,M,M,2024-06-27
21323.0,AW00021323,Emily,Campbell,S,M,2024-10-10
21324.0,AW00021324,Rebecca,Jackson,M,F,2024-09-05
21325.0,AW00021325,David,Young,S,M,2025-03-04
21326.0,AW00021326,Melissa,Adams,M,M,2024-10-14
21327.0,AW00021327,Mere,Green,S,F,2023-01-17
21328.0,AW00021328,Jessica,Baker,S,F,2025-07-09
21329.0,AW00021329,Elizabeth,Scott,S,F,2025-03-02
21330.0,AW00021330,Baraa,Martin,S,F,2023-09-02
21331.0,AW00021331,Karen,Campbell,S,F,2025-11-13
21332.0,AW00021332,Steven,Perez,M,F,2025-12-24
21333.0,AW00021333,John,Walker,S,F,2023-07-05
21334.0,AW00021334,Jennifer,Adams,S,F,2026-02-03
21335.0,AW00021335,Sarah,Wilson,S,F,2026-02-28
21336.0,AW00021336,Sandra,Scott,S,M,2025-01-02
21337.0,AW00021337,William,Anderson,S,F,2025-08-17
21338.0,AW00021338,Brian,Wright,S,F,2023-08-11
21339.0,AW00021339,Baraa,Brown,M,M,2025-09-28
21340.0,AW00021340,Mere,Allen,M,F,2023-11-20
21341.0,AW00021341,Donald,Scott,M,M,2024-04-01
21342.0,AW00021342,Steven,Jones,M,F,2024-04-09
21343.0,AW00021343,Elizabeth,Lopez,S,M,2025-04-11
21344.0,AW00021344,Mere,Davis,S,F,2025-02-20
21345.0,AW00021345,James,Roberts,S,M,2023-07-21
21346.0,AW00021346,Andrew,Parker,S,M,2024-06-25
21347.0,AW00021347,Melissa,Anderson,S,F,2024-03-21
21348.0,AW00021348,Patricia,Jackson,S,F,2026-02-07
21349.0,AW00021349,Ashley,Clark,S,M,2026-05-28
21350.0,AW00021350,Amanda,Jones,M,F,2023-05-31
21351.0,AW00021351,Michelle,Nime,M,F,2025-08-09
21352.0,AW00021352,Keziah,Jones,M,M,2025-12-18
21353.0,AW00021353,Karen,Garcia,M,M,2024-11-10
21354.0,AW00021354,Andrew,Phillips,S,M,2025-07-02
21355.0,AW00021355,Keziah,Nime,S,M,2025-11-02
21356.0,AW00021356,Richard,Wright,S,F,2025-01-05
21357.0,AW00021357,Daniel,Manu,M,M,2023-04-11
21358.0,AW00021358,Lisa,Taylor,M,M,2023-08-18
21359.0,AW00021359,Richard,Turner,S,F,2024-10-12
21360.0,AW00021360,Andrew,Ngata,M,F,2023-06-09
21361.0,AW00021361,Jennifer,Manu,M,F,2024-09-01
21362.0,AW00021362,James,Phillips,M,F,2023-01-28
21363.0,AW00021363,Betty,Taylor,M,F,2023-10-20
21364.0,AW00021364,Sandra,Mitchell,S,M,2026-04-26
21365.0,AW00021365,Malia,Singh,S,F,2025-05-14
21366.0,AW00021366,Betty,Clark,S,M,2023-04-13
21367.0,AW00021367,Jennifer,Anderson,M,F,2023-10-29
21368.0,AW00021368,Barbara,Walker,M,M,2025-10-11
21369.0,AW00021369,Donna,Brown,M,F,2025-01-30
21370.0,AW00021370,Peter,Mitchell,S,M,2025-01-15
21371.0,AW00021371,Michael,Adams,M,M,2024-07-02
21372.0,AW00021372,Aroha,Wright,S,M,2026-01-20
21373.0,AW00021373,Anthony,Jackson,S,F,2026-04-08
21374.0,AW00021374,Sarah,Campbell,M,F,2025-07-11
21375.0,AW00021375,Linda,Green,M,M,2024-02-26
21376.0,AW00021376,Joseph,Toalii,S,M,2025-01-10
21377.0,AW00021377,Barbara,Miller,S,M,2025-09-03
21378.0,AW00021378,Aroha,Parker,M,F,2025-04-03
21379.0,AW00021379,Timothy,Ngata,M,M,2026-03-03
21380.0,AW00021380,Malia,Davis,M,M,2023-07-21
21381.0,AW00021381,Mary,Williams,S,F,2026-04-10
21382.0,AW00021382,Joshua,Thompson,M,M,2024-05-04
21383.0,AW00021383,Timothy,Jackson,S,F,2026-01-03
21384.0,AW00021384,Melissa,Carter,S,M,2024-01-14
21385.0,AW00021385,Keziah,Turner,M,F,2025-12-29
21386.0,AW00021386,Betty,Taylor,S,M,2023-05-12
21387.0,AW00021387,Susan,Perez,S,M,2025-01-01
21388.0,AW00021388,Aroha,Smith,S,M,2026-05-23
21389.0,AW00021389,Malia,Nelson,M,F,2023-03-17
21390.0,AW00021390,Brian,Campbell,M,F,2024-07-05
21391.0,AW00021391,Rebecca,Carter,M,M,2025-08-05
21392.0,AW00021392,Daniel,Lopez,M,M,2024-01-22
21393.0,AW00021393,Andrew,Davis,S,M,2025-06-25
21394.0,AW00021394,Baraa,Parker,M,M,2024-09-18
21395.0,AW00021395,Timothy,Baker,M,F,2023-06-07
21396.0,AW00021396,Jason,Garcia,M,F,2024-03-31
21397.0,AW00021397,Ashley,Johnson,M,M,2026-04-22
21398.0,AW00021398,Rebecca,Manu,S,F,2024-01-07
21399.0,AW00021399,Joshua,Anderson,S,M,2023-01-31
21400.0,AW00021400,Elizabeth,Toalii,S,F,2026-01-11
21401.0,AW00021401,Mere,Lee,M,M,2026-01-20
21402.0,AW00021402,John,Ngata,M,M,2025-10-12
21403.0,AW00021403,Elizabeth,Walker,M,M,2025-02-15
21404.0,AW00021404,Carol,Jones,M,M,2023-11-07
21405.0,AW00021405,Nancy,Phillips,S,M,2025-06-06
21406.0,AW00021406,Carol,Phillips,M,F,2026-02-18
21407.0,AW00021407,Jennifer,Davis,S,F,2025-11-12
21408.0,AW00021408,Sandra,Adams,S,M,2025-03-04
21409.0,AW00021409,James,Jackson,S,F,2023-03-09
21410.0,AW00021410,Mere,Campbell,S,M,2025-12-23
21411.0,AW00021411,Joseph,Thompson,S,M,2026-01-03
21412.0,AW00021412,Mere,Jones,S,M,2025-12-29
21413.0,AW00021413,Tane,Wright,S,F,2026-03-04
21414.0,AW00021414,Joshua,Turner,S,F,2025-11-22
21415.0,AW00021415,Kenneth,Baker,S,M,2025-12-03
21416.0,AW00021416,Donna,Ngata,M,F,2026-01-20
21417.0,AW00021417,Baraa,Manu,S,M,2025-12-12
21418.0,AW00021418,Kenneth,White,M,F,2024-12-24
21419.0,AW00021419,George,Singh,M,M,2024-09-05
21420.0,AW00021420,Andrew,Wright,S,M,2025-04-17
21421.0,AW00021421,Kenneth,Manu,S,F,2024-07-01
21422.0,AW00021422,Sione,Taylor,M,F,2025-06-05
21423.0,AW00021423,Mary,Baker,S,F,2026-03-25
21424.0,AW00021424,Lisa,Turner,S,F,2024-04-12
21425.0,AW00021425,Amanda,Roberts,M,F,2024-09-28
21426.0,AW00021426,David,Perez,S,F,2024-05-14
21427.0,AW00021427,Michael,Green,S,M,2023-07-06
21428.0,AW00021428,Nancy,Baker,S,F,2025-10-08
21429.0,AW00021429,William,Singh,S,F,2024-09-03
21430.0,AW00021430,Lisa,Parker,M,M,2025-09-08
21431.0,AW00021431,Ronald,Williams,S,F,2024-05-27
21432.0,AW00021432,Tane,Turner,S,M,2025-03-18
21433.0,AW00021433,Steven,Garcia,S,M,2025-02-07
21434.0,AW00021434,Tane,Manu,M,M,2025-11-15
21435.0,AW00021435,Sione,Carter,M,M,2024-08-01
21436.0,AW00021436,Charles,Kumar,M,M,2025-11-19
21437.0,AW00021437,Linda,Taylor,M,M,2024-07-20
21438.0,AW00021438,Carol,Lee,S,M,2023-12-08
21439.0,AW00021439,Barbara,Patel,M,M,2023-06-26
21440.0,AW00021440,Elizabeth,Turner,M,F,2023-04-21
21441.0,AW00021441,Tane,Nime,M,M,2024-11-23
21442.0,AW00021442,Peter,Williams,S,M,2025-12-19
21443.0,AW00021443,Rebecca,Young,S,M,2025-12-16
21444.0,AW00021444,Malia,Green,M,M,2025-01-23
21445.0,AW00021445,Michelle,Young,M,F,2025-01-18
21446.0,AW00021446,Jennifer,Manu,M,F,2024-08-12
21447.0,AW00021447,Daniel,Walker,M,M,2025-06-04
21448.0,AW00021448,Richard,Martin,M,M,2023-05-27
21449.0,AW00021449,Peter,Thompson,M,F,2025-10-01
21450.0,AW00021450,Sarah,King,M,F,2023-01-10
21451.0,AW00021451,Brian,Jackson,M,F,2023-03-08
21452.0,AW00021452,Sandra,Kumar,S,M,2025-12-18
21453.0,AW00021453,Jennifer,Thompson,S,M,2025-01-04
21454.0,AW00021454,Carol,Johnson,S,M,2023-03-30
21455.0,AW00021455,Jennifer,Garcia,M,F,2026-05-01
21456.0,AW00021456,Kenneth,Turner,S,M,2024-07-28
21457.0,AW00021457,Peter,Toalii,M,M,2023-03-10
21458.0,AW00021458,Andrew,Parker,M,F,2024-07-06
21459.0,AW00021459,Mere,Scott,M,F,2026-05-07
21460.0,AW00021460,Donald,Allen,M,F,2024-05-02
21461.0,AW00021461,Emily,Green,S,M,2023-08-31
21462.0,AW00021462,Ashley,Thomas,M,M,2023-01-04
21463.0,AW00021463,Malia,Clark,M,F,2023-03-29
21464.0,AW00021464,Malia,Wright,M,F,2023-04-16
21465.0,AW00021465,Nancy,Baker,M,M,2025-04-01
21466.0,AW00021466,Donna,Lopez,M,M,2023-11-04
21467.0,AW00021467,William,Singh,S,F,2023-12-12
21468.0,AW00021468,Keziah,Young,S,M,2026-05-12
21469.0,AW00021469,Donald,Mitchell,S,F,2025-01-06
21470.0,AW00021470,Richard,Carter,S,F,2026-05-23
21471.0,AW00021471,Nancy,Allen,M,F,2024-06-09
21472.0,AW00021472,Melissa,Williams,S,F,2025-12-01
21473.0,AW00021473,Mark,Kumar,M,M,2025-10-27
21474.0,AW00021474,Barbara,Miller,S,F,2026-04-18
21475.0,AW00021475,Susan,Scott,M,M,2024-09-11
21476.0,AW00021476,Barbara,Thomas,M,F,2024-09-23
21477.0,AW00021477,Anthony,Toalii,S,F,2025-04-22
21478.0,AW00021478,Linda,Wright,S,F,2023-07-09
21479.0,AW00021479,Robert,Jones,S,M,2023-04-07
21480.0,AW00021480,James,Patel,S,F,2024-01-23
21481.0,AW00021481,Barbara,Lopez,S,M,2023-05-04
21482.0,AW00021482,Steven,Carter,S,F,2024-05-13
21483.0,AW00021483,Sione,Davis,S,F,2025-09-22
21484.0,AW00021484,Robert,Lewis,M,M,2023-02-04
21485.0,AW00021485,Richard,Wilson,S,M,2025-04-11
21486.0,AW00021486,Linda,Manu,M,M,2024-03-07
21487.0,AW00021487,Timothy,Davis,S,M,2023-09-17
21488.0,AW00021488,Tane,Thompson,S,F,2025-09-28
21489.0,AW00021489,Karen,Mitchell,S,M,2025-06-05
21490.0,AW00021490,Jason,Brown,M,F,2023-07-03
21491.0,AW00021491,Karen,Thomas,M,M,2025-01-26
21492.0,AW00021492,Stephanie,Thomas,M,F,2023-02-16
21493.0,AW00021493,David,Walker,M,F,2025-09-26
21494.0,AW00021494,Matthew,Toalii,S,F,2024-01-26
21495.0,AW00021495,Jason,Jones,M,F,2026-03-26
21496.0,AW00021496,Deborah,Nelson,M,F,2023-11-22
21497.0,AW00021497,Linda,Hall,S,F,2025-02-14
21498.0,AW00021498,Patricia,Brown,S,M,2026-02-04
21499.0,AW00021499,Stephanie,Parker,S,F,2025-02-02
21500.0,AW00021500,Linda,Lopez,M,M,2024-06-27
21501.0,AW00021501,Melissa,Thomas,S,F,2023-03-10
21502.0,AW00021502,Aroha,Wilson,M,M,2024-04-22
21503.0,AW00021503,Jennifer,Garcia,S,M,2024-10-31
21504.0,AW00021504,Robert,Walker,S,M,2025-08-14
21505.0,AW00021505,Baraa,Smith,M,F,2024-01-22
21506.0,AW00021506,Kenneth,Walker,S,F,2024-11-14
21507.0,AW00021507,Jason,Kumar,M,F,2025-11-05
21508.0,AW00021508,James,Nelson,S,M,2025-08-29
21509.0,AW00021509,Rebecca,White,M,M,2023-10-25
21510.0,AW00021510,James,Lopez,M,M,2023-10-19
21511.0,AW00021511,Aroha,Walker,S,F,2025-10-27
21512.0,AW00021512,Lisa,Walker,M,F,2023-06-24
21513.0,AW00021513,Susan,Johnson,S,F,2025-03-03
21514.0,AW00021514,Brian,Patel,S,M,2024-11-30
21515.0,AW00021515,Malia,Brown,M,M,2023-01-06
21516.0,AW00021516,Donald,Parker,M,M,2025-11-25
21517.0,AW00021517,Patricia,Perez,S,M,2025-05-30
21518.0,AW00021518,Keziah,Young,S,M,2024-03-01
21519.0,AW00021519,George,Miller,M,F,2023-07-18
21520.0,AW00021520,Stephanie,Campbell,M,F,2024-03-28
21521.0,AW00021521,Joshua,Jones,M,F,2023-03-18
21522.0,AW00021522,Paul,Roberts,M,M,2023-01-11
21523.0,AW00021523,George,Roberts,S,F,2025-10-18
21524.0,AW00021524,Anthony,Williams,S,F,2025-04-24
21525.0,AW00021525,Melissa,Wilson,S,M,2024-05-09
21526.0,AW00021526,George,Lewis,M,F,2024-04-18
21527.0,AW00021527,Linda,Lopez,S,F,2024-05-04
21528.0,AW00021528,Rebecca,Johnson,M,F,2025-05-05
21529.0,AW00021529,Steven,Walker,M,M,2023-07-29
21530.0,AW00021530,William,Baker,S,F,2023-07-24
21531.0,AW00021531,Deborah,Baker,M,M,2026-01-01
21532.0,AW00021532,Kenneth,Adams,M,M,2025-09-14
21533.0,AW00021533,Barbara,Singh,S,F,2025-01-27
21534.0,AW00021534,Rebecca,Parker,S,M,2025-07-25
21535.0,AW00021535,Andrew,Smith,M,F,2025-07-20
21536.0,AW00021536,Emily,Lewis,S,F,2026-04-29
21537.0,AW00021537,Susan,Lewis,M,F,2024-02-19
21538.0,AW00021538,William,Clark,M,F,2023-11-20
21539.0,AW00021539,William,Parker,S,F,2023-08-25
21540.0,AW00021540,Amanda,King,M,F,2025-05-31
21541.0,AW00021541,Michelle,Williams,M,M,2025-11-19
21542.0,AW00021542,Emily,Davis,M,F,2023-07-10
21543.0,AW00021543,Jessica,Lewis,S,M,2025-05-22
21544.0,AW00021544,Jason,Lewis,S,M,2024-09-27
21545.0,AW00021545,Kimberly,Phillips,M,F,2025-06-09
21546.0,AW00021546,Charles,Carter,S,M,2023-10-12
21547.0,AW00021547,Mark,Phillips,S,F,2025-05-25
21548.0,AW00021548,John,Singh,M,F,2024-11-15
21549.0,AW00021549,Barbara,Taylor,M,F,2024-07-08
21550.0,AW00021550,David,Nelson,S,M,2025-05-04
21551.0,AW00021551,Mary,Williams,M,M,2024-12-24
21552.0,AW00021552,Ashley,Hall,S,F,2025-12-01
21553.0,AW00021553,Patricia,Roberts,M,F,2026-05-13
21554.0,AW00021554,Donald,Roberts,M,M,2025-10-03
21555.0,AW00021555,Susan,Nelson,S,M,2023-10-09
21556.0,AW00021556,John,White,M,M,2025-06-18
21557.0,AW00021557,Carol,Thompson,M,F,2023-04-15
21558.0,AW00021558,Kimberly,Jackson,M,M,2023-12-08
21559.0,AW00021559,John,Moore,M,F,2025-03-19
21560.0,AW00021560,Steven,Allen,S,M,2026-04-13
21561.0,AW00021561,Daniel,Ngata,S,M,2024-04-26
21562.0,AW00021562,Deborah,Wright,M,F,2024-05-09
21563.0,AW00021563,Ashley,Lewis,S,F,2026-01-10
21564.0,AW00021564,Betty,Patel,M,F,2024-02-01
21565.0,AW00021565,Barbara,Allen,S,F,2024-01-27
21566.0,AW00021566,Paul,Turner,M,M,2023-10-31
21567.0,AW00021567,Susan,Lee,M,M,2026-05-25
21568.0,AW00021568,Donald,Toalii,M,F,2026-02-18
21569.0,AW00021569,Kenneth,Carter,M,M,2026-01-30
21570.0,AW00021570,Aroha,Perez,S,F,2025-05-08
21571.0,AW00021571,Anthony,Lopez,S,F,2025-02-07
21572.0,AW00021572,Kimberly,Nelson,S,F,2026-03-12
21573.0,AW00021573,Lisa,Hall,S,M,2023-04-30
21574.0,AW00021574,Malia,Walker,M,M,2025-02-04
21575.0,AW00021575,Anthony,Allen,M,M,2025-04-28
21576.0,AW00021576,Betty,White,M,F,2025-03-14
21577.0,AW00021577,Joseph,Miller,S,M,2025-12-08
21578.0,AW00021578,Timothy,Thompson,M,M,2023-09-18
21579.0,AW00021579,Ashley,Kumar,M,M,2025-07-28
21580.0,AW00021580,Betty,Patel,M,F,2024-11-16
21581.0,AW00021581,Jessica,Thomas,M,M,2023-01-27
21582.0,AW00021582,Stephanie,Young,S,M,2024-11-18
21583.0,AW00021583,Sione,Johnson,S,M,2024-03-13
21584.0,AW00021584,Donald,Lee,M,F,2023-06-23
21585.0,AW00021585,Richard,Campbell,M,F,2024-07-22
21586.0,AW00021586,Rebecca,Lee,S,M,2023-06-11
21587.0,AW00021587,Richard,Jackson,M,F,2025-06-29
21588.0,AW00021588,Aroha,Lewis,S,M,2024-06-09
21589.0,AW00021589,Keziah,Anderson,M,M,2024-06-14
21590.0,AW00021590,Sione,Parker,S,F,2023-12-03
21591.0,AW00021591,Nancy,Anderson,M,M,2025-06-19
21592.0,AW00021592,Thomas,Thompson,S,M,2026-05-21
21593.0,AW00021593,Ashley,Brown,S,F,2025-05-06
21594.0,AW00021594,Elizabeth,Toalii,S,F,2024-12-01
21595.0,AW00021595,Jason,Lewis,M,M,2024-02-02
21596.0,AW00021596,Stephanie,King,M,F,2025-06-10
21597.0,AW00021597,Sarah,Jones,M,F,2025-09-17
21598.0,AW00021598,Mary,Ngata,M,F,2023-10-19
21599.0,AW00021599,John,Nime,M,F,2025-03-25
21600.0,AW00021600,Emily,Ngata,S,M,2025-01-15
21601.0,AW00021601,Kenneth,Miller,M,F,2023-07-02
21602.0,AW00021602,John,Hall,S,M,2023-03-15
21603.0,AW00021603,Lisa,Thomas,S,M,2026-04-03
21604.0,AW00021604,Carol,Nelson,M,M,2025-08-24
21605.0,AW00021605,Deborah,Anderson,S,M,2025-12-25
21606.0,AW00021606,Carol,Nelson,M,F,2025-12-08
21607.0,AW00021607,Michael,Green,S,F,2023-04-09
21608.0,AW00021608,James,Martin,M,M,2024-05-20
21609.0,AW00021609,Donna,Mitchell,S,F,2026-02-15
21610.0,AW00021610,Melissa,Thomas,M,M,2025-08-25
21611.0,AW00021611,Nancy,Smith,S,F,2025-02-04
21612.0,AW00021612,Mark,Anderson,M,M,2023-02-21
21613.0,AW00021613,Stephanie,Manu,S,F,2023-05-13
21614.0,AW00021614,Stephanie,King,M,M,2024-01-29
21615.0,AW00021615,Brian,White,M,F,2023-10-08
21616.0,AW00021616,Andrew,Johnson,M,F,2025-09-07
21617.0,AW00021617,Rebecca,Baker,S,F,2024-09-29
21618.0,AW00021618,Emily,Wright,M,F,2026-03-07
21619.0,AW00021619,Anthony,Hall,M,F,2026-02-16
21620.0,AW00021620,Linda,Kumar,M,F,2024-07-26
21621.0,AW00021621,Nancy,Hall,S,F,2025-08-15
21622.0,AW00021622,Mere,Perez,S,M,2024-11-12
21623.0,AW00021623,Lisa,Williams,M,F,2024-02-23
21624.0,AW00021624,Lisa,Jackson,M,M,2026-01-21
21625.0,AW00021625,Peter,Parker,S,F,2024-06-12
21626.0,AW00021626,Richard,Mitchell,S,F,2024-01-27
21627.0,AW00021627,Daniel,Walker,S,F,2024-03-18
21628.0,AW00021628,John,Ngata,M,M,2024-04-26
21629.0,AW00021629,Stephanie,Carter,S,M,2024-06-24
21630.0,AW00021630,Jessica,Ngata,M,F,2023-07-04
21631.0,AW00021631,Daniel,Green,S,F,2025-03-21
21632.0,AW00021632,Melissa,Taylor,S,F,2023-02-02
21633.0,AW00021633,Ronald,Toalii,S,M,2023-12-03
21634.0,AW00021634,Joshua,Smith,S,M,2024-12-27
21635.0,AW00021635,David,Brown,M,F,2023-09-13
21636.0,AW00021636,Aroha,Smith,S,F,2026-02-05
21637.0,AW00021637,Tane,Smith,M,M,2024-12-16
21638.0,AW00021638,Patricia,Thomas,M,M,2023-06-27
21639.0,AW00021639,Ashley,Martin,S,F,2023-04-07
21640.0,AW00021640,Betty,Kumar,S,F,2024-12-27
21641.0,AW00021641,Mark,Lee,S,F,2026-04-14
21642.0,AW00021642,Kimberly,Garcia,M,M,2023-12-02
21643.0,AW00021643,Kenneth,Lee,M,M,2025-09-12
21644.0,AW00021644,Emily,Martin,M,M,2026-05-27
21645.0,AW00021645,Timothy,Anderson,S,M,2023-07-07
21646.0,AW00021646,Emily,Moore,S,F,2023-11-29
21647.0,AW00021647,Carol,Hall,M,M,2023-11-30
21648.0,AW00021648,Malia,Martin,S,F,2025-05-23
21649.0,AW00021649,Michelle,Allen,S,F,2025-11-09
21650.0,AW00021650,Tane,Hall,M,F,2025-04-12
21651.0,AW00021651,Mark,Nime,M,M,2023-09-10
21652.0,AW00021652,Paul,Green,M,M,2025-11-12
21653.0,AW00021653,Thomas,Allen,M,F,2025-05-06
21654.0,AW00021654,William,Hall,S,M,2024-08-25
21655.0,AW00021655,Keziah,Miller,M,M,2025-07-19
21656.0,AW00021656,Tane,Lee,S,F,2023-06-21
21657.0,AW00021657,Kimberly,Wilson,S,M,2026-03-01
21658.0,AW00021658,Nancy,Manu,M,F,2023-10-02
21659.0,AW00021659,Stephanie,Johnson,S,M,2024-03-12
21660.0,AW00021660,Donna,Jackson,M,F,2026-01-21
21661.0,AW00021661,Peter,Thompson,M,F,2026-03-16
21662.0,AW00021662,Charles,Perez,S,F,2023-12-30
21663.0,AW00021663,Melissa,Thompson,S,M,2025-11-25
21664.0,AW00021664,Brian,Jackson,S,F,2024-06-28
21665.0,AW00021665,Anthony,Adams,S,F,2025-11-07
21666.0,AW00021666,Rebecca,Campbell,M,M,2025-07-11
21667.0,AW00021667,Betty,Smith,S,M,2023-11-22
21668.0,AW00021668,Brian,Carter,M,M,2025-01-19
21669.0,AW00021669,William,Lopez,S,M,2025-01-14
21670.0,AW00021670,Richard,Young,S,M,2023-08-07
21671.0,AW00021671,Karen,Smith,S,M,2025-01-30
21672.0,AW00021672,Sarah,Phillips,M,M,2025-02-05
21673.0,AW00021673,Kenneth,Ngata,M,M,2025-02-02
21674.0,AW00021674,Betty,Thompson,S,M,2025-04-27
21675.0,AW00021675,Keziah,Kumar,S,M,2023-12-26
21676.0,AW00021676,Malia,Wright,S,F,2023-12-07
21677.0,AW00021677,Barbara,Manu,M,F,2024-05-14
21678.0,AW00021678,William,Green,S,M,2024-10-28
21679.0,AW00021679,Ashley,Lewis,S,M,2023-11-01
21680.0,AW00021680,Andrew,Carter,M,M,2025-06-22
21681.0,AW00021681,Steven,Patel,M,F,2023-12-03
21682.0,AW00021682,Anthony,Lee,S,F,2023-05-15
21683.0,AW00021683,Sione,Lewis,M,F,2025-02-12
21684.0,AW00021684,Jennifer,Ngata,M,M,2025-07-10
21685.0,AW00021685,Rebecca,Nelson,S,M,2025-08-07
21686.0,AW00021686,Emily,Scott,S,M,2023-10-05
21687.0,AW00021687,Timothy,Phillips,S,F,2025-05-21
21688.0,AW00021688,Steven,Clark,M,M,2023-01-08
21689.0,AW00021689,James,Garcia,M,F,2024-11-12
21690.0,AW00021690,Matthew,Lewis,S,M,2025-10-30
21691.0,AW00021691,Steven,Roberts,S,F,2023-06-24
21692.0,AW00021692,Mary,Wright,M,F,2024-07-02
21693.0,AW00021693,Emily,Baker,M,M,2024-09-23
21694.0,AW00021694,Malia,Singh,M,M,2025-04-12
21695.0,AW00021695,Linda,Wright,M,M,2023-02-08
21696.0,AW00021696,Patricia,Hall,S,M,2024-01-04
21697.0,AW00021697,Michelle,Miller,M,M,2026-03-20
21698.0,AW00021698,John,Miller,M,F,2023-10-09
21699.0,AW00021699,Susan,Nime,M,M,2023-09-07
21700.0,AW00021700,Karen,Garcia,S,F,2023-02-15
21701.0,AW00021701,Peter,Nime,S,M,2023-12-10
21702.0,AW00021702,Richard,Nelson,M,M,2024-03-20
21703.0,AW00021703,Keziah,Jones,S,F,2023-05-24
21704.0,AW00021704,Karen,Miller,M,F,2024-06-15
21705.0,AW00021705,Elizabeth,Roberts,S,M,2023-03-25
21706.0,AW00021706,Michelle,Garcia,M,F,2024-08-26
21707.0,AW00021707,Mark,Thomas,S,F,2025-11-20
21708.0,AW00021708,Mark,Campbell,M,M,2026-01-22
21709.0,AW00021709,Karen,Carter,M,M,2024-01-13
21710.0,AW00021710,Susan,Nelson,S,F,2023-02-05
21711.0,AW00021711,Michael,Jones,M,F,2023-03-23
21712.0,AW00021712,Elizabeth,Young,S,F,2024-04-19
21713.0,AW00021713,Linda,Campbell,S,M,2024-07-30
21714.0,AW00021714,Paul,Lopez,M,M,2024-07-15
21715.0,AW00021715,Brian,Allen,M,F,2023-05-22
21716.0,AW00021716,Andrew,Walker,S,F,2024-04-30
21717.0,AW00021717,Daniel,Allen,S,F,2024-01-18
21718.0,AW00021718,Linda,Singh,S,F,2024-07-22
21719.0,AW00021719,Emily,Lopez,S,M,2025-06-05
21720.0,AW00021720,Elizabeth,Perez,M,F,2024-07-29
21721.0,AW00021721,Jennifer,Miller,M,F,2023-12-20
21722.0,AW00021722,Stephanie,Wilson,S,M,2023-01-09
21723.0,AW00021723,George,Ngata,M,M,2025-12-05
21724.0,AW00021724,Betty,Lee,M,M,2025-05-26
21725.0,AW00021725,Thomas,Lee,S,F,2023-05-14
21726.0,AW00021726,Rebecca,Thompson,M,M,2025-02-27
21727.0,AW00021727,Elizabeth,Wilson,S,M,2025-08-31
21728.0,AW00021728,Patricia,Taylor,M,M,2024-05-01
21729.0,AW00021729,Baraa,Taylor,M,M,2024-03-28
21730.0,AW00021730,James,Manu,S,M,2023-09-24
21731.0,AW00021731,Patricia,Singh,M,F,2024-11-28
21732.0,AW00021732,Kenneth,Ngata,S,M,2026-04-23
21733.0,AW00021733,James,Johnson,S,M,2024-01-28
21734.0,AW00021734,Michelle,Ngata,M,M,2025-06-15
21735.0,AW00021735,Andrew,Nime,S,M,2024-11-11
21736.0,AW00021736,Donald,Toalii,M,M,2024-03-07
21737.0,AW00021737,Melissa,Mitchell,M,F,2025-03-29
21738.0,AW00021738,Melissa,Nelson,S,F,2023-04-23
21739.0,AW00021739,Andrew,Green,M,F,2024-12-03
21740.0,AW00021740,Anthony,Singh,M,F,2025-08-07
21741.0,AW00021741,Peter,Hall,M,F,2025-10-11
21742.0,AW00021742,Kenneth,Lee,S,M,2026-04-01
21743.0,AW00021743,Donald,King,S,F,2024-01-30
21744.0,AW00021744,David,Singh,S,F,2025-10-19
21745.0,AW00021745,Andrew,Ngata,M,M,2025-05-28
21746.0,AW00021746,Keziah,Wilson,S,M,2024-04-18
21747.0,AW00021747,James,Phillips,S,M,2023-11-29
21748.0,AW00021748,Carol,Young,M,F,2023-04-04
21749.0,AW00021749,Kenneth,Campbell,S,M,2023-07-22
21750.0,AW00021750,Lisa,Martin,M,M,2024-11-09
21751.0,AW00021751,Donald,Lee,S,M,2024-10-09
21752.0,AW00021752,Emily,Green,S,M,2026-05-24
21753.0,AW00021753,Melissa,Thomas,M,M,2025-08-19
21754.0,AW00021754,Linda,Garcia,M,F,2025-04-20
21755.0,AW00021755,Rebecca,Walker,S,F,2023-03-15
21756.0,AW00021756,Stephanie,Johnson,M,F,2024-10-14
21757.0,AW00021757,Keziah,Mitchell,S,M,2026-03-24
21758.0,AW00021758,Mary,Lopez,S,F,2023-08-17
21759.0,AW00021759,Michael,Anderson,M,F,2025-06-26
21760.0,AW00021760,Aroha,Davis,M,M,2024-02-19
21761.0,AW00021761,James,White,M,M,2024-01-11
21762.0,AW00021762,Jessica,Hall,M,F,2024-11-17
21763.0,AW00021763,Lisa,Jones,S,M,2024-08-23
21764.0,AW00021764,Jessica,Brown,M,F,2024-05-01
21765.0,AW00021765,Malia,Williams,M,F,2023-11-24
21766.0,AW00021766,Patricia,Campbell,M,F,2023-03-08
21767.0,AW00021767,Thomas,Nelson,M,F,2024-12-26
21768.0,AW00021768,Emily,Kumar,M,M,2026-04-22
21769.0,AW00021769,Thomas,Martin,S,M,2024-07-23
21770.0,AW00021770,Steven,Lewis,S,F,2024-12-25
21771.0,AW00021771,Mark,Thomas,M,M,2025-04-16
21772.0,AW00021772,Michelle,Smith,M,F,2025-08-20
21773.0,AW00021773,Kimberly,Williams,S,M,2023-03-13
21774.0,AW00021774,Baraa,Williams,S,F,2023-01-03
21775.0,AW00021775,Mere,Young,M,M,2025-10-14
21776.0,AW00021776,Deborah,Moore,S,M,2026-02-01
21777.0,AW00021777,Richard,Moore,M,F,2025-02-14
21778.0,AW00021778,Kenneth,Thompson,S,M,2023-12-12
21779.0,AW00021779,Steven,Roberts,S,F,2023-09-11
21780.0,AW00021780,Linda,Singh,S,F,2023-06-22
21781.0,AW00021781,Sione,Perez,S,F,2025-04-05
21782.0,AW00021782,Betty,Adams,M,M,2023-09-27
21783.0,AW00021783,Charles,Smith,M,F,2023-12-07
21784.0,AW00021784,Kimberly,Brown,M,M,2023-07-19
21785.0,AW00021785,Carol,Williams,S,F,2023-09-03
21786.0,AW00021786,Peter,Nelson,M,F,2023-08-03
21787.0,AW00021787,Ronald,Phillips,S,M,2024-12-06
21788.0,AW00021788,Carol,Brown,S,M,2023-06-06
21789.0,AW00021789,James,Garcia,M,M,2024-10-30
21790.0,AW00021790,Carol,Martin,S,F,2023-05-20
21791.0,AW00021791,Kimberly,Davis,S,F,2025-12-09
21792.0,AW00021792,Charles,Parker,M,F,2025-07-26
21793.0,AW00021793,Elizabeth,Roberts,M,M,2024-02-08
21794.0,AW00021794,Timothy,Allen,M,F,2023-12-05
21795.0,AW00021795,Deborah,Brown,S,F,2024-09-19
21796.0,AW00021796,Elizabeth,Lopez,S,M,2024-03-25
21797.0,AW00021797,Jessica,Allen,S,M,2025-11-26
21798.0,AW00021798,Tane,Wilson,S,M,2023-12-04
21799.0,AW00021799,Lisa,Johnson,S,M,2023-06-27
21800.0,AW00021800,Robert,Hall,S,M,2023-10-28
21801.0,AW00021801,David,Ngata,S,M,2024-11-03
21802.0,AW00021802,Joshua,Singh,M,M,2023-03-23
21803.0,AW00021803,Linda,Wright,M,M,2023-04-25
21804.0,AW00021804,Richard,Miller,S,M,2023-05-26
21805.0,AW00021805,Brian,Perez,S,F,2025-12-15
21806.0,AW00021806,Carol,Baker,M,M,2026-04-12
21807.0,AW00021807,Joseph,Nime,S,F,2024-04-10
21808.0,AW00021808,Amanda,Patel,M,M,2023-07-28
21809.0,AW00021809,Melissa,Lee,M,F,2025-09-14
21810.0,AW00021810,Patricia,Garcia,M,F,2023-08-15
21811.0,AW00021811,Barbara,Perez,M,F,2025-06-16
21812.0,AW00021812,Keziah,Hall,S,M,2023-05-31
21813.0,AW00021813,Rebecca,Davis,M,F,2023-08-03
21814.0,AW00021814,Susan,Parker,S,M,2023-07-07
21815.0,AW00021815,Michelle,Manu,M,F,2024-01-14
21816.0,AW00021816,David,Hall,S,M,2023-03-26
21817.0,AW00021817,Deborah,Lee,S,M,2026-02-17
21818.0,AW00021818,Unknown,Nelson,S,M,2024-10-21
21819.0,AW00021819,Joshua,Clark,M,F,2026-02-11
21820.0,AW00021820,John,Young,M,F,2026-01-21
21821.0,AW00021821,Karen,Mitchell,S,M,2025-01-14
21822.0,AW00021822,Joshua,White,S,M,2025-02-06
21823.0,AW00021823,Sandra,Nelson,S,M,2025-04-07
21824.0,AW00021824,Ashley,Thompson,S,M,2024-05-01
21825.0,AW00021825,Jessica,Thompson,M,M,2025-10-15
21826.0,AW00021826,Susan,Nelson,M,F,2026-05-19
21827.0,AW00021827,Jennifer,Hall,M,M,2025-02-27
21828.0,AW00021828,Robert,Johnson,S,F,2025-02-01
21829.0,AW00021829,Betty,Parker,M,F,2023-05-21
21830.0,AW00021830,Mary,Mitchell,S,M,2025-05-08
21831.0,AW00021831,James,Adams,M,M,2023-10-24
21832.0,AW00021832,Baraa,Singh,S,M,2024-02-29
21833.0,AW00021833,Michelle,Toalii,M,M,2024-01-12
21834.0,AW00021834,Peter,Jones,M,F,2024-08-18
21835.0,AW00021835,Baraa,Brown,M,M,2023-04-10
21836.0,AW00021836,Betty,Clark,S,M,2025-01-22
21837.0,AW00021837,Elizabeth,Wilson,M,M,2025-04-05
21838.0,AW00021838,Jennifer,Carter,S,M,2023-06-11
21839.0,AW00021839,Lisa,Singh,M,F,2023-03-07
21840.0,AW00021840,Michelle,Mitchell,M,M,2024-06-24
21841.0,AW00021841,Amanda,Martin,S,M,2024-04-09
21842.0,AW00021842,Brian,Wilson,S,M,2024-04-02
21843.0,AW00021843,Sarah,Taylor,S,M,2023-08-14
21844.0,AW00021844,Jason,Thomas,S,M,2025-08-15
21845.0,AW00021845,Andrew,Baker,M,M,2024-08-16
21846.0,AW00021846,Robert,Lee,S,M,2024-02-27
21847.0,AW00021847,Daniel,Baker,S,M,2024-07-13
21848.0,AW00021848,Emily,Toalii,S,M,2024-02-11
21849.0,AW00021849,Sandra,Baker,S,M,2023-08-23
21850.0,AW00021850,Peter,Manu,M,F,2023-10-19
21851.0,AW00021851,Deborah,Anderson,S,F,2025-11-15
21852.0,AW00021852,Melissa,Brown,M,M,2025-08-24
21853.0,AW00021853,Malia,Jackson,S,M,2023-01-08
21854.0,AW00021854,Michelle,Jackson,S,M,2023-01-17
21855.0,AW00021855,Michael,Clark,S,F,2023-10-04
21856.0,AW00021856,Amanda,Carter,M,F,2024-02-22
21857.0,AW00021857,Carol,Thomas,S,F,2025-04-19
21858.0,AW00021858,Daniel,Mitchell,M,M,2026-04-29
21859.0,AW00021859,Anthony,Parker,M,M,2025-12-14
21860.0,AW00021860,Jessica,Parker,M,F,2026-02-12
21861.0,AW00021861,Joshua,Jones,M,F,2026-05-14
21862.0,AW00021862,Jason,Miller,S,F,2023-11-11
21863.0,AW00021863,Keziah,Ngata,M,M,2025-05-30
21864.0,AW00021864,Mere,Patel,M,M,2026-03-01
21865.0,AW00021865,Richard,Perez,S,M,2023-10-17
21866.0,AW00021866,Keziah,Taylor,S,F,2023-01-16
21867.0,AW00021867,Brian,Nelson,M,F,2024-02-06
21868.0,AW00021868,Baraa,Scott,M,F,2025-05-26
21869.0,AW00021869,Paul,Parker,M,M,2023-11-21
21870.0,AW00021870,Amanda,Baker,M,F,2023-07-22
21871.0,AW00021871,Mark,Thomas,M,M,2024-05-25
21872.0,AW00021872,Nancy,Taylor,S,M,2023-11-11
21873.0,AW00021873,Michael,Lopez,M,F,2025-05-27
21874.0,AW00021874,Betty,Manu,S,F,2025-07-06
21875.0,AW00021875,Robert,Wright,S,F,2023-01-26
21876.0,AW00021876,Thomas,Johnson,M,F,2025-10-30
21877.0,AW00021877,Mere,Davis,S,M,2025-04-29
21878.0,AW00021878,Sione,Singh,S,F,2025-09-10
21879.0,AW00021879,Andrew,Phillips,S,M,2024-02-13
21880.0,AW00021880,Brian,Thompson,S,M,2025-02-22
21881.0,AW00021881,Betty,Johnson,M,M,2023-07-08
21882.0,AW00021882,Joshua,Roberts,S,F,2026-03-25
21883.0,AW00021883,Jason,White,M,M,2023-02-11
21884.0,AW00021884,Linda,White,M,M,2023-01-25
21885.0,AW00021885,David,Patel,M,F,2026-05-26
21886.0,AW00021886,Carol,Baker,S,F,2023-03-07
21887.0,AW00021887,Patricia,Ngata,S,F,2025-04-12
21888.0,AW00021888,Sandra,Smith,M,M,2024-08-04
21889.0,AW00021889,Nancy,Turner,S,F,2024-02-28
21890.0,AW00021890,Timothy,Clark,S,M,2026-01-01
21891.0,AW00021891,Andrew,Allen,S,F,2025-09-22
21892.0,AW00021892,Barbara,Wilson,S,M,2024-06-22
21893.0,AW00021893,Andrew,Anderson,S,M,2025-12-23
21894.0,AW00021894,Barbara,Lewis,S,F,2023-01-19
21895.0,AW00021895,Linda,Jackson,M,M,2026-01-15
21896.0,AW00021896,Michael,Wright,S,F,2024-06-07
21897.0,AW00021897,Joseph,Davis,S,M,2023-07-04
21898.0,AW00021898,Matthew,Singh,M,M,2024-12-11
21899.0,AW00021899,Carol,Manu,M,M,2024-02-14
21900.0,AW00021900,Linda,Manu,M,M,2025-07-02
21901.0,AW00021901,Brian,Lopez,M,M,2025-12-29
21902.0,AW00021902,Betty,Nelson,M,M,2024-09-25
21903.0,AW00021903,Michael,Wright,S,M,2023-08-21
21904.0,AW00021904,Richard,Perez,M,F,2025-03-29
21905.0,AW00021905,Betty,Lee,S,M,2025-05-07
21906.0,AW00021906,Mere,Taylor,M,M,2024-02-04
21907.0,AW00021907,Rebecca,Perez,M,F,2024-12-09
21908.0,AW00021908,Matthew,Martin,S,M,2026-01-06
21909.0,AW00021909,Kimberly,Kumar,M,M,2026-03-01
21910.0,AW00021910,James,Perez,S,M,2025-09-15
,AW00021911,Daniel,Roberts,S,M,2025-08-19
21912.0,AW00021912,Jason,Roberts,M,M,2024-05-12
21913.0,AW00021913,Michelle,Moore,M,M,2024-02-19
21914.0,AW00021914,Malia,Johnson,S,M,2025-09-30
21915.0,AW00021915,Charles,Jones,S,M,2025-10-10
21916.0,AW00021916,Timothy,Allen,M,M,2023-10-26
21917.0,AW00021917,Donna,Lee,M,F,2024-08-27
21918.0,AW00021918,David,Thompson,M,M,2024-06-27
21919.0,AW00021919,Timothy,Jackson,M,M,2024-01-10
21920.0,AW00021920,Peter,Lee,M,F,2025-08-02
21921.0,AW00021921,Kenneth,Baker,M,M,2024-02-20
21922.0,AW00021922,David,Smith,S,F,2023-09-02
21923.0,AW00021923,Carol,Lewis,S,M,2025-10-22
21924.0,AW00021924,Emily,Wilson,S,M,2023-10-20
21925.0,AW00021925,Thomas,Clark,S,F,2023-05-03
21926.0,AW00021926,Ashley,Jackson,M,F,2023-09-15
21927.0,AW00021927,Donna,White,M,F,2023-07-25
21928.0,AW00021928,Richard,Walker,M,M,2024-05-19
21929.0,AW00021929,Nancy,Singh,S,M,2023-06-05
21930.0,AW00021930,James,Taylor,S,M,2025-07-31
21931.0,AW00021931,Michael,Ngata,S,M,2025-01-08
21932.0,AW00021932,Mark,Phillips,S,F,2026-04-27
21933.0,AW00021933,Michelle,Taylor,S,M,2026-01-04
21934.0,AW00021934,Joseph,Adams,M,M,2024-12-27
21935.0,AW00021935,Kenneth,Roberts,M,M,2024-04-22
21936.0,AW00021936,Melissa,Young,M,M,2023-09-03
21937.0,AW00021937,Sione,Jackson,M,F,2025-03-28
21938.0,AW00021938,Jessica,Anderson,M,M,2024-06-13
21939.0,AW00021939,Richard,Jones,S,M,2024-02-08
21940.0,AW00021940,Keziah,Jones,S,F,2024-05-27
21941.0,AW00021941,Amanda,Carter,M,F,2023-03-30
21942.0,AW00021942,Sandra,Walker,S,F,2025-01-31
21943.0,AW00021943,Michael,Jones,S,M,2025-07-07
21944.0,AW00021944,Daniel,Singh,M,F,2024-09-11
21945.0,AW00021945,Joshua,Thompson,S,M,2024-03-11
21946.0,AW00021946,Robert,Toalii,S,F,2023-12-07
21947.0,AW00021947,Ashley,Thompson,M,F,2025-12-29
21948.0,AW00021948,Barbara,Toalii,M,F,2024-10-06
21949.0,AW00021949,Sandra,Campbell,M,M,2025-02-15
21950.0,AW00021950,Sandra,Kumar,S,M,2023-06-23
21951.0,AW00021951,Malia,Martin,M,M,2024-09-26
21952.0,AW00021952,Amanda,Turner,S,M,2023-12-11
21953.0,AW00021953,Amanda,Roberts,S,F,2023-08-05
21954.0,AW00021954,Deborah,Moore,S,M,2026-01-16
21955.0,AW00021955,George,White,M,M,2025-09-30
21956.0,AW00021956,Stephanie,Moore,M,M,2025-11-24
21957.0,AW00021957,Ronald,Patel,M,F,2025-10-19
21958.0,AW00021958,Steven,Adams,S,F,2026-03-13
21959.0,AW00021959,John,Mitchell,M,M,2024-08-02
21960.0,AW00021960,Mark,Manu,S,M,2024-08-21
21961.0,AW00021961,William,Lopez,M,F,2025-02-08
21962.0,AW00021962,George,Lewis,M,M,2026-05-01
21963.0,AW00021963,Mere,Thompson,S,F,2025-04-04
21964.0,AW00021964,Daniel,Adams,M,F,2026-02-28
21965.0,AW00021965,Anthony,Clark,S,F,2025-05-21
21966.0,AW00021966,Elizabeth,Mitchell,S,F,2023-05-17
21967.0,AW00021967,Anthony,Martin,S,F,2026-03-26
21968.0,AW00021968,Aroha,Lee,S,F,2025-01-03
21969.0,AW00021969,Sandra,Lee,M,F,2025-07-25
21970.0,AW00021970,Stephanie,Carter,M,F,2023-04-13
21971.0,AW00021971,Matthew,Moore,M,F,2023-12-16
21972.0,AW00021972,Steven,Lee,S,F,2025-02-06
21973.0,AW00021973,Andrew,Walker,M,F,2025-07-30
21974.0,AW00021974,Aroha,Manu,M,M,2026-02-26
21975.0,AW00021975,Michael,Campbell,S,F,2024-02-22
21976.0,AW00021976,Anthony,Phillips,S,F,2025-03-31
21977.0,AW00021977,Lisa,Nime,M,F,2026-01-04
21978.0,AW00021978,Ashley,Wright,M,F,2025-05-22
21979.0,AW00021979,Peter,Miller,M,M,2025-01-21
21980.0,AW00021980,Charles,Parker,S,M,2024-01-03
21981.0,AW00021981,Keziah,Clark,S,M,2025-07-09
21982.0,AW00021982,Lisa,Kumar,S,F,2024-06-27
21983.0,AW00021983,Keziah,Smith,S,F,2026-02-13
21984.0,AW00021984,Paul,Thompson,S,M,2025-08-30
21985.0,AW00021985,Mary,Mitchell,S,M,2024-09-07
21986.0,AW00021986,Elizabeth,Green,M,M,2024-06-19
21987.0,AW00021987,Paul,Kumar,S,F,2026-04-20
21988.0,AW00021988,Amanda,Thompson,S,F,2024-08-31
21989.0,AW00021989,William,Brown,S,M,2023-09-10
21990.0,AW00021990,Mere,Baker,M,M,2025-01-26
21991.0,AW00021991,Sarah,Anderson,S,M,2023-10-18
21992.0,AW00021992,Robert,Miller,S,M,2023-07-29
21993.0,AW00021993,Ronald,Brown,M,M,2024-09-22
21994.0,AW00021994,Mere,Taylor,S,M,2025-10-30
21995.0,AW00021995,Brian,Scott,S,M,2023-08-04
21996.0,AW00021996,William,Parker,S,F,2025-02-06
21997.0,AW00021997,Melissa,Mitchell,M,M,2026-04-13
21998.0,AW00021998,Ronald,Campbell,S,F,2023-04-03
21999.0,AW00021999,Michael,White,S,F,2024-07-18
22000.0,AW00022000,Robert,Allen,M,M,2025-06-25
22001.0,AW00022001,Jennifer,Smith,S,M,2026-04-22
22002.0,AW00022002,Michelle,Young,S,F,2023-04-19
22003.0,AW00022003,Rebecca,Adams,S,M,2023-04-01
22004.0,AW00022004,Melissa,Allen,M,M,2025-04-08
22005.0,AW00022005,Barbara,Lewis,S,M,2024-06-27
22006.0,AW00022006,Richard,Ngata,M,M,2024-01-11
22007.0,AW00022007,Ronald,Johnson,M,M,2023-01-01
22008.0,AW00022008,Ashley,Walker,S,M,2025-06-13
22009.0,AW00022009,Patricia,Baker,S,M,2024-04-06
22010.0,AW00022010,Elizabeth,Scott,S,M,2024-11-01
22011.0,AW00022011,Malia,Perez,M,M,2026-03-17
22012.0,AW00022012,Mark,Lewis,M,F,2024-02-01
22013.0,AW00022013,Betty,Thompson,S,M,2025-10-24
22014.0,AW00022014,Joshua,Lopez,S,M,2025-03-24
22015.0,AW00022015,Melissa,Lee,M,F,2025-08-09
22016.0,AW00022016,Michael,Martin,S,M,2025-06-02
22017.0,AW00022017,Aroha,Clark,M,F,2025-09-21
22018.0,AW00022018,Kenneth,Young,M,F,2023-03-16
22019.0,AW00022019,Tane,Adams,S,M,2026-04-16
22020.0,AW00022020,Baraa,White,S,F,2025-05-07
22021.0,AW00022021,Linda,Roberts,S,F,2026-02-20
22022.0,AW00022022,Lisa,Mitchell,M,M,2025-03-27
22023.0,AW00022023,Kimberly,Toalii,M,M,2023-11-13
22024.0,AW00022024,David,Williams,S,M,2026-04-04
22025.0,AW00022025,Anthony,Anderson,M,M,2026-01-25
22026.0,AW00022026,Nancy,Thomas,S,M,2025-09-20
22027.0,AW00022027,David,Anderson,M,M,2025-02-22
22028.0,AW00022028,George,Hall,S,M,2025-09-22
22029.0,AW00022029,Brian,Campbell,M,M,2025-06-14
22030.0,AW00022030,Ronald,Young,S,F,2024-01-03
22031.0,AW00022031,Peter,Toalii,M,F,2024-12-05
22032.0,AW00022032,Sione,Taylor,M,M,2023-02-25
22033.0,AW00022033,Michael,Walker,S,F,2024-11-14
22034.0,AW00022034,Timothy,King,M,M,2026-02-10
22035.0,AW00022035,Susan,Garcia,M,M,2024-12-29
22036.0,AW00022036,Sandra,Clark,M,F,2023-05-04
22037.0,AW00022037,Matthew,Adams,M,M,2023-09-26
22038.0,AW00022038,Melissa,King,S,M,2026-03-06
22039.0,AW00022039,Timothy,Kumar,M,F,2023-11-09
22040.0,AW00022040,Sione,Carter,S,F,2023-10-07
22041.0,AW00022041,David,Young,M,M,2026-05-08
22042.0,AW00022042,Stephanie,Singh,M,M,2026-03-05
22043.0,AW00022043,Thomas,Anderson,S,F,2025-09-11
22044.0,AW00022044,Susan,White,S,F,2024-04-28
22045.0,AW00022045,Joshua,Turner,M,F,2026-04-01
22046.0,AW00022046,Tane,Perez,S,F,2023-12-23
22047.0,AW00022047,Karen,Thomas,M,M,2024-06-13
22048.0,AW00022048,Susan,Wright,M,F,2026-05-12
22049.0,AW00022049,Peter,Nelson,S,M,2024-10-08
22050.0,AW00022050,Nancy,Adams,S,M,2025-04-27
22051.0,AW00022051,Sandra,Allen,M,M,2023-10-07
22052.0,AW00022052,Amanda,Martin,M,F,2023-03-24
22053.0,AW00022053,Andrew,Phillips,S,F,2025-12-22
22054.0,AW00022054,Amanda,Moore,S,M,2025-06-13
22055.0,AW00022055,Thomas,Turner,S,M,2025-02-22
22056.0,AW00022056,Deborah,Moore,M,F,2023-08-27
22057.0,AW00022057,Mary,Smith,S,M,2024-09-23
22058.0,AW00022058,Robert,Kumar,M,F,2023-09-05
22059.0,AW00022059,Betty,Smith,M,F,2024-01-09
22060.0,AW00022060,Jason,Martin,M,M,2026-03-12
22061.0,AW00022061,Deborah,Patel,M,M,2024-07-23
22062.0,AW00022062,Peter,Clark,M,M,2025-11-04
22063.0,AW00022063,Rebecca,Lopez,M,F,2025-02-13
22064.0,AW00022064,Matthew,King,M,F,2024-11-18
22065.0,AW00022065,Deborah,Lopez,M,M,2024-10-30
22066.0,AW00022066,Andrew,Nelson,S,F,2025-12-09
22067.0,AW00022067,Anthony,Parker,M,F,2023-07-07
22068.0,AW00022068,John,Davis,S,F,2023-08-18
22069.0,AW00022069,Nancy,Nime,S,M,2024-11-15
22070.0,AW00022070,Mere,Miller,M,M,2023-09-27
22071.0,AW00022071,Paul,Nime,M,M,2023-01-15
22072.0,AW00022072,Thomas,Lee,S,F,2023-10-09
22073.0,AW00022073,Rebecca,Anderson,M,M,2025-10-08
22074.0,AW00022074,Joseph,Lopez,S,M,2024-06-18
22075.0,AW00022075,Nancy,Patel,S,F,2023-03-12
22076.0,AW00022076,Donna,Scott,M,M,2025-03-12
22077.0,AW00022077,Baraa,White,M,F,2025-04-09
22078.0,AW00022078,Amanda,Baker,S,F,2025-10-17
22079.0,AW00022079,Melissa,Nime,S,F,2025-11-04
22080.0,AW00022080,Linda,White,M,F,2025-06-30
22081.0,AW00022081,Karen,Williams,Unknown,M,2024-10-30
22082.0,AW00022082,Carol,Brown,S,F,2023-09-28
22083.0,AW00022083,Sione,Manu,S,M,2024-01-18
22084.0,AW00022084,John,Johnson,M,F,2025-07-23
22085.0,AW00022085,Melissa,Allen,M,M,2024-04-11
22086.0,AW00022086,Paul,Wright,S,F,2024-01-20
22087.0,AW00022087,Peter,Miller,S,M,2024-11-13
22088.0,AW00022088,Emily,King,M,M,2023-10-12
22089.0,AW00022089,Brian,Miller,M,F,2026-03-01
22090.0,AW00022090,Elizabeth,Mitchell,M,M,2024-07-02
22091.0,AW00022091,Charles,Lee,S,M,2026-01-02
22092.0,AW00022092,Susan,Young,M,M,2024-12-28
22093.0,AW00022093,Sandra,Lee,M,M,2023-04-24
22094.0,AW00022094,Peter,Mitchell,S,M,2026-03-16
22095.0,AW00022095,Stephanie,Green,M,M,2024-07-24
22096.0,AW00022096,Sione,Smith,M,F,2023-02-23
22097.0,AW00022097,Deborah,Singh,M,F,2023-09-22
22098.0,AW00022098,Aroha,Green,S,M,2024-02-27
22099.0,AW00022099,Kimberly,Nime,M,F,2026-05-05
22100.0,AW00022100,Matthew,Brown,M,M,2026-04-19
22101.0,AW00022101,Timothy,Baker,S,M,2025-07-01
22102.0,AW00022102,Melissa,Roberts,M,F,2023-09-17
22103.0,AW00022103,Donna,Carter,M,F,2023-04-09
22104.0,AW00022104,Robert,Turner,M,F,2023-10-18
22105.0,AW00022105,Robert,Wright,M,F,2024-11-27
22106.0,AW00022106,Aroha,Williams,M,M,2023-05-23
22107.0,AW00022107,Anthony,Mitchell,S,F,2023-11-07
22108.0,AW00022108,Mark,Allen,S,M,2023-09-19
22109.0,AW00022109,David,Taylor,M,M,2024-07-16
22110.0,AW00022110,David,Anderson,M,M,2023-11-20
22111.0,AW00022111,Kimberly,Jackson,M,F,2023-04-04
22112.0,AW00022112,Kimberly,Wilson,M,F,2026-04-16
22113.0,AW00022113,Jennifer,Parker,M,M,2024-03-19
22114.0,AW00022114,Timothy,Scott,S,F,2023-11-22
22115.0,AW00022115,Elizabeth,Toalii,M,F,2023-03-06
22116.0,AW00022116,Michael,Thomas,M,F,2023-10-19
22117.0,AW00022117,James,Nime,S,F,2023-07-16
22118.0,AW00022118,David,Jackson,M,F,2025-09-09
22119.0,AW00022119,Patricia,White,M,M,2024-02-13
22120.0,AW00022120,Amanda,Nime,S,M,2025-07-30
22121.0,AW00022121,Kimberly,Brown,S,M,2023-09-06
22122.0,AW00022122,Karen,Patel,S,M,2026-02-07
22123.0,AW00022123,Jessica,Parker,S,M,2026-02-17
22124.0,AW00022124,Deborah,Davis,M,M,2025-04-27
22125.0,AW00022125,William,Smith,M,M,2023-12-20
22126.0,AW00022126,Peter,White,S,F,2025-02-23
22127.0,AW00022127,Jennifer,King,M,F,2025-03-21
22128.0,AW00022128,Patricia,Taylor,M,F,2023-03-10
22129.0,AW00022129,Nancy,Martin,M,M,2026-05-01
22130.0,AW00022130,Sandra,Perez,M,M,2023-05-07
22131.0,AW00022131,Carol,Mitchell,S,M,2025-01-09
22132.0,AW00022132,Deborah,Allen,S,M,2023-06-20
22133.0,AW00022133,Robert,Kumar,M,M,2024-06-19
22134.0,AW00022134,Aroha,Johnson,S,F,2025-03-17
22135.0,AW00022135,Linda,Young,S,F,2025-09-26
22136.0,AW00022136,Rebecca,Hall,M,F,2025-05-20
22137.0,AW00022137,Donald,Williams,M,M,2025-06-08
22138.0,AW00022138,Michael,Campbell,S,F,2026-05-27
22139.0,AW00022139,Betty,Lee,M,M,2025-10-02
22140.0,AW00022140,Aroha,Thompson,M,M,2025-11-05
22141.0,AW00022141,Sarah,Jones,S,M,2024-08-18
22142.0,AW00022142,Lisa,Johnson,M,M,2025-05-02
22143.0,AW00022143,Sarah,Young,M,F,2026-05-08
22144.0,AW00022144,Charles,Kumar,S,M,2024-01-05
22145.0,AW00022145,Linda,Williams,M,M,2024-02-05
22146.0,AW00022146,Michael,Lopez,M,F,2026-05-11
22147.0,AW00022147,Deborah,Perez,M,F,2023-06-29
22148.0,AW00022148,Barbara,King,M,F,2023-07-04
22149.0,AW00022149,Jason,Turner,M,F,2023-11-30
22150.0,AW00022150,Nancy,Moore,S,M,2023-08-30
22151.0,AW00022151,John,Hall,M,F,2025-11-04
22152.0,AW00022152,Donald,Adams,M,F,2023-02-19
22153.0,AW00022153,Susan,Thomas,S,M,2024-12-26
22154.0,AW00022154,Peter,Thompson,M,M,2023-09-02
22155.0,AW00022155,Tane,Clark,S,M,2023-09-08
22156.0,AW00022156,Jason,Baker,M,M,2025-07-24
22157.0,AW00022157,Deborah,Turner,S,M,2024-08-24
22158.0,AW00022158,Rebecca,Singh,S,M,2024-12-25
22159.0,AW00022159,Emily,King,S,M,2026-04-08
22160.0,AW00022160,Amanda,Lee,M,M,2026-04-01
22161.0,AW00022161,Sarah,King,S,F,2023-06-28
22162.0,AW00022162,Jennifer,Phillips,S,M,2024-03-11
22163.0,AW00022163,Amanda,Kumar,S,F,2025-09-04
22164.0,AW00022164,,Smith,S,M,2025-02-21
22165.0,AW00022165,Lisa,Smith,M,F,2024-01-04
22166.0,AW00022166,Mary,Parker,S,M,2025-10-05
22167.0,AW00022167,George,White,M,F,2025-09-15
22168.0,AW00022168,Barbara,Nelson,M,F,2024-04-27
22169.0,AW00022169,Keziah,Roberts,S,M,2024-02-06
22170.0,AW00022170,Elizabeth,Lewis,M,M,2026-04-16
22171.0,AW00022171,Steven,Turner,M,F,2026-03-04
22172.0,AW00022172,Andrew,Turner,S,F,2025-03-14
22173.0,AW00022173,Joseph,Davis,M,F,2024-01-21
22174.0,AW00022174,George,Miller,M,M,2023-08-02
22175.0,AW00022175,Michael,Martin,M,M,2024-11-09
22176.0,AW00022176,Linda,King,S,M,2025-09-18
22177.0,AW00022177,Anthony,Phillips,S,F,2025-08-17
22178.0,AW00022178,Joshua,Scott,M,F,2023-10-11
22179.0,AW00022179,Nancy,King,S,F,2026-03-26
22180.0,AW00022180,Elizabeth,Wilson,S,F,2023-08-16
22181.0,AW00022181,Jessica,Wright,S,F,2024-02-27
22182.0,AW00022182,Lisa,Singh,M,M,2026-04-19
22183.0,AW00022183,Ronald,Smith,S,M,2024-05-05
22184.0,AW00022184,Deborah,Phillips,M,M,2025-01-25
22185.0,AW00022185,Kenneth,Moore,S,M,2024-07-26
22186.0,AW00022186,Ronald,Toalii,M,F,2024-06-01
22187.0,AW00022187,Deborah,Moore,S,F,2025-10-26
22188.0,AW00022188,Richard,Martin,M,F,2023-08-30
22189.0,AW00022189,Joshua,Miller,M,M,2026-03-16
22190.0,AW00022190,David,Green,S,M,2024-06-25
22191.0,AW00022191,Amanda,Moore,M,M,2024-08-30
22192.0,AW00022192,David,King,M,F,2023-10-14
22193.0,AW00022193,Patricia,Davis,S,F,2024-10-08
22194.0,AW00022194,Michelle,Thomas,M,M,2023-08-15
22195.0,AW00022195,Patricia,Martin,S,M,2024-01-04
22196.0,AW00022196,Joseph,Nelson,M,M,2023-04-25
22197.0,AW00022197,David,Green,M,M,2024-01-12
22198.0,AW00022198,Sione,Carter,S,F,2026-03-10
22199.0,AW00022199,Sarah,Nelson,S,F,2026-01-23
22200.0,AW00022200,Patricia,White,S,M,2024-02-06
22201.0,AW00022201,Stephanie,Wright,S,F,2024-09-17
22202.0,AW00022202,Mary,Kumar,S,F,2023-05-24
22203.0,AW00022203,Donald,Garcia,S,M,2023-10-28
22204.0,AW00022204,David,Nime,S,F,2024-01-05
22205.0,AW00022205,Melissa,Mitchell,S,F,2025-09-25
22206.0,AW00022206,Jason,Nelson,S,F,2024-09-30
22207.0,AW00022207,George,Wilson,M,F,2025-04-17
22208.0,AW00022208,Michael,Taylor,S,M,2024-05-06
22209.0,AW00022209,William,Nime,M,F,2024-04-23
22210.0,AW00022210,Michael,White,S,M,2024-10-27
22211.0,AW00022211,Emily,Turner,S,M,2025-02-09
22212.0,AW00022212,Donald,Kumar,S,M,2023-01-09
22213.0,AW00022213,Donna,Green,M,M,2023-10-15
22214.0,AW00022214,Stephanie,Phillips,M,F,2025-07-30
22215.0,AW00022215,Deborah,Walker,M,M,2023-09-16
22216.0,AW00022216,Baraa,Roberts,M,M,2024-02-22
22217.0,AW00022217,Daniel,Lee,M,F,2025-12-17
22218.0,AW00022218,Charles,Thomas,M,F,2024-07-06
22219.0,AW00022219,Amanda,Manu,S,M,2023-06-04
22220.0,AW00022220,Barbara,Nime,S,F,2023-08-04
22221.0,AW00022221,Steven,Thompson,S,F,2023-08-15
22222.0,AW00022222,James,Mitchell,M,F,2023-10-19
22223.0,AW00022223,Barbara,Kumar,S,F,2023-09-16
22224.0,AW00022224,Mary,Thomas,M,F,2024-10-09
22225.0,AW00022225,Michelle,Moore,M,M,2024-04-03
22226.0,AW00022226,Malia,Scott,S,M,2023-02-12
22227.0,AW00022227,Mere,Walker,S,F,2023-10-06
22228.0,AW00022228,Karen,King,S,F,2023-08-27
22229.0,AW00022229,Daniel,Nelson,M,M,2024-04-09
22230.0,AW00022230,Nancy,Singh,M,M,2025-01-06
22231.0,AW00022231,Ashley,Toalii,M,F,2024-11-28
22232.0,AW00022232,Thomas,Lewis,M,M,2025-10-25
22233.0,AW00022233,Timothy,Lee,M,F,2024-01-14
22234.0,AW00022234,Sandra,Thompson,S,M,2025-01-06
22235.0,AW00022235,Richard,Smith,S,F,2024-09-10
22236.0,AW00022236,Tane,Johnson,S,M,2025-11-27
22237.0,AW00022237,Carol,Lewis,M,M,2023-01-14
22238.0,AW00022238,Joshua,Patel,S,M,2024-07-16
22239.0,AW00022239,Aroha,Moore,S,F,2025-09-04
22240.0,AW00022240,Mary,Young,S,F,2026-04-21
22241.0,AW00022241,Jason,Mitchell,S,M,2026-02-19
22242.0,AW00022242,Charles,Hall,M,F,2023-07-22
22243.0,AW00022243,Jason,White,M,M,2025-06-15
22244.0,AW00022244,Jessica,Allen,S,M,2024-02-01
22245.0,AW00022245,Ronald,Miller,M,M,2024-09-15
22246.0,AW00022246,Joseph,Thomas,S,F,2023-05-13
22247.0,AW00022247,Linda,Patel,S,M,2023-12-25
22248.0,AW00022248,Melissa,Phillips,M,F,2024-02-25
22249.0,AW00022249,Sandra,Manu,M,M,2023-08-01
22250.0,AW00022250,Donna,Adams,S,F,2024-06-29
22251.0,AW00022251,Elizabeth,Green,S,M,2026-03-16
22252.0,AW00022252,Mary,Wilson,S,M,2024-12-28
22253.0,AW00022253,Ashley,Lee,M,F,2026-05-16
22254.0,AW00022254,Donald,Carter,S,F,2023-11-02
22255.0,AW00022255,Emily,Jackson,S,M,2024-09-29
22256.0,AW00022256,Lisa,Williams,M,F,2025-06-20
22257.0,AW00022257,David,Martin,M,M,2024-05-31
22258.0,AW00022258,Keziah,Adams,M,M,2023-10-26
22259.0,AW00022259,Donald,Walker,S,M,2023-03-05
22260.0,AW00022260,Nancy,Turner,Unknown,M,2023-09-21
22261.0,AW00022261,Jessica,Adams,S,M,2024-06-18
22262.0,AW00022262,William,Lewis,S,F,2023-02-24
22263.0,AW00022263,Stephanie,Hall,S,M,2024-08-06
22264.0,AW00022264,Robert,Martin,S,M,2025-06-19
22265.0,AW00022265,Betty,Nime,S,M,2023-03-24
22266.0,AW00022266,Amanda,Lopez,M,F,2023-10-10
22267.0,AW00022267,Michael,Garcia,M,M,2024-12-20
22268.0,AW00022268,Baraa,Anderson,S,M,2026-02-18
22269.0,AW00022269,Richard,Garcia,S,F,2025-05-23
22270.0,AW00022270,Karen,Moore,M,M,2023-05-01
22271.0,AW00022271,Mere,Thomas,S,M,2023-05-23
22272.0,AW00022272,Linda,Manu,M,M,2023-06-25
22273.0,AW00022273,Jason,Campbell,S,M,2025-04-06
22274.0,AW00022274,Kenneth,Garcia,M,M,2024-02-25
22275.0,AW00022275,David,White,S,M,2024-11-16
22276.0,AW00022276,Deborah,Williams,S,M,2025-04-02
22277.0,AW00022277,Ashley,Martin,S,F,2026-02-17
22278.0,AW00022278,Michael,Green,S,M,2026-01-10
22279.0,AW00022279,Richard,Thomas,S,F,2023-09-22
22280.0,AW00022280,Joseph,Thomas,M,M,2026-03-22
22281.0,AW00022281,Joshua,Phillips,M,M,2023-03-21
22282.0,AW00022282,Ashley,Jones,S,F,2023-09-26
22283.0,AW00022283,George,Ngata,S,F,2026-05-01
22284.0,AW00022284,Thomas,Lopez,S,F,2025-09-26
22285.0,AW00022285,Keziah,King,S,M,2025-09-02
22286.0,AW00022286,Nancy,Baker,S,M,2025-07-24
22287.0,AW00022287,Robert,Jones,M,M,2024-10-29
22288.0,AW00022288,David,Walker,M,M,2025-08-13
22289.0,AW00022289,Linda,Scott,S,M,2025-03-03
22290.0,AW00022290,Malia,Walker,S,F,2023-08-25
22291.0,AW00022291,Charles,Carter,S,M,2023-08-12
22292.0,AW00022292,Lisa,Young,S,M,2025-06-24
22293.0,AW00022293,Jessica,Hall,S,F,2024-09-19
22294.0,AW00022294,Michael,Nime,M,M,2023-04-30
22295.0,AW00022295,Jennifer,Thompson,S,F,2024-12-19
22296.0,AW00022296,Lisa,Lopez,M,F,2023-05-29
22297.0,AW00022297,Joshua,King,S,F,2024-08-11
22298.0,AW00022298,Steven,Campbell,M,M,2024-02-18
22299.0,AW00022299,Karen,Thompson,M,F,2024-01-11
22300.0,AW00022300,Carol,Toalii,S,M,2024-07-20
22301.0,AW00022301,Steven,Anderson,S,M,2023-08-10
22302.0,AW00022302,Donna,Mitchell,M,F,2023-01-12
22303.0,AW00022303,Brian,Parker,M,M,2023-07-21
22304.0,AW00022304,Sandra,Mitchell,S,F,2024-01-18
22305.0,AW00022305,Peter,Thomas,M,F,2025-06-21
22306.0,AW00022306,Timothy,Perez,S,M,2025-12-20
22307.0,AW00022307,Brian,Davis,S,M,2023-05-28
22308.0,AW00022308,Mark,Jackson,S,F,2025-04-10
22309.0,AW00022309,Charles,Young,M,M,2024-11-12
22310.0,AW00022310,Richard,Carter,S,M,2023-09-14
22311.0,AW00022311,Carol,Jackson,M,F,2023-06-19
22312.0,AW00022312,Michael,Jackson,S,F,2024-10-15
22313.0,AW00022313,Susan,Patel,S,F,2023-11-10
22314.0,AW00022314,Barbara,Young,S,F,2023-10-14
22315.0,AW00022315,Keziah,Lewis,S,M,2026-01-20
22316.0,AW00022316,Betty,Anderson,M,F,2025-11-21
22317.0,AW00022317,John,Carter,M,M,2026-05-14
22318.0,AW00022318,Charles,Smith,M,F,2023-06-05
22319.0,AW00022319,Lisa,Mitchell,M,M,2023-07-05
22320.0,AW00022320,Nancy,White,S,F,2024-05-21
22321.0,AW00022321,Patricia,Nelson,S,M,2023-05-31
22322.0,AW00022322,Kenneth,Allen,M,F,2025-10-10
22323.0,AW00022323,David,Lee,M,F,2026-05-03
22324.0,AW00022324,Daniel,Toalii,M,M,2025-06-18
22325.0,AW00022325,Sarah,Johnson,S,M,2026-02-16
22326.0,AW00022326,Malia,Garcia,S,F,2023-06-23
22327.0,AW00022327,James,Adams,M,M,2025-12-22
22328.0,AW00022328,Emily,Thomas,S,M,2023-06-24
22329.0,AW00022329,Joseph,King,S,M,2024-05-28
22330.0,AW00022330,Karen,Martin,M,F,2024-05-06
22331.0,AW00022331,Malia,Green,M,M,2025-04-29
22332.0,AW00022332,Matthew,Johnson,S,M,2023-03-08
22333.0,AW00022333,John,Ngata,S,M,2025-03-27
22334.0,AW00022334,Elizabeth,Taylor,M,M,2024-04-20
22335.0,AW00022335,Joshua,Baker,M,F,2024-12-24
22336.0,AW00022336,Michael,Kumar,M,F,2023-03-22
22337.0,AW00022337,Amanda,Thompson,S,F,2023-07-16
22338.0,AW00022338,Carol,Garcia,S,F,2023-07-13
22339.0,AW00022339,Daniel,Ngata,M,F,2025-06-11
22340.0,AW00022340,Sione,Davis,S,M,2023-05-15
22341.0,AW00022341,Andrew,Thompson,M,F,2025-10-18
22342.0,AW00022342,Brian,Green,M,M,2023-06-11
22343.0,AW00022343,Steven,Clark,S,F,2024-01-21
22344.0,AW00022344,Robert,Turner,S,F,2023-06-29
22345.0,AW00022345,Kenneth,Walker,S,M,2026-02-05
22346.0,AW00022346,Nancy,Parker,S,F,2025-07-03
22347.0,AW00022347,Barbara,King,M,M,2025-04-29
22348.0,AW00022348,Sandra,King,M,M,2025-08-31
22349.0,AW00022349,Susan,Patel,M,M,2024-01-31
22350.0,AW00022350,Anthony,Anderson,M,M,2024-12-07
22351.0,AW00022351,Rebecca,Lee,S,M,2024-07-02
22352.0,AW00022352,Amanda,Jackson,M,F,2024-11-27
22353.0,AW00022353,Barbara,Anderson,S,F,2024-08-20
22354.0,AW00022354,Donald,Kumar,M,M,2025-10-15
22355.0,AW00022355,Sarah,Ngata,M,F,2025-09-13
22356.0,AW00022356,Barbara,Lopez,M,F,2024-02-07
22357.0,AW00022357,William,Clark,S,F,2024-02-03
22358.0,AW00022358,Daniel,Manu,S,M,2024-02-04
22359.0,AW00022359,Donna,Parker,M,F,2026-05-01
22360.0,AW00022360,Daniel,Turner,S,F,2023-03-15
22361.0,AW00022361,Susan,Allen,M,F,2024-08-23
22362.0,AW00022362,Joshua,Phillips,M,F,2025-06-21
22363.0,AW00022363,Mark,King,M,M,2025-10-25
22364.0,AW00022364,Jessica,Adams,S,M,2026-05-31
22365.0,AW00022365,Malia,Green,S,F,2023-12-08
22366.0,AW00022366,Nancy,Kumar,M,M,2023-08-08
22367.0,AW00022367,Mary,Toalii,M,M,2024-03-12
22368.0,AW00022368,Elizabeth,Scott,M,M,2024-03-04
22369.0,AW00022369,Michelle,Davis,S,F,2026-01-19
22370.0,AW00022370,Joshua,Patel,M,M,2023-02-07
22371.0,AW00022371,Emily,Scott,S,M,2025-02-13
22372.0,AW00022372,Susan,Garcia,M,M,2025-09-29
22373.0,AW00022373,Melissa,Allen,M,M,2023-01-29
22374.0,AW00022374,Malia,Brown,M,M,2025-12-25
22375.0,AW00022375,George,Martin,S,M,2024-04-21
22376.0,AW00022376,Baraa,Davis,S,F,2023-12-20
22377.0,AW00022377,Nancy,Singh,M,M,2025-09-29
22378.0,AW00022378,Nancy,Allen,S,F,2023-01-02
22379.0,AW00022379,Steven,Manu,S,M,2024-08-12
22380.0,AW00022380,Sione,Taylor,M,F,2023-03-21
22381.0,AW00022381,James,Kumar,M,F,2025-09-16
22382.0,AW00022382,Brian,Miller,S,M,2024-05-01
22383.0,AW00022383,Emily,Phillips,M,F,2023-03-08
22384.0,AW00022384,Tane,Nelson,S,M,2025-12-18
22385.0,AW00022385,George,Anderson,M,M,2023-07-14
22386.0,AW00022386,Donald,White,S,F,2025-08-25
22387.0,AW00022387,Keziah,Allen,S,F,2023-08-26
22388.0,AW00022388,Thomas,Young,S,M,2025-07-30
22389.0,AW00022389,Donald,Baker,M,M,2026-01-31
22390.0,AW00022390,Mark,Nime,M,M,2024-05-10
22391.0,AW00022391,Malia,Davis,S,F,2023-11-08
22392.0,AW00022392,Daniel,Smith,M,F,2023-01-17
22393.0,AW00022393,William,Young,M,M,2023-05-03
22394.0,AW00022394,Emily,Patel,M,F,2024-12-20
22395.0,AW00022395,Betty,Roberts,M,F,2025-07-07
22396.0,AW00022396,Donna,Miller,M,M,2026-04-10
22397.0,AW00022397,Susan,Hall,M,M,2023-01-20
22398.0,AW00022398,Melissa,Brown,S,M,2023-11-11
22399.0,AW00022399,Andrew,Carter,M,F,2024-11-21
22400.0,AW00022400,Tane,Parker,M,F,2025-11-19
22401.0,AW00022401,Thomas,Wilson,M,M,2023-10-09
22402.0,AW00022402,Richard,Manu,M,F,2024-03-01
22403.0,AW00022403,David,Miller,S,M,2025-05-24
22404.0,AW00022404,Sarah,Baker,M,M,2026-01-03
22405.0,AW00022405,Steven,Carter,M,F,2025-03-10
22406.0,AW00022406,Keziah,Parker,M,M,2024-05-06
22407.0,AW00022407,Amanda,Johnson,S,F,2026-03-02
22408.0,AW00022408,Peter,Green,S,F,2026-05-06
22409.0,AW00022409,Sandra,Williams,S,F,2026-05-12
22410.0,AW00022410,Jennifer,Toalii,S,M,2024-04-03
22411.0,AW00022411,John,Phillips,M,M,2025-10-20
22412.0,AW00022412,Karen,Ngata,S,F,2024-09-23
22413.0,AW00022413,Joseph,Miller,S,M,2025-02-19
22414.0,AW00022414,Thomas,Young,M,M,2023-01-03
22415.0,AW00022415,Joseph,Brown,S,M,2025-08-13
22416.0,AW00022416,Paul,White,S,F,2025-06-12
22417.0,AW00022417,Joseph,Ngata,S,F,2025-09-21
22418.0,AW00022418,Jessica,Nime,M,F,2024-02-26
22419.0,AW00022419,Lisa,Lopez,S,M,2024-01-12
22420.0,AW00022420,Mary,Clark,M,M,2024-10-13
22421.0,AW00022421,Mark,Nelson,S,F,2023-07-29
22422.0,AW00022422,Emily,White,M,F,2023-01-07
22423.0,AW00022423,Joshua,Wright,M,F,2026-02-07
22424.0,AW00022424,Steven,Garcia,M,M,2023-01-14
22425.0,AW00022425,Melissa,Johnson,S,F,2025-07-28
22426.0,AW00022426,Amanda,Roberts,S,M,2023-08-09
22427.0,AW00022427,Sarah,Anderson,S,M,2025-04-08
22428.0,AW00022428,Charles,Mitchell,S,F,2026-01-22
,AW00022429,Melissa,Nime,S,M,2025-02-02
22430.0,AW00022430,Thomas,Smith,M,M,2024-03-14
22431.0,AW00022431,Sandra,Mitchell,M,F,2024-07-31
22432.0,AW00022432,Mere,Patel,S,M,2023-10-03
22433.0,AW00022433,Donna,Garcia,M,M,2025-06-03
22434.0,AW00022434,George,Johnson,M,F,2025-01-04
22435.0,AW00022435,Rebecca,Wilson,M,M,2024-01-10
22436.0,AW00022436,Ashley,Scott,S,M,2023-11-01
22437.0,AW00022437,Linda,Campbell,M,F,2025-01-08
22438.0,AW00022438,Donald,Taylor,S,F,2024-11-18
22439.0,AW00022439,Sarah,Singh,S,F,2025-12-03
22440.0,AW00022440,Kenneth,Young,M,M,2024-04-24
22441.0,AW00022441,James,Kumar,M,F,2025-06-09
22442.0,AW00022442,Carol,Wright,M,M,2024-04-23
22443.0,AW00022443,George,Parker,S,F,2023-11-26
22444.0,AW00022444,Daniel,Turner,M,F,2024-02-03
22445.0,AW00022445,Sione,Anderson,S,M,2024-08-08
22446.0,AW00022446,Daniel,Campbell,S,M,2026-01-12
22447.0,AW00022447,David,Hall,M,M,2024-10-07
22448.0,AW00022448,Carol,Johnson,S,F,2025-05-05
22449.0,AW00022449,Rebecca,Thompson,M,M,2023-08-23
22450.0,AW00022450,Andrew,Turner,M,M,2025-12-11
22451.0,AW00022451,James,Patel,S,M,2025-11-21
22452.0,AW00022452,Donald,Perez,M,F,2023-02-04
22453.0,AW00022453,Jennifer,Anderson,M,M,2023-10-17
22454.0,AW00022454,Kimberly,Smith,M,M,2026-05-16
22455.0,AW00022455,Malia,Smith,S,M,2024-09-02
22456.0,AW00022456,Carol,Thomas,M,M,2024-07-08
22457.0,AW00022457,Sandra,Mitchell,M,M,2025-02-06
22458.0,AW00022458,Deborah,Clark,S,M,2023-12-02
22459.0,AW00022459,Lisa,Lee,S,M,2025-05-20
22460.0,AW00022460,Susan,Thompson,S,M,2023-02-18
22461.0,AW00022461,Barbara,Jones,S,M,2024-05-23
22462.0,AW00022462,John,Patel,S,F,2026-01-17
22463.0,AW00022463,Donald,Thompson,M,M,2023-06-29
22464.0,AW00022464,Brian,Wilson,S,M,2025-04-29
22465.0,AW00022465,James,Williams,S,M,2023-06-25
22466.0,AW00022466,Michelle,Clark,S,F,2025-10-07
22467.0,AW00022467,Linda,Baker,S,M,2023-09-29
22468.0,AW00022468,Michael,Toalii,M,F,2023-09-19
22469.0,AW00022469,Kimberly,Miller,S,M,2026-02-03
22470.0,AW00022470,Peter,Moore,M,M,2024-01-19
22471.0,AW00022471,Steven,Kumar,M,F,2024-02-14
22472.0,AW00022472,Amanda,Thomas,M,M,2024-01-17
22473.0,AW00022473,Malia,Lopez,M,M,2024-06-12
22474.0,AW00022474,Andrew,Jackson,M,F,2025-07-30
22475.0,AW00022475,Mark,Campbell,S,F,2023-05-22
22476.0,AW00022476,Stephanie,Jackson,S,F,2025-07-08
22477.0,AW00022477,Sione,King,S,F,2024-09-12
22478.0,AW00022478,George,Thompson,M,M,2024-01-02
22479.0,AW00022479,Charles,Wright,S,M,2024-01-21
22480.0,AW00022480,Kenneth,Clark,S,F,2024-12-15
22481.0,AW00022481,Mere,Adams,S,M,2026-03-02
22482.0,AW00022482,Timothy,Scott,S,F,2025-12-28
22483.0,AW00022483,Deborah,Turner,S,M,2025-08-01
22484.0,AW00022484,Betty,Anderson,S,F,2024-03-17
22485.0,AW00022485,Karen,Green,S,M,2023-07-12
22486.0,AW00022486,Ronald,Johnson,S,F,2025-07-28
22487.0,AW00022487,Anthony,King,S,M,2024-01-18
22488.0,AW00022488,Stephanie,Brown,S,F,2025-06-14
22489.0,AW00022489,Daniel,White,S,F,2023-01-30
22490.0,AW00022490,Emily,Wilson,S,M,2023-04-25
22491.0,AW00022491,George,Toalii,S,F,2025-09-23
22492.0,AW00022492,Paul,Hall,M,F,2025-03-20
22493.0,AW00022493,Carol,Young,S,F,2025-06-14
22494.0,AW00022494,Peter,Jones,M,F,2023-07-23
22495.0,AW00022495,Ronald,Taylor,S,F,2025-08-06
22496.0,AW00022496,Karen,Johnson,S,M,2023-10-30
22497.0,AW00022497,Kenneth,Lopez,S,M,2024-06-08
22498.0,AW00022498,Elizabeth,Nelson,S,M,2023-08-26
22499.0,AW00022499,John,Garcia,M,M,2024-11-24
22500.0,AW00022500,Melissa,Baker,S,M,2023-11-22
22501.0,AW00022501,Karen,Scott,M,F,2023-11-18
22502.0,AW00022502,Kimberly,Phillips,M,F,2023-03-15
22503.0,AW00022503,Lisa,Green,M,M,2025-08-11
22504.0,AW00022504,Andrew,Johnson,S,F,2025-07-08
22505.0,AW00022505,Daniel,Moore,S,M,2025-12-28
22506.0,AW00022506,Donald,Jackson,M,M,2025-11-23
22507.0,AW00022507,Patricia,Parker,M,F,2025-08-26
22508.0,AW00022508,Keziah,Clark,S,M,2026-03-24
22509.0,AW00022509,Tane,White,S,M,2025-05-09
22510.0,AW00022510,Ronald,Walker,M,F,2023-09-02
22511.0,AW00022511,Thomas,Clark,M,M,2023-07-31
22512.0,AW00022512,Mary,Williams,S,F,2026-01-26
22513.0,AW00022513,Joshua,Taylor,S,F,2023-08-10
22514.0,AW00022514,Rebecca,Martin,S,M,2025-10-23
22515.0,AW00022515,Kenneth,Adams,M,F,2025-12-09
22516.0,AW00022516,George,Taylor,S,F,2023-07-31
22517.0,AW00022517,Stephanie,Singh,S,M,2023-02-28
22518.0,AW00022518,Tane,Moore,S,F,2025-11-15
22519.0,AW00022519,Ronald,Phillips,M,M,2024-04-09
22520.0,AW00022520,David,Baker,M,M,2024-08-25
22521.0,AW00022521,Betty,Anderson,S,F,2023-02-14
22522.0,AW00022522,Sarah,Ngata,S,M,2023-08-04
22523.0,AW00022523,Brian,Perez,M,M,2024-05-24
22524.0,AW00022524,Susan,Wilson,S,M,2025-12-15
22525.0,AW00022525,Sione,Jones,M,F,2024-02-10
22526.0,AW00022526,Betty,Singh,S,F,2024-09-17
22527.0,AW00022527,Carol,Perez,S,F,2025-04-19
22528.0,AW00022528,Amanda,Smith,S,F,2023-07-09
22529.0,AW00022529,Robert,Miller,M,F,2023-01-19
22530.0,AW00022530,William,Campbell,M,M,2024-12-14
22531.0,AW00022531,Deborah,White,M,M,2023-01-09
22532.0,AW00022532,Lisa,Anderson,M,F,2023-03-13
22533.0,AW00022533,Keziah,Roberts,S,F,2023-08-18
22534.0,AW00022534,Peter,Parker,S,M,2024-05-23
22535.0,AW00022535,Emily,Baker,M,F,2024-04-01
22536.0,AW00022536,Daniel,Perez,S,F,2024-08-07
22537.0,AW00022537,Rebecca,Thomas,S,M,2025-07-21
22538.0,AW00022538,Nancy,Scott,S,M,2024-12-26
22539.0,AW00022539,Tane,Jackson,M,M,2025-01-11
22540.0,AW00022540,Jason,Roberts,M,M,2026-01-28
22541.0,AW00022541,Barbara,Davis,M,M,2026-03-16
22542.0,AW00022542,Matthew,Kumar,M,M,2024-12-04
22543.0,AW00022543,John,Allen,S,F,2026-01-17
22544.0,AW00022544,Mark,Anderson,M,M,2023-05-05
22545.0,AW00022545,Linda,Wilson,M,F,2026-05-08
22546.0,AW00022546,Elizabeth,Manu,M,F,2024-12-08
22547.0,AW00022547,Baraa,Mitchell,M,F,2025-03-13
22548.0,AW00022548,Michelle,Roberts,M,M,2025-12-27
22549.0,AW00022549,Mere,Taylor,S,F,2023-10-07
22550.0,AW00022550,Daniel,Smith,M,F,2026-03-26
22551.0,AW00022551,Tane,Lopez,M,F,2025-02-03
22552.0,AW00022552,Charles,Toalii,M,F,2023-06-10
22553.0,AW00022553,Mary,Parker,S,M,2025-10-20
22554.0,AW00022554,Jennifer,Adams,M,M,2023-08-08
22555.0,AW00022555,Donald,Adams,M,F,2025-06-11
22556.0,AW00022556,Kenneth,King,S,F,2023-12-23
22557.0,AW00022557,Deborah,Martin,M,M,2023-07-05
22558.0,AW00022558,Lisa,Carter,M,F,2026-05-22
22559.0,AW00022559,Lisa,Brown,S,M,2023-09-25
22560.0,AW00022560,Joshua,Davis,S,F,2025-11-22
22561.0,AW00022561,Emily,Jackson,S,F,2023-09-01
22562.0,AW00022562,Baraa,King,M,F,2024-05-13
22563.0,AW00022563,Brian,Mitchell,M,M,2024-07-03
22564.0,AW00022564,Stephanie,White,M,M,2023-06-10
22565.0,AW00022565,Kenneth,Wright,S,M,2025-03-11
22566.0,AW00022566,Donna,Allen,S,M,2025-04-03
22567.0,AW00022567,Jessica,Singh,S,M,2023-04-04
22568.0,AW00022568,Thomas,Singh,S,F,2025-01-16
22569.0,AW00022569,Richard,Manu,S,F,2024-04-09
22570.0,AW00022570,Steven,Carter,S,M,2024-08-27
22571.0,AW00022571,Robert,Manu,M,F,2023-07-22
22572.0,AW00022572,David,Lopez,M,F,2023-01-20
22573.0,AW00022573,Charles,Davis,M,F,2025-02-19
22574.0,AW00022574,Aroha,Brown,M,M,2023-05-26
22575.0,AW00022575,John,King,M,M,2026-03-21
22576.0,AW00022576,Robert,Parker,S,F,2024-01-12
22577.0,AW00022577,Matthew,Wilson,M,F,2023-07-24
22578.0,AW00022578,David,Taylor,S,M,2025-11-22
22579.0,AW00022579,Paul,Baker,M,M,2025-07-29
22580.0,AW00022580,Jessica,Young,M,F,2026-03-22
22581.0,AW00022581,Lisa,White,S,M,2025-10-02
22582.0,AW00022582,Carol,Garcia,S,M,2024-11-02
22583.0,AW00022583,Mark,Turner,M,F,2024-05-05
22584.0,AW00022584,Ronald,Turner,S,F,2025-08-06
22585.0,AW00022585,Jessica,Garcia,M,F,2023-11-02
22586.0,AW00022586,Richard,Miller,M,F,2024-08-31
22587.0,AW00022587,Patricia,Turner,S,M,2023-12-22
22588.0,AW00022588,Patricia,Brown,S,M,2024-06-15
22589.0,AW00022589,Peter,Perez,M,M,2025-02-20
22590.0,AW00022590,Joseph,Green,M,M,2024-08-17
22591.0,AW00022591,Sione,Mitchell,M,M,2026-03-22
22592.0,AW00022592,Donald,Davis,M,F,2024-06-26
22593.0,AW00022593,Thomas,Patel,M,M,2025-04-06
22594.0,AW00022594,Linda,Jackson,M,M,2024-11-28
22595.0,AW00022595,Kimberly,Green,S,M,2023-04-25
22596.0,AW00022596,Barbara,Patel,M,F,2025-09-29
22597.0,AW00022597,Baraa,Miller,S,M,2023-03-16
22598.0,AW00022598,Steven,King,S,M,2024-01-19
22599.0,AW00022599,Tane,Smith,M,M,2023-02-01
22600.0,AW00022600,John,Turner,S,M,2025-09-15
22601.0,AW00022601,Thomas,Adams,M,F,2024-09-04
22602.0,AW00022602,Sione,Kumar,M,F,2024-12-25
22603.0,AW00022603,Jason,Jackson,S,M,2025-10-02
22604.0,AW00022604,Steven,Kumar,S,F,2024-02-26
22605.0,AW00022605,Ashley,Williams,S,F,2025-12-17
22606.0,AW00022606,Donna,Allen,M,M,2023-10-17
22607.0,AW00022607,Mary,Davis,M,F,2026-05-12
22608.0,AW00022608,Carol,Jones,S,F,2023-07-14
22609.0,AW00022609,Betty,Clark,M,M,2026-02-08
22610.0,AW00022610,James,Phillips,S,M,2024-02-25
22611.0,AW00022611,Barbara,Young,S,F,2026-02-24
22612.0,AW00022612,Timothy,Smith,M,M,2023-10-16
22613.0,AW00022613,Aroha,Baker,S,F,2025-06-29
22614.0,AW00022614,Rebecca,Carter,S,M,2023-02-27
22615.0,AW00022615,Patricia,Martin,S,M,2025-11-21
22616.0,AW00022616,John,Wright,M,M,2024-02-05
22617.0,AW00022617,Matthew,Singh,M,F,2025-05-24
22618.0,AW00022618,Donna,Jones,M,M,2023-01-14
22619.0,AW00022619,Michael,Perez,S,M,2025-03-23
22620.0,AW00022620,Rebecca,Lewis,S,F,2024-04-27
22621.0,AW00022621,Barbara,Phillips,S,M,2023-07-21
22622.0,AW00022622,Brian,Lewis,S,F,2023-12-15
22623.0,AW00022623,Emily,Turner,M,F,2026-03-16
22624.0,AW00022624,Keziah,Green,S,F,2026-05-19
22625.0,AW00022625,Steven,Manu,M,F,2023-09-12
22626.0,AW00022626,Patricia,Carter,S,M,2025-07-11
22627.0,AW00022627,Charles,Thomas,S,F,2025-05-13
22628.0,AW00022628,Donald,Miller,S,F,2026-04-09
22629.0,AW00022629,Joshua,White,S,F,2026-03-31
22630.0,AW00022630,Deborah,Miller,M,M,2025-12-12
22631.0,AW00022631,Melissa,Anderson,S,F,2024-11-05
22632.0,AW00022632,Richard,Adams,S,F,2024-08-03
22633.0,AW00022633,William,Clark,M,M,2023-11-12
22634.0,AW00022634,Mary,Campbell,S,F,2023-06-02
22635.0,AW00022635,Timothy,Anderson,S,F,2024-11-06
22636.0,AW00022636,Mary,Hall,S,M,2023-07-09
22637.0,AW00022637,Sione,Manu,M,M,2023-08-14
22638.0,AW00022638,William,Baker,S,M,2024-03-05
22639.0,AW00022639,Ronald,Davis,S,F,2026-05-01
22640.0,AW00022640,Sarah,Lopez,S,M,2023-05-30
22641.0,AW00022641,Elizabeth,Perez,S,F,2024-09-15
22642.0,AW00022642,Sandra,Jackson,S,M,2025-02-16
22643.0,AW00022643,Brian,Johnson,M,F,2023-08-02
22644.0,AW00022644,Peter,Walker,M,M,2023-10-04
22645.0,AW00022645,Rebecca,Williams,M,M,2025-07-10
22646.0,AW00022646,Timothy,Manu,M,M,2024-07-12
22647.0,AW00022647,Susan,Lopez,M,M,2024-06-17
22648.0,AW00022648,Betty,Lopez,S,F,2025-01-03
22649.0,AW00022649,Jessica,Hall,M,F,2023-01-06
22650.0,AW00022650,Malia,Ngata,S,F,2024-07-12
22651.0,AW00022651,Barbara,Wright,S,M,2023-08-30
22652.0,AW00022652,Betty,King,M,M,2024-02-28
22653.0,AW00022653,John,Nelson,S,F,2026-05-25
22654.0,AW00022654,Emily,Thompson,M,M,2026-01-21
22655.0,AW00022655,Sarah,Parker,S,M,2024-03-11
22656.0,AW00022656,Ashley,Clark,S,F,2023-08-26
22657.0,AW00022657,Sandra,Toalii,S,F,2024-10-14
22658.0,AW00022658,Stephanie,Garcia,S,M,2026-05-23
22659.0,AW00022659,Peter,Parker,M,F,2023-04-01
22660.0,AW00022660,James,Adams,S,F,2024-12-09
22661.0,AW00022661,Anthony,Nelson,S,F,2025-07-09
22662.0,AW00022662,Kenneth,Smith,S,F,2024-08-25
22663.0,AW00022663,Keziah,Jackson,M,F,2025-07-27
22664.0,AW00022664,George,Jones,M,F,2023-01-02
22665.0,AW00022665,Jessica,Wilson,S,F,2023-10-16
22666.0,AW00022666,Kimberly,Adams,M,M,2024-11-18
22667.0,AW00022667,Michael,Anderson,M,F,2024-01-21
22668.0,AW00022668,Timothy,Adams,M,F,2023-05-29
22669.0,AW00022669,Ronald,Garcia,S,F,2024-09-06
22670.0,AW00022670,George,Brown,M,F,2024-03-13
22671.0,AW00022671,David,Wright,S,M,2025-05-31
22672.0,AW00022672,Michael,Nelson,M,F,2026-04-17
22673.0,AW00022673,Donna,Campbell,M,F,2026-04-06
22674.0,AW00022674,Joseph,Hall,S,M,2023-10-22
22675.0,AW00022675,Sione,Miller,S,M,2025-07-31
22676.0,AW00022676,Daniel,Adams,S,M,2024-03-28
22677.0,AW00022677,Peter,Roberts,S,M,2025-04-15
22678.0,AW00022678,Ronald,Nelson,M,F,2025-09-05
22679.0,AW00022679,Rebecca,Davis,S,F,2026-01-02
22680.0,AW00022680,Ronald,Anderson,S,F,2025-04-30
22681.0,AW00022681,Susan,Hall,M,F,2024-04-28
22682.0,AW00022682,Andrew,Mitchell,S,M,2023-04-01
22683.0,AW00022683,Sarah,Smith,S,F,2024-10-14
22684.0,AW00022684,Linda,Garcia,M,F,2025-11-08
22685.0,AW00022685,Barbara,Williams,M,M,2025-09-16
22686.0,AW00022686,Donald,Brown,M,M,2023-05-10
22687.0,AW00022687,Joseph,Baker,M,M,2023-01-20
22688.0,AW00022688,Linda,Turner,M,F,2024-11-07
22689.0,AW00022689,Mary,Miller,M,M,2023-05-26
22690.0,AW00022690,Mark,Clark,S,F,2023-09-04
22691.0,AW00022691,Stephanie,Allen,S,M,2024-03-01
22692.0,AW00022692,Richard,Young,S,M,2024-02-02
22693.0,AW00022693,Donna,Young,S,F,2024-04-14
22694.0,AW00022694,Michael,Green,S,M,2023-11-03
22695.0,AW00022695,Rebecca,Young,S,M,2024-05-15
22696.0,AW00022696,Nancy,Carter,M,F,2023-07-12
22697.0,AW00022697,Linda,Lopez,S,F,2025-11-08
22698.0,AW00022698,Emily,Allen,S,M,2025-06-23
22699.0,AW00022699,Rebecca,Thompson,S,M,2023-06-06
22700.0,AW00022700,James,Roberts,M,M,2026-04-01
22701.0,AW00022701,Deborah,Miller,M,F,2025-07-17
22702.0,AW00022702,Rebecca,Miller,S,M,2024-06-04
22703.0,AW00022703,Baraa,Allen,M,F,2023-02-08
22704.0,AW00022704,Sarah,Phillips,S,F,2025-09-21
22705.0,AW00022705,Michelle,Hall,S,M,2025-08-16
22706.0,AW00022706,Tane,Patel,S,M,2026-02-20
22707.0,AW00022707,Melissa,Green,S,M,2025-10-13
22708.0,AW00022708,Baraa,Scott,S,M,2024-03-12
22709.0,AW00022709,Sandra,Green,S,M,2024-05-05
22710.0,AW00022710,Susan,Taylor,M,M,2025-01-22
22711.0,AW00022711,Steven,Miller,S,M,2025-07-16
22712.0,AW00022712,Steven,Williams,M,F,2024-06-01
22713.0,AW00022713,Robert,Miller,M,M,2023-01-09
22714.0,AW00022714,George,Miller,M,M,2023-04-01
22715.0,AW00022715,David,Phillips,M,M,2024-01-04
22716.0,AW00022716,Kimberly,Scott,M,M,2024-09-17
22717.0,AW00022717,Patricia,Anderson,S,M,2025-10-07
22718.0,AW00022718,Mary,Johnson,S,M,2023-07-02
22719.0,AW00022719,Brian,Patel,S,F,2023-11-13
22720.0,AW00022720,Barbara,Scott,S,F,2026-05-15
22721.0,AW00022721,Linda,Allen,S,M,2025-07-21
22722.0,AW00022722,Rebecca,Smith,S,M,2026-02-19
22723.0,AW00022723,Baraa,Campbell,M,M,2025-08-26
22724.0,AW00022724,James,Perez,M,F,2023-01-02
22725.0,AW00022725,Mary,Adams,M,F,2024-06-09
22726.0,AW00022726,George,Miller,M,M,2024-11-08
22727.0,AW00022727,Jason,Anderson,S,M,2025-09-25
22728.0,AW00022728,Nancy,Singh,S,F,2024-12-29
22729.0,AW00022729,Donna,Carter,S,F,2023-05-09
22730.0,AW00022730,Mary,Carter,S,M,2025-09-12
22731.0,AW00022731,Michelle,Kumar,M,F,2024-08-05
22732.0,AW00022732,Kenneth,White,M,M,2025-03-15
22733.0,AW00022733,Baraa,Parker,M,M,2025-06-22
22734.0,AW00022734,Emily,King,S,F,2023-06-14
22735.0,AW00022735,Ronald,White,S,M,2024-01-13
22736.0,AW00022736,David,Williams,S,M,2025-02-03
22737.0,AW00022737,Anthony,Walker,M,F,2025-11-12
22738.0,AW00022738,Stephanie,White,S,F,2024-04-24
22739.0,AW00022739,David,Moore,S,F,2024-11-05
22740.0,AW00022740,Sandra,Davis,M,F,2023-08-24
22741.0,AW00022741,Mark,Hall,M,M,2026-02-05
22742.0,AW00022742,Jason,Smith,M,F,2023-02-02
22743.0,AW00022743,Daniel,Young,M,F,2023-04-17
22744.0,AW00022744,Mark,Carter,S,F,2023-07-02
22745.0,AW00022745,Mere,Campbell,S,M,2023-10-19
22746.0,AW00022746,Donna,Lee,M,M,2025-02-26
22747.0,AW00022747,Robert,Wright,S,F,2023-11-06
22748.0,AW00022748,Aroha,Lee,S,F,2024-05-17
22749.0,AW00022749,Charles,Manu,M,F,2025-03-12
22750.0,AW00022750,Malia,Phillips,M,M,2023-11-19
22751.0,AW00022751,Elizabeth,Garcia,M,M,2024-05-26
22752.0,AW00022752,Andrew,Nelson,S,F,2024-04-04
22753.0,AW00022753,Matthew,Nelson,M,F,2023-12-12
22754.0,AW00022754,James,Martin,S,M,2023-04-20
22755.0,AW00022755,Richard,Davis,S,F,2024-12-14
22756.0,AW00022756,Andrew,Singh,M,F,2023-08-04
22757.0,AW00022757,Andrew,Scott,S,M,2023-11-05
22758.0,AW00022758,Ronald,Thompson,S,F,2024-10-02
22759.0,AW00022759,Lisa,Williams,M,F,2024-05-11
22760.0,AW00022760,Aroha,Wright,M,F,2024-07-06
22761.0,AW00022761,Peter,Wilson,S,M,2024-07-14
22762.0,AW00022762,Joseph,Green,S,M,2024-12-23
22763.0,AW00022763,Sandra,Clark,M,F,2023-11-24
22764.0,AW00022764,Steven,Patel,M,F,2026-01-31
22765.0,AW00022765,Malia,Thompson,S,F,2025-12-29
22766.0,AW00022766,Peter,Anderson,S,M,2026-04-05
22767.0,AW00022767,John,Parker,M,M,2023-12-08
22768.0,AW00022768,Ashley,Anderson,S,M,2024-04-21
22769.0,AW00022769,Anthony,Anderson,S,M,2023-02-24
22770.0,AW00022770,Daniel,Johnson,M,F,2024-11-23
22771.0,AW00022771,Susan,Jones,M,M,2023-02-26
22772.0,AW00022772,Baraa,Ngata,M,F,2026-02-16
22773.0,AW00022773,Sarah,Ngata,,M,2023-05-05
22774.0,AW00022774,Steven,Lopez,S,F,2025-08-15
22775.0,AW00022775,Joseph,Hall,M,F,2024-05-08
22776.0,AW00022776,Emily,Nime,M,M,2025-02-05
22777.0,AW00022777,Jessica,Martin,S,F,2024-04-04
22778.0,AW00022778,Lisa,Scott,M,F,2025-06-13
22779.0,AW00022779,Barbara,White,S,M,2026-01-20
22780.0,AW00022780,Amanda,Walker,S,F,2024-08-31
22781.0,AW00022781,Michael,Toalii,S,M,2024-05-08
22782.0,AW00022782,Jason,Jones,M,F,2024-11-16
22783.0,AW00022783,Sione,Wilson,M,M,2025-07-12
22784.0,AW00022784,Charles,Lewis,S,F,2025-12-14
22785.0,AW00022785,Brian,Clark,M,F,2024-10-10
22786.0,AW00022786,John,Martin,M,M,2024-03-31
22787.0,AW00022787,Sione,King,M,M,2025-04-02
22788.0,AW00022788,Emily,Ngata,M,F,2025-10-27
22789.0,AW00022789,Amanda,Clark,S,M,2024-01-14
22790.0,AW00022790,Robert,White,M,M,2023-11-03
22791.0,AW00022791,Peter,Toalii,M,F,2024-02-20
22792.0,AW00022792,Amanda,Lopez,S,F,2023-05-30
22793.0,AW00022793,Baraa,Roberts,S,M,2024-01-06
22794.0,AW00022794,Thomas,Patel,S,M,2026-04-07
22795.0,AW00022795,Timothy,Campbell,S,F,2025-01-07
22796.0,AW00022796,Peter,Davis,M,F,2023-03-16
22797.0,AW00022797,Ashley,Wilson,M,F,2023-09-12
22798.0,AW00022798,Michael,Lee,M,F,2026-04-08
22799.0,AW00022799,Paul,Green,S,F,2024-08-11
22800.0,AW00022800,Andrew,Roberts,M,F,2024-06-24
22801.0,AW00022801,Joseph,Hall,M,F,2023-07-16
22802.0,AW00022802,Mary,Thompson,M,M,2026-02-09
22803.0,AW00022803,Tane,Williams,S,F,2023-12-15
22804.0,AW00022804,Joseph,Wilson,M,F,2024-07-04
22805.0,AW00022805,Deborah,Smith,M,F,2025-10-05
22806.0,AW00022806,Timothy,Turner,M,M,2024-12-02
22807.0,AW00022807,Michael,Singh,S,M,2023-08-28
22808.0,AW00022808,Robert,Wilson,S,M,2026-04-18
22809.0,AW00022809,Michael,King,S,F,2026-01-06
22810.0,AW00022810,Jennifer,Clark,M,F,2024-01-25
22811.0,AW00022811,Rebecca,White,M,M,2025-10-11
22812.0,AW00022812,Rebecca,,M,M,2024-12-11
22813.0,AW00022813,Mere,Baker,M,F,2026-04-30
22814.0,AW00022814,David,Young,M,M,2026-04-30
22815.0,AW00022815,Ashley,Smith,M,F,2025-04-05
22816.0,AW00022816,Thomas,Garcia,M,M,2023-07-09
22817.0,AW00022817,Kimberly,Miller,S,M,2024-04-14
22818.0,AW00022818,Robert,Smith,S,F,2023-02-18
22819.0,AW00022819,George,Clark,M,M,2024-05-15
22820.0,AW00022820,Daniel,Scott,M,M,2023-10-08
22821.0,AW00022821,Charles,White,M,M,2024-01-07
22822.0,AW00022822,Patricia,Nelson,S,F,2024-10-30
22823.0,AW00022823,George,Wilson,S,F,2025-12-10
22824.0,AW00022824,Kenneth,Kumar,M,M,2023-02-13
22825.0,AW00022825,Keziah,Johnson,M,F,2024-01-03
22826.0,AW00022826,Emily,Taylor,M,F,2023-12-24
22827.0,AW00022827,Daniel,Smith,S,F,2024-12-19
22828.0,AW00022828,Brian,Adams,S,F,2025-03-05
22829.0,AW00022829,Ronald,Campbell,M,M,2024-12-18
22830.0,AW00022830,Betty,Lewis,M,F,2023-10-26
22831.0,AW00022831,Ashley,Walker,S,F,2024-07-26
22832.0,AW00022832,Robert,Parker,M,F,2024-02-22
22833.0,AW00022833,Anthony,Miller,M,F,2026-05-25
22834.0,AW00022834,Stephanie,White,M,M,2025-02-20
22835.0,AW00022835,Barbara,Turner,S,F,2023-01-30
22836.0,AW00022836,Jennifer,Mitchell,S,M,2023-01-01
22837.0,AW00022837,Lisa,Baker,M,M,2024-11-24
22838.0,AW00022838,Thomas,Martin,M,M,2023-06-26
22839.0,AW00022839,Thomas,Thomas,S,M,2023-11-30
22840.0,AW00022840,Betty,Thomas,M,F,2025-07-11
22841.0,AW00022841,Mere,Campbell,M,M,2023-06-12
22842.0,AW00022842,Ronald,Davis,M,M,2023-04-27
22843.0,AW00022843,Charles,Ngata,M,F,2025-01-05
22844.0,AW00022844,Sione,King,M,M,2025-07-22
22845.0,AW00022845,Rebecca,Lewis,S,M,2025-03-29
22846.0,AW00022846,Steven,Anderson,S,F,2025-03-26
22847.0,AW00022847,Kenneth,Brown,M,F,2024-03-03
22848.0,AW00022848,Jason,Johnson,S,M,2025-12-03
22849.0,AW00022849,Ashley,Campbell,M,F,2023-06-07
22850.0,AW00022850,Malia,Williams,M,F,2024-01-16
22851.0,AW00022851,Keziah,White,S,F,2026-04-20
22852.0,AW00022852,Betty,Campbell,M,M,2024-09-08
22853.0,AW00022853,Michael,Brown,S,M,2024-04-17
22854.0,AW00022854,Andrew,Baker,M,F,2023-03-15
22855.0,AW00022855,Daniel,Nime,S,M,2024-12-18
22856.0,AW00022856,Steven,Scott,M,M,2024-12-16
22857.0,AW00022857,Brian,Kumar,S,M,2025-08-01
22858.0,AW00022858,Charles,Scott,M,F,2026-02-06
22859.0,AW00022859,Jessica,Nelson,M,F,2023-12-08
22860.0,AW00022860,Paul,Johnson,S,M,2026-05-18
22861.0,AW00022861,Malia,White,S,F,2024-04-29
22862.0,AW00022862,Sandra,Anderson,M,F,2023-03-07
22863.0,AW00022863,Mark,Young,M,F,2024-12-02
22864.0,AW00022864,William,Lopez,S,F,2024-09-02
22865.0,AW00022865,Matthew,Adams,S,M,2025-01-27
22866.0,AW00022866,Patricia,Brown,S,F,2024-10-29
22867.0,AW00022867,David,Allen,S,M,2024-08-19
22868.0,AW00022868,Jason,Scott,M,F,2023-09-15
22869.0,AW00022869,Rebecca,Carter,M,M,2025-07-07
22870.0,AW00022870,Paul,Smith,S,F,2025-02-14
22871.0,AW00022871,Sarah,Young,S,M,2025-05-28
22872.0,AW00022872,Jason,King,M,M,2025-09-20
22873.0,AW00022873,Daniel,Lopez,S,F,2025-03-26
22874.0,AW00022874,Jennifer,Nime,M,F,2023-11-30
22875.0,AW00022875,Andrew,Johnson,S,M,2026-04-27
22876.0,AW00022876,Amanda,Williams,S,F,2025-05-22
22877.0,AW00022877,Jason,Taylor,M,F,2026-01-19
22878.0,AW00022878,Jennifer,Toalii,S,F,2025-02-16
22879.0,AW00022879,Paul,Miller,S,F,2023-05-25
22880.0,AW00022880,Nancy,Kumar,S,F,2025-04-22
22881.0,AW00022881,Baraa,Patel,M,F,2026-04-25
22882.0,AW00022882,Jessica,Roberts,S,M,2024-01-02
22883.0,AW00022883,Paul,King,M,F,2025-11-04
22884.0,AW00022884,John,Lee,M,M,2025-04-06
22885.0,AW00022885,Amanda,Thomas,S,F,2023-09-08
22886.0,AW00022886,Barbara,Martin,S,M,2024-09-12
22887.0,AW00022887,Thomas,Wright,M,F,2024-10-04
22888.0,AW00022888,Jessica,Lee,S,M,2025-12-12
22889.0,AW00022889,Donna,Manu,M,M,2023-04-10
22890.0,AW00022890,Melissa,Allen,M,M,2023-05-04
22891.0,AW00022891,Richard,Allen,S,M,2025-05-30
22892.0,AW00022892,Jennifer,Young,S,M,2023-12-05
22893.0,AW00022893,Baraa,Anderson,M,F,2024-03-09
22894.0,AW00022894,Michael,Hall,M,M,2025-11-06
22895.0,AW00022895,Sarah,White,M,F,2023-10-27
22896.0,AW00022896,Michael,Wilson,M,M,2025-11-05
22897.0,AW00022897,James,Taylor,M,M,2025-04-15
22898.0,AW00022898,Robert,King,M,F,2025-05-26
22899.0,AW00022899,Kenneth,Hall,M,M,2024-09-09
22900.0,AW00022900,Timothy,Kumar,M,F,2025-04-15
22901.0,AW00022901,Matthew,Johnson,S,F,2024-04-27
22902.0,AW00022902,Ashley,Wright,S,F,2023-05-13
22903.0,AW00022903,Emily,Jackson,M,M,2026-05-20
22904.0,AW00022904,David,Williams,S,F,2024-07-20
22905.0,AW00022905,Ronald,Clark,S,F,2024-12-29
22906.0,AW00022906,Michelle,White,S,F,2026-04-08
22907.0,AW00022907,Sione,Garcia,M,M,2025-03-28
22908.0,AW00022908,Sarah,King,M,M,2024-01-14
22909.0,AW00022909,Stephanie,Baker,M,F,2024-09-09
22910.0,AW00022910,Melissa,Toalii,S,F,2025-11-11
22911.0,AW00022911,Jennifer,Thomas,S,M,2025-04-14
22912.0,AW00022912,Timothy,Mitchell,S,F,2024-04-21
22913.0,AW00022913,Mere,Lee,S,M,2024-03-21
22914.0,AW00022914,Peter,Phillips,S,F,2026-04-21
22915.0,AW00022915,Keziah,Clark,M,M,2023-08-22
22916.0,AW00022916,Jason,Walker,M,M,2024-02-27
22917.0,AW00022917,Mere,Martin,M,F,2023-01-26
22918.0,AW00022918,Timothy,Allen,S,M,2025-10-24
22919.0,AW00022919,Carol,Toalii,S,M,2026-04-22
22920.0,AW00022920,Kenneth,Wilson,S,F,2023-06-12
22921.0,AW00022921,Steven,Nime,S,M,2025-04-16
22922.0,AW00022922,Betty,Walker,S,M,2024-10-18
22923.0,AW00022923,Daniel,Wright,M,F,2024-07-01
22924.0,AW00022924,Timothy,Toalii,M,M,2026-02-19
22925.0,AW00022925,Jessica,Kumar,S,F,2025-01-18
22926.0,AW00022926,Sione,Singh,M,F,2024-12-17
22927.0,AW00022927,Patricia,Miller,S,M,2025-02-20
22928.0,AW00022928,George,Williams,S,M,2024-10-21
22929.0,AW00022929,Thomas,Jackson,M,M,2024-06-30
22930.0,AW00022930,Emily,Young,S,F,2023-03-27
22931.0,AW00022931,David,Campbell,M,F,2024-02-15
22932.0,AW00022932,Ashley,Miller,S,F,2025-12-30
22933.0,AW00022933,Timothy,Manu,M,F,2023-08-12
22934.0,AW00022934,William,King,S,M,2025-05-10
22935.0,AW00022935,Jennifer,Patel,S,Unknown,2025-01-14
22936.0,AW00022936,Nancy,Wilson,S,M,2024-02-03
22937.0,AW00022937,Matthew,Carter,M,M,2023-01-22
22938.0,AW00022938,Robert,Roberts,M,M,2023-03-19
22939.0,AW00022939,Jason,Kumar,M,M,2026-03-04
22940.0,AW00022940,Richard,Green,M,M,2026-03-27
22941.0,AW00022941,Michelle,Hall,S,F,2024-04-28
22942.0,AW00022942,Brian,Williams,S,F,2024-05-01
22943.0,AW00022943,Sandra,Singh,M,M,2024-11-05
22944.0,AW00022944,Timothy,Mitchell,M,M,2023-09-16
22945.0,AW00022945,Paul,Scott,M,M,2025-03-06
22946.0,AW00022946,Deborah,Hall,M,F,2024-12-24
22947.0,AW00022947,Mary,Patel,S,F,2024-06-09
22948.0,AW00022948,Linda,Williams,S,F,2026-03-19
22949.0,AW00022949,John,Wright,S,F,2024-01-18
22950.0,AW00022950,Mark,Thomas,S,M,2023-04-15
22951.0,AW00022951,Donna,Phillips,S,F,2024-07-12
22952.0,AW00022952,Elizabeth,Carter,S,M,2025-04-17
22953.0,AW00022953,John,Lewis,M,M,2024-05-04
22954.0,AW00022954,Andrew,Toalii,S,F,2023-08-11
22955.0,AW00022955,Ashley,Phillips,S,F,2023-11-07
22956.0,AW00022956,Thomas,Wilson,M,M,2024-02-15
22957.0,AW00022957,Robert,Martin,S,F,2025-08-05
22958.0,AW00022958,Aroha,Nime,S,M,2024-09-08
22959.0,AW00022959,Anthony,Wilson,M,M,2024-11-24
22960.0,AW00022960,Stephanie,Parker,S,M,2023-10-23
22961.0,AW00022961,Aroha,Nelson,M,F,2025-07-07
22962.0,AW00022962,Thomas,Allen,M,F,2023-06-10
22963.0,AW00022963,Joshua,Smith,M,M,2025-10-09
22964.0,AW00022964,Elizabeth,Wilson,S,F,2023-07-10
22965.0,AW00022965,Ronald,Phillips,S,M,2023-10-26
22966.0,AW00022966,David,Nime,S,F,2023-06-28
22967.0,AW00022967,Robert,Davis,M,M,2025-12-11
22968.0,AW00022968,Donald,Smith,M,M,2024-09-29
22969.0,AW00022969,Jessica,King,S,F,2024-11-16
22970.0,AW00022970,Peter,Campbell,S,M,2023-02-07
22971.0,AW00022971,Lisa,Nelson,M,F,2024-04-08
22972.0,AW00022972,George,White,M,F,2025-03-22
22973.0,AW00022973,Brian,Thompson,S,M,2023-08-16
22974.0,AW00022974,Lisa,Wright,M,M,2023-03-08
22975.0,AW00022975,Betty,Lee,M,M,2026-02-21
22976.0,AW00022976,William,Turner,S,F,2023-12-14
22977.0,AW00022977,Robert,Young,M,M,2024-05-13
22978.0,AW00022978,William,Baker,S,M,2024-08-25
22979.0,AW00022979,Melissa,Nelson,M,M,2023-04-07
22980.0,AW00022980,Amanda,Martin,M,F,2024-07-31
22981.0,AW00022981,William,Garcia,M,F,2023-02-12
22982.0,AW00022982,Michelle,Walker,M,F,2024-04-10
22983.0,AW00022983,Thomas,Parker,S,M,2024-04-22
22984.0,AW00022984,Joshua,Wright,S,M,2025-11-02
22985.0,AW00022985,Charles,Perez,S,F,2025-05-08
22986.0,AW00022986,Mere,Moore,S,F,2023-08-12
22987.0,AW00022987,Lisa,Anderson,M,M,2024-04-30
22988.0,AW00022988,Michael,Clark,M,F,2025-03-25
22989.0,AW00022989,Richard,Williams,S,F,2025-09-22
22990.0,AW00022990,Brian,Perez,S,M,2024-10-28
22991.0,AW00022991,John,Anderson,S,F,2025-07-26
22992.0,AW00022992,Kenneth,Jones,M,M,2025-12-12
22993.0,AW00022993,Andrew,Roberts,S,M,2025-03-10
22994.0,AW00022994,Keziah,Garcia,S,M,2025-08-02
22995.0,AW00022995,Michelle,Moore,S,M,2024-05-17
22996.0,AW00022996,Sarah,Davis,M,F,2025-05-17
22997.0,AW00022997,George,Lewis,S,F,2025-02-04
22998.0,AW00022998,Brian,Garcia,S,F,2024-07-01
22999.0,AW00022999,George,Allen,S,M,2025-06-11
23000.0,AW00023000,Emily,Davis,S,M,2025-09-14
,AW00023001,Jason,Turner,S,F,2023-06-15
23002.0,AW00023002,Karen,Lopez,M,F,2024-01-17
23003.0,AW00023003,Jason,Nelson,S,F,2023-06-01
23004.0,AW00023004,Tane,Clark,M,M,2024-04-01
23005.0,AW00023005,Steven,Kumar,S,F,2026-02-09
23006.0,AW00023006,Tane,Wilson,S,F,2026-05-11
23007.0,AW00023007,Brian,Mitchell,S,F,2025-10-29
23008.0,AW00023008,Timothy,Mitchell,S,M,2024-02-11
23009.0,AW00023009,Melissa,Davis,S,F,2023-01-17
23010.0,AW00023010,Tane,Williams,S,M,2023-12-05
23011.0,AW00023011,George,Ngata,M,M,2024-07-13
23012.0,AW00023012,Robert,Williams,S,F,2024-02-28
23013.0,AW00023013,Deborah,Wright,S,M,2026-04-17
23014.0,AW00023014,Steven,Thompson,S,F,2024-02-17
23015.0,AW00023015,John,Phillips,,M,2024-02-11
23016.0,AW00023016,Deborah,Jackson,S,M,2024-10-10
23017.0,AW00023017,Kimberly,Campbell,S,F,2024-04-29
23018.0,AW00023018,Jessica,Kumar,M,F,2026-01-27
23019.0,AW00023019,Keziah,Parker,S,F,2023-12-11
23020.0,AW00023020,Mary,Taylor,M,M,2026-05-27
23021.0,AW00023021,George,Brown,M,M,2025-08-26
23022.0,AW00023022,Barbara,Garcia,S,F,2025-09-14
23023.0,AW00023023,Jennifer,Taylor,S,F,2025-01-10
23024.0,AW00023024,Matthew,Toalii,S,M,2023-03-25
23025.0,AW00023025,Betty,Adams,M,F,2025-12-06
23026.0,AW00023026,Ronald,Adams,M,F,2024-04-18
23027.0,AW00023027,Mary,Wright,M,M,2026-03-02
23028.0,AW00023028,Michael,Brown,S,M,2025-09-25
23029.0,AW00023029,Susan,Anderson,S,F,2026-03-08
23030.0,AW00023030,Stephanie,Martin,M,F,2026-05-06
23031.0,AW00023031,Michelle,White,S,F,2025-12-30
23032.0,AW00023032,Michelle,Thompson,M,F,2023-04-23
23033.0,AW00023033,Thomas,Patel,S,F,2025-09-14
23034.0,AW00023034,Tane,Garcia,S,F,2024-09-25
23035.0,AW00023035,Baraa,Hall,S,M,2024-09-01
23036.0,AW00023036,Stephanie,Baker,M,M,2024-11-05
23037.0,AW00023037,Steven,Walker,S,M,2025-10-27
23038.0,AW00023038,Betty,Parker,M,F,2024-11-19
23039.0,AW00023039,Nancy,Lopez,M,M,2026-02-21
23040.0,AW00023040,Carol,Hall,S,M,2023-05-09
23041.0,AW00023041,Paul,Jones,S,M,2025-06-09
23042.0,AW00023042,Sarah,Garcia,M,M,2025-05-25
23043.0,AW00023043,Matthew,Jackson,M,F,2023-08-22
23044.0,AW00023044,Ashley,Lopez,M,M,2026-02-04
23045.0,AW00023045,Betty,Martin,M,F,2024-05-11
23046.0,AW00023046,David,Young,S,M,2024-11-11
23047.0,AW00023047,John,Brown,M,F,2023-04-19
23048.0,AW00023048,Timothy,Manu,S,F,2025-02-18
23049.0,AW00023049,Brian,Kumar,M,F,2023-10-19
23050.0,AW00023050,Robert,Young,M,M,2024-12-08
23051.0,AW00023051,Amanda,Smith,M,F,2026-01-25
23052.0,AW00023052,Daniel,Nelson,M,M,2023-08-07
23053.0,AW00023053,David,Adams,S,F,2025-09-30
23054.0,AW00023054,Mary,Manu,S,F,2023-08-26
23055.0,AW00023055,Sandra,Nime,M,M,2026-04-20
23056.0,AW00023056,Andrew,Davis,S,M,2026-05-12
23057.0,AW00023057,Linda,Martin,M,M,2026-03-30
23058.0,AW00023058,Sione,Jones,S,M,2025-09-03
23059.0,AW00023059,James,Jackson,M,M,2023-12-10
23060.0,AW00023060,Peter,Garcia,M,M,2026-05-26
23061.0,AW00023061,Deborah,White,M,M,2023-04-30
23062.0,AW00023062,Mark,Moore,M,F,2025-06-23
23063.0,AW00023063,Michelle,Adams,S,M,2026-05-23
23064.0,AW00023064,Baraa,Scott,S,F,2026-05-25
23065.0,AW00023065,Mark,Martin,M,M,2024-09-05
23066.0,AW00023066,Michael,Wilson,M,M,2023-10-28
23067.0,AW00023067,Richard,Walker,S,F,2024-08-09
23068.0,AW00023068,Donna,Scott,S,M,2024-06-09
23069.0,AW00023069,Baraa,Jackson,S,M,2023-07-02
23070.0,AW00023070,Donald,Jackson,S,M,2023-01-06
23071.0,AW00023071,Rebecca,Green,M,M,2024-12-20
23072.0,AW00023072,Jessica,Anderson,S,F,2024-10-06
23073.0,AW00023073,Melissa,Toalii,M,M,2025-04-03
23074.0,AW00023074,Malia,Walker,M,M,2023-01-15
23075.0,AW00023075,Ronald,Kumar,S,F,2026-04-23
23076.0,AW00023076,Amanda,Parker,M,M,2023-07-07
23077.0,AW00023077,Charles,Thomas,S,M,2023-11-11
23078.0,AW00023078,Joseph,Singh,S,F,2023-04-08
23079.0,AW00023079,Daniel,King,M,M,2026-05-19
23080.0,AW00023080,Peter,Scott,S,M,2023-12-04
23081.0,AW00023081,Steven,Baker,M,F,2024-04-11
23082.0,AW00023082,Sione,Hall,S,M,2024-04-07
23083.0,AW00023083,John,Smith,M,F,2024-02-02
23084.0,AW00023084,Timothy,Martin,M,M,2023-07-26
23085.0,AW00023085,Jennifer,Garcia,M,F,2023-04-16
23086.0,AW00023086,Peter,Lewis,S,F,2024-11-19
23087.0,AW00023087,Aroha,Garcia,S,F,2025-04-11
23088.0,AW00023088,Malia,Smith,S,F,2023-12-13
23089.0,AW00023089,Mary,Jackson,M,M,2024-11-08
23090.0,AW00023090,Deborah,Williams,S,M,2026-01-15
23091.0,AW00023091,William,Smith,M,F,2023-05-20
23092.0,AW00023092,Stephanie,Nelson,M,M,2023-12-04
23093.0,AW00023093,Joseph,Wright,M,M,2023-12-21
23094.0,AW00023094,Karen,Green,M,F,2025-01-04
23095.0,AW00023095,Donald,Anderson,M,F,2026-01-03
23096.0,AW00023096,Ashley,Brown,S,M,2025-10-08
23097.0,AW00023097,Timothy,Williams,M,F,2025-11-24
23098.0,AW00023098,Patricia,Johnson,S,M,2026-05-13
23099.0,AW00023099,Sarah,Baker,M,M,2026-04-28
23100.0,AW00023100,Steven,Moore,M,F,2024-04-26
23101.0,AW00023101,Ronald,Anderson,M,M,2024-04-28
23102.0,AW00023102,William,Nelson,S,M,2024-05-02
23103.0,AW00023103,George,Thomas,S,M,2023-09-29
23104.0,AW00023104,Joshua,Thompson,M,M,2023-02-08
23105.0,AW00023105,Patricia,Kumar,M,F,2026-03-29
23106.0,AW00023106,Keziah,Lopez,S,M,2024-12-16
23107.0,AW00023107,David,Wilson,M,F,2023-08-21
23108.0,AW00023108,Richard,Ngata,M,F,2025-09-13
23109.0,AW00023109,Peter,Johnson,S,F,2023-04-26
23110.0,AW00023110,Emily,Martin,M,F,2026-03-15
23111.0,AW00023111,Andrew,Smith,S,F,2024-06-30
23112.0,AW00023112,Mere,Parker,S,M,2025-06-18
23113.0,AW00023113,Michael,Walker,S,M,2025-03-01
23114.0,AW00023114,Amanda,Nime,S,F,2024-08-17
23115.0,AW00023115,Susan,Garcia,M,F,2025-08-02
23116.0,AW00023116,Joshua,Wilson,M,F,2024-07-24
23117.0,AW00023117,Deborah,Lee,S,F,2026-02-14
23118.0,AW00023118,Susan,Baker,S,F,2025-04-22
23119.0,AW00023119,Donald,White,S,M,2023-10-11
23120.0,AW00023120,William,Garcia,S,F,2025-11-14
23121.0,AW00023121,Joshua,Singh,M,M,2025-02-09
23122.0,AW00023122,Kenneth,Thomas,M,F,2026-05-07
23123.0,AW00023123,Andrew,Adams,S,F,2026-01-25
23124.0,AW00023124,Linda,Walker,S,F,2025-07-28
23125.0,AW00023125,Donna,Ngata,S,M,2026-03-06
23126.0,AW00023126,Kimberly,White,S,M,2023-12-15
23127.0,AW00023127,Betty,Thompson,S,M,2025-11-06
23128.0,AW00023128,Jessica,King,S,F,2023-02-07
23129.0,AW00023129,David,Allen,S,M,2025-02-10
23130.0,AW00023130,Aroha,Nime,M,F,2024-01-19
23131.0,AW00023131,Elizabeth,Lopez,S,M,2024-05-24
23132.0,AW00023132,Malia,Thomas,M,F,2026-01-27
23133.0,AW00023133,Amanda,King,M,M,2026-03-27
23134.0,AW00023134,Michael,Phillips,S,F,2024-06-25
23135.0,AW00023135,Sione,Parker,S,M,2023-11-12
23136.0,AW00023136,Patricia,Phillips,M,M,2024-12-29
23137.0,AW00023137,Emily,Carter,M,M,2026-03-11
23138.0,AW00023138,Stephanie,White,M,F,2024-02-11
23139.0,AW00023139,Jennifer,Walker,M,M,2025-03-21
23140.0,AW00023140,Sione,Smith,S,M,2023-11-22
23141.0,AW00023141,Mere,Roberts,S,F,2023-06-09
23142.0,AW00023142,Ronald,Martin,M,F,2026-02-07
23143.0,AW00023143,Sarah,Baker,S,F,2025-12-01
23144.0,AW00023144,Thomas,Thompson,S,F,2023-10-29
23145.0,AW00023145,Robert,Nime,S,F,2024-02-23
23146.0,AW00023146,Mere,Nime,S,M,2025-08-19
23147.0,AW00023147,Kenneth,Singh,M,F,2025-05-25
23148.0,AW00023148,Baraa,Green,M,M,2024-01-08
23149.0,AW00023149,Susan,Scott,S,M,2024-12-22
23150.0,AW00023150,Tane,Parker,M,M,2024-03-27
23151.0,AW00023151,Mary,Roberts,M,M,2023-10-05
23152.0,AW00023152,Mark,Turner,S,F,2023-07-20
23153.0,AW00023153,Peter,Hall,S,F,2023-03-02
23154.0,AW00023154,Joshua,Scott,M,M,2024-04-08
23155.0,AW00023155,Melissa,Johnson,S,M,2024-12-10
23156.0,AW00023156,Sarah,Turner,M,F,2025-06-14
23157.0,AW00023157,Andrew,Thomas,M,M,2025-06-02
23158.0,AW00023158,Barbara,Lee,S,F,2023-07-10
23159.0,AW00023159,Peter,Nelson,S,F,2026-05-11
23160.0,AW00023160,Steven,White,S,F,2025-03-10
23161.0,AW00023161,Jason,Williams,S,M,2025-05-10
23162.0,AW00023162,William,Miller,S,F,2024-10-29
23163.0,AW00023163,George,Johnson,S,F,2026-03-23
23164.0,AW00023164,Jennifer,Brown,S,M,2024-07-16
23165.0,AW00023165,Thomas,Lopez,M,M,2025-09-12
23166.0,AW00023166,Baraa,Thomas,M,M,2023-11-03
23167.0,AW00023167,Paul,Taylor,S,F,2023-05-06
23168.0,AW00023168,Charles,Smith,M,F,2023-03-29
23169.0,AW00023169,Anthony,Anderson,M,M,2023-03-01
23170.0,AW00023170,Jessica,Davis,S,F,2025-09-07
23171.0,AW00023171,Charles,Walker,S,F,2023-12-13
23172.0,AW00023172,Betty,Carter,S,F,2025-05-30
23173.0,AW00023173,Barbara,Allen,M,F,2023-09-15
23174.0,AW00023174,Donald,Thompson,S,F,2023-01-19
23175.0,AW00023175,Peter,Wright,S,F,2026-01-19
23176.0,AW00023176,Steven,Walker,Unknown,M,2025-05-04
23177.0,AW00023177,Jennifer,White,M,F,2023-05-21
23178.0,AW00023178,Thomas,White,M,M,2025-11-25
23179.0,AW00023179,Rebecca,Martin,M,M,2023-10-21
23180.0,AW00023180,David,Walker,M,F,2023-04-17
23181.0,AW00023181,Matthew,Turner,S,F,2025-04-17
23182.0,AW00023182,Karen,Taylor,M,M,2026-04-07
23183.0,AW00023183,Malia,Parker,S,F,2024-07-27
23184.0,AW00023184,Rebecca,Young,S,M,2024-08-26
23185.0,AW00023185,Anthony,Hall,M,M,2025-05-18
23186.0,AW00023186,Melissa,Thompson,S,F,2023-07-26
23187.0,AW00023187,Sione,Parker,S,M,2023-02-17
23188.0,AW00023188,Sione,Green,M,F,2024-04-23
23189.0,AW00023189,Sione,Kumar,S,F,2026-05-31
23190.0,AW00023190,Jessica,Wright,S,M,2025-01-30
23191.0,AW00023191,Joseph,Lee,S,F,2025-01-17
23192.0,AW00023192,Patricia,Anderson,M,M,2023-10-24
23193.0,AW00023193,Kimberly,Wilson,S,F,2024-06-14
23194.0,AW00023194,William,Singh,S,F,2023-03-29
23195.0,AW00023195,Steven,Jackson,M,M,2025-10-06
23196.0,AW00023196,Amanda,Lopez,S,M,2024-12-31
23197.0,AW00023197,Susan,Miller,M,F,2026-01-12
23198.0,AW00023198,John,Patel,M,M,2024-03-26
23199.0,AW00023199,William,Nelson,M,F,2024-03-10
23200.0,AW00023200,Stephanie,White,S,M,2024-12-26
23201.0,AW00023201,Peter,Moore,M,F,2023-11-20
23202.0,AW00023202,Nancy,Turner,M,F,2025-02-12
23203.0,AW00023203,Sandra,Baker,M,F,2025-08-15
23204.0,AW00023204,Joshua,Davis,S,M,2023-10-04
23205.0,AW00023205,Aroha,Davis,S,M,2025-08-21
23206.0,AW00023206,Rebecca,Scott,M,F,2026-02-12
23207.0,AW00023207,Anthony,Patel,S,F,2023-06-23
23208.0,AW00023208,Anthony,Jones,S,F,2024-07-20
23209.0,AW00023209,Michael,Miller,S,M,2023-01-09
23210.0,AW00023210,Deborah,Kumar,S,M,2025-03-29
23211.0,AW00023211,Charles,Clark,M,M,2024-01-22
23212.0,AW00023212,Betty,Moore,S,F,2023-10-28
23213.0,AW00023213,Malia,Martin,S,M,2024-05-15
23214.0,AW00023214,Tane,Manu,M,M,2025-09-25
23215.0,AW00023215,Kenneth,Campbell,S,F,2024-10-26
23216.0,AW00023216,Malia,Thompson,S,M,2024-02-15
23217.0,AW00023217,Matthew,Toalii,S,M,2025-12-24
23218.0,AW00023218,Betty,Jones,M,M,2025-12-20
23219.0,AW00023219,Linda,White,M,M,2023-12-23
23220.0,AW00023220,Thomas,Singh,S,F,2025-06-07
23221.0,AW00023221,David,Martin,S,F,2023-10-20
23222.0,AW00023222,Melissa,Lee,M,F,2025-12-12
23223.0,AW00023223,Betty,Martin,M,F,2024-03-01
23224.0,AW00023224,Keziah,Phillips,M,M,2023-10-25
23225.0,AW00023225,Mark,Patel,S,F,2025-06-23
23226.0,AW00023226,Amanda,Carter,M,M,2024-12-27
23227.0,AW00023227,Ronald,Martin,M,F,2024-04-10
23228.0,AW00023228,Brian,Nime,M,F,2026-01-26
23229.0,AW00023229,Amanda,Carter,S,F,2025-01-20
23230.0,AW00023230,Patricia,Roberts,M,F,2023-12-09
23231.0,AW00023231,Malia,Lewis,S,M,2023-03-18
23232.0,AW00023232,Daniel,Moore,M,F,2024-04-24
23233.0,AW00023233,Joseph,Lee,S,F,2025-08-20
23234.0,AW00023234,Richard,Anderson,S,M,2023-12-13
23235.0,AW00023235,Stephanie,Wright,M,M,2024-03-05
23236.0,AW00023236,Joshua,Moore,S,M,2023-07-11
23237.0,AW00023237,David,Williams,M,M,2023-02-23
23238.0,AW00023238,Ronald,Garcia,S,F,2025-06-26
23239.0,AW00023239,James,Allen,M,F,2024-01-02
23240.0,AW00023240,Susan,Green,M,M,2024-10-07
23241.0,AW00023241,Joseph,Baker,S,F,2025-07-04
23242.0,AW00023242,Ronald,Phillips,M,F,2024-09-15
23243.0,AW00023243,James,Lopez,M,M,2025-09-13
23244.0,AW00023244,Mary,Johnson,S,M,2023-02-20
23245.0,AW00023245,Kenneth,Turner,S,F,2023-03-12
23246.0,AW00023246,Andrew,Kumar,S,M,2023-10-27
23247.0,AW00023247,Kenneth,Smith,S,F,2023-08-28
23248.0,AW00023248,Peter,Lewis,M,F,2026-02-22
23249.0,AW00023249,Rebecca,Nime,S,F,2025-11-30
23250.0,AW00023250,Andrew,Turner,S,F,2026-01-08
23251.0,AW00023251,Carol,Wright,S,M,2024-08-11
23252.0,AW00023252,Susan,Campbell,M,M,2026-02-24
23253.0,AW00023253,Michelle,Johnson,S,M,2023-04-17
23254.0,AW00023254,Betty,Jackson,M,F,2024-09-24
23255.0,AW00023255,Peter,Toalii,M,M,2024-02-06
23256.0,AW00023256,Linda,Baker,M,M,2024-09-12
23257.0,AW00023257,Nancy,Jones,S,F,2025-07-03
23258.0,AW00023258,Kimberly,Martin,S,F,2023-03-28
23259.0,AW00023259,Karen,Kumar,S,M,2024-01-05
23260.0,AW00023260,Charles,Phillips,S,M,2023-11-13
23261.0,AW00023261,Joseph,Smith,S,F,2024-07-15
23262.0,AW00023262,Stephanie,Adams,M,M,2024-09-01
23263.0,AW00023263,Thomas,Young,S,M,2025-10-12
23264.0,AW00023264,William,Carter,S,F,2025-10-22
23265.0,AW00023265,Donna,Thompson,S,M,2024-02-24
23266.0,AW00023266,Emily,Perez,M,F,2025-04-28
23267.0,AW00023267,Michael,Clark,S,M,2023-12-03
23268.0,AW00023268,Malia,Miller,M,F,2024-03-10
23269.0,AW00023269,Aroha,Wilson,M,F,2026-01-04
23270.0,AW00023270,Amanda,Ngata,S,F,2023-12-30
23271.0,AW00023271,Mere,Moore,M,F,2025-12-23
23272.0,AW00023272,Rebecca,King,S,F,2024-11-14
23273.0,AW00023273,Linda,Davis,M,M,2023-04-02
23274.0,AW00023274,Paul,Toalii,S,M,2023-03-13
23275.0,AW00023275,Karen,Garcia,S,F,2024-01-08
23276.0,AW00023276,Tane,Davis,M,M,2024-11-09
23277.0,AW00023277,Betty,Martin,S,F,2024-03-09
23278.0,AW00023278,Baraa,Scott,S,M,2024-05-16
23279.0,AW00023279,Timothy,Parker,M,M,2023-05-23
23280.0,AW00023280,Melissa,Toalii,S,M,2024-01-24
23281.0,AW00023281,Barbara,Adams,S,M,2024-01-23
23282.0,AW00023282,Michelle,Turner,S,F,2023-08-08
23283.0,AW00023283,Paul,Martin,M,M,2025-06-14
23284.0,AW00023284,Timothy,Roberts,S,M,2023-07-22
23285.0,AW00023285,Ronald,Johnson,M,M,2023-04-14
23286.0,AW00023286,Amanda,King,M,M,2025-08-31
23287.0,AW00023287,Barbara,Jones,,F,2025-08-13
23288.0,AW00023288,James,Parker,M,F,2023-10-21
23289.0,AW00023289,Linda,Williams,S,M,2023-04-26
23290.0,AW00023290,Patricia,Miller,M,F,2024-09-16
23291.0,AW00023291,Tane,Allen,S,M,2023-09-12
23292.0,AW00023292,Kimberly,Hall,M,M,2025-04-07
23293.0,AW00023293,William,Wilson,S,F,2023-04-29
23294.0,AW00023294,Barbara,Walker,S,M,2024-11-24
23295.0,AW00023295,George,Wright,M,F,2023-02-17
23296.0,AW00023296,Andrew,Clark,S,F,2026-02-22
23297.0,AW00023297,Ashley,Campbell,M,M,2024-07-31
23298.0,AW00023298,Linda,Perez,S,F,2023-10-29
23299.0,AW00023299,Stephanie,Adams,M,F,2025-07-17
23300.0,AW00023300,Rebecca,Scott,M,F,2026-03-29
23301.0,AW00023301,Jennifer,Adams,M,M,2024-10-25
23302.0,AW00023302,Mark,Clark,M,F,2025-03-31
23303.0,AW00023303,Charles,Carter,S,F,2025-10-27
23304.0,AW00023304,Emily,Carter,M,M,2025-12-25
23305.0,AW00023305,Emily,Hall,S,M,2023-10-31
23306.0,AW00023306,Amanda,Lopez,M,M,2024-10-08
23307.0,AW00023307,Jason,White,M,M,2025-07-07
23308.0,AW00023308,Kimberly,Anderson,S,F,2024-12-29
23309.0,AW00023309,Donna,Jones,M,F,2023-11-26
23310.0,AW00023310,Melissa,Moore,S,M,2023-10-07
23311.0,AW00023311,Kenneth,Jones,M,M,2024-02-03
23312.0,AW00023312,Andrew,Baker,S,F,2025-10-31
23313.0,AW00023313,Mere,Brown,S,F,2025-06-12
23314.0,AW00023314,Joseph,Allen,S,M,2024-10-12
23315.0,AW00023315,Joseph,Patel,S,F,2025-02-27
23316.0,AW00023316,Amanda,Mitchell,S,M,2025-11-24
23317.0,AW00023317,Kimberly,Phillips,M,F,2026-02-11
23318.0,AW00023318,Joseph,Hall,M,F,2024-05-18
23319.0,AW00023319,Rebecca,Jackson,M,F,2025-05-20
23320.0,AW00023320,Barbara,Young,S,F,2024-06-20
23321.0,AW00023321,Mary,Scott,S,F,2024-05-25
23322.0,AW00023322,Keziah,Clark,S,M,2024-02-15
23323.0,AW00023323,Barbara,Hall,M,M,2024-04-01
23324.0,AW00023324,Matthew,Nelson,M,M,2023-02-23
23325.0,AW00023325,Susan,Green,S,F,2025-07-08
23326.0,AW00023326,Nancy,Young,M,M,2023-12-24
23327.0,AW00023327,Joseph,Anderson,S,M,2025-05-04
23328.0,AW00023328,Carol,Jackson,S,F,2023-12-25
23329.0,AW00023329,Tane,Brown,M,M,2026-02-25
23330.0,AW00023330,Mark,Allen,M,M,2023-09-18
23331.0,AW00023331,Daniel,Brown,M,M,2023-12-28
23332.0,AW00023332,Jason,Moore,M,F,2025-10-23
23333.0,AW00023333,George,Brown,S,F,2025-02-24
23334.0,AW00023334,Charles,Walker,M,F,2024-10-02
23335.0,AW00023335,James,Davis,M,M,2025-10-18
23336.0,AW00023336,Barbara,Brown,M,F,2023-09-11
23337.0,AW00023337,Timothy,Brown,M,M,2026-04-20
23338.0,AW00023338,Ashley,Williams,S,M,2025-02-05
23339.0,AW00023339,Malia,Jones,M,M,2026-04-19
23340.0,AW00023340,Andrew,Smith,M,F,2023-09-23
23341.0,AW00023341,Mark,Kumar,M,,2023-03-12
23342.0,AW00023342,Baraa,Taylor,S,M,2023-01-14
23343.0,AW00023343,Sione,Lewis,S,M,2025-09-18
23344.0,AW00023344,Nancy,Martin,S,F,2025-08-03
23345.0,AW00023345,Melissa,Thomas,M,M,2023-06-23
23346.0,AW00023346,Jason,Hall,M,F,2025-08-08
23347.0,AW00023347,Mark,Perez,M,M,2025-06-17
23348.0,AW00023348,Robert,Miller,M,M,2024-01-27
23349.0,AW00023349,Kimberly,Thompson,S,F,2023-12-30
23350.0,AW00023350,Sarah,Parker,M,M,2023-12-09
23351.0,AW00023351,John,Wright,M,F,2023-01-08
23352.0,AW00023352,Mark,Moore,S,F,2023-03-21
23353.0,AW00023353,Andrew,Patel,M,F,2023-03-03
23354.0,AW00023354,Aroha,Jackson,S,M,2024-04-03
23355.0,AW00023355,Emily,Miller,M,M,2026-02-02
23356.0,AW00023356,Jennifer,Adams,S,M,2025-12-31
23357.0,AW00023357,Brian,Nelson,M,F,2025-02-27
23358.0,AW00023358,John,Wright,S,M,2025-07-07
23359.0,AW00023359,Joseph,Jackson,S,M,2024-11-26
23360.0,AW00023360,Keziah,Thompson,S,M,2026-04-01
23361.0,AW00023361,Charles,Garcia,M,F,2024-06-21
23362.0,AW00023362,Mark,Brown,M,F,2023-08-23
23363.0,AW00023363,Joshua,Nime,S,F,2024-04-02
23364.0,AW00023364,Emily,Baker,S,M,2024-04-21
23365.0,AW00023365,Sarah,Davis,S,F,2023-10-17
23366.0,AW00023366,Jennifer,Singh,M,F,2023-07-29
23367.0,AW00023367,Carol,Lee,S,F,2024-02-04
23368.0,AW00023368,Jason,King,M,M,2023-05-01
23369.0,AW00023369,Mere,Carter,M,M,2025-10-25
23370.0,AW00023370,Donna,Moore,S,M,2023-07-05
23371.0,AW00023371,Keziah,Carter,M,F,2024-01-05
23372.0,AW00023372,Nancy,Ngata,S,F,2023-07-13
23373.0,AW00023373,Lisa,Roberts,S,F,2024-03-08
23374.0,AW00023374,Richard,Garcia,S,M,2025-09-16
23375.0,AW00023375,Emily,Turner,S,F,2024-04-04
23376.0,AW00023376,Joshua,Smith,M,M,2024-07-28
23377.0,AW00023377,Joseph,Wilson,S,M,2024-12-21
23378.0,AW00023378,Keziah,Hall,S,M,2026-05-03
23379.0,AW00023379,Michael,Lee,S,F,2024-07-21
23380.0,AW00023380,Melissa,Lee,S,F,2025-12-09
23381.0,AW00023381,Keziah,Kumar,M,F,2023-10-14
23382.0,AW00023382,Amanda,Roberts,M,M,2024-10-15
23383.0,AW00023383,Kimberly,Martin,M,M,2023-08-12
23384.0,AW00023384,Nancy,Brown,S,M,2026-02-23
23385.0,AW00023385,Brian,Young,S,M,2023-09-04
23386.0,AW00023386,Patricia,Thomas,M,F,2024-02-29
23387.0,AW00023387,Brian,Manu,M,F,2024-06-20
23388.0,AW00023388,James,Jones,S,F,2024-07-16
23389.0,AW00023389,Sione,Baker,M,M,2023-06-14
23390.0,AW00023390,Stephanie,Thompson,S,F,2023-04-23
23391.0,AW00023391,Michelle,Singh,M,M,2025-09-17
23392.0,AW00023392,Nancy,Campbell,S,F,2025-03-06
23393.0,AW00023393,Mark,Kumar,S,F,2026-01-24
23394.0,AW00023394,Brian,Taylor,S,F,2023-11-09
23395.0,AW00023395,Jennifer,Ngata,M,M,2025-05-15
23396.0,AW00023396,Aroha,Thomas,M,M,2024-12-10
23397.0,AW00023397,Thomas,Jackson,S,M,2025-03-15
23398.0,AW00023398,Donna,Williams,M,F,2025-09-21
23399.0,AW00023399,Keziah,Scott,M,F,2024-05-03
23400.0,AW00023400,Andrew,Allen,S,F,2024-02-08
23401.0,AW00023401,Mary,Jones,M,F,2023-11-27
23402.0,AW00023402,George,Adams,M,F,2023-04-09
23403.0,AW00023403,John,Baker,M,F,2026-04-23
23404.0,AW00023404,Michelle,Turner,S,M,2024-12-05
23405.0,AW00023405,Susan,Thomas,S,F,2023-07-29
23406.0,AW00023406,Carol,Lee,M,M,2023-10-18
23407.0,AW00023407,Sarah,Miller,M,M,2023-10-01
23408.0,AW00023408,Richard,Garcia,M,F,2026-05-10
23409.0,AW00023409,Charles,Nelson,M,M,2025-07-14
23410.0,AW00023410,Kenneth,Brown,M,M,2024-07-18
23411.0,AW00023411,Jessica,Jackson,M,F,2024-02-08
23412.0,AW00023412,Emily,Mitchell,M,F,2023-09-15
23413.0,AW00023413,Stephanie,Manu,M,F,2026-02-24
23414.0,AW00023414,Stephanie,Clark,S,F,2024-07-05
23415.0,AW00023415,Steven,Perez,M,F,2023-04-28
23416.0,AW00023416,Jennifer,Scott,M,F,2026-04-05
23417.0,AW00023417,Joseph,Nime,M,M,2025-01-01
23418.0,AW00023418,Jason,Carter,M,F,2026-05-13
23419.0,AW00023419,Thomas,Jones,M,F,2023-02-20
23420.0,AW00023420,Karen,Nelson,S,F,2024-11-26
23421.0,AW00023421,Jessica,White,M,F,2026-04-19
23422.0,AW00023422,Joshua,Nelson,S,F,2025-02-25
23423.0,AW00023423,Linda,Turner,M,F,2023-01-16
23424.0,AW00023424,Nancy,Ngata,S,M,2023-09-07
23425.0,AW00023425,George,Jones,M,F,2024-02-14
23426.0,AW00023426,Rebecca,White,M,M,2025-07-27
23427.0,AW00023427,Kenneth,Lewis,S,F,2023-03-18
23428.0,AW00023428,Susan,Thomas,S,F,2023-10-21
23429.0,AW00023429,Amanda,Lewis,S,M,2024-09-13
23430.0,AW00023430,Mere,Wilson,S,M,2025-09-06
23431.0,AW00023431,Mark,Brown,S,M,2026-01-26
23432.0,AW00023432,Kimberly,Singh,M,M,2023-05-28
23433.0,AW00023433,Matthew,Thompson,M,F,2023-03-27
23434.0,AW00023434,Joseph,Miller,M,M,2023-11-14
23435.0,AW00023435,Matthew,Turner,S,F,2025-01-21
23436.0,AW00023436,Carol,Jackson,M,F,2025-10-09
23437.0,AW00023437,Thomas,Patel,M,F,2025-11-24
23438.0,AW00023438,Sandra,White,S,F,2025-12-20
23439.0,AW00023439,Karen,Manu,S,M,2024-06-25
23440.0,AW00023440,Daniel,Jones,M,F,2023-11-24
23441.0,AW00023441,Steven,Thompson,M,F,2024-02-03
23442.0,AW00023442,Unknown,Hall,M,F,2025-11-28
23443.0,AW00023443,Barbara,Mitchell,M,M,2023-01-22
23444.0,AW00023444,Deborah,Davis,S,F,2026-01-15
23445.0,AW00023445,Sandra,Perez,S,M,2024-01-07
23446.0,AW00023446,Ronald,Mitchell,M,M,2024-08-25
23447.0,AW00023447,David,Toalii,S,F,2024-10-27
23448.0,AW00023448,Tane,Nime,M,M,2025-09-19
23449.0,AW00023449,Keziah,Williams,S,M,2023-10-31
23450.0,AW00023450,Rebecca,Davis,M,F,2025-09-14
23451.0,AW00023451,Linda,Baker,M,F,2025-05-25
23452.0,AW00023452,Aroha,Young,M,M,2026-03-29
23453.0,AW00023453,Jason,White,S,M,2026-03-09
23454.0,AW00023454,Brian,Nelson,M,M,2023-03-22
23455.0,AW00023455,Brian,Davis,M,F,2025-11-16
23456.0,AW00023456,Richard,Nime,S,F,2023-10-04
23457.0,AW00023457,Susan,Baker,S,M,2025-06-25
23458.0,AW00023458,Jason,Campbell,M,F,2024-02-05
23459.0,AW00023459,Malia,Ngata,M,M,2024-05-29
23460.0,AW00023460,Donna,Nime,S,M,2023-12-28
23461.0,AW00023461,George,Lee,S,F,2023-11-28
23462.0,AW00023462,Mere,White,S,F,2026-05-22
23463.0,AW00023463,Steven,Brown,M,M,2024-10-06
23464.0,AW00023464,Jason,Walker,M,F,2024-07-04
23465.0,AW00023465,Carol,Turner,S,M,2025-05-26
23466.0,AW00023466,Betty,Nime,M,F,2023-01-31
23467.0,AW00023467,James,Jones,M,M,2024-06-28
23468.0,AW00023468,Elizabeth,Lee,M,F,2026-03-27
23469.0,AW00023469,James,Campbell,S,M,2026-05-17
23470.0,AW00023470,Karen,Carter,M,M,2024-06-04
23471.0,AW00023471,Linda,Toalii,M,F,2023-10-11
23472.0,AW00023472,Daniel,Nelson,S,M,2023-08-10
23473.0,AW00023473,Nancy,Martin,M,M,2024-12-26
23474.0,AW00023474,Amanda,Allen,S,F,2023-06-16
23475.0,AW00023475,Emily,Toalii,S,M,2023-11-13
23476.0,AW00023476,Jessica,Lewis,M,M,2024-03-07
23477.0,AW00023477,Jason,Allen,S,M,2026-01-09
23478.0,AW00023478,Patricia,Taylor,M,F,2026-02-04
23479.0,AW00023479,Linda,Wilson,S,M,2023-01-08
23480.0,AW00023480,George,Patel,S,F,2025-02-22
23481.0,AW00023481,Kenneth,Jackson,M,M,2023-05-14
23482.0,AW00023482,Sione,Thomas,M,M,2023-09-15
23483.0,AW00023483,Michael,Green,S,M,2023-10-10
23484.0,AW00023484,Timothy,Clark,S,M,2023-12-22
23485.0,AW00023485,Peter,Wilson,M,M,2023-12-02
23486.0,AW00023486,Baraa,Allen,S,M,2023-06-26
23487.0,AW00023487,Mark,Moore,M,F,2024-11-05
23488.0,AW00023488,Charles,Taylor,M,M,2024-07-11
23489.0,AW00023489,Keziah,Lee,S,F,2023-03-21
23490.0,AW00023490,Jason,Anderson,S,F,2025-07-16
23491.0,AW00023491,Sandra,Nime,M,F,2023-01-23
23492.0,AW00023492,Joseph,Thomas,M,M,2023-07-04
23493.0,AW00023493,Linda,Thompson,S,F,2024-08-21
23494.0,AW00023494,Barbara,Wilson,S,M,2023-05-01
23495.0,AW00023495,John,Brown,S,M,2023-09-09
23496.0,AW00023496,Stephanie,Wright,S,F,2023-07-14
23497.0,AW00023497,Elizabeth,Phillips,M,M,2023-09-06
23498.0,AW00023498,Andrew,Brown,M,M,2024-08-24
23499.0,AW00023499,Jessica,King,S,M,2023-10-30
23500.0,AW00023500,Amanda,Mitchell,M,F,2024-01-10
23501.0,AW00023501,Mere,Scott,S,M,2026-01-28
23502.0,AW00023502,Joseph,Smith,M,M,2025-04-29
23503.0,AW00023503,Malia,Brown,M,M,2023-08-19
23504.0,AW00023504,Ronald,Mitchell,S,F,2023-11-08
23505.0,AW00023505,Jennifer,Manu,M,F,2024-07-31
23506.0,AW00023506,James,Walker,S,F,2023-11-30
23507.0,AW00023507,Deborah,Williams,S,M,2025-08-21
23508.0,AW00023508,Carol,Parker,S,F,2023-03-09
23509.0,AW00023509,Mere,Johnson,M,M,2025-02-11
23510.0,AW00023510,Patricia,Moore,S,F,2025-05-26
23511.0,AW00023511,Amanda,Singh,M,M,2023-06-09
23512.0,AW00023512,Betty,Smith,M,F,2024-07-09
23513.0,AW00023513,Keziah,Miller,S,M,2026-03-21
23514.0,AW00023514,Malia,Roberts,M,F,2024-03-04
23515.0,AW00023515,Michelle,King,S,F,2025-06-04
23516.0,AW00023516,Elizabeth,Toalii,M,M,2023-02-07
23517.0,AW00023517,Michelle,Wilson,M,M,2025-09-21
23518.0,AW00023518,Daniel,Smith,M,M,2024-09-08
23519.0,AW00023519,Linda,Taylor,S,M,2023-06-09
23520.0,AW00023520,William,Patel,M,M,2025-04-10
23521.0,AW00023521,Brian,Mitchell,S,F,2023-08-22
23522.0,AW00023522,Sarah,Lee,S,M,2026-05-23
23523.0,AW00023523,Melissa,Jones,S,M,2024-06-01
23524.0,AW00023524,Amanda,Perez,S,M,2023-06-05
23525.0,AW00023525,Carol,Hall,S,M,2025-10-10
23526.0,AW00023526,James,White,M,M,2026-05-29
23527.0,AW00023527,Michelle,Wilson,M,F,2025-09-07
23528.0,AW00023528,Barbara,Mitchell,M,M,2026-02-13
23529.0,AW00023529,Brian,Davis,S,F,2024-12-29
23530.0,AW00023530,Melissa,Garcia,S,M,2025-01-25
23531.0,AW00023531,John,Roberts,M,M,2025-03-02
23532.0,AW00023532,Emily,Perez,S,M,2025-10-14
23533.0,AW00023533,Malia,Green,S,M,2023-07-18
23534.0,AW00023534,Kenneth,Wilson,M,F,2024-08-23
23535.0,AW00023535,Rebecca,Wright,M,F,2024-10-14
23536.0,AW00023536,Peter,Parker,M,M,2023-09-07
23537.0,AW00023537,Robert,Campbell,S,M,2025-06-01
23538.0,AW00023538,Patricia,Taylor,M,M,2025-04-13
23539.0,AW00023539,George,Adams,S,F,2024-03-08
23540.0,AW00023540,Mary,King,S,F,2023-06-30
23541.0,AW00023541,Michelle,Patel,S,M,2023-01-14
23542.0,AW00023542,John,Baker,M,F,2024-12-02
23543.0,AW00023543,Jessica,Taylor,M,F,2024-06-28
23544.0,AW00023544,Rebecca,King,M,M,2024-01-10
23545.0,AW00023545,William,Lopez,S,M,2023-09-13
23546.0,AW00023546,Lisa,Turner,S,M,2024-10-15
23547.0,AW00023547,Richard,Lee,S,M,2024-11-25
23548.0,AW00023548,John,Brown,S,F,2025-02-12
23549.0,AW00023549,Keziah,Mitchell,S,F,2024-01-17
23550.0,AW00023550,Michael,Kumar,M,M,2024-09-09
23551.0,AW00023551,Elizabeth,Perez,S,M,2023-11-07
23552.0,AW00023552,Sione,Moore,M,M,2025-03-22
23553.0,AW00023553,Michelle,King,M,M,2026-05-13
23554.0,AW00023554,Ronald,Phillips,M,F,2025-09-27
23555.0,AW00023555,Patricia,Lewis,S,F,2024-09-09
23556.0,AW00023556,Timothy,Young,S,F,2026-04-11
23557.0,AW00023557,Thomas,Jackson,S,M,2025-02-16
23558.0,AW00023558,Ashley,Jackson,S,F,2025-05-14
23559.0,AW00023559,Malia,Adams,S,M,2024-09-14
23560.0,AW00023560,Timothy,Toalii,S,M,2026-01-19
23561.0,AW00023561,David,Davis,M,F,2023-06-05
23562.0,AW00023562,Tane,Lopez,S,M,2025-06-05
23563.0,AW00023563,Rebecca,Clark,M,F,2023-01-13
23564.0,AW00023564,Ashley,Davis,S,F,2024-03-22
23565.0,AW00023565,Ronald,Garcia,M,F,2023-08-28
23566.0,AW00023566,James,Ngata,M,M,2023-06-17
23567.0,AW00023567,James,Carter,M,F,2024-07-31
23568.0,AW00023568,Jessica,Turner,M,M,2025-10-09
23569.0,AW00023569,Timothy,Lewis,S,M,2026-01-20
23570.0,AW00023570,Amanda,Scott,M,F,2025-11-05
23571.0,AW00023571,Michael,Allen,M,F,2024-05-01
23572.0,AW00023572,Peter,Parker,M,M,2024-09-07
23573.0,AW00023573,Jason,Thompson,S,F,2024-07-29
23574.0,AW00023574,Paul,Johnson,S,F,2024-12-14
23575.0,AW00023575,Matthew,Ngata,S,M,2026-02-27
23576.0,AW00023576,John,Smith,S,M,2023-06-17
23577.0,AW00023577,Richard,Allen,M,M,2026-02-06
23578.0,AW00023578,Aroha,Thomas,M,F,2024-10-29
23579.0,AW00023579,David,Kumar,S,F,2023-11-29
23580.0,AW00023580,Lisa,Manu,M,F,2026-01-15
23581.0,AW00023581,George,Martin,M,M,2025-01-02
23582.0,AW00023582,Tane,Thompson,S,F,2023-06-19
23583.0,AW00023583,Mary,Mitchell,S,M,2025-06-20
23584.0,AW00023584,Baraa,Lee,S,M,2023-06-05
23585.0,AW00023585,Lisa,Toalii,S,M,2026-03-26
23586.0,AW00023586,Jessica,White,S,M,2024-12-09
23587.0,AW00023587,Sione,Thompson,M,F,2023-10-29
23588.0,AW00023588,Mary,Mitchell,S,M,2025-03-15
23589.0,AW00023589,Joseph,Parker,S,F,2024-04-29
23590.0,AW00023590,Thomas,Singh,S,M,2024-02-28
23591.0,AW00023591,Betty,King,S,F,2025-11-16
23592.0,AW00023592,Nancy,Jackson,M,F,2024-08-22
23593.0,AW00023593,Paul,Manu,S,F,2024-07-13
23594.0,AW00023594,Daniel,Martin,S,M,2023-11-21
23595.0,AW00023595,Lisa,White,S,M,2026-02-02
23596.0,AW00023596,Lisa,Perez,S,M,2025-06-15
23597.0,AW00023597,Stephanie,Davis,M,F,2025-04-25
23598.0,AW00023598,Mary,Lopez,S,M,2023-05-27
23599.0,AW00023599,Jason,Garcia,M,F,2025-03-07
23600.0,AW00023600,Mere,King,M,F,2023-07-15
23601.0,AW00023601,Barbara,Nelson,S,M,2024-10-17
23602.0,AW00023602,Baraa,Scott,S,F,2023-04-27
23603.0,AW00023603,Charles,Lee,S,M,2023-06-23
23604.0,AW00023604,Joseph,Hall,M,F,2026-03-31
23605.0,AW00023605,Ronald,Williams,S,M,2024-07-01
23606.0,AW00023606,Sandra,Green,M,F,2023-07-20
23607.0,AW00023607,Robert,Perez,S,F,2025-01-06
23608.0,AW00023608,Karen,Scott,,F,2023-07-27
23609.0,AW00023609,Michael,Lopez,M,F,2024-11-17
23610.0,AW00023610,Michael,Brown,S,F,2023-12-30
23611.0,AW00023611,Baraa,Campbell,S,M,2024-04-07
23612.0,AW00023612,Robert,Baker,M,M,2025-01-15
23613.0,AW00023613,Jessica,Nelson,S,F,2023-02-17
23614.0,AW00023614,Donald,Green,S,F,2025-07-08
23615.0,AW00023615,Baraa,Baker,S,F,2023-02-13
23616.0,AW00023616,George,Baker,M,M,2025-10-31
23617.0,AW00023617,Thomas,Lopez,M,F,2025-08-05
23618.0,AW00023618,Robert,Nelson,M,F,2023-03-23
23619.0,AW00023619,Donna,Davis,M,M,2024-07-02
23620.0,AW00023620,Sandra,Patel,M,M,2025-08-21
23621.0,AW00023621,Rebecca,Clark,S,M,2024-03-26
23622.0,AW00023622,Peter,Thomas,S,F,2026-04-18
23623.0,AW00023623,Patricia,Wilson,S,F,2023-05-31
23624.0,AW00023624,Keziah,Adams,S,F,2023-11-21
23625.0,AW00023625,Rebecca,Singh,S,F,2026-03-22
23626.0,AW00023626,Aroha,Taylor,M,M,2024-11-04
23627.0,AW00023627,Patricia,Lopez,S,F,2023-01-05
23628.0,AW00023628,Charles,White,S,F,2024-03-21
23629.0,AW00023629,Brian,Phillips,S,M,2024-08-14
23630.0,AW00023630,Sione,Davis,S,F,2024-01-22
23631.0,AW00023631,Daniel,Garcia,S,F,2026-01-21
23632.0,AW00023632,Linda,Parker,S,M,2026-02-13
23633.0,AW00023633,William,Roberts,M,F,2023-11-11
23634.0,AW00023634,Anthony,Taylor,M,M,2023-06-19
23635.0,AW00023635,Deborah,Young,Unknown,F,2025-10-13
23636.0,AW00023636,Sandra,Taylor,M,F,2023-01-08
23637.0,AW00023637,Sarah,Martin,S,M,2025-10-07
23638.0,AW00023638,Kenneth,Johnson,S,F,2025-01-12
23639.0,AW00023639,Steven,Carter,S,F,2023-04-06
23640.0,AW00023640,Donna,Miller,S,F,2024-12-11
23641.0,AW00023641,Deborah,Thompson,M,F,2023-05-18
23642.0,AW00023642,Sarah,King,M,M,2025-04-03
23643.0,AW00023643,Karen,Hall,S,F,2024-01-31
23644.0,AW00023644,Malia,Parker,S,F,2024-03-03
23645.0,AW00023645,Melissa,Clark,M,F,2025-03-16
23646.0,AW00023646,Joseph,Wright,M,M,2024-04-10
23647.0,AW00023647,Steven,Ngata,M,M,2024-10-05
23648.0,AW00023648,Ronald,Baker,S,F,2025-01-13
23649.0,AW00023649,Anthony,Ngata,S,M,2023-03-22
23650.0,AW00023650,Sione,Walker,S,M,2023-04-04
23651.0,AW00023651,Linda,Adams,S,F,2024-07-24
23652.0,AW00023652,Robert,Martin,S,F,2025-08-15
23653.0,AW00023653,Michelle,Campbell,S,F,2023-06-10
23654.0,AW00023654,Rebecca,Patel,S,M,2024-09-03
23655.0,AW00023655,Elizabeth,Allen,M,F,2023-01-29
23656.0,AW00023656,Lisa,Patel,S,M,2023-02-28
23657.0,AW00023657,Rebecca,Lee,S,F,2024-11-11
23658.0,AW00023658,Joshua,Brown,S,M,2025-02-24
23659.0,AW00023659,Sarah,Turner,M,F,2024-09-03
23660.0,AW00023660,Charles,Toalii,S,M,2024-08-31
23661.0,AW00023661,Lisa,Wilson,M,M,2024-10-15
23662.0,AW00023662,David,Nelson,M,M,2023-09-11
23663.0,AW00023663,Andrew,Brown,S,M,2025-04-07
23664.0,AW00023664,Keziah,Walker,S,M,2023-02-17
23665.0,AW00023665,Donald,Davis,S,M,2024-03-08
23666.0,AW00023666,Mere,White,M,M,2025-07-29
23667.0,AW00023667,Michelle,Miller,M,M,2025-10-12
23668.0,AW00023668,Melissa,Kumar,S,M,2023-09-25
23669.0,AW00023669,Brian,Green,S,F,2023-10-20
23670.0,AW00023670,Baraa,Jones,M,M,2025-12-03
23671.0,AW00023671,Michael,Scott,S,F,2025-03-09
23672.0,AW00023672,Sarah,Kumar,M,F,2025-11-04
23673.0,AW00023673,Emily,Kumar,S,F,2024-01-23
23674.0,AW00023674,Emily,Miller,M,M,2023-07-04
23675.0,AW00023675,John,Thompson,M,M,2025-05-10
23676.0,AW00023676,George,Wilson,S,M,2023-01-03
23677.0,AW00023677,Deborah,Clark,M,M,2024-07-13
23678.0,AW00023678,Tane,Campbell,S,M,2024-12-03
23679.0,AW00023679,Stephanie,Patel,S,M,2023-08-01
23680.0,AW00023680,Susan,Brown,S,F,2023-07-31
23681.0,AW00023681,Karen,Young,M,F,2026-01-18
23682.0,AW00023682,Peter,Campbell,S,F,2025-01-20
23683.0,AW00023683,Michael,Brown,M,F,2023-03-29
23684.0,AW00023684,Lisa,Adams,M,M,2024-08-18
23685.0,AW00023685,Kimberly,Brown,S,M,2026-02-09
23686.0,AW00023686,Ronald,Nime,M,M,2026-03-21
23687.0,AW00023687,Michelle,Johnson,S,F,2023-10-13
23688.0,AW00023688,Michael,Wilson,M,F,2023-02-10
23689.0,AW00023689,Carol,Lopez,S,M,2023-04-12
23690.0,AW00023690,Aroha,Patel,S,M,2025-09-28
23691.0,AW00023691,William,Taylor,S,F,2023-05-03
23692.0,AW00023692,Michelle,Patel,S,M,2025-05-26
23693.0,AW00023693,Jennifer,Lopez,S,M,2023-10-13
23694.0,AW00023694,Barbara,Lewis,S,F,2024-07-09
23695.0,AW00023695,Sandra,Campbell,M,M,2026-05-20
23696.0,AW00023696,Donna,Carter,M,M,2024-07-24
23697.0,AW00023697,Sarah,Phillips,M,M,2023-12-18
23698.0,AW00023698,Kimberly,Lee,M,M,2024-09-21
23699.0,AW00023699,Timothy,Green,M,F,2023-11-29
23700.0,AW00023700,Linda,Roberts,S,M,2023-05-28
23701.0,AW00023701,Anthony,Toalii,M,F,2026-03-28
23702.0,AW00023702,Brian,Lewis,S,F,2025-11-03
23703.0,AW00023703,Kimberly,Johnson,S,F,2025-08-25
23704.0,AW00023704,Michael,Manu,S,M,2024-03-25
23705.0,AW00023705,John,King,S,F,2024-02-05
23706.0,AW00023706,Robert,Moore,M,M,2023-07-28
23707.0,AW00023707,Robert,Miller,S,M,2025-12-03
23708.0,AW00023708,Donald,Patel,S,M,2024-12-30
23709.0,AW00023709,Carol,Hall,M,,2026-03-24
23710.0,AW00023710,Donna,Roberts,M,M,2023-01-29
23711.0,AW00023711,Matthew,Young,M,M,2026-01-22
23712.0,AW00023712,John,Wilson,M,F,2026-02-11
23713.0,AW00023713,Malia,Mitchell,S,F,2024-06-10
23714.0,AW00023714,Joshua,Hall,S,F,2025-03-01
23715.0,AW00023715,Barbara,Manu,S,F,2024-03-25
23716.0,AW00023716,Rebecca,Jackson,M,M,2025-06-04
23717.0,AW00023717,Aroha,Taylor,M,F,2024-07-21
23718.0,AW00023718,Amanda,Ngata,M,M,2024-10-31
23719.0,AW00023719,Michael,Thompson,S,M,2024-12-22
23720.0,AW00023720,Andrew,Martin,M,M,2026-03-25
23721.0,AW00023721,Patricia,Garcia,S,F,2025-08-03
23722.0,AW00023722,Sarah,Phillips,M,M,2025-12-08
23723.0,AW00023723,Sione,Garcia,S,F,2025-02-20
23724.0,AW00023724,Jessica,King,S,F,2023-10-20
23725.0,AW00023725,Michelle,Lee,S,F,2026-01-30
23726.0,AW00023726,Peter,Manu,M,M,2024-03-03
23727.0,AW00023727,Michelle,Lopez,S,M,2025-01-20
23728.0,AW00023728,Sandra,Scott,S,M,2023-06-18
23729.0,AW00023729,Michelle,Adams,S,M,2026-04-11
23730.0,AW00023730,David,Kumar,M,F,2025-08-26
23731.0,AW00023731,Brian,Nelson,S,M,2025-05-25
23732.0,AW00023732,Kimberly,King,S,F,2023-09-21
23733.0,AW00023733,Keziah,Turner,S,F,2023-02-05
23734.0,AW00023734,Linda,Carter,M,F,2024-07-31
23735.0,AW00023735,Donald,Thomas,M,M,2025-05-26
23736.0,AW00023736,Sandra,Campbell,S,M,2025-08-18
23737.0,AW00023737,Michelle,Anderson,S,F,2023-12-30
23738.0,AW00023738,Richard,White,M,F,2025-02-10
23739.0,AW00023739,Thomas,Williams,M,F,2023-07-12
23740.0,AW00023740,Susan,Young,S,M,2026-05-17
23741.0,AW00023741,Linda,Lewis,M,M,2023-02-10
23742.0,AW00023742,Tane,Toalii,S,M,2025-07-03
23743.0,AW00023743,Steven,Lee,S,F,2023-12-06
23744.0,AW00023744,Lisa,Taylor,M,M,2023-10-27
23745.0,AW00023745,Elizabeth,Davis,M,M,2023-06-28
23746.0,AW00023746,Joseph,Anderson,M,M,2024-02-29
23747.0,AW00023747,Robert,Williams,M,F,2025-12-26
23748.0,AW00023748,Richard,Taylor,S,M,2024-01-02
23749.0,AW00023749,Ronald,Mitchell,M,F,2026-03-21
23750.0,AW00023750,Lisa,Lewis,M,F,2023-11-04
23751.0,AW00023751,George,Thompson,S,F,2024-11-17
23752.0,AW00023752,Elizabeth,Martin,M,M,2024-10-12
23753.0,AW00023753,Mark,Martin,S,F,2026-05-28
23754.0,AW00023754,Timothy,Perez,M,M,2023-02-09
23755.0,AW00023755,James,Johnson,S,M,2025-06-03
23756.0,AW00023756,Barbara,Moore,S,M,2023-04-09
23757.0,AW00023757,Peter,Patel,S,F,2025-06-02
23758.0,AW00023758,Sarah,Campbell,M,M,2024-09-03
23759.0,AW00023759,Paul,Taylor,M,M,2023-02-06
23760.0,AW00023760,Sandra,White,S,F,2024-06-05
23761.0,AW00023761,Kenneth,Singh,S,F,2025-02-04
23762.0,AW00023762,Anthony,Clark,S,M,2024-06-25
23763.0,AW00023763,Mark,Kumar,S,M,2026-03-20
23764.0,AW00023764,Jessica,Taylor,S,M,2024-09-14
23765.0,AW00023765,George,Walker,S,M,2026-03-27
23766.0,AW00023766,Matthew,Clark,M,M,2025-11-16
23767.0,AW00023767,Malia,Toalii,M,M,2025-06-04
23768.0,AW00023768,Kimberly,Wright,M,F,2023-08-22
23769.0,AW00023769,Richard,King,M,F,2023-06-30
23770.0,AW00023770,Jason,Anderson,S,M,2026-04-07
23771.0,AW00023771,Karen,Parker,S,F,2024-09-23
23772.0,AW00023772,Rebecca,Phillips,S,M,2024-06-02
23773.0,AW00023773,Ronald,Phillips,S,F,2025-07-24
23774.0,AW00023774,Mark,Adams,M,F,2023-02-23
23775.0,AW00023775,Elizabeth,Mitchell,M,M,2023-04-12
23776.0,AW00023776,Joseph,Roberts,S,F,2023-11-17
23777.0,AW00023777,Barbara,Martin,M,M,2026-04-11
23778.0,AW00023778,Peter,Davis,S,M,2026-01-23
23779.0,AW00023779,Tane,Young,M,M,2026-03-10
23780.0,AW00023780,Melissa,Wright,S,F,2026-04-26
23781.0,AW00023781,Stephanie,Nime,S,M,2025-05-26
23782.0,AW00023782,Jennifer,Taylor,M,F,2026-03-01
23783.0,AW00023783,Betty,Kumar,S,F,2026-02-15
23784.0,AW00023784,Emily,Thomas,M,F,2025-01-25
23785.0,AW00023785,Peter,White,M,M,2023-10-10
23786.0,AW00023786,David,Hall,S,F,2024-01-16
23787.0,AW00023787,Charles,Mitchell,S,M,2026-02-01
23788.0,AW00023788,Rebecca,Kumar,S,M,2023-12-18
23789.0,AW00023789,Michael,Wright,M,F,2023-05-24
23790.0,AW00023790,Michelle,Ngata,M,F,2025-04-29
23791.0,AW00023791,Donald,Smith,S,M,2023-12-17
23792.0,AW00023792,Nancy,Lopez,S,M,2024-02-12
23793.0,AW00023793,Jessica,Mitchell,S,M,2024-08-01
23794.0,AW00023794,Susan,Mitchell,S,F,2025-04-10
23795.0,AW00023795,Tane,Lewis,S,F,2023-12-21
23796.0,AW00023796,William,Nelson,S,F,2024-08-04
23797.0,AW00023797,Donna,Baker,S,F,2026-03-18
23798.0,AW00023798,Peter,Perez,S,F,2024-12-03
23799.0,AW00023799,Baraa,Lopez,M,M,2025-04-11
23800.0,AW00023800,Sarah,Johnson,S,M,2026-01-27
23801.0,AW00023801,Robert,Patel,M,M,2025-06-19
23802.0,AW00023802,Michelle,Nime,S,F,2024-12-24
23803.0,AW00023803,Joseph,Singh,M,M,2025-02-28
23804.0,AW00023804,Kenneth,Perez,S,F,2025-05-03
23805.0,AW00023805,Ronald,Carter,M,M,2023-10-31
23806.0,AW00023806,Thomas,Lee,S,M,2024-01-23
23807.0,AW00023807,Elizabeth,Jackson,M,M,2023-10-16
23808.0,AW00023808,Peter,Walker,S,F,2023-03-03
23809.0,AW00023809,Jessica,Davis,S,M,2024-12-31
23810.0,AW00023810,Lisa,Garcia,M,F,2025-07-02
23811.0,AW00023811,Baraa,Williams,M,F,2023-11-04
23812.0,AW00023812,Mary,Campbell,M,M,2023-10-23
23813.0,AW00023813,Susan,Nime,S,M,2025-07-11
23814.0,AW00023814,Joseph,Campbell,S,F,2023-09-22
23815.0,AW00023815,Richard,Thomas,M,M,2023-10-11
23816.0,AW00023816,Sandra,Phillips,S,M,2025-06-08
23817.0,AW00023817,Daniel,Lewis,M,F,2024-02-06
23818.0,AW00023818,Tane,Campbell,M,M,2025-10-24
23819.0,AW00023819,Sione,Mitchell,M,M,2025-07-04
23820.0,AW00023820,Mark,Parker,M,M,2025-03-12
23821.0,AW00023821,Sarah,Allen,M,M,2023-12-29
23822.0,AW00023822,Jennifer,King,S,M,2025-04-30
23823.0,AW00023823,Andrew,Nelson,M,F,2025-08-06
23824.0,AW00023824,Aroha,Kumar,S,M,2023-04-08
23825.0,AW00023825,Tane,Phillips,S,F,2023-07-04
23826.0,AW00023826,Linda,Anderson,M,F,2023-04-07
23827.0,AW00023827,Anthony,Anderson,S,M,2023-09-26
23828.0,AW00023828,Elizabeth,Adams,M,M,2023-05-27
23829.0,AW00023829,Susan,Ngata,M,M,2024-03-25
23830.0,AW00023830,James,Williams,S,M,2026-02-13
23831.0,AW00023831,Kenneth,Phillips,M,M,2023-07-03
23832.0,AW00023832,David,Nime,S,M,2023-04-12
23833.0,AW00023833,Donald,Johnson,S,M,2023-12-06
23834.0,AW00023834,Robert,Roberts,M,M,2025-02-04
23835.0,AW00023835,Kimberly,Wright,M,F,2023-02-27
23836.0,AW00023836,Paul,Scott,S,F,2024-06-03
23837.0,AW00023837,Malia,Smith,S,F,2023-01-18
23838.0,AW00023838,Brian,Kumar,M,F,2024-01-08
23839.0,AW00023839,Mere,Brown,S,F,2023-11-10
23840.0,AW00023840,Melissa,Hall,S,M,2025-10-24
23841.0,AW00023841,Amanda,Manu,S,M,2025-02-02
23842.0,AW00023842,Anthony,Lopez,M,M,2026-05-23
23843.0,AW00023843,Andrew,Smith,S,F,2024-12-10
23844.0,AW00023844,Kenneth,Adams,S,F,2024-05-05
23845.0,AW00023845,Jennifer,Allen,S,F,2024-02-20
23846.0,AW00023846,Robert,Green,S,M,2025-04-07
23847.0,AW00023847,Rebecca,Scott,S,F,2025-05-29
23848.0,AW00023848,Melissa,Thomas,M,M,2024-10-30
23849.0,AW00023849,James,Adams,M,F,2024-01-29
23850.0,AW00023850,Donna,Turner,S,M,2024-03-15
23851.0,AW00023851,Peter,Wright,S,M,2025-03-10
23852.0,AW00023852,Ashley,Toalii,S,M,2025-09-04
23853.0,AW00023853,David,Miller,M,M,2023-11-17
23854.0,AW00023854,Kenneth,Davis,S,F,2024-12-17
23855.0,AW00023855,Jason,Taylor,M,M,2026-04-17
23856.0,AW00023856,Barbara,Perez,M,M,2024-10-19
23857.0,AW00023857,Thomas,Scott,M,M,2025-12-14
23858.0,AW00023858,Peter,Phillips,S,M,2023-06-26
23859.0,AW00023859,William,Taylor,S,F,2025-12-05
23860.0,AW00023860,Michelle,Wilson,M,M,2025-10-17
23861.0,AW00023861,Joshua,Thomas,M,M,2025-07-13
23862.0,AW00023862,Michelle,Taylor,S,M,2023-10-06
23863.0,AW00023863,Deborah,Johnson,M,F,2025-10-11
23864.0,AW00023864,Patricia,Nelson,M,F,2025-09-23
23865.0,AW00023865,Tane,Lee,S,F,2023-11-05
23866.0,AW00023866,Aroha,Anderson,M,F,2025-07-07
23867.0,AW00023867,Keziah,Phillips,M,F,2023-08-04
23868.0,AW00023868,Anthony,Wilson,S,M,2023-08-28
23869.0,AW00023869,Richard,Lewis,M,M,2025-03-23
23870.0,AW00023870,Ronald,Nelson,M,F,2023-02-28
23871.0,AW00023871,Keziah,Adams,S,F,2024-10-11
23872.0,AW00023872,Keziah,Roberts,M,M,2025-09-24
23873.0,AW00023873,Joshua,Phillips,S,F,2023-10-01
23874.0,AW00023874,Mere,Perez,M,F,2024-10-06
23875.0,AW00023875,Mark,Thomas,M,M,2024-10-14
23876.0,AW00023876,Kimberly,Patel,S,F,2024-07-17
23877.0,AW00023877,Donald,Adams,S,M,2023-10-13
23878.0,AW00023878,Joseph,Wright,M,M,2026-01-16
23879.0,AW00023879,Kenneth,Nime,S,M,2024-12-20
23880.0,AW00023880,Aroha,Baker,M,M,2025-07-08
23881.0,AW00023881,Barbara,Nelson,S,M,2024-05-02
23882.0,AW00023882,Peter,Williams,S,F,2024-06-09
23883.0,AW00023883,Amanda,Green,M,M,2024-06-18
23884.0,AW00023884,Joseph,Lee,S,F,2023-07-30
23885.0,AW00023885,Amanda,Williams,S,M,2023-07-24
23886.0,AW00023886,Baraa,Scott,M,F,2023-11-04
23887.0,AW00023887,Barbara,Mitchell,M,M,2023-04-24
23888.0,AW00023888,Brian,Jones,M,M,2024-03-09
23889.0,AW00023889,Nancy,Nelson,M,M,2023-08-05
23890.0,AW00023890,Linda,White,M,M,2024-09-24
23891.0,AW00023891,Linda,Johnson,S,F,2023-09-21
23892.0,AW00023892,David,Young,S,M,2023-09-29
23893.0,AW00023893,Mark,Jackson,S,M,2023-06-14
23894.0,AW00023894,Rebecca,Perez,S,F,2025-08-15
23895.0,AW00023895,Paul,Lewis,M,F,2024-04-21
23896.0,AW00023896,Melissa,Toalii,M,M,2023-10-03
23897.0,AW00023897,Susan,Walker,S,F,2023-12-30
23898.0,AW00023898,Jessica,Wilson,M,F,2024-09-25
23899.0,AW00023899,Peter,Clark,S,M,2024-10-25
23900.0,AW00023900,Jennifer,Lewis,S,M,2023-05-01
23901.0,AW00023901,Aroha,Thomas,S,F,2024-04-13
23902.0,AW00023902,Donald,Clark,M,M,2025-12-17
23903.0,AW00023903,Keziah,Miller,M,F,2023-11-29
23904.0,AW00023904,Timothy,Lopez,M,F,2025-02-28
23905.0,AW00023905,Charles,Miller,S,M,2024-11-24
23906.0,AW00023906,Joseph,Toalii,S,F,2025-12-16
23907.0,AW00023907,Robert,Jones,S,M,2023-07-23
23908.0,AW00023908,Jennifer,Baker,M,M,2025-06-04
23909.0,AW00023909,Kimberly,Green,M,F,2023-03-19
23910.0,AW00023910,John,Patel,S,M,2026-04-04
23911.0,AW00023911,Keziah,Toalii,S,F,2024-07-01
23912.0,AW00023912,Aroha,Patel,M,F,2026-05-19
23913.0,AW00023913,Baraa,Williams,M,M,2026-05-03
23914.0,AW00023914,Joshua,Lewis,S,F,2024-05-19
23915.0,AW00023915,Kenneth,Phillips,S,M,2023-06-06
23916.0,AW00023916,Aroha,Jones,M,M,2024-06-21
23917.0,AW00023917,Ronald,Manu,M,M,2024-02-27
23918.0,AW00023918,John,Thompson,S,M,2023-07-23
23919.0,AW00023919,Mere,Kumar,M,M,2024-08-17
23920.0,AW00023920,Robert,Wright,S,F,2025-10-25
23921.0,AW00023921,Mark,Davis,M,F,2023-03-08
23922.0,AW00023922,Daniel,Perez,M,F,2023-09-26
23923.0,AW00023923,John,Lewis,M,M,2024-10-14
23924.0,AW00023924,Stephanie,Young,S,F,2023-08-18
23925.0,AW00023925,Timothy,Ngata,S,F,2023-10-20
23926.0,AW00023926,Steven,Thomas,S,M,2024-10-04
23927.0,AW00023927,Ronald,Smith,M,F,2025-09-16
23928.0,AW00023928,Mere,Garcia,S,M,2024-11-21
23929.0,AW00023929,Karen,Perez,S,F,2024-11-18
23930.0,AW00023930,Nancy,Wright,S,F,2023-06-25
23931.0,AW00023931,Mere,Miller,M,F,2023-12-31
23932.0,AW00023932,Mere,Miller,M,M,2025-03-16
23933.0,AW00023933,Donna,Clark,S,F,2024-04-28
23934.0,AW00023934,Robert,Nime,S,F,2023-05-30
23935.0,AW00023935,Carol,Lewis,S,F,2026-04-08
23936.0,AW00023936,Peter,Davis,S,F,2026-05-27
23937.0,AW00023937,Kenneth,Young,S,F,2026-03-03
23938.0,AW00023938,Steven,Adams,M,F,2024-03-01
23939.0,AW00023939,Karen,Wilson,M,F,2025-12-21
23940.0,AW00023940,Aroha,Young,M,M,2024-03-05
23941.0,AW00023941,Malia,Ngata,S,F,2025-10-10
23942.0,AW00023942,Jennifer,Wilson,S,F,2024-06-14
23943.0,AW00023943,Tane,Wright,M,F,2024-11-17
23944.0,AW00023944,Sandra,Hall,M,F,2023-11-24
23945.0,AW00023945,Charles,Parker,S,F,2024-06-08
23946.0,AW00023946,Stephanie,Young,M,F,2024-10-23
23947.0,AW00023947,Carol,Davis,S,F,2024-05-14
23948.0,AW00023948,Barbara,Scott,M,M,2025-01-16
23949.0,AW00023949,Donald,Moore,S,M,2025-07-02
23950.0,AW00023950,Joseph,Lewis,M,M,2023-06-08
23951.0,AW00023951,Mary,Brown,M,F,2025-04-08
23952.0,AW00023952,Nancy,Thomas,M,F,2025-06-23
23953.0,AW00023953,Matthew,Jackson,M,F,2023-02-20
23954.0,AW00023954,Michelle,Anderson,S,F,2023-05-11
23955.0,AW00023955,Susan,Martin,S,M,2026-04-23
23956.0,AW00023956,Linda,Jones,M,M,2023-10-13
23957.0,AW00023957,Carol,White,S,M,2023-02-27
23958.0,AW00023958,Charles,Taylor,S,M,2023-06-01
23959.0,AW00023959,William,Anderson,S,F,2024-07-04
23960.0,AW00023960,Mark,Moore,M,F,2024-12-20
23961.0,AW00023961,Patricia,Hall,M,M,2025-07-19
23962.0,AW00023962,Brian,Clark,S,M,2023-01-13
23963.0,AW00023963,Elizabeth,Perez,S,F,2023-08-03
23964.0,AW00023964,Michael,Williams,M,M,2025-05-23
23965.0,AW00023965,Donna,Toalii,M,F,2024-08-24
23966.0,AW00023966,Michael,Singh,S,M,2025-07-02
23967.0,AW00023967,Ronald,Jones,S,F,2023-03-30
23968.0,AW00023968,Barbara,Lopez,M,M,2023-02-20
23969.0,AW00023969,Michelle,Parker,S,F,2024-01-14
23970.0,AW00023970,Michelle,King,M,M,2025-04-13
23971.0,AW00023971,Lisa,Williams,S,M,2024-04-10
23972.0,AW00023972,Amanda,Phillips,S,F,2023-06-24
,AW00023973,Ashley,Miller,M,M,2024-05-31
23974.0,AW00023974,Aroha,Patel,S,F,2024-01-16
23975.0,AW00023975,Paul,Clark,S,F,2023-01-28
23976.0,AW00023976,Matthew,White,M,F,2024-04-12
23977.0,AW00023977,Donna,Baker,M,M,2024-02-19
23978.0,AW00023978,Carol,Mitchell,M,F,2023-11-11
23979.0,AW00023979,James,Hall,M,M,2024-08-19
23980.0,AW00023980,Robert,Martin,M,M,2024-01-29
23981.0,AW00023981,Melissa,Mitchell,S,M,2023-02-25
23982.0,AW00023982,John,Smith,M,M,2023-10-15
23983.0,AW00023983,Mark,Lewis,M,F,2024-02-17
23984.0,AW00023984,Donald,Singh,S,F,2024-11-24
23985.0,AW00023985,Donna,Baker,M,M,2024-06-24
23986.0,AW00023986,Mary,Parker,M,F,2023-05-21
23987.0,AW00023987,Baraa,Lopez,M,M,2025-03-06
23988.0,AW00023988,Donald,Jones,S,M,2026-03-01
23989.0,AW00023989,Susan,Kumar,S,F,2025-07-22
23990.0,AW00023990,Kenneth,Jones,S,F,2024-01-13
23991.0,AW00023991,Nancy,Jackson,M,F,2023-03-05
23992.0,AW00023992,Betty,Jackson,M,F,2025-04-30
23993.0,AW00023993,Brian,Wilson,S,M,2024-02-24
23994.0,AW00023994,Jason,Roberts,S,F,2025-04-29
23995.0,AW00023995,Elizabeth,Jackson,M,F,2024-09-21
23996.0,AW00023996,Joseph,Lopez,M,F,2026-03-01
23997.0,AW00023997,Jason,Roberts,S,M,2023-11-08
23998.0,AW00023998,Mere,Lee,S,F,2024-04-19
23999.0,AW00023999,Rebecca,Davis,S,F,2023-11-18
24000.0,AW00024000,Andrew,Smith,S,M,2023-05-01
24001.0,AW00024001,Michael,Phillips,M,F,2025-01-21
24002.0,AW00024002,Rebecca,Moore,S,M,2023-08-01
24003.0,AW00024003,David,Scott,S,F,2025-09-05
24004.0,AW00024004,Steven,Jones,S,M,2025-05-22
24005.0,AW00024005,Jason,Perez,M,F,2024-04-18
24006.0,AW00024006,Melissa,Clark,S,F,2025-04-01
24007.0,AW00024007,Peter,Mitchell,S,M,2025-11-28
24008.0,AW00024008,Kimberly,Thomas,M,M,2023-03-16
24009.0,AW00024009,Andrew,Johnson,M,F,2024-10-02
24010.0,AW00024010,Sarah,Davis,S,F,2025-05-14
24011.0,AW00024011,Peter,Perez,S,F,2025-07-15
24012.0,AW00024012,Patricia,Allen,M,M,2025-01-30
24013.0,AW00024013,Linda,Wright,M,F,2025-01-13
24014.0,AW00024014,Betty,Walker,S,M,2025-07-15
24015.0,AW00024015,Rebecca,White,M,F,2024-07-25
24016.0,AW00024016,Stephanie,Hall,S,M,2026-01-16
24017.0,AW00024017,Donna,Martin,S,F,2024-01-26
24018.0,AW00024018,Paul,Clark,S,M,2025-08-16
24019.0,AW00024019,Timothy,Taylor,S,F,2024-09-29
24020.0,AW00024020,Carol,Scott,M,F,2023-01-09
24021.0,AW00024021,Sione,Anderson,S,F,2024-10-26
24022.0,AW00024022,Steven,Toalii,M,F,2025-12-15
24023.0,AW00024023,Malia,Allen,M,F,2024-08-25
24024.0,AW00024024,Elizabeth,Nelson,M,M,2026-05-26
24025.0,AW00024025,Melissa,Manu,S,M,2023-08-28
24026.0,AW00024026,Rebecca,Smith,S,M,2024-08-11
24027.0,AW00024027,Donald,Moore,M,M,2023-12-21
24028.0,AW00024028,Karen,Nime,M,M,2023-10-31
24029.0,AW00024029,Andrew,Clark,S,M,2026-03-29
24030.0,AW00024030,Matthew,Young,S,F,2023-04-14
24031.0,AW00024031,Anthony,Anderson,S,F,2024-01-06
24032.0,AW00024032,Jennifer,Toalii,S,M,2023-11-08
24033.0,AW00024033,Joseph,Perez,M,F,2025-01-10
24034.0,AW00024034,Anthony,Ngata,S,F,2026-01-01
24035.0,AW00024035,Anthony,Anderson,S,M,2024-02-25
24036.0,AW00024036,David,Lopez,S,M,2025-09-25
24037.0,AW00024037,Mark,Lee,S,M,2024-11-13
24038.0,AW00024038,Barbara,Young,S,F,2023-10-01
24039.0,AW00024039,Donna,Young,M,F,2023-11-10
24040.0,AW00024040,Donald,Perez,M,F,2025-08-24
24041.0,AW00024041,Richard,Martin,S,M,2025-03-31
24042.0,AW00024042,Charles,Jones,S,F,2025-04-15
24043.0,AW00024043,Charles,Wilson,M,M,2026-03-11
24044.0,AW00024044,Andrew,Nime,S,M,2023-05-01
24045.0,AW00024045,Ashley,Miller,S,M,2026-04-28
24046.0,AW00024046,Betty,Garcia,S,M,2026-03-24
24047.0,AW00024047,Peter,Singh,S,F,2025-12-29
24048.0,AW00024048,William,Martin,S,M,2024-08-01
24049.0,AW00024049,Jennifer,King,M,F,2023-06-12
24050.0,AW00024050,Joshua,Turner,S,F,2024-01-08
24051.0,AW00024051,Melissa,Jackson,M,M,2023-10-05
24052.0,AW00024052,Emily,Davis,S,M,2023-06-16
24053.0,AW00024053,William,Lopez,S,F,2023-07-22
24054.0,AW00024054,Rebecca,Patel,S,M,2023-12-07
24055.0,AW00024055,John,Anderson,S,F,2025-01-15
24056.0,AW00024056,Jennifer,Nelson,S,M,2023-11-06
24057.0,AW00024057,Melissa,Adams,M,F,2023-08-09
24058.0,AW00024058,Elizabeth,Moore,M,F,2023-03-25
24059.0,AW00024059,Michael,,M,F,2025-03-16
24060.0,AW00024060,Kimberly,Lee,S,M,2024-06-30
24061.0,AW00024061,Mere,Phillips,S,F,2024-05-02
24062.0,AW00024062,Paul,Miller,S,M,2023-08-19
24063.0,AW00024063,Nancy,Smith,S,F,2025-06-26
24064.0,AW00024064,Michelle,Walker,M,F,2023-05-24
24065.0,AW00024065,Deborah,Thompson,M,F,2025-10-14
24066.0,AW00024066,James,Clark,M,M,2026-02-12
24067.0,AW00024067,George,Thomas,M,M,2025-05-07
24068.0,AW00024068,Timothy,Garcia,M,F,2025-03-17
24069.0,AW00024069,Michael,Martin,M,M,2025-01-13
24070.0,AW00024070,William,Thomas,M,M,2023-01-21
24071.0,AW00024071,Sione,Manu,S,F,2023-04-25
24072.0,AW00024072,Betty,Turner,M,F,2025-03-30
24073.0,AW00024073,George,Phillips,S,F,2023-01-19
24074.0,AW00024074,James,Baker,S,M,2025-07-21
24075.0,AW00024075,Elizabeth,Wilson,M,M,2025-10-31
24076.0,AW00024076,Daniel,Scott,M,F,2024-06-30
24077.0,AW00024077,Susan,Patel,S,F,2024-05-27
24078.0,AW00024078,David,Baker,S,F,2023-08-14
24079.0,AW00024079,Peter,Phillips,M,F,2026-02-02
24080.0,AW00024080,Sarah,Moore,M,M,2025-10-13
24081.0,AW00024081,Donna,Lee,M,F,2023-06-02
24082.0,AW00024082,Charles,Wright,M,F,2024-06-20
24083.0,AW00024083,Mary,Roberts,M,F,2025-11-22
24084.0,AW00024084,Matthew,Garcia,M,F,2025-09-23
24085.0,AW00024085,Michelle,Lopez,S,F,2025-07-05
24086.0,AW00024086,Jason,Patel,S,M,2023-07-20
24087.0,AW00024087,Michelle,Walker,M,M,2024-10-29
24088.0,AW00024088,Sione,Parker,S,M,2026-05-18
24089.0,AW00024089,Linda,Thompson,S,M,2025-02-03
24090.0,AW00024090,Thomas,Miller,M,F,2026-02-27
24091.0,AW00024091,Kimberly,Williams,S,M,2025-03-17
24092.0,AW00024092,Tane,Johnson,M,M,2026-02-16
24093.0,AW00024093,Mary,Anderson,S,M,2023-03-29
24094.0,AW00024094,Michelle,Thomas,S,F,2023-09-07
24095.0,AW00024095,Jason,Parker,S,F,2025-06-03
24096.0,AW00024096,Elizabeth,Kumar,S,M,2024-07-03
24097.0,AW00024097,Stephanie,Perez,S,M,2024-09-09
24098.0,AW00024098,Betty,Jackson,S,M,2026-01-24
24099.0,AW00024099,Lisa,Patel,M,F,2025-06-04
24100.0,AW00024100,Patricia,Phillips,M,M,2025-06-18
24101.0,AW00024101,Anthony,King,S,F,2026-03-17
24102.0,AW00024102,Sarah,Johnson,S,F,2025-08-10
24103.0,AW00024103,Rebecca,King,S,F,2023-01-08
24104.0,AW00024104,Andrew,Walker,S,F,2026-02-28
24105.0,AW00024105,Baraa,Davis,M,M,2025-02-02
24106.0,AW00024106,Malia,Perez,M,M,2024-10-10
24107.0,AW00024107,Elizabeth,Garcia,M,M,2026-05-24
24108.0,AW00024108,Richard,Thompson,S,M,2026-01-28
24109.0,AW00024109,Melissa,Jackson,S,M,2025-09-01
24110.0,AW00024110,Kimberly,Mitchell,S,F,2026-05-24
24111.0,AW00024111,Kenneth,Thomas,M,M,2023-05-28
24112.0,AW00024112,Anthony,Kumar,M,M,2025-07-25
24113.0,AW00024113,Michael,Thomas,S,F,2023-03-03
24114.0,AW00024114,Aroha,Nime,M,F,2024-09-23
24115.0,AW00024115,Timothy,Lopez,M,F,2025-04-12
24116.0,AW00024116,Joseph,Lopez,M,M,2025-12-05
24117.0,AW00024117,Lisa,Campbell,M,M,2025-06-05
24118.0,AW00024118,Kimberly,Wilson,M,M,2025-05-06
24119.0,AW00024119,Emily,Manu,M,M,2025-02-24
24120.0,AW00024120,Barbara,Lopez,S,F,2026-01-03
24121.0,AW00024121,Mark,Clark,S,F,2025-12-01
24122.0,AW00024122,Stephanie,Thomas,M,M,2023-11-01
24123.0,AW00024123,Jennifer,Lee,S,M,2024-05-15
24124.0,AW00024124,Timothy,Nime,S,M,2025-08-19
24125.0,AW00024125,Mere,Phillips,M,M,2024-10-28
24126.0,AW00024126,Donna,Garcia,S,F,2026-05-17
24127.0,AW00024127,Richard,Turner,S,M,2023-10-29
24128.0,AW00024128,David,Mitchell,M,M,2025-10-17
24129.0,AW00024129,Joshua,White,M,M,2024-02-05
24130.0,AW00024130,Charles,Young,M,F,2023-08-04
24131.0,AW00024131,Jennifer,Jackson,S,F,2023-07-19
24132.0,AW00024132,John,Scott,S,F,2025-12-01
24133.0,AW00024133,Jennifer,Thompson,S,F,2023-02-13
24134.0,AW00024134,Deborah,Adams,M,M,2026-05-04
24135.0,AW00024135,Rebecca,Nime,S,M,2023-06-04
24136.0,AW00024136,Keziah,Lewis,M,F,2025-08-27
24137.0,AW00024137,Stephanie,Wright,S,F,2023-08-14
24138.0,AW00024138,Mark,Taylor,S,F,2025-10-14
24139.0,AW00024139,Emily,Wright,S,F,2025-05-06
24140.0,AW00024140,Sandra,Toalii,M,M,2023-06-30
24141.0,AW00024141,Anthony,Jones,S,M,2025-09-24
24142.0,AW00024142,Brian,Thomas,S,M,2023-08-30
24143.0,AW00024143,Peter,Davis,M,M,2024-12-14
24144.0,AW00024144,Carol,Thompson,S,M,2023-05-17
24145.0,AW00024145,Emily,Wright,S,F,2023-07-17
24146.0,AW00024146,Ronald,Anderson,S,F,2025-02-07
24147.0,AW00024147,Kenneth,Nime,M,M,2024-10-25
24148.0,AW00024148,Mary,Jones,M,F,2025-04-06
24149.0,AW00024149,Joshua,Garcia,M,M,2026-05-10
24150.0,AW00024150,Karen,Nelson,S,F,2024-08-08
24151.0,AW00024151,Aroha,Perez,S,F,2023-11-13
24152.0,AW00024152,Kenneth,Wright,M,F,2024-06-20
24153.0,AW00024153,Sione,Lee,M,F,2024-04-05
24154.0,AW00024154,Matthew,Nime,M,F,2026-03-02
24155.0,AW00024155,Peter,Martin,S,M,2025-12-27
24156.0,AW00024156,Baraa,Clark,M,M,2023-07-27
24157.0,AW00024157,Deborah,Lopez,M,M,2025-03-19
24158.0,AW00024158,John,Adams,S,M,2025-04-05
24159.0,AW00024159,Sandra,Baker,S,F,2023-10-11
24160.0,AW00024160,Paul,Anderson,M,M,2024-04-13
24161.0,AW00024161,Ronald,Roberts,S,F,2025-10-01
24162.0,AW00024162,Patricia,Nime,S,F,2023-09-10
24163.0,AW00024163,Baraa,Baker,M,F,2025-07-16
24164.0,AW00024164,Sione,Patel,S,F,2025-01-07
24165.0,AW00024165,Karen,Manu,M,M,2025-06-03
24166.0,AW00024166,Mary,Turner,M,F,2026-02-06
24167.0,AW00024167,Matthew,Ngata,M,F,2023-07-22
24168.0,AW00024168,Robert,Lewis,M,F,2025-04-14
24169.0,AW00024169,Deborah,Nime,S,M,2023-10-01
24170.0,AW00024170,Carol,Anderson,S,F,2025-11-05
24171.0,AW00024171,David,Manu,M,M,2024-05-01
24172.0,AW00024172,Deborah,Anderson,S,F,2025-08-17
24173.0,AW00024173,David,Roberts,S,M,2026-03-18
24174.0,AW00024174,Kimberly,Baker,S,F,2023-09-27
24175.0,AW00024175,Donald,Jackson,M,M,2024-09-18
24176.0,AW00024176,David,Young,S,F,2026-04-06
24177.0,AW00024177,Andrew,Moore,S,M,2023-02-06
24178.0,AW00024178,Betty,Manu,M,M,2026-03-14
24179.0,AW00024179,Sandra,Green,S,F,2025-06-24
24180.0,AW00024180,Jessica,Phillips,S,F,2024-10-08
24181.0,AW00024181,Sione,Wilson,S,F,2023-04-11
24182.0,AW00024182,Tane,Patel,M,F,2023-10-30
24183.0,AW00024183,Rebecca,Jackson,M,F,2024-05-05
24184.0,AW00024184,Charles,Smith,S,F,2023-11-20
24185.0,AW00024185,Matthew,Davis,S,M,2026-01-23
24186.0,AW00024186,Malia,Martin,S,M,2024-08-05
24187.0,AW00024187,Brian,Green,S,F,2025-06-16
24188.0,AW00024188,Joseph,Scott,M,M,2024-04-14
24189.0,AW00024189,Robert,Perez,S,F,2024-09-14
24190.0,AW00024190,James,Perez,S,F,2026-05-12
24191.0,AW00024191,Baraa,Allen,M,F,2024-02-21
24192.0,AW00024192,Sarah,Roberts,M,F,2024-05-14
24193.0,AW00024193,Kimberly,Wilson,M,M,2025-02-04
24194.0,AW00024194,Robert,Anderson,S,M,2026-01-31
24195.0,AW00024195,Joseph,Taylor,S,F,2024-12-05
24196.0,AW00024196,Peter,Hall,S,F,2024-12-08
24197.0,AW00024197,Linda,Jackson,S,F,2023-07-06
24198.0,AW00024198,Deborah,Lee,M,M,2023-06-08
24199.0,AW00024199,Joshua,Anderson,S,F,2024-02-04
24200.0,AW00024200,Charles,Moore,S,F,2025-01-31
24201.0,AW00024201,Timothy,King,S,M,2024-10-23
24202.0,AW00024202,Michael,Clark,M,F,2023-04-03
24203.0,AW00024203,Anthony,Lee,S,F,2024-12-13
24204.0,AW00024204,Karen,Wright,M,M,2023-06-02
24205.0,AW00024205,Ronald,Johnson,M,M,2023-11-17
24206.0,AW00024206,Ronald,Toalii,S,M,2025-11-24
24207.0,AW00024207,Sarah,Patel,M,M,2023-03-10
24208.0,AW00024208,Thomas,Kumar,M,M,2025-04-23
24209.0,AW00024209,Richard,Singh,S,M,2025-04-11
24210.0,AW00024210,Joseph,Jones,S,M,2023-07-28
24211.0,AW00024211,Mere,Garcia,S,M,2023-01-29
24212.0,AW00024212,Mere,Thompson,M,M,2026-01-12
24213.0,AW00024213,Daniel,Nime,M,M,2024-10-29
24214.0,AW00024214,Donna,Wilson,M,F,2023-05-29
24215.0,AW00024215,Baraa,Thompson,M,F,2023-08-05
24216.0,AW00024216,Rebecca,Lewis,S,M,2023-09-01
24217.0,AW00024217,Karen,Johnson,S,M,2024-01-22
24218.0,AW00024218,Barbara,Thomas,S,M,2024-02-03
24219.0,AW00024219,Karen,Garcia,S,F,2026-05-19
24220.0,AW00024220,Sandra,Martin,M,F,2024-01-01
24221.0,AW00024221,Donald,Hall,M,M,2026-03-03
24222.0,AW00024222,Stephanie,Miller,M,F,2024-09-14
24223.0,AW00024223,Patricia,Wilson,M,M,2023-07-29
24224.0,AW00024224,Keziah,Clark,M,F,2025-10-30
24225.0,AW00024225,Peter,Mitchell,M,M,2025-03-21
24226.0,AW00024226,Donna,Singh,M,F,2024-12-02
24227.0,AW00024227,Malia,Hall,S,F,2025-08-29
24228.0,AW00024228,Sarah,Parker,S,F,2023-12-25
24229.0,AW00024229,Deborah,Campbell,M,F,2023-02-20
24230.0,AW00024230,Daniel,Kumar,M,F,2024-12-23
24231.0,AW00024231,James,Brown,S,M,2023-01-27
24232.0,AW00024232,Sarah,Thomas,S,F,2023-11-11
24233.0,AW00024233,Jessica,Baker,M,M,2023-04-24
24234.0,AW00024234,Kimberly,Nime,S,M,2023-02-15
24235.0,AW00024235,Keziah,Jackson,S,F,2025-11-06
24236.0,AW00024236,Richard,Singh,M,F,2024-12-05
24237.0,AW00024237,Steven,Wright,M,F,2023-12-25
24238.0,AW00024238,John,Green,M,M,2024-06-24
24239.0,AW00024239,George,Wright,M,M,2023-06-18
24240.0,AW00024240,William,Nelson,S,F,2024-08-16
24241.0,AW00024241,Daniel,Johnson,S,M,2026-04-18
24242.0,AW00024242,Betty,Perez,S,M,2023-10-25
24243.0,AW00024243,Sione,Nime,S,F,2023-02-25
24244.0,AW00024244,Joshua,Wright,M,M,2024-09-21
24245.0,AW00024245,Ronald,Turner,S,F,2023-04-08
24246.0,AW00024246,Malia,Toalii,M,F,2025-02-11
24247.0,AW00024247,Andrew,Clark,M,M,2025-10-18
24248.0,AW00024248,Jennifer,Thomas,S,F,2024-11-07
24249.0,AW00024249,Michael,Williams,S,F,2026-04-30
24250.0,AW00024250,James,Young,M,M,2023-02-14
24251.0,AW00024251,Deborah,Perez,S,F,2025-03-28
24252.0,AW00024252,Thomas,Brown,S,F,2023-06-06
24253.0,AW00024253,Steven,Wilson,S,M,2025-07-17
24254.0,AW00024254,Brian,Toalii,S,F,2023-04-07
24255.0,AW00024255,Charles,Carter,M,F,2024-08-23
24256.0,AW00024256,Keziah,Anderson,S,M,2023-04-14
24257.0,AW00024257,Andrew,Mitchell,S,F,2023-07-13
24258.0,AW00024258,Baraa,Adams,M,F,2025-12-08
24259.0,AW00024259,Nancy,Garcia,S,M,2025-12-01
24260.0,AW00024260,Aroha,Johnson,S,F,2023-09-09
24261.0,AW00024261,Malia,Lewis,S,M,2025-01-31
24262.0,AW00024262,Jessica,Jackson,M,F,2026-04-12
24263.0,AW00024263,Rebecca,Smith,S,F,2024-08-07
24264.0,AW00024264,Michael,Martin,M,F,2023-12-11
24265.0,AW00024265,Paul,Kumar,S,F,2023-07-21
24266.0,AW00024266,Malia,Garcia,S,F,2024-12-12
24267.0,AW00024267,William,Young,M,F,2023-02-13
24268.0,AW00024268,Karen,Walker,M,M,2023-10-16
24269.0,AW00024269,Timothy,Thompson,M,M,2024-07-21
24270.0,AW00024270,Mark,Parker,M,M,2026-01-23
24271.0,AW00024271,Peter,Moore,S,F,2025-08-02
24272.0,AW00024272,,Singh,S,F,2025-01-09
24273.0,AW00024273,Baraa,Thompson,M,F,2025-04-28
24274.0,AW00024274,Steven,Garcia,S,F,2024-11-21
24275.0,AW00024275,Patricia,Thomas,S,F,2024-09-26
24276.0,AW00024276,Michael,Garcia,M,M,2024-10-11
24277.0,AW00024277,Ashley,Wright,M,M,2023-11-13
24278.0,AW00024278,Paul,Patel,M,F,2023-09-05
24279.0,AW00024279,Donna,Phillips,S,F,2024-04-06
24280.0,AW00024280,Michael,Jones,S,F,2025-02-07
24281.0,AW00024281,Joseph,Martin,M,M,2026-03-07
24282.0,AW00024282,Keziah,Toalii,S,M,2025-09-10
,AW00024283,Matthew,Carter,S,F,2023-09-21
24284.0,AW00024284,Brian,Mitchell,S,M,2025-06-29
24285.0,AW00024285,Thomas,Singh,S,M,2024-10-24
24286.0,AW00024286,Susan,Ngata,M,F,2025-12-05
24287.0,AW00024287,William,Hall,M,F,2023-02-04
24288.0,AW00024288,Jennifer,Moore,M,M,2024-03-12
24289.0,AW00024289,Andrew,Thomas,M,F,2023-11-03
24290.0,AW00024290,Sione,Johnson,S,F,2023-04-08
24291.0,AW00024291,Rebecca,Carter,S,M,2024-03-31
24292.0,AW00024292,John,Mitchell,M,M,2026-04-19
24293.0,AW00024293,Baraa,Mitchell,M,M,2025-05-11
24294.0,AW00024294,William,Lopez,S,M,2026-03-30
24295.0,AW00024295,Mark,Allen,M,F,2023-04-06
24296.0,AW00024296,Charles,Nelson,S,M,2025-01-09
24297.0,AW00024297,Linda,Parker,S,M,2026-05-09
24298.0,AW00024298,Matthew,Lee,S,M,2023-07-05
24299.0,AW00024299,Robert,Nelson,M,F,2023-08-31
24300.0,AW00024300,Malia,Brown,M,M,2025-06-07
24301.0,AW00024301,Ashley,Young,M,F,2023-03-21
24302.0,AW00024302,Carol,Green,M,M,2023-11-15
24303.0,AW00024303,Nancy,Smith,M,M,2024-10-11
24304.0,AW00024304,Mark,Hall,M,F,2023-05-08
24305.0,AW00024305,Kimberly,Smith,M,F,2023-03-21
24306.0,AW00024306,Sione,Smith,S,M,2023-04-10
24307.0,AW00024307,Jason,Young,S,F,2026-02-07
24308.0,AW00024308,Baraa,Roberts,M,M,2023-03-10
24309.0,AW00024309,Lisa,King,M,M,2023-09-07
24310.0,AW00024310,Brian,Ngata,M,M,2024-01-31
24311.0,AW00024311,Brian,Thomas,M,M,2026-01-31
24312.0,AW00024312,Ashley,Green,S,F,2024-11-28
24313.0,AW00024313,Sandra,Jackson,S,F,2025-08-29
24314.0,AW00024314,Joshua,Nelson,M,M,2024-06-25
24315.0,AW00024315,Rebecca,Walker,S,M,2023-05-05
24316.0,AW00024316,John,Patel,S,M,2023-03-05
24317.0,AW00024317,Mere,Patel,M,F,2025-05-19
24318.0,AW00024318,Timothy,Wilson,M,M,2025-04-21
24319.0,AW00024319,Barbara,Smith,M,M,2024-03-30
24320.0,AW00024320,Robert,Phillips,M,F,2025-01-13
24321.0,AW00024321,Michael,Brown,M,F,2024-09-30
24322.0,AW00024322,Joseph,Wright,S,F,2023-12-30
24323.0,AW00024323,Aroha,White,S,M,2023-06-11
24324.0,AW00024324,Nancy,Jones,S,F,2025-04-28
24325.0,AW00024325,Paul,Thompson,S,M,2023-02-22
24326.0,AW00024326,Susan,Toalii,M,F,2023-05-12
24327.0,AW00024327,Charles,Young,M,F,2025-08-02
24328.0,AW00024328,David,Nelson,S,M,2025-09-30
24329.0,AW00024329,Elizabeth,Toalii,M,F,2025-09-16
24330.0,AW00024330,Tane,Turner,S,M,2024-03-26
24331.0,AW00024331,Joshua,Nime,S,F,2025-10-10
24332.0,AW00024332,Paul,Adams,M,M,2024-12-16
24333.0,AW00024333,Elizabeth,Walker,S,M,2024-01-04
24334.0,AW00024334,Anthony,Clark,S,M,2026-04-22
24335.0,AW00024335,Peter,Brown,M,M,2023-03-05
24336.0,AW00024336,Melissa,Hall,M,F,2023-09-23
24337.0,AW00024337,Kenneth,Moore,S,F,2025-04-14
24338.0,AW00024338,Mark,Garcia,M,F,2024-04-17
24339.0,AW00024339,Michael,Parker,S,F,2025-06-16
24340.0,AW00024340,Michelle,Lopez,M,M,2024-05-10
24341.0,AW00024341,Amanda,Williams,M,M,2023-03-09
24342.0,AW00024342,Daniel,Parker,M,M,2025-05-18
24343.0,AW00024343,Aroha,Young,S,F,2024-11-13
24344.0,AW00024344,Tane,Baker,M,F,2025-03-05
24345.0,AW00024345,Brian,Phillips,S,M,2025-05-02
24346.0,AW00024346,David,Lopez,M,M,2023-10-13
24347.0,AW00024347,Nancy,Campbell,M,F,2023-06-14
24348.0,AW00024348,Thomas,Singh,M,F,2025-08-10
24349.0,AW00024349,Lisa,Allen,S,F,2023-05-08
24350.0,AW00024350,Emily,Phillips,M,M,2024-07-17
24351.0,AW00024351,Donald,Jackson,S,F,2025-08-10
24352.0,AW00024352,William,King,S,F,2025-09-28
24353.0,AW00024353,Paul,Carter,M,M,2024-12-29
24354.0,AW00024354,Michael,Anderson,S,M,2026-01-25
24355.0,AW00024355,Richard,Lopez,M,F,2023-07-09
24356.0,AW00024356,Sandra,Toalii,S,F,2025-07-15
24357.0,AW00024357,William,Thompson,M,M,2024-03-06
24358.0,AW00024358,Elizabeth,Lee,M,F,2025-09-19
24359.0,AW00024359,Donald,Moore,S,M,2024-01-25
24360.0,AW00024360,Sandra,Miller,M,F,2025-08-31
24361.0,AW00024361,Ashley,Mitchell,M,M,2024-06-24
24362.0,AW00024362,Joshua,Smith,S,F,2024-03-29
24363.0,AW00024363,David,Thomas,S,M,2024-12-22
24364.0,AW00024364,Donald,Jones,M,F,2024-06-30
24365.0,AW00024365,Deborah,Manu,S,F,2026-04-25
24366.0,AW00024366,Joshua,Patel,S,M,2025-06-17
24367.0,AW00024367,Robert,Moore,S,F,2023-08-05
24368.0,AW00024368,George,Johnson,S,F,2023-11-19
24369.0,AW00024369,Nancy,Singh,M,F,2023-03-29
24370.0,AW00024370,Thomas,Phillips,S,M,2023-08-25
24371.0,AW00024371,John,Anderson,S,F,2023-07-10
24372.0,AW00024372,Susan,Lewis,S,M,2025-02-17
24373.0,AW00024373,Tane,Scott,M,M,2025-12-16
24374.0,AW00024374,Richard,Scott,S,M,2024-07-29
24375.0,AW00024375,Linda,Nime,S,M,2024-06-18
24376.0,AW00024376,Donald,Young,S,M,2023-06-11
24377.0,AW00024377,Michelle,Manu,S,M,2024-09-09
24378.0,AW00024378,Stephanie,Thompson,S,M,2025-07-11
24379.0,AW00024379,Charles,Miller,M,F,2025-07-30
24380.0,AW00024380,Stephanie,Nelson,M,M,2025-05-26
24381.0,AW00024381,Sandra,Singh,M,F,2023-01-30
24382.0,AW00024382,Elizabeth,Lopez,S,F,2025-01-15
24383.0,AW00024383,Jessica,White,M,M,2025-08-27
24384.0,AW00024384,Keziah,Thompson,M,M,2023-06-09
24385.0,AW00024385,Emily,Roberts,S,M,2023-11-05
24386.0,AW00024386,Jessica,Patel,M,M,2026-02-14
24387.0,AW00024387,Melissa,Scott,S,M,2023-01-29
24388.0,AW00024388,Mark,Williams,M,M,2025-04-22
24389.0,AW00024389,Brian,Adams,M,F,2025-04-02
24390.0,AW00024390,Susan,Martin,S,F,2025-08-17
24391.0,AW00024391,Mark,Williams,M,F,2024-05-03
24392.0,AW00024392,Joshua,Moore,S,M,2024-06-21
24393.0,AW00024393,Sione,Davis,M,M,2025-04-09
24394.0,AW00024394,James,Scott,M,M,2026-05-20
24395.0,AW00024395,Nancy,Jackson,S,M,2023-02-13
24396.0,AW00024396,James,Turner,M,M,2025-05-24
24397.0,AW00024397,Kimberly,Allen,S,M,2023-10-02
24398.0,AW00024398,Joseph,Phillips,S,M,2025-12-31
24399.0,AW00024399,John,Davis,S,F,2025-08-26
24400.0,AW00024400,Karen,Miller,M,M,2024-11-10
24401.0,AW00024401,Sarah,Carter,M,F,2026-02-14
24402.0,AW00024402,Stephanie,Parker,M,F,2023-11-09
24403.0,AW00024403,Michael,Turner,S,F,2025-05-03
24404.0,AW00024404,Elizabeth,Young,M,F,2024-06-12
24405.0,AW00024405,Mary,Garcia,M,M,2025-10-06
24406.0,AW00024406,Charles,Mitchell,M,M,2025-09-20
24407.0,AW00024407,Donald,Clark,M,F,2024-11-14
24408.0,AW00024408,Karen,Perez,M,F,2024-11-30
24409.0,AW00024409,Betty,Moore,M,F,2023-03-03
24410.0,AW00024410,Jessica,Martin,S,F,2024-12-17
24411.0,AW00024411,Kenneth,Taylor,M,F,2026-02-24
24412.0,AW00024412,Nancy,Nelson,M,F,2025-09-04
24413.0,AW00024413,Barbara,Phillips,M,F,2023-05-21
24414.0,AW00024414,Thomas,Martin,M,M,2023-11-02
24415.0,AW00024415,Sione,Williams,M,F,2024-03-04
24416.0,AW00024416,Betty,Nelson,S,F,2023-07-31
24417.0,AW00024417,Keziah,Perez,M,M,2026-01-22
24418.0,AW00024418,Brian,Moore,S,F,2025-11-10
24419.0,AW00024419,Amanda,Williams,M,M,2023-06-16
24420.0,AW00024420,Anthony,Brown,M,M,2024-11-03
24421.0,AW00024421,Richard,Scott,S,F,2024-01-08
24422.0,AW00024422,Ronald,King,S,M,2024-08-15
24423.0,AW00024423,Elizabeth,Hall,S,F,2025-09-11
24424.0,AW00024424,Jennifer,Moore,S,M,2023-06-29
24425.0,AW00024425,Rebecca,Jackson,M,F,2024-11-04
24426.0,AW00024426,Anthony,Allen,M,M,2025-04-15
24427.0,AW00024427,Mary,Young,S,M,2023-09-16
24428.0,AW00024428,Susan,Singh,M,M,2025-06-05
24429.0,AW00024429,Paul,Adams,S,F,2024-06-04
24430.0,AW00024430,James,Anderson,M,F,2024-03-01
24431.0,AW00024431,Emily,Taylor,S,M,2026-04-28
24432.0,AW00024432,Tane,Lee,S,M,2024-03-25
24433.0,AW00024433,James,Martin,S,F,2025-09-01
24434.0,AW00024434,Donald,Perez,S,F,2024-09-20
24435.0,AW00024435,Susan,Martin,M,F,2023-04-10
24436.0,AW00024436,Keziah,Parker,S,M,2023-08-07
24437.0,AW00024437,Betty,Carter,M,F,2024-11-05
24438.0,AW00024438,Amanda,Roberts,M,M,2025-09-02
24439.0,AW00024439,George,Phillips,S,M,2023-06-19
24440.0,AW00024440,Tane,Taylor,M,F,2023-06-14
24441.0,AW00024441,Daniel,White,M,M,2023-09-16
24442.0,AW00024442,Michael,Brown,M,M,2025-05-19
24443.0,AW00024443,Jennifer,Turner,M,F,2025-05-03
24444.0,AW00024444,Malia,Davis,M,F,2024-08-26
24445.0,AW00024445,Susan,Davis,S,F,2024-01-31
24446.0,AW00024446,Richard,Miller,M,M,2025-07-21
24447.0,AW00024447,David,King,S,M,2025-06-01
24448.0,AW00024448,Ashley,Smith,M,F,2023-10-19
24449.0,AW00024449,Sarah,Parker,M,F,2025-01-12
24450.0,AW00024450,Thomas,Miller,M,F,2023-12-01
24451.0,AW00024451,Kenneth,Lee,S,F,2023-09-17
24452.0,AW00024452,Steven,Hall,S,F,2023-08-25
24453.0,AW00024453,Brian,Martin,M,F,2023-07-27
24454.0,AW00024454,Lisa,Smith,S,M,2024-05-03
24455.0,AW00024455,Robert,Parker,S,F,2026-04-12
24456.0,AW00024456,Linda,Phillips,M,F,2023-09-14
24457.0,AW00024457,Karen,King,S,F,2025-08-21
24458.0,AW00024458,Emily,Hall,S,F,2024-04-17
24459.0,AW00024459,Barbara,White,S,F,2023-06-24
24460.0,AW00024460,Jason,Moore,S,M,2025-03-09
24461.0,AW00024461,Jennifer,Miller,M,F,2023-11-20
24462.0,AW00024462,Stephanie,Kumar,M,F,2026-05-18
24463.0,AW00024463,Paul,Green,S,M,2026-03-26
24464.0,AW00024464,Andrew,Lewis,M,M,2026-02-08
24465.0,AW00024465,Robert,Jackson,S,M,2025-01-06
24466.0,AW00024466,Timothy,Ngata,M,F,2023-08-11
24467.0,AW00024467,Tane,Williams,M,F,2025-06-16
24468.0,AW00024468,Peter,Walker,S,M,2023-03-08
24469.0,AW00024469,Joshua,Nime,M,M,2024-10-02
24470.0,AW00024470,Donald,Nelson,S,M,2025-11-08
24471.0,AW00024471,Carol,Nelson,S,M,2025-11-20
24472.0,AW00024472,Robert,Young,S,F,2023-09-17
24473.0,AW00024473,Brian,Campbell,M,F,2023-04-18
24474.0,AW00024474,John,Roberts,S,M,2023-12-29
24475.0,AW00024475,Sarah,Allen,M,F,2026-04-21
24476.0,AW00024476,Sione,Williams,M,M,2023-08-11
24477.0,AW00024477,Jessica,Kumar,S,M,2024-11-07
24478.0,AW00024478,Aroha,Toalii,S,F,2023-06-05
24479.0,AW00024479,Kimberly,Brown,S,M,2023-01-15
24480.0,AW00024480,Jessica,Ngata,S,F,2024-05-06
24481.0,AW00024481,Ronald,Johnson,S,M,2023-06-22
24482.0,AW00024482,Rebecca,Baker,M,F,2026-01-31
24483.0,AW00024483,Lisa,Moore,M,M,2025-02-28
24484.0,AW00024484,Donald,Hall,M,F,2024-03-26
24485.0,AW00024485,Sarah,Parker,M,M,2025-10-18
24486.0,AW00024486,James,Johnson,M,M,2024-10-24
24487.0,AW00024487,James,Johnson,S,F,2024-10-12
24488.0,AW00024488,Brian,Adams,S,M,2024-01-16
24489.0,AW00024489,Michael,Clark,S,M,2024-07-23
24490.0,AW00024490,William,Brown,S,M,2023-06-02
24491.0,AW00024491,Elizabeth,Davis,M,F,2026-01-20
24492.0,AW00024492,Sandra,Nime,S,M,2025-05-28
24493.0,AW00024493,Joseph,Taylor,S,F,2023-06-07
24494.0,AW00024494,Joseph,Jackson,S,M,2023-07-19
24495.0,AW00024495,Peter,Scott,S,M,2024-11-21
24496.0,AW00024496,George,Young,M,M,2025-08-07
24497.0,AW00024497,Tane,Young,M,F,2023-12-23
24498.0,AW00024498,Patricia,Clark,M,F,2024-09-17
24499.0,AW00024499,Mary,Phillips,M,F,2025-11-13
24500.0,AW00024500,Jason,Anderson,M,F,2026-04-26
24501.0,AW00024501,John,Baker,M,F,2023-04-25
24502.0,AW00024502,Kenneth,Walker,S,M,2023-07-12
24503.0,AW00024503,Rebecca,Mitchell,M,F,2023-01-21
24504.0,AW00024504,Ronald,Thomas,M,F,2024-07-21
24505.0,AW00024505,David,Williams,M,M,2024-06-13
24506.0,AW00024506,Michelle,Wright,S,M,2026-02-18
24507.0,AW00024507,Stephanie,Thompson,S,M,2024-02-21
24508.0,AW00024508,Malia,Young,S,M,2026-05-07
24509.0,AW00024509,Deborah,Wright,S,M,2024-03-17
24510.0,AW00024510,Donna,Garcia,M,M,2025-08-03
24511.0,AW00024511,Tane,Nelson,S,M,2026-01-18
24512.0,AW00024512,Emily,Jones,S,M,2025-11-15
24513.0,AW00024513,Robert,Carter,M,F,2023-05-28
24514.0,AW00024514,Carol,Green,S,M,2023-11-18
24515.0,AW00024515,Sione,Carter,M,M,2024-01-19
24516.0,AW00024516,Elizabeth,Turner,S,M,2024-03-04
24517.0,AW00024517,Donna,White,S,M,2024-05-27
24518.0,AW00024518,Paul,Young,S,F,2023-10-04
24519.0,AW00024519,Timothy,Hall,S,F,2023-02-27
24520.0,AW00024520,Aroha,Taylor,S,F,2025-03-30
24521.0,AW00024521,Mere,Turner,M,F,2026-02-15
24522.0,AW00024522,William,Phillips,M,F,2024-03-15
24523.0,AW00024523,Robert,Johnson,S,M,2024-07-25
24524.0,AW00024524,Robert,Clark,S,F,2025-03-11
24525.0,AW00024525,Matthew,Martin,M,F,2025-01-31
24526.0,AW00024526,Nancy,Scott,S,F,2024-07-29
24527.0,AW00024527,Mary,Manu,S,M,2026-04-16
24528.0,AW00024528,Andrew,Green,S,M,2023-06-20
24529.0,AW00024529,Matthew,Roberts,M,M,2025-05-02
24530.0,AW00024530,Betty,Kumar,M,F,2023-01-07
24531.0,AW00024531,Carol,Wilson,S,F,2023-05-15
24532.0,AW00024532,Jennifer,Brown,M,M,2023-06-05
24533.0,AW00024533,Paul,King,S,F,2025-01-18
24534.0,AW00024534,Donald,Garcia,S,F,2024-04-15
24535.0,AW00024535,Baraa,Green,M,M,2024-11-22
24536.0,AW00024536,Timothy,Lewis,S,M,2024-06-06
24537.0,AW00024537,Melissa,King,S,M,2025-05-02
24538.0,AW00024538,Lisa,Toalii,M,F,2025-01-31
24539.0,AW00024539,Jason,Turner,M,M,2025-12-21
24540.0,AW00024540,Carol,Mitchell,S,M,2026-04-15
24541.0,AW00024541,Brian,Baker,M,F,2025-03-30
24542.0,AW00024542,Mere,Mitchell,S,M,2023-08-10
24543.0,AW00024543,Thomas,Wright,S,F,2023-09-21
24544.0,AW00024544,Anthony,Kumar,M,F,2024-09-05
24545.0,AW00024545,Barbara,Moore,S,F,2024-06-18
24546.0,AW00024546,Mark,King,S,F,2024-04-21
24547.0,AW00024547,John,Green,S,M,2025-08-19
24548.0,AW00024548,Susan,Williams,M,F,2024-02-19
24549.0,AW00024549,David,Baker,M,F,2023-12-22
24550.0,AW00024550,Elizabeth,Anderson,S,M,2023-04-20
24551.0,AW00024551,Michael,Clark,M,M,2023-05-15
24552.0,AW00024552,Sandra,Davis,M,M,2026-05-21
24553.0,AW00024553,Peter,Moore,S,F,2024-06-12
24554.0,AW00024554,Emily,Toalii,M,M,2024-07-12
24555.0,AW00024555,Barbara,Moore,S,M,2024-06-27
24556.0,AW00024556,Andrew,Clark,S,F,2024-02-21
24557.0,AW00024557,James,Singh,M,M,2024-08-04
24558.0,AW00024558,Melissa,White,M,M,2024-07-03
24559.0,AW00024559,Donna,Toalii,S,M,2024-06-15
24560.0,AW00024560,Jennifer,Walker,S,M,2025-04-23
24561.0,AW00024561,Anthony,Moore,S,M,2023-06-13
24562.0,AW00024562,Barbara,Adams,S,M,2025-06-04
24563.0,AW00024563,Michael,Wright,M,F,2023-10-04
24564.0,AW00024564,Steven,Brown,M,M,2024-02-29
24565.0,AW00024565,Jessica,Adams,S,F,2024-08-19
24566.0,AW00024566,Ronald,Adams,S,F,2025-04-13
24567.0,AW00024567,Mary,Walker,M,F,2025-03-27
24568.0,AW00024568,James,Lewis,M,M,2025-08-28
24569.0,AW00024569,David,Scott,S,M,2025-09-14
24570.0,AW00024570,Ashley,Anderson,M,M,2023-02-12
24571.0,AW00024571,John,Thomas,M,M,2024-11-18
24572.0,AW00024572,Baraa,Parker,M,M,2025-11-08
24573.0,AW00024573,Jessica,Thomas,S,F,2026-03-20
24574.0,AW00024574,Charles,Martin,S,M,2023-09-14
24575.0,AW00024575,Jason,Adams,S,M,2025-03-15
24576.0,AW00024576,Aroha,Allen,S,M,2025-12-07
24577.0,AW00024577,Sandra,Toalii,S,F,2024-08-31
24578.0,AW00024578,William,Taylor,S,M,2026-01-09
24579.0,AW00024579,Ronald,Green,M,M,2025-10-23
24580.0,AW00024580,Nancy,Adams,M,F,2025-03-20
24581.0,AW00024581,Jessica,Parker,S,M,2025-11-19
24582.0,AW00024582,Andrew,Green,M,F,2023-11-07
24583.0,AW00024583,Sarah,Lewis,M,F,2025-09-01
24584.0,AW00024584,Charles,Mitchell,S,M,2023-09-24
24585.0,AW00024585,Joseph,Mitchell,M,M,2024-03-12
24586.0,AW00024586,Sandra,Adams,M,F,2026-01-28
24587.0,AW00024587,Sandra,Smith,M,F,2023-07-01
24588.0,AW00024588,Nancy,Scott,M,F,2024-12-22
24589.0,AW00024589,Sione,Lee,S,M,2024-03-10
24590.0,AW00024590,Elizabeth,Clark,S,M,2025-07-07
24591.0,AW00024591,Stephanie,Campbell,M,F,2025-01-21
24592.0,AW00024592,Patricia,Jones,S,F,2026-01-01
24593.0,AW00024593,Thomas,Manu,M,M,2025-11-09
24594.0,AW00024594,Michael,Jackson,S,F,2025-09-06
24595.0,AW00024595,James,Taylor,M,F,2023-07-06
24596.0,AW00024596,Jason,Brown,S,M,2024-01-24
24597.0,AW00024597,Barbara,Singh,M,M,2023-05-12
24598.0,AW00024598,Betty,Wilson,S,M,2026-01-28
24599.0,AW00024599,Tane,Kumar,M,M,2023-11-27
24600.0,AW00024600,Emily,Jackson,M,M,2024-01-05
24601.0,AW00024601,Mary,Nelson,S,F,2023-10-01
24602.0,AW00024602,Joseph,Manu,M,M,2023-11-09
24603.0,AW00024603,Jessica,Ngata,M,F,2024-02-29
24604.0,AW00024604,Baraa,Lewis,S,F,2023-12-04
24605.0,AW00024605,Robert,Nime,M,M,2025-05-30
24606.0,AW00024606,Brian,Allen,S,F,2024-04-15
24607.0,AW00024607,Malia,Mitchell,M,M,2024-11-30
24608.0,AW00024608,Ashley,Green,S,F,2024-05-07
24609.0,AW00024609,Jason,King,S,F,2025-01-19
24610.0,AW00024610,Anthony,Baker,M,F,2023-12-03
24611.0,AW00024611,Ronald,Young,S,M,2025-02-14
24612.0,AW00024612,Carol,Smith,M,M,2025-01-27
24613.0,AW00024613,Matthew,Davis,S,M,2025-06-26
24614.0,AW00024614,Robert,Green,M,F,2023-08-14
24615.0,AW00024615,Mary,Taylor,M,M,2024-06-01
24616.0,AW00024616,Tane,Nime,M,M,2025-04-12
24617.0,AW00024617,Donna,Ngata,S,F,2024-11-13
24618.0,AW00024618,Ashley,Kumar,M,F,2025-12-18
24619.0,AW00024619,David,Jones,M,M,2025-08-29
24620.0,AW00024620,Deborah,Parker,M,F,2023-02-01
24621.0,AW00024621,Jessica,Perez,S,F,2024-02-01
24622.0,AW00024622,Susan,Anderson,S,F,2025-08-18
24623.0,AW00024623,Mere,Jones,S,F,2025-02-20
24624.0,AW00024624,Timothy,Turner,M,F,2025-09-16
24625.0,AW00024625,Joshua,Carter,S,M,2024-08-08
24626.0,AW00024626,Malia,Martin,M,M,2023-09-13
24627.0,AW00024627,Lisa,Parker,S,M,2023-10-14
24628.0,AW00024628,Michael,Scott,M,F,2024-07-03
24629.0,AW00024629,Steven,Wilson,M,M,2023-08-18
24630.0,AW00024630,Andrew,Garcia,S,M,2023-02-22
24631.0,AW00024631,Deborah,Scott,S,M,2024-02-07
24632.0,AW00024632,Amanda,Walker,M,M,2023-07-20
24633.0,AW00024633,Donna,Manu,S,M,2025-03-22
24634.0,AW00024634,Mary,Nelson,M,F,2024-07-18
24635.0,AW00024635,Stephanie,Wright,M,F,2023-03-04
24636.0,AW00024636,John,Carter,S,F,2023-01-16
24637.0,AW00024637,Thomas,Kumar,S,F,2026-05-09
24638.0,AW00024638,Sione,Mitchell,M,M,2023-05-14
24639.0,AW00024639,Susan,Parker,M,F,2023-04-02
24640.0,AW00024640,John,Carter,M,M,2026-03-26
24641.0,AW00024641,Barbara,Roberts,M,F,2025-03-20
24642.0,AW00024642,Peter,Singh,S,F,2024-04-13
24643.0,AW00024643,Timothy,Martin,S,F,2023-05-16
24644.0,AW00024644,Elizabeth,Patel,M,M,2023-10-02
24645.0,AW00024645,William,Singh,S,F,2026-03-30
24646.0,AW00024646,Baraa,Jackson,S,F,2024-10-01
24647.0,AW00024647,Aroha,Green,M,M,2024-03-28
,AW00024648,Andrew,Hall,S,F,2026-05-07
24649.0,AW00024649,Paul,Green,S,F,2023-03-14
24650.0,AW00024650,Linda,King,M,M,2025-04-18
24651.0,AW00024651,Kenneth,Nime,S,F,2024-05-23
24652.0,AW00024652,Donna,Garcia,S,M,2025-03-30
24653.0,AW00024653,William,Miller,S,F,2024-02-19
24654.0,AW00024654,Rebecca,Mitchell,M,M,2023-05-02
24655.0,AW00024655,Betty,Thomas,M,F,2025-03-24
24656.0,AW00024656,Charles,Nime,S,M,2025-04-24
24657.0,AW00024657,Deborah,Garcia,M,F,2024-08-16
24658.0,AW00024658,William,Patel,M,M,2023-01-09
24659.0,AW00024659,Matthew,Smith,M,M,2025-02-07
24660.0,AW00024660,Emily,Singh,M,F,2025-03-02
24661.0,AW00024661,Elizabeth,Walker,M,M,2025-03-03
24662.0,AW00024662,Sandra,Parker,S,F,2024-10-18
24663.0,AW00024663,Elizabeth,Nelson,M,M,2024-03-15
24664.0,AW00024664,Sarah,Carter,S,M,2025-04-13
24665.0,AW00024665,Sarah,Jones,M,F,2026-04-30
24666.0,AW00024666,George,Lewis,S,F,2024-05-05
24667.0,AW00024667,Rebecca,Jackson,S,M,2025-10-09
24668.0,AW00024668,Emily,Carter,S,M,2023-01-31
24669.0,AW00024669,Betty,Kumar,M,M,2023-02-03
24670.0,AW00024670,Richard,Taylor,M,M,2023-05-17
24671.0,AW00024671,Kenneth,Allen,M,F,2026-05-02
24672.0,AW00024672,Brian,Lewis,M,M,2024-03-27
24673.0,AW00024673,Paul,Jackson,M,M,2025-02-03
24674.0,AW00024674,Deborah,White,S,F,2026-04-03
24675.0,AW00024675,Deborah,Wright,S,F,2026-04-04
24676.0,AW00024676,Donald,Garcia,S,M,2026-05-26
24677.0,AW00024677,Steven,Nime,S,F,2024-04-07
24678.0,AW00024678,Deborah,Scott,M,F,2025-06-21
24679.0,AW00024679,Michael,Phillips,M,F,2025-03-18
24680.0,AW00024680,Daniel,Lewis,S,M,2023-06-28
24681.0,AW00024681,Anthony,Williams,M,M,2025-03-10
24682.0,AW00024682,Nancy,Brown,S,M,2024-01-12
24683.0,AW00024683,Linda,Walker,S,M,2023-11-01
24684.0,AW00024684,Patricia,White,S,M,2024-07-20
24685.0,AW00024685,Jason,Smith,M,F,2023-03-30
24686.0,AW00024686,Mere,Thomas,S,F,2025-03-06
24687.0,AW00024687,Robert,Walker,M,M,2026-04-16
24688.0,AW00024688,Tane,Wilson,S,F,2024-03-24
24689.0,AW00024689,Malia,Johnson,M,M,2025-06-12
24690.0,AW00024690,Linda,Clark,S,F,2024-07-19
24691.0,AW00024691,Emily,Hall,M,F,2025-05-09
24692.0,AW00024692,James,Baker,M,F,2025-02-05
24693.0,AW00024693,Rebecca,Phillips,S,F,2025-10-10
24694.0,AW00024694,Ronald,Lopez,S,M,2025-12-22
24695.0,AW00024695,Joseph,Baker,M,F,2026-01-17
24696.0,AW00024696,Daniel,Singh,M,M,2024-05-08
24697.0,AW00024697,Sandra,Lee,S,F,2025-06-01
24698.0,AW00024698,Steven,Nime,M,M,2024-10-11
24699.0,AW00024699,Timothy,Carter,S,F,2024-08-01
24700.0,AW00024700,Ronald,Garcia,S,F,2023-01-30
24701.0,AW00024701,Stephanie,Young,S,F,2026-01-27
24702.0,AW00024702,Elizabeth,Thompson,M,M,2024-07-09
24703.0,AW00024703,Jennifer,King,M,F,2023-04-12
24704.0,AW00024704,Nancy,Miller,S,F,2024-04-29
24705.0,AW00024705,Barbara,Green,S,F,2023-07-27
24706.0,AW00024706,Sarah,Anderson,S,F,2025-04-01
24707.0,AW00024707,Mary,Phillips,S,M,2023-05-03
24708.0,AW00024708,Joshua,Young,S,M,2023-05-20
24709.0,AW00024709,Malia,Nelson,M,M,2024-01-28
24710.0,AW00024710,Joseph,Jones,M,M,2023-03-15
24711.0,AW00024711,Deborah,Green,M,F,2025-12-06
24712.0,AW00024712,Andrew,Perez,S,M,2025-05-29
24713.0,AW00024713,Jessica,White,S,F,2023-05-10
24714.0,AW00024714,Sione,Hall,M,M,2026-02-23
24715.0,AW00024715,Matthew,Nime,S,F,2023-11-22
24716.0,AW00024716,William,Lopez,M,M,2023-09-12
24717.0,AW00024717,Kimberly,Campbell,S,M,2025-11-06
24718.0,AW00024718,Sione,Martin,M,M,2023-07-31
24719.0,AW00024719,Daniel,Parker,M,M,2023-05-02
24720.0,AW00024720,Betty,Manu,M,F,2026-04-23
24721.0,AW00024721,Jennifer,Ngata,M,F,2024-11-22
24722.0,AW00024722,Donald,Clark,M,M,2023-05-13
24723.0,AW00024723,Jennifer,Lee,S,M,2024-05-19
24724.0,AW00024724,George,Clark,M,F,2026-04-18
24725.0,AW00024725,Richard,Baker,M,F,2025-09-18
24726.0,AW00024726,Joshua,Adams,M,M,2025-03-29
24727.0,AW00024727,Mere,Wilson,M,F,2025-04-23
24728.0,AW00024728,Ashley,White,S,M,2026-02-18
24729.0,AW00024729,Tane,Thompson,S,F,2025-04-07
24730.0,AW00024730,Melissa,Martin,S,M,2024-10-17
24731.0,AW00024731,Carol,Walker,S,F,2023-11-03
24732.0,AW00024732,Timothy,Lopez,S,F,2025-06-28
24733.0,AW00024733,Anthony,White,S,F,2023-07-26
24734.0,AW00024734,Kimberly,Mitchell,M,M,2025-04-05
24735.0,AW00024735,William,Lee,S,F,2023-06-17
24736.0,AW00024736,Jason,Lopez,S,F,2024-04-12
24737.0,AW00024737,Ashley,Wilson,S,M,2023-05-10
24738.0,AW00024738,Donald,Jackson,M,M,2025-08-09
24739.0,AW00024739,James,Phillips,M,F,2025-04-19
24740.0,AW00024740,Sarah,Johnson,S,F,2024-08-04
24741.0,AW00024741,Jennifer,Ngata,M,F,2023-10-11
24742.0,AW00024742,Malia,Wilson,M,F,2023-04-06
24743.0,AW00024743,Barbara,Roberts,S,F,2024-08-27
24744.0,AW00024744,Tane,Nelson,M,F,2024-08-26
24745.0,AW00024745,Daniel,Turner,M,M,2023-04-12
24746.0,AW00024746,Betty,Carter,S,F,2024-03-03
24747.0,AW00024747,Elizabeth,Hall,M,F,2026-01-23
24748.0,AW00024748,Jason,Anderson,S,F,2023-01-20
24749.0,AW00024749,Thomas,Wright,S,F,2024-12-01
24750.0,AW00024750,Sione,Singh,S,F,2026-03-13
24751.0,AW00024751,Keziah,Adams,S,M,2025-08-08
24752.0,AW00024752,Paul,Thompson,M,M,2024-03-29
24753.0,AW00024753,Rebecca,Scott,Unknown,F,2023-07-28
24754.0,AW00024754,Donald,Turner,M,F,2023-08-15
24755.0,AW00024755,Peter,Roberts,S,,2024-10-21
24756.0,AW00024756,Emily,Anderson,S,F,2025-10-27
24757.0,AW00024757,John,Parker,S,F,2023-07-26
24758.0,AW00024758,Malia,Lee,S,M,2024-12-25
24759.0,AW00024759,Kenneth,Wilson,M,M,2025-11-27
24760.0,AW00024760,Kenneth,Turner,M,M,2025-02-01
24761.0,AW00024761,Aroha,Carter,S,F,2025-03-31
24762.0,AW00024762,Richard,Parker,S,M,2023-12-03
24763.0,AW00024763,Matthew,Nelson,S,F,2025-11-23
24764.0,AW00024764,Rebecca,Jones,M,F,2025-02-06
24765.0,AW00024765,Steven,Thompson,M,M,2026-01-08
24766.0,AW00024766,Tane,Lee,S,F,2024-12-21
24767.0,AW00024767,David,Williams,M,F,2026-01-24
24768.0,AW00024768,Keziah,Jackson,M,F,2025-01-27
24769.0,AW00024769,Matthew,Moore,S,F,2023-04-07
24770.0,AW00024770,Mark,Hall,M,M,2025-10-03
24771.0,AW00024771,George,Parker,S,F,2023-02-18
24772.0,AW00024772,Jessica,Nelson,S,M,2026-02-19
24773.0,AW00024773,Kimberly,Patel,S,M,2025-08-30
24774.0,AW00024774,Keziah,Singh,S,F,2023-11-17
24775.0,AW00024775,James,Perez,M,M,2026-01-07
24776.0,AW00024776,Robert,Anderson,S,F,2024-08-01
24777.0,AW00024777,Paul,Singh,S,M,2025-11-02
24778.0,AW00024778,Elizabeth,Campbell,M,M,2025-11-12
24779.0,AW00024779,Daniel,Carter,M,M,2026-05-29
24780.0,AW00024780,Linda,White,S,M,2025-04-24
24781.0,AW00024781,David,Thomas,S,M,2023-01-26
24782.0,AW00024782,Richard,Adams,S,M,2024-02-27
24783.0,AW00024783,Andrew,Allen,S,F,2024-12-10
24784.0,AW00024784,Peter,Allen,S,M,2026-02-19
24785.0,AW00024785,John,Baker,M,M,2026-01-06
24786.0,AW00024786,Stephanie,Miller,M,F,2024-03-20
24787.0,AW00024787,Michelle,Carter,M,M,2025-10-18
24788.0,AW00024788,Betty,White,S,F,2025-04-08
24789.0,AW00024789,Barbara,Parker,S,M,2023-10-19
24790.0,AW00024790,Peter,Young,S,M,2024-09-04
24791.0,AW00024791,Sandra,Anderson,S,M,2026-05-24
24792.0,AW00024792,Ronald,Williams,M,M,2023-01-31
24793.0,AW00024793,Richard,Taylor,M,F,2023-08-20
24794.0,AW00024794,Amanda,Campbell,S,M,2023-02-09
24795.0,AW00024795,Joseph,Campbell,M,F,2023-04-27
24796.0,AW00024796,Sandra,Anderson,S,F,2023-02-23
24797.0,AW00024797,Matthew,Walker,S,F,2026-02-02
24798.0,AW00024798,Rebecca,Turner,S,F,2024-09-12
24799.0,AW00024799,Ronald,Perez,S,M,2024-06-23
24800.0,AW00024800,Rebecca,Thompson,M,M,2023-01-28
24801.0,AW00024801,Susan,White,M,F,2024-10-15
24802.0,AW00024802,Melissa,Scott,S,F,2026-03-13
24803.0,AW00024803,Emily,Phillips,M,M,2023-07-30
24804.0,AW00024804,Rebecca,Young,S,F,2025-07-24
24805.0,AW00024805,Sarah,Lee,M,F,2023-12-07
24806.0,AW00024806,Kimberly,Roberts,S,F,2023-07-22
24807.0,AW00024807,Ashley,Perez,S,M,2026-01-29
24808.0,AW00024808,Donald,Allen,M,M,2025-03-09
24809.0,AW00024809,Jessica,Garcia,S,F,2023-04-17
24810.0,AW00024810,Jessica,Kumar,S,M,2025-05-28
24811.0,AW00024811,Amanda,Moore,M,M,2024-07-11
24812.0,AW00024812,Anthony,Turner,S,M,2026-02-24
24813.0,AW00024813,David,Jackson,M,M,2023-04-24
24814.0,AW00024814,Susan,Williams,M,M,2025-07-15
24815.0,AW00024815,Charles,Patel,M,F,2024-10-02
24816.0,AW00024816,Barbara,Nime,S,M,2023-11-03
24817.0,AW00024817,Brian,Singh,M,F,2024-08-28
24818.0,AW00024818,Matthew,Thomas,S,M,2025-12-29
24819.0,AW00024819,Tane,Baker,S,M,2026-05-27
24820.0,AW00024820,George,Manu,M,M,2023-03-23
24821.0,AW00024821,Rebecca,Thomas,M,F,2023-03-15
24822.0,AW00024822,Elizabeth,Roberts,M,F,2023-08-17
24823.0,AW00024823,Andrew,Young,M,M,2024-01-28
24824.0,AW00024824,Kenneth,Smith,M,F,2024-09-23
24825.0,AW00024825,Sandra,Wilson,S,M,2025-03-21
24826.0,AW00024826,Sandra,Baker,M,F,2026-03-26
24827.0,AW00024827,Stephanie,Nelson,S,M,2023-10-28
24828.0,AW00024828,James,Moore,S,F,2024-09-09
24829.0,AW00024829,Betty,Brown,S,M,2023-02-01
24830.0,AW00024830,Thomas,Lewis,M,M,2024-09-08
24831.0,AW00024831,Donald,Clark,M,M,2023-01-08
24832.0,AW00024832,Ronald,Scott,M,F,2024-07-08
24833.0,AW00024833,Nancy,Ngata,M,F,2024-07-31
24834.0,AW00024834,Susan,Moore,M,F,2024-03-20
24835.0,AW00024835,Elizabeth,Campbell,S,M,2023-01-02
24836.0,AW00024836,Matthew,Turner,S,M,2024-09-29
24837.0,AW00024837,Melissa,Campbell,S,M,2024-10-30
24838.0,AW00024838,Matthew,Perez,S,M,2024-07-23
24839.0,AW00024839,Mere,Campbell,M,M,2025-08-11
24840.0,AW00024840,Rebecca,Davis,S,M,2024-06-27
24841.0,AW00024841,Ashley,Scott,M,M,2023-10-30
24842.0,AW00024842,Susan,Garcia,S,M,2024-07-25
24843.0,AW00024843,Donna,Phillips,S,M,2024-02-03
24844.0,AW00024844,William,Patel,M,F,2023-11-09
24845.0,AW00024845,Charles,Brown,M,F,2025-12-30
24846.0,AW00024846,Mary,Hall,M,M,2025-06-14
24847.0,AW00024847,Baraa,Mitchell,S,F,2024-09-17
24848.0,AW00024848,Donald,Davis,S,M,2025-01-12
24849.0,AW00024849,Michelle,Davis,M,F,2023-10-01
24850.0,AW00024850,Timothy,Moore,S,M,2023-03-31
24851.0,AW00024851,Richard,Thompson,M,M,2025-12-15
24852.0,AW00024852,Keziah,Nelson,M,F,2024-01-13
24853.0,AW00024853,Anthony,Kumar,M,F,2023-07-03
24854.0,AW00024854,Nancy,Phillips,M,M,2026-05-04
24855.0,AW00024855,Barbara,Nelson,M,F,2024-01-10
24856.0,AW00024856,Jason,Lopez,S,M,2024-05-06
24857.0,AW00024857,Sione,Jackson,S,M,2023-10-25
24858.0,AW00024858,Keziah,Johnson,S,M,2024-02-29
24859.0,AW00024859,Mere,Garcia,S,F,2024-01-01
24860.0,AW00024860,Sione,Williams,M,F,2025-03-02
24861.0,AW00024861,Paul,White,S,M,2026-05-17
24862.0,AW00024862,Kenneth,Jackson,M,F,2024-09-27
24863.0,AW00024863,Malia,Miller,S,F,2023-09-17
24864.0,AW00024864,Michelle,Carter,S,M,2025-09-04
24865.0,AW00024865,Paul,Ngata,M,F,2024-02-05
24866.0,AW00024866,Andrew,Campbell,M,M,2024-06-04
24867.0,AW00024867,Timothy,Jones,M,F,2023-11-01
24868.0,AW00024868,Lisa,Anderson,M,M,2023-09-19
24869.0,AW00024869,Brian,Brown,M,M,2024-11-13
24870.0,AW00024870,Daniel,Ngata,S,M,2024-06-28
24871.0,AW00024871,Robert,Smith,S,F,2023-06-23
24872.0,AW00024872,Tane,Phillips,S,F,2024-06-27
24873.0,AW00024873,Lisa,Johnson,M,F,2024-12-26
24874.0,AW00024874,Jason,Perez,M,M,2023-06-14
24875.0,AW00024875,Michelle,Nime,S,F,2023-03-08
24876.0,AW00024876,David,Perez,M,M,2026-03-21
24877.0,AW00024877,Melissa,Jackson,M,M,2023-12-17
24878.0,AW00024878,Robert,Adams,S,F,2025-08-12
24879.0,AW00024879,Betty,Kumar,M,F,2024-10-11
24880.0,AW00024880,Deborah,Hall,S,M,2024-10-11
24881.0,AW00024881,Susan,Turner,M,M,2025-03-25
24882.0,AW00024882,Jessica,Baker,S,M,2024-03-16
24883.0,AW00024883,Kimberly,Johnson,S,M,2025-07-14
24884.0,AW00024884,Patricia,Thomas,S,M,2025-03-16
24885.0,AW00024885,Anthony,Kumar,S,F,2024-06-02
24886.0,AW00024886,Amanda,King,M,F,2023-01-31
24887.0,AW00024887,Baraa,Moore,S,M,2023-12-04
24888.0,AW00024888,Ashley,Hall,S,M,2025-02-26
24889.0,AW00024889,Carol,Toalii,S,F,2023-02-06
24890.0,AW00024890,Baraa,Martin,M,F,2025-10-24
24891.0,AW00024891,Linda,Adams,M,F,2026-01-15
24892.0,AW00024892,Mary,Jones,S,F,2025-04-01
24893.0,AW00024893,Sarah,Baker,M,M,2026-04-15
24894.0,AW00024894,William,Baker,M,M,2023-11-02
24895.0,AW00024895,Donna,Lewis,S,F,2023-01-27
24896.0,AW00024896,Peter,Brown,S,F,2024-04-30
24897.0,AW00024897,Daniel,Miller,M,F,2023-11-30
24898.0,AW00024898,Daniel,Martin,S,F,2023-08-16
24899.0,AW00024899,Keziah,Phillips,S,F,2026-02-26
24900.0,AW00024900,Kimberly,Scott,S,F,2025-02-19
24901.0,AW00024901,Carol,Martin,M,M,2024-12-15
24902.0,AW00024902,Donna,Singh,M,M,2024-10-12
24903.0,AW00024903,Steven,Nelson,S,F,2026-03-15
24904.0,AW00024904,Richard,Adams,M,M,2024-11-04
24905.0,AW00024905,Deborah,Wilson,M,F,2024-05-15
24906.0,AW00024906,Malia,Lopez,M,M,2025-09-24
24907.0,AW00024907,Elizabeth,Perez,S,M,2024-01-15
24908.0,AW00024908,Peter,Scott,S,M,2024-05-02
24909.0,AW00024909,Linda,Lewis,M,F,2024-05-06
24910.0,AW00024910,Deborah,Brown,M,M,2023-10-17
24911.0,AW00024911,Sione,Singh,M,M,2025-08-25
24912.0,AW00024912,Betty,Green,S,M,2024-04-24
24913.0,AW00024913,Elizabeth,Jackson,S,M,2024-11-15
24914.0,AW00024914,Jason,Scott,S,M,2023-03-18
24915.0,AW00024915,Donna,Martin,S,F,2026-01-31
24916.0,AW00024916,Barbara,Wright,M,M,2023-01-28
24917.0,AW00024917,Susan,Davis,M,M,2024-05-29
24918.0,AW00024918,Mary,Nime,S,M,2025-03-11
24919.0,AW00024919,Peter,White,M,F,2025-01-25
24920.0,AW00024920,Andrew,Smith,S,M,2023-12-03
24921.0,AW00024921,Andrew,Baker,M,F,2023-04-15
24922.0,AW00024922,George,Taylor,M,M,2023-10-09
24923.0,AW00024923,Robert,Lewis,M,M,2024-12-21
24924.0,AW00024924,Malia,Anderson,M,F,2024-06-09
24925.0,AW00024925,Deborah,White,M,M,2025-01-25
24926.0,AW00024926,Tane,Nime,S,F,2025-08-29
24927.0,AW00024927,Joseph,Johnson,M,F,2023-07-17
24928.0,AW00024928,Lisa,Nime,S,M,2024-10-24
24929.0,AW00024929,Lisa,Perez,M,F,2023-09-02
24930.0,AW00024930,Carol,Taylor,M,M,2023-12-11
24931.0,AW00024931,Donna,White,M,M,2026-05-24
24932.0,AW00024932,Donna,Garcia,S,F,2026-02-10
24933.0,AW00024933,Donald,Wright,M,M,2024-04-19
24934.0,AW00024934,Jennifer,Turner,M,M,2025-09-27
24935.0,AW00024935,Thomas,Campbell,S,F,2023-08-11
24936.0,AW00024936,Rebecca,Lewis,M,F,2023-12-03
24937.0,AW00024937,Aroha,Miller,S,M,2023-05-10
24938.0,AW00024938,David,Walker,M,M,2023-03-02
24939.0,AW00024939,Linda,Jackson,S,F,2025-09-05
24940.0,AW00024940,Carol,Hall,M,M,2024-05-25
24941.0,AW00024941,David,Jackson,M,M,2026-05-04
24942.0,AW00024942,Joseph,Jackson,M,F,2023-03-29
24943.0,AW00024943,Ronald,Ngata,M,F,2025-04-27
24944.0,AW00024944,Keziah,Roberts,M,M,2023-10-03
24945.0,AW00024945,Mere,Clark,S,F,2023-03-18
24946.0,AW00024946,Sione,Lee,M,F,2023-03-20
24947.0,AW00024947,Malia,Adams,S,F,2023-06-28
24948.0,AW00024948,Keziah,Clark,M,F,2023-01-06
24949.0,AW00024949,Jason,Davis,M,F,2024-08-06
24950.0,AW00024950,Sandra,Thompson,M,M,2025-05-22
24951.0,AW00024951,Thomas,Kumar,M,M,2024-09-22
24952.0,AW00024952,Anthony,Roberts,S,F,2025-06-21
24953.0,AW00024953,Betty,Nime,M,F,2023-08-26
24954.0,AW00024954,Betty,Kumar,S,M,2024-10-21
24955.0,AW00024955,Patricia,White,S,F,2026-04-17
24956.0,AW00024956,Charles,Garcia,M,M,2026-03-21
24957.0,AW00024957,Timothy,Adams,M,M,2025-12-20
24958.0,AW00024958,Lisa,Toalii,S,F,2024-01-26
24959.0,AW00024959,Donna,Adams,M,M,2025-09-25
24960.0,AW00024960,Kenneth,Lopez,S,F,2025-06-24
24961.0,AW00024961,Thomas,Miller,S,F,2024-04-08
24962.0,AW00024962,Nancy,Garcia,S,M,2024-12-12
24963.0,AW00024963,Jessica,Roberts,S,F,2024-08-24
24964.0,AW00024964,Keziah,Lopez,M,M,2025-07-05
24965.0,AW00024965,Elizabeth,Thomas,S,F,2023-08-08
24966.0,AW00024966,Andrew,Patel,S,F,2026-01-21
24967.0,AW00024967,Sarah,Mitchell,M,F,2023-05-26
24968.0,AW00024968,Ronald,Baker,M,M,2024-02-12
24969.0,AW00024969,Tane,Adams,S,M,2023-12-19
24970.0,AW00024970,Ronald,Thompson,M,M,2023-07-18
24971.0,AW00024971,Keziah,Perez,S,M,2023-07-25
24972.0,AW00024972,Joseph,Thomas,M,M,2026-02-20
24973.0,AW00024973,Lisa,Lee,M,F,2023-02-19
24974.0,AW00024974,Donald,Mitchell,M,M,2025-01-21
24975.0,AW00024975,Keziah,Green,S,F,2024-09-19
24976.0,AW00024976,Sione,Green,M,M,2023-07-17
24977.0,AW00024977,Paul,Lewis,M,M,2023-02-20
24978.0,AW00024978,Keziah,Martin,S,M,2023-02-27
24979.0,AW00024979,Keziah,Taylor,S,M,2024-09-03
24980.0,AW00024980,Peter,Johnson,M,F,2024-09-09
24981.0,AW00024981,Timothy,Parker,S,M,2024-03-30
24982.0,AW00024982,Emily,Brown,S,F,2025-05-20
24983.0,AW00024983,Thomas,Smith,S,M,2023-04-23
24984.0,AW00024984,Ashley,Green,M,M,2024-11-30
24985.0,AW00024985,Rebecca,Davis,M,M,2023-02-13
24986.0,AW00024986,Stephanie,Parker,M,M,2024-12-23
24987.0,AW00024987,Linda,Baker,M,M,2023-10-25
24988.0,AW00024988,Lisa,Perez,M,F,2024-12-27
24989.0,AW00024989,Timothy,Garcia,M,F,2026-01-10
24990.0,AW00024990,Jason,Patel,S,M,2023-10-02
24991.0,AW00024991,Sarah,Lee,S,M,2025-12-22
24992.0,AW00024992,Linda,Adams,M,M,2026-03-13
24993.0,AW00024993,Lisa,Davis,S,F,2025-01-11
24994.0,AW00024994,Kenneth,Singh,S,F,2026-03-25
24995.0,AW00024995,Kimberly,Perez,M,F,2024-12-31
24996.0,AW00024996,James,Nime,S,F,2025-09-17
24997.0,AW00024997,Amanda,Allen,S,M,2026-05-19
24998.0,AW00024998,Matthew,Williams,S,F,2026-01-29
24999.0,AW00024999,Aroha,Adams,S,M,2023-01-29
25000.0,AW00025000,Aroha,Green,S,M,2023-10-16
25001.0,AW00025001,Thomas,Moore,M,F,2024-02-14
25002.0,AW00025002,Rebecca,Clark,M,F,2023-07-30
25003.0,AW00025003,Jennifer,Phillips,M,F,2026-03-29
25004.0,AW00025004,Aroha,Brown,M,M,2025-03-15
25005.0,AW00025005,Joseph,Wilson,M,M,2024-01-25
25006.0,AW00025006,Karen,Patel,M,F,2024-08-01
25007.0,AW00025007,Matthew,Lewis,S,F,2023-02-12
25008.0,AW00025008,Joseph,Brown,M,M,2024-10-05
25009.0,AW00025009,Robert,Wright,S,M,2023-01-18
25010.0,AW00025010,Karen,Taylor,S,F,2026-01-04
25011.0,AW00025011,Ronald,Nelson,M,F,2024-03-13
25012.0,AW00025012,Matthew,Patel,S,F,2023-08-03
25013.0,AW00025013,Amanda,Moore,S,F,2023-10-01
25014.0,AW00025014,Joseph,Baker,S,F,2023-11-26
25015.0,AW00025015,Jessica,Brown,S,F,2024-04-10
25016.0,AW00025016,Aroha,Young,M,F,2024-04-03
25017.0,AW00025017,Sione,Mitchell,S,F,2023-02-07
25018.0,AW00025018,Timothy,Allen,M,M,2024-08-28
25019.0,AW00025019,Sione,Lee,M,M,2025-05-08
25020.0,AW00025020,Daniel,Johnson,M,M,2025-01-28
25021.0,AW00025021,Malia,Walker,S,F,2025-08-02
25022.0,AW00025022,Sandra,Nime,S,M,2023-11-20
25023.0,AW00025023,Mark,White,S,F,2023-12-06
25024.0,AW00025024,Deborah,Clark,S,M,2023-04-30
25025.0,AW00025025,Lisa,Ngata,S,F,2025-08-24
25026.0,AW00025026,Baraa,White,M,F,2024-07-22
25027.0,AW00025027,Ashley,Hall,S,M,2023-04-10
25028.0,AW00025028,Rebecca,Allen,S,F,2024-09-11
25029.0,AW00025029,Aroha,Martin,S,M,2023-11-07
25030.0,AW00025030,Elizabeth,Green,S,F,2024-01-12
25031.0,AW00025031,Sandra,Moore,S,M,2024-10-13
25032.0,AW00025032,Peter,Garcia,S,F,2024-12-11
25033.0,AW00025033,Melissa,Martin,M,F,2026-03-19
25034.0,AW00025034,Barbara,Moore,S,M,2023-02-15
25035.0,AW00025035,Sione,Nime,M,M,2023-07-05
25036.0,AW00025036,Sione,Wilson,M,M,2025-09-20
25037.0,AW00025037,Matthew,Wilson,S,M,2023-12-31
25038.0,AW00025038,Jason,Mitchell,S,M,2023-10-19
25039.0,AW00025039,Mark,Parker,S,M,2023-09-22
25040.0,AW00025040,David,White,M,M,2026-05-15
25041.0,AW00025041,Betty,Garcia,M,M,2023-03-01
25042.0,AW00025042,Peter,Taylor,M,M,2026-01-23
25043.0,AW00025043,Matthew,Parker,S,F,2025-06-24
25044.0,AW00025044,Andrew,Perez,S,M,2023-09-14
25045.0,AW00025045,Nancy,Nelson,M,M,2025-01-04
25046.0,AW00025046,Joshua,Wright,M,M,2024-06-01
25047.0,AW00025047,Sione,Allen,M,M,2025-12-19
25048.0,AW00025048,Anthony,Kumar,S,F,2025-06-10
25049.0,AW00025049,Keziah,Nime,M,M,2025-03-21
25050.0,AW00025050,Elizabeth,Thompson,S,M,2024-03-02
25051.0,AW00025051,George,Walker,M,M,2023-12-07
25052.0,AW00025052,Keziah,Clark,S,M,2026-05-23
25053.0,AW00025053,Nancy,Nelson,M,F,2023-12-16
25054.0,AW00025054,Betty,Lopez,M,M,2026-02-26
25055.0,AW00025055,George,Carter,S,F,2025-07-19
25056.0,AW00025056,Robert,Perez,S,F,2026-03-12
25057.0,AW00025057,Paul,Clark,S,F,2023-08-13
25058.0,AW00025058,Jennifer,Ngata,M,M,2025-01-27
25059.0,AW00025059,James,Baker,S,M,2026-05-01
25060.0,AW00025060,Donna,Manu,M,F,2026-01-20
25061.0,AW00025061,Daniel,Johnson,S,M,2023-08-30
25062.0,AW00025062,Donald,Singh,S,M,2023-11-01
25063.0,AW00025063,Baraa,Roberts,M,F,2024-08-23
25064.0,AW00025064,Peter,Wilson,M,M,2023-05-08
25065.0,AW00025065,Donna,Garcia,M,F,2023-07-05
25066.0,AW00025066,Baraa,Patel,S,M,2024-10-17
25067.0,AW00025067,Paul,Toalii,M,M,2025-11-11
25068.0,AW00025068,Patricia,Nelson,M,M,2023-11-21
25069.0,AW00025069,James,Adams,M,F,2023-07-01
25070.0,AW00025070,Karen,Wright,M,F,2024-02-04
25071.0,AW00025071,Matthew,Wilson,M,F,2024-01-27
25072.0,AW00025072,Michelle,Manu,S,F,2023-03-30
25073.0,AW00025073,Paul,Thomas,M,M,2025-08-15
25074.0,AW00025074,Stephanie,Singh,S,M,2024-08-09
25075.0,AW00025075,Paul,Adams,S,F,2025-12-31
25076.0,AW00025076,Michelle,Nime,S,M,2024-03-01
25077.0,AW00025077,Richard,Garcia,S,M,2025-07-08
25078.0,AW00025078,Sarah,Allen,M,F,2025-11-27
25079.0,AW00025079,Jennifer,Carter,M,M,2024-09-16
25080.0,AW00025080,Kenneth,Jones,S,F,2026-03-26
25081.0,AW00025081,Kenneth,Singh,S,F,2026-03-14
25082.0,AW00025082,Betty,Jones,S,F,2025-06-15
25083.0,AW00025083,Mere,Toalii,M,M,2023-11-16
25084.0,AW00025084,John,Miller,M,M,2025-04-17
25085.0,AW00025085,Donald,Thomas,S,M,2026-04-01
25086.0,AW00025086,George,Adams,M,F,2025-05-18
25087.0,AW00025087,Mark,Nelson,S,M,2023-09-01
25088.0,AW00025088,Charles,Jones,M,M,2026-03-14
25089.0,AW00025089,Sarah,Johnson,S,M,2023-11-07
25090.0,AW00025090,Jessica,Adams,S,M,2024-10-24
25091.0,AW00025091,William,Brown,S,M,2024-01-20
25092.0,AW00025092,Kenneth,Phillips,S,M,2024-12-08
25093.0,AW00025093,James,Allen,S,M,2024-12-30
25094.0,AW00025094,Steven,Baker,M,F,2024-12-23
25095.0,AW00025095,Mark,Miller,M,F,2023-10-09
25096.0,AW00025096,Daniel,Lee,S,M,2024-01-28
25097.0,AW00025097,Donna,Young,M,M,2025-10-23
25098.0,AW00025098,William,Thomas,M,M,2025-12-05
25099.0,AW00025099,Thomas,Carter,M,F,2024-11-15
25100.0,AW00025100,Tane,Miller,S,M,2026-04-19
25101.0,AW00025101,Deborah,Singh,S,F,2026-04-26
25102.0,AW00025102,Charles,Singh,S,F,2026-03-31
25103.0,AW00025103,Stephanie,Jones,S,M,2025-11-09
25104.0,AW00025104,Andrew,Garcia,S,F,2024-06-03
25105.0,AW00025105,Michelle,Roberts,S,F,2023-05-18
25106.0,AW00025106,Malia,Green,M,F,2026-02-02
25107.0,AW00025107,Paul,Patel,M,F,2025-07-01
25108.0,AW00025108,Kimberly,Singh,M,M,2024-05-22
25109.0,AW00025109,Malia,Turner,M,M,2024-01-28
25110.0,AW00025110,Ashley,King,M,M,2025-06-29
25111.0,AW00025111,Peter,Manu,M,F,2024-11-28
25112.0,AW00025112,Ronald,Miller,M,M,2023-01-24
25113.0,AW00025113,Sarah,Parker,S,M,2023-12-10
25114.0,AW00025114,Joshua,Wilson,S,M,2023-04-03
25115.0,AW00025115,Malia,Smith,M,F,2024-11-27
25116.0,AW00025116,Donna,Perez,M,M,2025-10-06
25117.0,AW00025117,Peter,Patel,S,F,2024-04-11
25118.0,AW00025118,Nancy,Lewis,M,M,2025-12-18
25119.0,AW00025119,Thomas,Johnson,M,M,2024-12-21
25120.0,AW00025120,Stephanie,Jones,M,M,2023-03-14
25121.0,AW00025121,Andrew,Williams,S,M,2025-03-01
25122.0,AW00025122,Matthew,Taylor,S,M,2026-04-29
25123.0,AW00025123,Patricia,Nime,M,F,2024-10-07
25124.0,AW00025124,Betty,Ngata,S,F,2023-11-19
25125.0,AW00025125,Ashley,Wright,S,M,2023-11-29
25126.0,AW00025126,George,Patel,S,M,2025-04-20
25127.0,AW00025127,Paul,Lee,M,F,2025-11-23
25128.0,AW00025128,Peter,Martin,S,F,2024-09-21
25129.0,AW00025129,John,Campbell,M,F,2024-05-18
25130.0,AW00025130,Thomas,Davis,S,F,2025-06-11
25131.0,AW00025131,Charles,Walker,M,M,2023-07-23
25132.0,AW00025132,Sandra,Scott,S,F,2024-10-07
25133.0,AW00025133,Mere,Manu,M,F,2024-11-22
25134.0,AW00025134,Sarah,Hall,M,F,2024-03-31
25135.0,AW00025135,Mere,Brown,S,F,2025-04-21
25136.0,AW00025136,Melissa,Carter,S,F,2025-12-06
25137.0,AW00025137,Michelle,Adams,M,M,2024-06-03
25138.0,AW00025138,Charles,Brown,S,F,2024-03-03
25139.0,AW00025139,Amanda,Baker,M,F,2024-08-12
25140.0,AW00025140,Matthew,Phillips,S,F,2026-03-04
25141.0,AW00025141,Keziah,Kumar,M,M,2024-08-31
25142.0,AW00025142,Michelle,Nelson,M,M,2024-10-25
25143.0,AW00025143,Kenneth,Nelson,M,M,2025-02-20
25144.0,AW00025144,Elizabeth,Clark,M,M,2023-10-12
25145.0,AW00025145,Thomas,Singh,S,F,2024-10-02
25146.0,AW00025146,Donna,Carter,S,F,2023-01-26
25147.0,AW00025147,Amanda,Lewis,M,F,2023-01-12
25148.0,AW00025148,Matthew,Clark,M,M,2026-05-28
25149.0,AW00025149,Kenneth,Walker,S,F,2023-01-28
25150.0,AW00025150,Jason,Smith,M,F,2025-12-24
25151.0,AW00025151,Deborah,Miller,S,M,2025-02-24
25152.0,AW00025152,George,Baker,M,M,2023-02-08
25153.0,AW00025153,Mere,Williams,S,F,2024-12-01
25154.0,AW00025154,George,Green,S,M,2026-02-13
25155.0,AW00025155,Linda,Toalii,M,M,2023-04-25
25156.0,AW00025156,Malia,Toalii,S,M,2025-12-27
25157.0,AW00025157,Robert,Walker,M,M,2026-02-25
25158.0,AW00025158,Sandra,Turner,M,F,2023-08-14
25159.0,AW00025159,Jennifer,Martin,M,F,2025-01-25
25160.0,AW00025160,Matthew,Lee,S,F,2026-01-16
25161.0,AW00025161,George,Singh,M,F,2025-01-01
25162.0,AW00025162,Joseph,Parker,M,F,2026-04-15
25163.0,AW00025163,Keziah,Clark,M,F,2024-05-19
25164.0,AW00025164,Sarah,Toalii,S,F,2024-11-10
25165.0,AW00025165,Joseph,Young,S,F,2023-02-21
25166.0,AW00025166,Joseph,Mitchell,M,F,2024-04-07
25167.0,AW00025167,Betty,Anderson,M,M,2023-08-02
25168.0,AW00025168,Anthony,Green,M,M,2025-05-26
25169.0,AW00025169,Steven,Green,S,F,2026-04-27
25170.0,AW00025170,Sione,King,S,F,2024-09-03
25171.0,AW00025171,Michael,Allen,M,M,2025-05-03
25172.0,AW00025172,George,White,M,F,2023-10-10
25173.0,AW00025173,Barbara,Hall,S,F,2026-04-17
25174.0,AW00025174,Donna,Ngata,S,M,2023-02-04
25175.0,AW00025175,Ronald,Miller,S,M,2023-09-21
25176.0,AW00025176,Ronald,Carter,M,F,2023-02-18
25177.0,AW00025177,Emily,Jackson,S,M,2026-01-25
25178.0,AW00025178,Keziah,Williams,M,F,2024-01-09
25179.0,AW00025179,Aroha,Baker,S,F,2025-10-28
25180.0,AW00025180,Jennifer,Campbell,M,F,2024-06-14
25181.0,AW00025181,Patricia,Jackson,M,M,2023-07-26
25182.0,AW00025182,Melissa,Young,M,M,2023-01-04
25183.0,AW00025183,Donald,Hall,S,M,2024-01-21
25184.0,AW00025184,Sione,Miller,M,F,2023-05-24
25185.0,AW00025185,Joshua,Thomas,M,M,2025-03-29
25186.0,AW00025186,John,Ngata,S,F,2024-03-11
25187.0,AW00025187,Mary,Adams,S,M,2025-06-17
25188.0,AW00025188,Keziah,Patel,S,M,2025-11-03
25189.0,AW00025189,Peter,Turner,S,F,2023-09-28
25190.0,AW00025190,Tane,Campbell,M,M,2025-08-23
25191.0,AW00025191,Emily,White,S,M,2026-02-21
25192.0,AW00025192,Thomas,Mitchell,S,M,2023-08-17
25193.0,AW00025193,Baraa,Walker,S,F,2023-08-21
25194.0,AW00025194,Paul,Clark,S,F,2024-10-31
25195.0,AW00025195,Tane,Lee,S,F,2023-05-10
25196.0,AW00025196,William,Scott,M,M,2023-08-19
25197.0,AW00025197,Karen,Singh,M,M,2023-08-01
25198.0,AW00025198,Michael,Anderson,M,M,2025-10-22
25199.0,AW00025199,Kimberly,Ngata,S,M,2025-02-17
25200.0,AW00025200,Joshua,Patel,S,F,2025-04-20
25201.0,AW00025201,Charles,Allen,M,M,2026-03-04
25202.0,AW00025202,Anthony,Hall,M,M,2024-07-06
25203.0,AW00025203,Melissa,Scott,S,M,2025-07-27
25204.0,AW00025204,Jason,Singh,S,M,2025-08-24
25205.0,AW00025205,Lisa,Martin,M,M,2023-01-03
25206.0,AW00025206,Barbara,Hall,M,F,2024-01-19
25207.0,AW00025207,Mere,Scott,M,M,2024-03-07
25208.0,AW00025208,Peter,Lewis,M,F,2025-11-27
25209.0,AW00025209,Barbara,Hall,S,F,2025-10-07
25210.0,AW00025210,Matthew,Perez,S,M,2026-05-05
25211.0,AW00025211,Anthony,Anderson,S,M,2023-06-21
25212.0,AW00025212,Betty,Lee,M,F,2024-04-24
25213.0,AW00025213,David,Martin,M,M,2024-07-22
25214.0,AW00025214,Carol,Johnson,M,M,2023-08-29
25215.0,AW00025215,Lisa,Allen,S,M,2023-06-16
25216.0,AW00025216,Barbara,Thomas,S,M,2023-11-12
25217.0,AW00025217,Melissa,Smith,S,M,2024-05-26
25218.0,AW00025218,Susan,Parker,M,F,2025-07-29
25219.0,AW00025219,Jason,Manu,M,F,2023-03-21
25220.0,AW00025220,James,King,M,F,2025-01-17
25221.0,AW00025221,Timothy,Toalii,S,M,2023-01-20
25222.0,AW00025222,Lisa,Adams,S,F,2024-12-10
25223.0,AW00025223,Malia,Thompson,S,F,2025-11-27
25224.0,AW00025224,Joseph,Thompson,S,F,2025-06-22
25225.0,AW00025225,Malia,Green,M,F,2025-01-25
25226.0,AW00025226,James,Jackson,S,M,2024-01-12
25227.0,AW00025227,Matthew,Moore,M,M,2025-10-12
25228.0,AW00025228,Jennifer,Mitchell,M,F,2026-02-12
25229.0,AW00025229,Keziah,Mitchell,S,F,2025-12-18
25230.0,AW00025230,Joseph,Young,S,M,2023-06-17
25231.0,AW00025231,Barbara,Anderson,M,M,2025-10-06
25232.0,AW00025232,Kimberly,Garcia,M,F,2025-02-28
25233.0,AW00025233,James,Miller,M,M,2023-05-06
25234.0,AW00025234,Paul,Jones,M,M,2025-11-18
25235.0,AW00025235,Kimberly,Walker,M,F,2024-08-18
25236.0,AW00025236,Baraa,Allen,M,F,2026-04-28
25237.0,AW00025237,Barbara,Wright,M,M,2023-10-24
25238.0,AW00025238,Daniel,Campbell,S,F,2025-05-31
25239.0,AW00025239,Melissa,Garcia,M,F,2024-02-17
25240.0,AW00025240,Melissa,Walker,M,M,2025-08-11
25241.0,AW00025241,Karen,Martin,S,F,2023-06-06
25242.0,AW00025242,Betty,Clark,S,F,2024-08-04
25243.0,AW00025243,Betty,White,S,F,2025-07-01
25244.0,AW00025244,Elizabeth,White,M,F,2026-01-06
25245.0,AW00025245,David,Lopez,M,M,2023-01-31
25246.0,AW00025246,Joseph,Baker,S,M,2024-12-02
25247.0,AW00025247,Robert,Johnson,M,F,2023-04-16
25248.0,AW00025248,Andrew,Ngata,M,M,2023-11-04
25249.0,AW00025249,Paul,Thompson,S,F,2024-06-11
25250.0,AW00025250,Anthony,Moore,S,M,2025-02-13
25251.0,AW00025251,Peter,Patel,S,M,2025-02-06
25252.0,AW00025252,Linda,Nelson,M,F,2025-05-15
25253.0,AW00025253,Nancy,Moore,M,F,2024-12-17
25254.0,AW00025254,Emily,Smith,M,M,2023-09-03
25255.0,AW00025255,Peter,Lewis,M,M,2024-09-25
25256.0,AW00025256,Joshua,Anderson,S,M,2023-03-23
25257.0,AW00025257,David,Taylor,M,M,2024-01-06
25258.0,AW00025258,Nancy,Wilson,S,M,2023-06-03
25259.0,AW00025259,Patricia,Lewis,M,F,2026-02-08
25260.0,AW00025260,Steven,Anderson,S,F,2024-10-14
25261.0,AW00025261,Jennifer,Thompson,M,M,2026-01-11
25262.0,AW00025262,Richard,Clark,S,F,2025-03-27
25263.0,AW00025263,Richard,Roberts,M,F,2025-08-07
25264.0,AW00025264,Richard,Jones,S,F,2023-04-21
25265.0,AW00025265,Kenneth,Thompson,S,M,2024-12-06
25266.0,AW00025266,Jason,Walker,M,M,2023-01-28
25267.0,AW00025267,Baraa,Johnson,M,M,2024-01-11
25268.0,AW00025268,Nancy,Singh,S,M,2026-05-02
25269.0,AW00025269,Kenneth,Lewis,M,F,2023-03-14
25270.0,AW00025270,Melissa,Wright,S,M,2026-02-28
25271.0,AW00025271,Ashley,Singh,M,M,2025-03-12
25272.0,AW00025272,Daniel,Roberts,S,M,2024-02-02
25273.0,AW00025273,William,Thomas,S,M,2025-07-09
25274.0,AW00025274,Aroha,Wright,S,F,2023-02-01
25275.0,AW00025275,Susan,Toalii,M,F,2023-07-18
25276.0,AW00025276,Sione,Moore,S,F,2023-08-09
25277.0,AW00025277,Lisa,Anderson,M,M,2023-09-24
25278.0,AW00025278,Jason,Roberts,M,F,2024-07-21
25279.0,AW00025279,Ashley,Wilson,S,M,2025-09-15
25280.0,AW00025280,Michelle,Brown,M,F,2024-02-01
25281.0,AW00025281,Anthony,Baker,S,M,2025-12-17
25282.0,AW00025282,Lisa,Smith,M,F,2023-04-19
25283.0,AW00025283,Michelle,King,S,F,2025-12-15
25284.0,AW00025284,Susan,Baker,M,M,2024-04-08
25285.0,AW00025285,Jennifer,Thomas,M,M,2025-12-12
25286.0,AW00025286,Karen,Brown,M,F,2025-11-20
25287.0,AW00025287,Kenneth,Singh,M,M,2024-06-27
25288.0,AW00025288,Jennifer,Brown,M,F,2026-04-26
25289.0,AW00025289,Stephanie,Johnson,M,F,2025-11-14
25290.0,AW00025290,Ashley,Baker,S,M,2025-09-30
25291.0,AW00025291,Patricia,Roberts,M,F,2025-08-10
25292.0,AW00025292,Ashley,Miller,M,F,2024-09-14
25293.0,AW00025293,Steven,Young,S,M,2024-11-24
25294.0,AW00025294,Matthew,Patel,S,M,2024-09-20
25295.0,AW00025295,Amanda,Davis,S,M,2024-10-01
25296.0,AW00025296,Ashley,Garcia,S,F,2023-09-12
25297.0,AW00025297,Ronald,Singh,S,M,2023-03-26
25298.0,AW00025298,Sarah,Patel,M,M,2025-07-10
25299.0,AW00025299,Robert,Johnson,S,F,2025-07-15
25300.0,AW00025300,Carol,Campbell,M,M,2024-06-24
25301.0,AW00025301,Joseph,Toalii,S,F,2023-03-29
25302.0,AW00025302,Anthony,Clark,S,F,2024-08-13
25303.0,AW00025303,Tane,Roberts,M,M,2023-01-20
25304.0,AW00025304,Deborah,Martin,S,F,2024-04-12
25305.0,AW00025305,James,Adams,S,M,2023-06-12
25306.0,AW00025306,Barbara,Smith,M,F,2026-05-06
25307.0,AW00025307,Karen,Manu,S,M,2025-05-26
25308.0,AW00025308,Elizabeth,Anderson,S,F,2023-11-22
25309.0,AW00025309,Robert,Turner,S,M,2025-11-25
25310.0,AW00025310,John,Lewis,M,M,2023-08-03
25311.0,AW00025311,Jennifer,Taylor,S,M,2024-10-13
25312.0,AW00025312,Michelle,Davis,S,F,2025-08-21
25313.0,AW00025313,Donald,Wilson,S,F,2024-06-30
25314.0,AW00025314,Melissa,Thomas,S,F,2024-08-03
25315.0,AW00025315,Robert,Toalii,S,F,2026-03-06
25316.0,AW00025316,William,Miller,S,F,2025-08-09
25317.0,AW00025317,Daniel,Hall,M,F,2024-02-05
25318.0,AW00025318,Jason,Campbell,S,M,2023-11-27
25319.0,AW00025319,Anthony,Thomas,M,M,2025-06-13
25320.0,AW00025320,Elizabeth,Garcia,M,F,2023-09-18
25321.0,AW00025321,Susan,Lopez,S,F,2023-04-20
25322.0,AW00025322,Anthony,Young,S,F,2025-08-25
25323.0,AW00025323,Karen,Lewis,M,F,2023-06-01
25324.0,AW00025324,Robert,Allen,M,M,2026-01-28
25325.0,AW00025325,Mark,Mitchell,S,F,2026-03-04
25326.0,AW00025326,Stephanie,Thomas,M,F,2024-07-17
25327.0,AW00025327,Baraa,Wright,M,M,2025-09-18
25328.0,AW00025328,Susan,Wright,S,M,2025-04-23
25329.0,AW00025329,Paul,Taylor,M,F,2024-05-10
25330.0,AW00025330,Mark,Campbell,M,F,2026-04-16
25331.0,AW00025331,Susan,Campbell,S,M,2024-09-08
25332.0,AW00025332,Sandra,Lopez,S,M,2024-07-02
25333.0,AW00025333,James,Green,M,M,2026-05-10
25334.0,AW00025334,Lisa,Johnson,M,M,2024-08-24
25335.0,AW00025335,Steven,Jackson,M,F,2025-01-09
25336.0,AW00025336,Karen,Jones,S,F,2024-05-18
25337.0,AW00025337,Steven,Jackson,M,F,2024-11-07
25338.0,AW00025338,Mere,Anderson,M,F,2024-03-13
25339.0,AW00025339,Robert,Roberts,M,F,2025-03-15
25340.0,AW00025340,Rebecca,Wilson,S,F,2023-02-10
25341.0,AW00025341,Baraa,Nime,M,F,2024-09-19
25342.0,AW00025342,Donald,Martin,M,F,2024-02-12
25343.0,AW00025343,Mark,Campbell,M,F,2023-08-18
25344.0,AW00025344,Steven,Wilson,M,M,2025-07-16
25345.0,AW00025345,Patricia,Lopez,S,M,2024-09-12
25346.0,AW00025346,Jessica,Johnson,S,F,2024-07-20
25347.0,AW00025347,Jennifer,Phillips,M,M,2025-05-08
25348.0,AW00025348,Robert,Carter,M,M,2025-04-28
25349.0,AW00025349,Robert,Walker,M,F,2025-08-26
25350.0,AW00025350,Timothy,Davis,S,F,2025-06-19
25351.0,AW00025351,Nancy,White,M,M,2025-06-14
25352.0,AW00025352,Linda,Thompson,M,M,2023-01-15
25353.0,AW00025353,Linda,Garcia,M,M,2026-04-06
25354.0,AW00025354,Jennifer,Young,M,M,2024-03-07
25355.0,AW00025355,Tane,White,M,F,2024-04-10
25356.0,AW00025356,George,Turner,S,F,2023-12-27
25357.0,AW00025357,David,Jones,M,F,2024-07-22
25358.0,AW00025358,Kimberly,Thompson,S,M,2024-09-10
25359.0,AW00025359,Ronald,Manu,S,M,2025-01-12
25360.0,AW00025360,Ashley,Lee,M,M,2023-01-03
25361.0,AW00025361,Sandra,Lopez,M,M,2025-09-05
25362.0,AW00025362,Rebecca,Smith,M,F,2025-01-01
25363.0,AW00025363,Michael,Clark,S,F,2023-03-23
25364.0,AW00025364,Richard,Campbell,S,F,2025-06-11
25365.0,AW00025365,Paul,Young,M,M,2024-02-06
25366.0,AW00025366,Betty,Moore,S,M,2026-04-18
25367.0,AW00025367,Rebecca,White,S,F,2024-12-25
25368.0,AW00025368,Ashley,Davis,M,M,2025-08-09
25369.0,AW00025369,Elizabeth,Manu,M,M,2025-04-15
25370.0,AW00025370,Michelle,Carter,M,M,2024-08-31
25371.0,AW00025371,Joseph,King,M,M,2023-12-19
25372.0,AW00025372,Brian,Phillips,S,M,2024-11-12
25373.0,AW00025373,Donna,Roberts,S,F,2024-07-12
25374.0,AW00025374,Amanda,Wright,S,M,2026-05-09
25375.0,AW00025375,Stephanie,Wright,S,F,2025-06-07
25376.0,AW00025376,Keziah,Nelson,S,M,2024-08-14
25377.0,AW00025377,Aroha,Scott,M,F,2023-08-29
25378.0,AW00025378,Richard,Thompson,M,M,2026-02-25
25379.0,AW00025379,Melissa,Lee,M,F,2025-10-24
25380.0,AW00025380,George,Lopez,S,F,2024-12-29
25381.0,AW00025381,Matthew,Allen,S,M,2024-09-29
25382.0,AW00025382,Donna,Thomas,M,F,2025-03-16
25383.0,AW00025383,Malia,Roberts,M,F,2024-01-29
25384.0,AW00025384,Sandra,Brown,S,F,2024-05-05
25385.0,AW00025385,Nancy,Patel,M,M,2023-07-13
25386.0,AW00025386,Lisa,Roberts,M,F,2023-02-25
25387.0,AW00025387,Andrew,Lewis,M,M,2026-04-21
25388.0,AW00025388,Deborah,Green,S,M,2026-01-05
25389.0,AW00025389,John,White,S,F,2025-09-23
25390.0,AW00025390,Peter,Miller,M,F,2024-07-31
25391.0,AW00025391,Baraa,Kumar,S,M,2026-04-26
25392.0,AW00025392,William,Taylor,S,F,2024-06-05
25393.0,AW00025393,Malia,Clark,M,M,2026-01-02
25394.0,AW00025394,Paul,Green,S,F,2024-07-24
25395.0,AW00025395,Sarah,King,S,F,2025-03-12
25396.0,AW00025396,Andrew,Mitchell,S,F,2025-05-14
25397.0,AW00025397,George,Nelson,M,M,2023-03-13
25398.0,AW00025398,Daniel,Jones,S,M,2025-03-21
25399.0,AW00025399,Deborah,Toalii,S,M,2024-02-02
25400.0,AW00025400,Nancy,Martin,M,F,2025-04-29
25401.0,AW00025401,Robert,Parker,S,F,2024-02-18
25402.0,AW00025402,Malia,Patel,M,F,2023-03-09
25403.0,AW00025403,Daniel,Miller,M,F,2026-02-22
25404.0,AW00025404,Sandra,Allen,M,F,2024-12-20
25405.0,AW00025405,Jessica,Turner,M,F,2025-04-17
25406.0,AW00025406,Lisa,Williams,S,F,2023-01-21
25407.0,AW00025407,Sione,Manu,M,M,2024-10-14
25408.0,AW00025408,Mere,Toalii,S,M,2024-07-04
25409.0,AW00025409,Deborah,Ngata,M,M,2024-06-21
25410.0,AW00025410,Joseph,Nelson,M,F,2024-10-30
25411.0,AW00025411,Baraa,Young,S,F,2025-05-02
25412.0,AW00025412,James,Wilson,S,F,2023-05-09
25413.0,AW00025413,Timothy,Parker,M,F,2024-08-09
25414.0,AW00025414,Mark,Nime,S,F,2026-01-29
25415.0,AW00025415,Donald,White,M,M,2025-11-18
25416.0,AW00025416,Emily,Young,S,F,2025-10-15
25417.0,AW00025417,Donald,Thompson,S,M,2024-11-19
25418.0,AW00025418,Joseph,Scott,M,M,2025-11-14
25419.0,AW00025419,Donna,Green,M,M,2023-06-11
25420.0,AW00025420,Charles,Adams,S,F,2023-07-12
25421.0,AW00025421,John,Anderson,S,M,2024-10-30
25422.0,AW00025422,John,Baker,M,F,2023-07-31
25423.0,AW00025423,Mary,Taylor,M,F,2025-05-20
25424.0,AW00025424,Tane,Wilson,S,M,2026-03-04
25425.0,AW00025425,Brian,Campbell,S,M,2025-07-03
25426.0,AW00025426,Donald,Thomas,S,M,2023-12-26
25427.0,AW00025427,Richard,Wright,M,M,2024-05-10
25428.0,AW00025428,George,Patel,S,F,2023-12-17
25429.0,AW00025429,Karen,White,S,M,2023-07-31
25430.0,AW00025430,Elizabeth,Parker,M,M,2023-09-06
25431.0,AW00025431,Michelle,Mitchell,S,M,2025-01-17
25432.0,AW00025432,Sarah,Young,S,F,2024-08-21
25433.0,AW00025433,Peter,Mitchell,S,M,2025-11-15
25434.0,AW00025434,Anthony,Martin,S,M,2026-03-08
25435.0,AW00025435,Rebecca,Smith,S,M,2025-05-12
25436.0,AW00025436,Charles,Toalii,S,F,2023-04-15
25437.0,AW00025437,Jason,Kumar,S,F,2024-09-27
25438.0,AW00025438,John,Carter,M,M,2025-10-17
25439.0,AW00025439,Stephanie,Hall,S,M,2024-12-29
25440.0,AW00025440,Jennifer,Manu,S,M,2026-01-29
25441.0,AW00025441,Baraa,Johnson,S,F,2023-08-02
25442.0,AW00025442,Kimberly,Young,S,F,2023-02-19
25443.0,AW00025443,Baraa,Green,M,M,2026-04-10
25444.0,AW00025444,Tane,Anderson,S,F,2024-02-29
25445.0,AW00025445,Linda,Toalii,M,M,2023-01-18
25446.0,AW00025446,Sione,Williams,M,F,2024-10-25
25447.0,AW00025447,Joseph,Phillips,M,F,2023-03-05
25448.0,AW00025448,Joshua,Brown,M,F,2024-05-22
25449.0,AW00025449,Richard,Jones,M,F,2024-03-14
25450.0,AW00025450,Andrew,Garcia,S,M,2024-01-11
25451.0,AW00025451,Betty,Campbell,M,M,2024-04-26
25452.0,AW00025452,Susan,Davis,M,M,2023-04-10
25453.0,AW00025453,Tane,Moore,S,F,2024-09-20
25454.0,AW00025454,Patricia,Manu,M,M,2026-04-11
25455.0,AW00025455,Rebecca,Moore,S,M,2024-07-12
25456.0,AW00025456,Paul,Baker,M,F,2024-05-14
25457.0,AW00025457,Melissa,Lee,M,M,2023-03-20
25458.0,AW00025458,Lisa,Moore,M,F,2026-03-23
25459.0,AW00025459,Paul,Phillips,S,M,2025-08-29
25460.0,AW00025460,William,Turner,M,M,2023-09-14
25461.0,AW00025461,Stephanie,Taylor,M,M,2025-12-24
25462.0,AW00025462,Keziah,Kumar,M,F,2026-05-10
25463.0,AW00025463,Matthew,White,S,M,2026-03-15
25464.0,AW00025464,Joshua,Carter,M,M,2025-01-05
25465.0,AW00025465,Elizabeth,Jackson,S,M,2023-01-15
25466.0,AW00025466,Carol,Smith,M,F,2023-10-17
25467.0,AW00025467,Emily,Thomas,S,F,2023-05-23
25468.0,AW00025468,Elizabeth,Kumar,M,F,2024-10-21
25469.0,AW00025469,Peter,Toalii,M,M,2025-01-21
25470.0,AW00025470,Emily,Miller,M,F,2024-12-16
25471.0,AW00025471,Linda,Smith,M,M,2026-03-28
25472.0,AW00025472,David,Mitchell,S,F,2023-06-10
25473.0,AW00025473,Elizabeth,Green,M,M,2024-03-11
25474.0,AW00025474,Emily,Mitchell,S,F,2026-03-29
25475.0,AW00025475,John,Green,M,M,2023-04-17
25476.0,AW00025476,Sandra,Smith,S,M,2024-11-25
25477.0,AW00025477,Stephanie,Lee,M,F,2023-11-20
25478.0,AW00025478,Linda,White,S,M,2025-07-18
25479.0,AW00025479,Melissa,Manu,S,M,2024-08-09
25480.0,AW00025480,Andrew,Perez,S,F,2023-08-19
25481.0,AW00025481,David,Nime,S,M,2025-05-05
25482.0,AW00025482,George,Allen,S,F,2024-02-23
25483.0,AW00025483,Susan,Allen,S,F,2025-04-03
25484.0,AW00025484,Susan,Parker,S,M,2025-11-18
25485.0,AW00025485,Rebecca,Manu,S,M,2024-07-06
25486.0,AW00025486,David,Scott,S,M,2025-06-06
25487.0,AW00025487,Joshua,Singh,M,M,2025-03-08
25488.0,AW00025488,Thomas,King,M,F,2023-02-08
25489.0,AW00025489,George,Moore,M,F,2025-08-08
25490.0,AW00025490,Linda,Thompson,M,F,2024-02-05
25491.0,AW00025491,Joshua,Manu,M,M,2026-05-07
25492.0,AW00025492,Malia,Moore,M,M,2026-02-24
25493.0,AW00025493,Sarah,Perez,S,M,2023-05-29
25494.0,AW00025494,Anthony,Nelson,M,M,2024-02-22
25495.0,AW00025495,Mere,Lopez,M,M,2026-05-16
25496.0,AW00025496,James,Scott,M,,2023-07-22
25497.0,AW00025497,Timothy,Campbell,S,F,2023-05-08
25498.0,AW00025498,James,Parker,M,F,2026-01-23
25499.0,AW00025499,Mere,Davis,S,F,2025-05-21
25500.0,AW00025500,Steven,Toalii,M,M,2025-05-12
25501.0,AW00025501,Donna,Turner,M,F,2024-01-14
25502.0,AW00025502,Amanda,Moore,M,M,2025-12-28
25503.0,AW00025503,Nancy,Johnson,S,M,2025-03-01
25504.0,AW00025504,Michael,Martin,M,F,2026-01-04
25505.0,AW00025505,Emily,Garcia,M,F,2023-08-03
25506.0,AW00025506,Jason,Allen,M,M,2025-06-25
25507.0,AW00025507,Jason,Mitchell,M,M,2026-05-12
25508.0,AW00025508,Aroha,Clark,M,F,2023-06-25
25509.0,AW00025509,Michael,Wilson,S,M,2025-11-10
25510.0,AW00025510,Daniel,Walker,S,F,2024-11-30
25511.0,AW00025511,Deborah,Wright,S,F,2023-03-08
25512.0,AW00025512,Ashley,Jones,M,M,2024-12-06
25513.0,AW00025513,Ronald,White,S,M,2024-09-28
25514.0,AW00025514,Kimberly,Anderson,S,M,2024-09-15
25515.0,AW00025515,Lisa,Campbell,M,M,2025-11-27
25516.0,AW00025516,Robert,Jackson,M,F,2024-11-04
25517.0,AW00025517,Sarah,Roberts,S,M,2023-07-24
25518.0,AW00025518,Jennifer,Jackson,S,F,2024-01-15
25519.0,AW00025519,Michael,Davis,S,M,2025-05-04
25520.0,AW00025520,Carol,Jones,S,M,2023-10-22
25521.0,AW00025521,James,Lewis,M,F,2023-05-26
25522.0,AW00025522,Daniel,Campbell,M,M,2024-07-23
25523.0,AW00025523,James,Thomas,S,M,2026-01-15
25524.0,AW00025524,Kimberly,Lopez,M,F,2024-02-17
25525.0,AW00025525,Emily,Adams,S,F,2025-07-18
25526.0,AW00025526,Susan,Williams,S,M,2026-02-03
25527.0,AW00025527,Linda,Garcia,S,F,2023-01-13
25528.0,AW00025528,David,Lewis,S,M,2026-03-24
25529.0,AW00025529,Betty,Phillips,S,M,2024-01-27
25530.0,AW00025530,Kenneth,Mitchell,S,M,2023-07-03
25531.0,AW00025531,David,Brown,S,F,2024-04-21
25532.0,AW00025532,William,Ngata,S,F,2026-01-27
25533.0,AW00025533,Ronald,Toalii,M,F,2024-06-04
25534.0,AW00025534,Richard,Green,S,F,2023-10-31
25535.0,AW00025535,Joshua,Thomas,M,M,2023-11-23
25536.0,AW00025536,Sandra,Mitchell,M,M,2026-05-07
25537.0,AW00025537,Mark,Walker,S,F,2024-03-25
25538.0,AW00025538,Andrew,Toalii,S,F,2026-01-18
25539.0,AW00025539,Steven,Singh,M,M,2024-01-11
25540.0,AW00025540,George,Clark,S,M,2025-05-29
25541.0,AW00025541,William,Green,M,M,2025-10-30
25542.0,AW00025542,Michelle,Mitchell,M,M,2023-01-20
25543.0,AW00025543,Susan,Campbell,S,F,2025-10-25
25544.0,AW00025544,Mark,Clark,M,F,2023-06-02
25545.0,AW00025545,Jessica,Jones,M,M,2025-07-19
25546.0,AW00025546,Jason,Johnson,M,F,2024-06-29
25547.0,AW00025547,Linda,Campbell,M,F,2024-05-17
25548.0,AW00025548,Ronald,Adams,M,M,2025-07-13
25549.0,AW00025549,Tane,Nelson,S,F,2023-07-25
25550.0,AW00025550,Sione,Wilson,M,M,2024-08-04
25551.0,AW00025551,Steven,Campbell,M,M,2026-01-26
25552.0,AW00025552,Paul,Adams,M,M,2023-06-05
25553.0,AW00025553,Sandra,Garcia,S,M,2025-08-04
25554.0,AW00025554,Andrew,Jackson,S,F,2023-05-24
25555.0,AW00025555,Patricia,Smith,M,F,2024-12-01
25556.0,AW00025556,Donna,Kumar,M,M,2026-04-19
25557.0,AW00025557,George,Kumar,S,M,2024-12-02
25558.0,AW00025558,Paul,Manu,S,M,2025-05-06
25559.0,AW00025559,Timothy,King,S,F,2023-04-08
25560.0,AW00025560,Emily,Toalii,M,F,2026-05-18
25561.0,AW00025561,Donna,King,S,M,2026-04-20
25562.0,AW00025562,William,Wright,M,M,2025-04-20
25563.0,AW00025563,Amanda,Baker,S,M,2023-03-31
25564.0,AW00025564,Susan,Ngata,M,F,2024-09-06
25565.0,AW00025565,Mere,Turner,S,F,2025-02-02
25566.0,AW00025566,Carol,Roberts,M,F,2025-04-02
25567.0,AW00025567,Sione,Toalii,M,F,2026-04-21
25568.0,AW00025568,Patricia,Davis,M,F,2023-06-03
25569.0,AW00025569,Ronald,Thomas,S,F,2025-03-17
25570.0,AW00025570,Patricia,Wright,M,M,2025-05-01
25571.0,AW00025571,Matthew,Adams,M,F,2026-03-26
25572.0,AW00025572,Elizabeth,Hall,M,M,2024-11-13
25573.0,AW00025573,David,Campbell,M,F,2026-01-04
25574.0,AW00025574,Jessica,Campbell,M,M,2023-11-10
25575.0,AW00025575,Paul,Perez,S,M,2025-12-27
25576.0,AW00025576,Joshua,Perez,M,F,2025-04-11
25577.0,AW00025577,David,Anderson,S,M,2024-01-20
25578.0,AW00025578,Malia,Patel,M,F,2023-11-18
25579.0,AW00025579,Charles,Taylor,S,M,2023-11-05
25580.0,AW00025580,John,Parker,M,F,2026-04-09
25581.0,AW00025581,Malia,Adams,S,M,2025-05-19
25582.0,AW00025582,Stephanie,Nime,S,M,2023-02-27
25583.0,AW00025583,David,Garcia,M,M,2024-01-13
25584.0,AW00025584,Brian,Scott,S,M,2023-08-30
25585.0,AW00025585,Lisa,Singh,S,F,2025-06-26
25586.0,AW00025586,Keziah,Brown,M,F,2023-09-18
25587.0,AW00025587,Jason,Mitchell,M,F,2024-06-19
25588.0,AW00025588,Mark,Baker,M,F,2025-01-30
25589.0,AW00025589,Richard,Green,S,F,2025-01-30
25590.0,AW00025590,Ashley,Young,S,M,2024-10-18
25591.0,AW00025591,Thomas,Perez,M,M,2026-04-11
25592.0,AW00025592,Steven,Scott,S,M,2025-06-22
25593.0,AW00025593,Betty,Walker,M,F,2023-03-08
25594.0,AW00025594,Mere,Patel,S,M,2025-01-01
25595.0,AW00025595,Elizabeth,Singh,S,M,2024-11-18
25596.0,AW00025596,Sandra,Clark,S,F,2025-04-04
25597.0,AW00025597,Mark,Carter,S,F,2023-04-15
25598.0,AW00025598,John,King,M,F,2024-08-22
25599.0,AW00025599,Paul,Wright,S,F,2024-08-06
25600.0,AW00025600,Karen,Anderson,M,M,2025-09-09
25601.0,AW00025601,Ronald,Campbell,M,F,2024-05-14
25602.0,AW00025602,Robert,Campbell,M,F,2023-06-19
25603.0,AW00025603,Stephanie,Mitchell,M,F,2025-06-27
25604.0,AW00025604,Brian,Jones,S,M,2023-02-21
25605.0,AW00025605,Kimberly,Carter,S,F,2025-07-01
25606.0,AW00025606,Mere,Miller,S,M,2023-10-28
25607.0,AW00025607,Timothy,Walker,S,F,2023-03-17
25608.0,AW00025608,Patricia,Ngata,S,F,2024-10-12
25609.0,AW00025609,Baraa,Roberts,S,M,2024-08-22
25610.0,AW00025610,Andrew,Manu,S,F,2024-08-05
25611.0,AW00025611,Ronald,Thomas,M,M,2023-08-23
25612.0,AW00025612,Kimberly,Young,S,M,2025-01-18
25613.0,AW00025613,George,Campbell,S,M,2024-10-09
25614.0,AW00025614,Richard,Anderson,M,M,2024-12-21
25615.0,AW00025615,Ashley,Lee,S,M,2023-05-26
25616.0,AW00025616,John,Martin,S,M,2025-12-04
25617.0,AW00025617,Michael,Campbell,M,M,2025-12-22
25618.0,AW00025618,Anthony,Ngata,M,M,2026-04-13
25619.0,AW00025619,John,Jackson,S,M,2026-04-16
25620.0,AW00025620,Kimberly,Lewis,S,F,2023-01-06
25621.0,AW00025621,Thomas,Phillips,M,F,2025-12-04
25622.0,AW00025622,Linda,Clark,M,M,2025-11-13
25623.0,AW00025623,Jessica,Garcia,M,F,2025-06-19
25624.0,AW00025624,Lisa,Brown,M,M,2023-02-15
25625.0,AW00025625,Timothy,Phillips,S,F,2023-08-03
25626.0,AW00025626,Amanda,Manu,S,M,2023-12-24
25627.0,AW00025627,Elizabeth,Williams,S,M,2025-12-04
25628.0,AW00025628,Donald,Mitchell,M,F,2024-07-19
25629.0,AW00025629,James,Martin,M,F,2025-08-01
25630.0,AW00025630,Mere,Singh,S,F,2025-07-21
25631.0,AW00025631,Mary,Nime,S,M,2025-06-26
25632.0,AW00025632,Emily,Adams,S,F,2023-09-06
25633.0,AW00025633,Aroha,Nelson,M,M,2025-09-12
25634.0,AW00025634,Jason,Green,M,M,2025-11-18
25635.0,AW00025635,Steven,Lewis,M,M,2023-12-05
25636.0,AW00025636,Paul,Lewis,S,M,2025-06-21
25637.0,AW00025637,James,Green,M,M,2024-09-29
25638.0,AW00025638,Sione,Turner,S,F,2023-06-03
25639.0,AW00025639,Tane,Parker,S,M,2023-06-13
25640.0,AW00025640,Susan,Toalii,M,M,2024-03-03
25641.0,AW00025641,Barbara,Jackson,S,M,2024-12-11
25642.0,AW00025642,Charles,Singh,S,F,2023-06-05
25643.0,AW00025643,James,Turner,M,M,2024-03-16
25644.0,AW00025644,Melissa,Patel,S,M,2026-05-15
25645.0,AW00025645,Rebecca,Young,S,M,2023-01-13
25646.0,AW00025646,Sione,Carter,S,F,2026-01-31
25647.0,AW00025647,Michelle,Jackson,S,M,2023-11-27
25648.0,AW00025648,Steven,Thompson,S,M,2024-12-17
25649.0,AW00025649,Malia,Johnson,M,M,2023-03-26
25650.0,AW00025650,Peter,Singh,S,M,2023-01-23
25651.0,AW00025651,Michael,Kumar,S,F,2025-08-02
25652.0,AW00025652,Mark,Phillips,S,F,2023-06-23
25653.0,AW00025653,Barbara,Moore,M,F,2023-08-22
25654.0,AW00025654,Emily,Jackson,M,M,2023-04-25
25655.0,AW00025655,Jessica,Hall,M,F,2023-04-23
25656.0,AW00025656,Sarah,Jackson,M,M,2024-06-24
25657.0,AW00025657,Kimberly,Thomas,M,M,2024-03-15
25658.0,AW00025658,Nancy,Turner,S,M,2025-10-31
25659.0,AW00025659,Karen,Nime,S,M,2023-02-20
25660.0,AW00025660,Andrew,Young,M,M,2023-10-25
25661.0,AW00025661,Mary,Miller,S,F,2023-08-20
25662.0,AW00025662,James,Brown,S,F,2024-04-15
25663.0,AW00025663,Sione,Turner,M,F,2023-01-22
25664.0,AW00025664,Tane,Garcia,M,F,2024-05-08
25665.0,AW00025665,Elizabeth,Nime,M,M,2025-12-11
25666.0,AW00025666,Carol,Ngata,M,M,2024-06-02
25667.0,AW00025667,Jennifer,Singh,M,F,2024-01-19
25668.0,AW00025668,Sarah,Adams,M,F,2023-10-04
25669.0,AW00025669,Keziah,Toalii,M,F,2023-09-11
25670.0,AW00025670,Sandra,Hall,M,M,2024-10-12
25671.0,AW00025671,Tane,Singh,S,M,2023-02-01
25672.0,AW00025672,Kimberly,Martin,M,M,2024-01-07
25673.0,AW00025673,David,Martin,S,M,2025-10-02
25674.0,AW00025674,Mark,Nelson,M,M,2024-11-07
25675.0,AW00025675,James,Moore,S,F,2025-03-05
25676.0,AW00025676,Andrew,Ngata,S,M,2023-01-25
25677.0,AW00025677,Donna,Carter,S,M,2024-11-23
25678.0,AW00025678,Mark,Manu,M,M,2023-11-02
25679.0,AW00025679,Patricia,Phillips,M,F,2024-09-30
25680.0,AW00025680,John,Patel,M,M,2024-07-31
25681.0,AW00025681,Mere,Kumar,S,F,2024-09-10
25682.0,AW00025682,Anthony,Phillips,M,M,2023-02-10
25683.0,AW00025683,Mary,Jackson,S,M,2023-09-15
25684.0,AW00025684,Steven,Smith,M,M,2023-05-26
25685.0,AW00025685,William,Toalii,S,M,2024-11-05
25686.0,AW00025686,Barbara,Mitchell,S,F,2024-01-30
25687.0,AW00025687,Susan,Thomas,M,F,2026-04-27
25688.0,AW00025688,Paul,Nelson,M,F,2026-04-16
25689.0,AW00025689,Rebecca,Wright,S,F,2023-09-14
25690.0,AW00025690,Mere,Lopez,S,M,2023-10-18
25691.0,AW00025691,Rebecca,Kumar,S,M,2023-06-22
25692.0,AW00025692,Kenneth,Jones,S,F,2025-11-09
25693.0,AW00025693,Donald,Thomas,M,M,2023-04-23
25694.0,AW00025694,Robert,Nelson,M,M,2024-06-16
25695.0,AW00025695,Andrew,Adams,M,M,2024-05-03
25696.0,AW00025696,Peter,Carter,S,F,2024-09-01
25697.0,AW00025697,Carol,Kumar,M,F,2025-03-30
25698.0,AW00025698,Ronald,Nime,S,F,2023-09-20
25699.0,AW00025699,Peter,Jones,S,F,2023-03-01
25700.0,AW00025700,Nancy,Ngata,S,F,2023-12-05
25701.0,AW00025701,Elizabeth,Lewis,M,F,2024-12-09
25702.0,AW00025702,Ronald,Singh,S,F,2026-05-19
25703.0,AW00025703,Mere,Baker,M,M,2025-10-31
25704.0,AW00025704,Robert,Manu,S,F,2023-03-16
25705.0,AW00025705,Brian,Hall,M,F,2024-03-25
25706.0,AW00025706,Malia,Phillips,M,M,2023-03-26
25707.0,AW00025707,Melissa,Thomas,S,F,2023-05-02
25708.0,AW00025708,Carol,Brown,M,M,2026-03-03
25709.0,AW00025709,Deborah,Turner,M,F,2025-04-22
25710.0,AW00025710,Paul,Carter,M,F,2024-03-15
25711.0,AW00025711,Baraa,Walker,M,M,2025-06-12
25712.0,AW00025712,Michael,Nime,M,M,2025-09-04
25713.0,AW00025713,Stephanie,Taylor,M,M,2024-02-10
25714.0,AW00025714,Linda,Brown,S,F,2023-12-01
25715.0,AW00025715,Malia,Thomas,M,F,2024-11-01
25716.0,AW00025716,Brian,Nelson,M,F,2024-09-05
25717.0,AW00025717,Rebecca,Parker,S,M,2025-06-25
25718.0,AW00025718,Karen,Smith,M,F,2025-05-22
25719.0,AW00025719,Carol,Thomas,S,M,2025-04-26
25720.0,AW00025720,Patricia,Moore,M,F,2023-10-04
25721.0,AW00025721,Aroha,Wilson,M,M,2024-12-20
25722.0,AW00025722,Amanda,Turner,M,F,2024-05-22
25723.0,AW00025723,Robert,Young,M,F,2025-04-18
25724.0,AW00025724,Keziah,Miller,M,M,2023-09-15
25725.0,AW00025725,Jennifer,Anderson,M,F,2023-08-27
25726.0,AW00025726,Ronald,Lewis,M,M,2023-12-13
25727.0,AW00025727,Peter,Garcia,S,M,2023-01-28
25728.0,AW00025728,Donna,Williams,M,F,2023-06-15
25729.0,AW00025729,Donald,Thompson,S,F,2023-09-21
25730.0,AW00025730,Rebecca,Jones,S,F,2023-01-20
25731.0,AW00025731,Jennifer,Wright,S,M,2025-12-08
25732.0,AW00025732,Patricia,Baker,S,F,2025-06-07
25733.0,AW00025733,Keziah,Johnson,S,F,2024-08-17
25734.0,AW00025734,Kenneth,Perez,M,M,2024-05-25
25735.0,AW00025735,Linda,Wright,M,F,2024-03-29
25736.0,AW00025736,Barbara,Davis,S,M,2025-06-07
25737.0,AW00025737,Brian,Mitchell,M,M,2023-10-11
25738.0,AW00025738,Mark,Campbell,M,F,2025-09-20
25739.0,AW00025739,Ronald,Brown,M,F,2024-01-11
25740.0,AW00025740,Amanda,Adams,M,M,2023-03-05
25741.0,AW00025741,Donald,Toalii,M,F,2026-01-24
25742.0,AW00025742,Betty,Roberts,M,M,2025-01-10
25743.0,AW00025743,John,Baker,S,F,2023-05-03
25744.0,AW00025744,Tane,Baker,S,F,2025-02-02
25745.0,AW00025745,Tane,Miller,S,M,2025-02-26
25746.0,AW00025746,Andrew,Phillips,S,M,2024-10-26
25747.0,AW00025747,Linda,Nime,M,M,2025-08-21
25748.0,AW00025748,Donna,Perez,M,M,2023-02-19
25749.0,AW00025749,David,Lewis,S,F,2024-06-25
25750.0,AW00025750,Emily,Perez,M,M,2024-08-25
25751.0,AW00025751,Timothy,Perez,M,M,2025-04-01
25752.0,AW00025752,Timothy,Scott,M,F,2024-07-02
25753.0,AW00025753,Richard,Toalii,M,F,2024-04-15
25754.0,AW00025754,George,Scott,M,M,2025-09-03
25755.0,AW00025755,Jennifer,Jones,M,M,2025-04-14
25756.0,AW00025756,James,Allen,S,F,2023-01-06
25757.0,AW00025757,Timothy,Kumar,M,M,2025-04-24
25758.0,AW00025758,Susan,White,M,M,2025-05-06
25759.0,AW00025759,Michael,Allen,S,F,2025-06-02
25760.0,AW00025760,Joshua,Hall,S,M,2025-07-04
25761.0,AW00025761,Susan,Williams,M,F,2023-12-22
25762.0,AW00025762,Kenneth,Lewis,S,M,2026-04-23
25763.0,AW00025763,Stephanie,Parker,M,F,2024-08-10
25764.0,AW00025764,Donna,Lewis,S,M,2026-05-15
25765.0,AW00025765,Brian,Lewis,M,M,2025-03-10
25766.0,AW00025766,Amanda,Johnson,S,M,2024-05-09
25767.0,AW00025767,John,Garcia,S,F,2026-05-30
25768.0,AW00025768,James,Baker,M,M,2026-01-10
25769.0,AW00025769,Sione,Scott,S,M,2026-05-29
25770.0,AW00025770,Melissa,Lewis,M,M,2024-10-03
25771.0,AW00025771,Jessica,Nelson,S,M,2023-10-07
25772.0,AW00025772,Daniel,Carter,S,M,2024-01-17
25773.0,AW00025773,Steven,Ngata,S,M,2026-04-26
25774.0,AW00025774,Karen,Lee,M,M,2025-05-10
25775.0,AW00025775,Linda,Nime,M,F,2025-02-02
25776.0,AW00025776,Barbara,Campbell,M,F,2023-06-29
25777.0,AW00025777,Susan,Young,M,M,2025-08-18
25778.0,AW00025778,John,Patel,M,M,2024-08-18
25779.0,AW00025779,Nancy,Phillips,S,F,2023-08-14
25780.0,AW00025780,George,Phillips,S,F,2024-09-08
25781.0,AW00025781,Kimberly,Green,S,M,2024-06-16
25782.0,AW00025782,Donald,Phillips,M,F,2023-01-30
25783.0,AW00025783,James,Nime,M,M,2025-07-31
25784.0,AW00025784,Kimberly,Jackson,S,M,2026-02-23
25785.0,AW00025785,Joseph,Kumar,M,M,2023-11-27
25786.0,AW00025786,Joseph,Young,M,F,2023-01-20
25787.0,AW00025787,James,Carter,S,M,2026-05-09
25788.0,AW00025788,John,Nelson,M,F,2023-01-13
25789.0,AW00025789,Tane,Taylor,M,F,2023-08-09
25790.0,AW00025790,Brian,Carter,S,M,2025-12-14
25791.0,AW00025791,Carol,Baker,M,F,2025-11-26
25792.0,AW00025792,Barbara,Mitchell,S,F,2025-12-13
25793.0,AW00025793,Donna,Nime,S,M,2025-02-10
25794.0,AW00025794,Tane,Carter,S,M,2025-11-08
25795.0,AW00025795,Kimberly,Baker,S,F,2023-04-26
25796.0,AW00025796,Brian,Lopez,M,M,2023-11-12
25797.0,AW00025797,Amanda,Young,S,M,2024-02-27
25798.0,AW00025798,William,Lee,S,M,2023-09-23
25799.0,AW00025799,Carol,Thompson,M,M,2025-11-19
25800.0,AW00025800,John,Singh,M,F,2026-05-27
25801.0,AW00025801,Jessica,Johnson,M,F,2024-08-23
25802.0,AW00025802,Linda,Nelson,S,F,2025-05-19
25803.0,AW00025803,Ronald,Garcia,M,F,2023-06-26
25804.0,AW00025804,Robert,Kumar,S,F,2024-10-20
25805.0,AW00025805,Joseph,Perez,S,F,2024-05-21
25806.0,AW00025806,Tane,Turner,S,M,2024-12-08
25807.0,AW00025807,Jennifer,White,M,M,2024-03-17
25808.0,AW00025808,Anthony,Smith,M,F,2025-06-30
25809.0,AW00025809,Richard,Walker,M,F,2023-10-24
25810.0,AW00025810,Malia,Scott,S,F,2024-02-05
25811.0,AW00025811,Mary,Adams,S,F,2026-03-27
25812.0,AW00025812,Brian,Wright,S,M,2023-02-19
25813.0,AW00025813,Kenneth,White,M,F,2024-04-12
25814.0,AW00025814,Andrew,Adams,S,M,2025-06-23
25815.0,AW00025815,Charles,Baker,S,M,2023-12-28
25816.0,AW00025816,Stephanie,Jones,S,M,2025-03-23
25817.0,AW00025817,Patricia,Turner,M,M,2025-10-30
25818.0,AW00025818,Paul,Wright,S,M,2026-01-04
25819.0,AW00025819,Sandra,Garcia,M,M,2024-03-02
25820.0,AW00025820,Susan,Lewis,S,M,2025-04-16
25821.0,AW00025821,Robert,Jones,M,F,2023-06-15
25822.0,AW00025822,Stephanie,Jackson,M,F,2023-03-02
25823.0,AW00025823,Malia,Martin,M,M,2025-11-23
25824.0,AW00025824,Timothy,Allen,M,M,2024-10-16
25825.0,AW00025825,Melissa,Parker,S,M,2025-01-09
25826.0,AW00025826,Kenneth,Lopez,S,F,2023-07-12
25827.0,AW00025827,Brian,King,M,M,2025-07-01
25828.0,AW00025828,Jessica,Nelson,M,F,2023-06-05
25829.0,AW00025829,Betty,Allen,M,M,2024-08-31
25830.0,AW00025830,Rebecca,King,S,F,2025-04-13
25831.0,AW00025831,Charles,Singh,M,F,2025-05-14
25832.0,AW00025832,George,Taylor,S,M,2023-01-13
25833.0,AW00025833,Daniel,Hall,M,F,2024-03-28
25834.0,AW00025834,Donna,Walker,S,F,2025-08-18
25835.0,AW00025835,Keziah,Anderson,S,M,2024-07-21
25836.0,AW00025836,Jason,Mitchell,S,M,2023-05-08
25837.0,AW00025837,Donna,Adams,S,M,2023-02-24
25838.0,AW00025838,Nancy,Lewis,M,M,2025-03-07
25839.0,AW00025839,Sandra,Thomas,S,F,2024-09-11
25840.0,AW00025840,Michelle,Patel,S,M,2024-05-28
25841.0,AW00025841,Richard,Mitchell,S,M,2023-07-05
25842.0,AW00025842,Sarah,Nelson,S,M,2023-07-12
25843.0,AW00025843,Thomas,Carter,S,F,2025-11-15
25844.0,AW00025844,Baraa,Adams,S,M,2025-09-11
25845.0,AW00025845,Robert,Lopez,S,M,2025-11-17
25846.0,AW00025846,Donald,Adams,S,F,2024-01-27
25847.0,AW00025847,Paul,Moore,M,M,2023-03-03
25848.0,AW00025848,Andrew,Anderson,M,M,2025-09-22
25849.0,AW00025849,Daniel,Young,S,F,2023-07-14
25850.0,AW00025850,Andrew,White,S,F,2026-02-06
25851.0,AW00025851,Mark,Moore,M,F,2025-12-03
25852.0,AW00025852,George,Hall,S,F,2023-03-28
25853.0,AW00025853,Michael,Jackson,S,M,2024-12-17
25854.0,AW00025854,Timothy,Clark,S,M,2023-07-13
25855.0,AW00025855,Deborah,Nelson,M,M,2023-10-22
25856.0,AW00025856,Andrew,Garcia,M,F,2024-04-29
25857.0,AW00025857,Kenneth,Thompson,M,M,2024-04-24
25858.0,AW00025858,Jessica,Adams,M,F,2023-04-15
25859.0,AW00025859,Peter,Patel,S,F,2024-06-08
25860.0,AW00025860,Linda,Campbell,M,M,2025-01-09
25861.0,AW00025861,Joshua,Garcia,M,F,2024-08-16
25862.0,AW00025862,Elizabeth,Toalii,S,M,2024-02-21
25863.0,AW00025863,Michelle,Lewis,S,F,2024-09-03
25864.0,AW00025864,Richard,Davis,S,M,2026-01-23
25865.0,AW00025865,Jennifer,Singh,M,M,2024-02-19
25866.0,AW00025866,Michelle,Miller,M,F,2026-02-27
25867.0,AW00025867,Sione,Thomas,S,M,2024-09-29
25868.0,AW00025868,Timothy,Clark,M,F,2025-06-22
25869.0,AW00025869,Paul,King,S,M,2025-01-30
25870.0,AW00025870,William,Jackson,M,M,2024-01-25
25871.0,AW00025871,Sandra,Hall,S,F,2026-05-27
25872.0,AW00025872,Amanda,Ngata,S,F,2024-12-22
25873.0,AW00025873,Susan,Jackson,M,F,2024-08-02
25874.0,AW00025874,Robert,Miller,M,F,2025-11-16
25875.0,AW00025875,Richard,White,S,F,2026-01-30
25876.0,AW00025876,Nancy,Manu,S,M,2026-03-11
25877.0,AW00025877,Kenneth,Kumar,S,F,2024-12-30
25878.0,AW00025878,Joshua,Nelson,M,M,2024-08-04
25879.0,AW00025879,Malia,Brown,S,M,2023-03-10
25880.0,AW00025880,Thomas,Patel,M,F,2025-05-03
25881.0,AW00025881,Melissa,Lee,S,M,2024-05-19
25882.0,AW00025882,James,Thomas,S,M,2024-06-12
25883.0,AW00025883,Aroha,Toalii,M,M,2024-09-04
25884.0,AW00025884,Melissa,Lee,S,F,2023-07-04
25885.0,AW00025885,Michael,Turner,S,F,2023-09-29
25886.0,AW00025886,Elizabeth,Parker,S,M,2025-12-22
25887.0,AW00025887,Joseph,Moore,M,M,2023-11-04
25888.0,AW00025888,Sandra,Garcia,M,M,2024-12-31
25889.0,AW00025889,Michael,Adams,M,M,2025-05-09
25890.0,AW00025890,Keziah,Perez,S,F,2025-06-13
25891.0,AW00025891,Sandra,Brown,M,F,2023-09-21
25892.0,AW00025892,Betty,Smith,M,M,2024-09-28
25893.0,AW00025893,Robert,Miller,S,F,2025-05-12
25894.0,AW00025894,Susan,Jackson,S,F,2023-07-25
25895.0,AW00025895,Joseph,Martin,M,M,2024-01-09
25896.0,AW00025896,Jessica,Carter,S,M,2024-05-27
25897.0,AW00025897,Joshua,Garcia,S,M,2023-08-14
25898.0,AW00025898,Donald,Allen,S,F,2025-09-25
25899.0,AW00025899,Melissa,Campbell,M,M,2025-07-21
25900.0,AW00025900,Michelle,Jones,M,F,2025-07-04
25901.0,AW00025901,Melissa,Johnson,S,M,2025-02-26
25902.0,AW00025902,James,Scott,S,M,2024-01-15
25903.0,AW00025903,Rebecca,Wright,M,F,2024-05-08
25904.0,AW00025904,Timothy,Perez,M,M,2024-06-17
25905.0,AW00025905,Daniel,Clark,S,M,2024-12-06
25906.0,AW00025906,Melissa,Lee,M,M,2026-01-02
25907.0,AW00025907,Emily,Ngata,S,M,2025-03-27
25908.0,AW00025908,Paul,Perez,S,M,2024-10-05
25909.0,AW00025909,Mark,Jones,M,F,2023-09-13
25910.0,AW00025910,Jennifer,Davis,M,F,2026-03-30
25911.0,AW00025911,Keziah,Green,S,F,2023-10-03
25912.0,AW00025912,Baraa,Parker,S,M,2025-05-21
25913.0,AW00025913,Nancy,Jones,S,F,2026-02-12
25914.0,AW00025914,Mark,Green,S,M,2025-07-05
25915.0,AW00025915,Deborah,Wilson,S,F,2025-03-13
25916.0,AW00025916,Deborah,Williams,S,M,2023-11-30
25917.0,AW00025917,Keziah,Thomas,S,M,2024-12-19
25918.0,AW00025918,Nancy,Phillips,S,F,2024-09-17
25919.0,AW00025919,Richard,Wilson,M,M,2023-01-01
25920.0,AW00025920,Amanda,Nelson,S,F,2025-07-08
25921.0,AW00025921,Michael,Nime,S,F,2024-03-14
25922.0,AW00025922,William,Patel,M,M,2024-01-16
25923.0,AW00025923,Susan,Hall,M,F,2024-10-21
25924.0,AW00025924,Charles,Phillips,M,M,2023-03-10
25925.0,AW00025925,John,Wright,M,M,2023-03-14
25926.0,AW00025926,Nancy,Williams,M,M,2024-01-06
25927.0,AW00025927,Kimberly,Wilson,M,F,2023-09-12
25928.0,AW00025928,Steven,Lee,M,M,2025-09-04
25929.0,AW00025929,Nancy,Allen,M,F,2024-03-03
25930.0,AW00025930,Sione,Brown,M,M,2025-04-06
25931.0,AW00025931,Stephanie,Jackson,S,M,2023-03-08
25932.0,AW00025932,Aroha,Nime,M,M,2024-02-28
25933.0,AW00025933,James,Carter,S,M,2025-06-21
25934.0,AW00025934,Baraa,Campbell,S,F,2024-02-06
25935.0,AW00025935,Linda,Hall,S,F,2023-06-02
25936.0,AW00025936,Thomas,Thomas,M,F,2024-07-09
25937.0,AW00025937,Melissa,Williams,S,F,2023-10-04
25938.0,AW00025938,Sione,Green,S,M,2024-10-02
25939.0,AW00025939,Timothy,Kumar,M,F,2023-09-12
25940.0,AW00025940,Mere,Carter,S,M,2024-06-05
25941.0,AW00025941,Amanda,Jones,M,M,2024-10-27
25942.0,AW00025942,Timothy,Wilson,S,M,2024-01-01
25943.0,AW00025943,Sarah,Wright,M,F,2025-06-05
25944.0,AW00025944,Linda,Lopez,S,M,2026-03-12
25945.0,AW00025945,Mere,Jackson,M,F,2023-11-12
25946.0,AW00025946,Mark,Moore,M,M,2025-09-07
25947.0,AW00025947,Joshua,Allen,S,M,2023-07-31
25948.0,AW00025948,Sione,Adams,S,F,2025-05-01
25949.0,AW00025949,Timothy,Brown,M,M,2023-01-03
25950.0,AW00025950,Joshua,Lewis,M,F,2023-11-01
25951.0,AW00025951,Joseph,Miller,M,F,2025-05-04
25952.0,AW00025952,Robert,Roberts,M,F,2025-05-11
25953.0,AW00025953,Mere,Parker,M,M,2024-03-05
25954.0,AW00025954,Sione,Garcia,M,M,2024-08-31
25955.0,AW00025955,Malia,Lewis,M,F,2025-10-20
25956.0,AW00025956,Donald,Kumar,M,F,2023-02-06
25957.0,AW00025957,Jason,Baker,M,F,2026-02-14
25958.0,AW00025958,Kimberly,Turner,M,M,2024-06-18
25959.0,AW00025959,Timothy,Taylor,S,F,2025-09-25
25960.0,AW00025960,Jennifer,Thompson,M,M,2024-02-17
25961.0,AW00025961,David,Davis,S,M,2023-01-12
25962.0,AW00025962,Richard,Phillips,S,F,2023-11-07
25963.0,AW00025963,Barbara,Thompson,M,M,2024-09-11
25964.0,AW00025964,Linda,Adams,M,M,2025-12-29
25965.0,AW00025965,David,Kumar,M,M,2025-05-03
25966.0,AW00025966,Donald,Thomas,S,F,2023-04-30
25967.0,AW00025967,Lisa,Phillips,M,F,2023-08-07
25968.0,AW00025968,Brian,Johnson,M,F,2023-10-09
25969.0,AW00025969,Mere,Baker,S,M,2026-05-14
25970.0,AW00025970,Robert,Williams,M,F,2026-01-10
25971.0,AW00025971,Aroha,Allen,M,M,2024-12-23
25972.0,AW00025972,Joshua,Roberts,S,M,2023-09-18
25973.0,AW00025973,Jason,Jones,S,F,2023-02-27
25974.0,AW00025974,Deborah,Williams,S,F,2024-07-17
25975.0,AW00025975,Peter,Singh,S,M,2024-12-21
25976.0,AW00025976,Baraa,Johnson,S,F,2025-06-07
25977.0,AW00025977,William,Scott,M,F,2025-09-07
25978.0,AW00025978,Tane,Nime,S,F,2023-02-11
25979.0,AW00025979,Baraa,Clark,M,M,2023-12-26
25980.0,AW00025980,Sarah,Jones,M,M,2025-02-10
25981.0,AW00025981,Mere,Kumar,S,M,2024-02-25
25982.0,AW00025982,Charles,Roberts,S,F,2023-06-01
25983.0,AW00025983,Paul,Allen,S,F,2024-04-06
25984.0,AW00025984,Kimberly,Ngata,S,M,2025-05-22
25985.0,AW00025985,Amanda,Turner,S,F,2024-07-03
25986.0,AW00025986,Melissa,Smith,M,F,2024-05-30
25987.0,AW00025987,Aroha,Kumar,M,M,2023-06-04
25988.0,AW00025988,George,Patel,S,M,2024-02-18
25989.0,AW00025989,Susan,Jackson,S,M,2025-01-25
25990.0,AW00025990,Steven,Ngata,M,F,2024-02-14
25991.0,AW00025991,Barbara,Patel,S,M,2024-02-03
25992.0,AW00025992,Elizabeth,Martin,S,F,2023-07-13
25993.0,AW00025993,Ashley,Taylor,S,F,2024-11-24
25994.0,AW00025994,Steven,Williams,M,M,2025-10-29
25995.0,AW00025995,Amanda,Thomas,S,F,2026-03-07
25996.0,AW00025996,Robert,Moore,S,M,2025-03-30
25997.0,AW00025997,Amanda,Adams,M,F,2025-08-05
25998.0,AW00025998,Jennifer,Mitchell,S,M,2024-10-31
25999.0,AW00025999,Mere,Scott,S,M,2024-07-23
26000.0,AW00026000,Mere,Thompson,S,M,2025-10-27
26001.0,AW00026001,Daniel,Smith,M,M,2023-12-15
26002.0,AW00026002,Lisa,Davis,S,M,2024-08-20
26003.0,AW00026003,Carol,Lee,S,F,2023-05-23
26004.0,AW00026004,Robert,Thomas,M,F,2023-10-31
26005.0,AW00026005,Aroha,Jones,S,F,2024-01-06
26006.0,AW00026006,Patricia,Nime,S,F,2023-03-10
26007.0,AW00026007,Melissa,Miller,S,M,2024-12-19
26008.0,AW00026008,Daniel,Adams,M,M,2025-09-07
26009.0,AW00026009,Richard,Adams,M,M,2023-05-31
26010.0,AW00026010,Jason,Manu,M,F,2024-08-25
26011.0,AW00026011,Kimberly,Martin,S,F,2026-02-02
26012.0,AW00026012,Sandra,Lopez,S,F,2023-04-26
26013.0,AW00026013,Amanda,Ngata,S,F,2026-05-31
26014.0,AW00026014,Michael,Perez,M,M,2023-01-20
26015.0,AW00026015,Joseph,Nime,M,M,2025-07-03
26016.0,AW00026016,Robert,Carter,S,F,2024-04-05
26017.0,AW00026017,Stephanie,Toalii,M,M,2023-08-31
26018.0,AW00026018,Timothy,White,S,F,2024-08-30
26019.0,AW00026019,Donna,Parker,S,M,2025-12-29
26020.0,AW00026020,Michael,Walker,S,F,2026-03-08
26021.0,AW00026021,Sione,Lopez,S,M,2025-03-31
26022.0,AW00026022,Sandra,Johnson,M,M,2025-10-05
26023.0,AW00026023,Donald,Campbell,M,F,2024-03-08
26024.0,AW00026024,Kimberly,Carter,M,M,2026-02-09
26025.0,AW00026025,George,Smith,M,F,2025-07-01
26026.0,AW00026026,Baraa,Nelson,M,F,2023-01-23
26027.0,AW00026027,Keziah,Miller,M,Unknown,2023-06-21
26028.0,AW00026028,Baraa,Walker,S,M,2023-10-17
26029.0,AW00026029,William,Taylor,S,F,2026-03-28
26030.0,AW00026030,Deborah,Lopez,S,M,2024-04-10
26031.0,AW00026031,Timothy,Jones,M,F,2024-09-07
26032.0,AW00026032,Mary,Smith,M,M,2024-05-23
26033.0,AW00026033,Deborah,Allen,S,M,2023-02-18
26034.0,AW00026034,Paul,Brown,S,F,2025-04-04
26035.0,AW00026035,James,White,M,F,2023-10-31
26036.0,AW00026036,Carol,Green,S,M,2025-05-05
26037.0,AW00026037,Anthony,Toalii,M,F,2026-02-06
26038.0,AW00026038,Sarah,Lopez,S,F,2024-09-04
26039.0,AW00026039,Joshua,Lee,S,F,2026-01-04
26040.0,AW00026040,David,Toalii,S,M,2023-02-07
26041.0,AW00026041,Melissa,Davis,S,F,2024-11-14
26042.0,AW00026042,Steven,Smith,S,M,2023-05-26
26043.0,AW00026043,Malia,Baker,M,F,2024-05-12
26044.0,AW00026044,Michael,Ngata,M,M,2023-02-14
26045.0,AW00026045,Anthony,Walker,S,F,2023-01-04
26046.0,AW00026046,Ashley,Smith,S,M,2025-12-29
26047.0,AW00026047,Elizabeth,Turner,M,M,2024-04-06
26048.0,AW00026048,Deborah,Singh,M,M,2026-04-24
26049.0,AW00026049,Kenneth,Wilson,M,M,2026-05-09
26050.0,AW00026050,Mark,Smith,S,M,2025-11-20
26051.0,AW00026051,Joshua,Wright,M,M,2025-06-26
26052.0,AW00026052,Linda,Carter,S,M,2023-06-11
26053.0,AW00026053,Joseph,Young,S,F,2024-01-11
26054.0,AW00026054,Jason,Brown,M,F,2023-03-01
26055.0,AW00026055,Anthony,Green,S,F,2025-05-18
26056.0,AW00026056,Patricia,Allen,M,F,2025-10-12
26057.0,AW00026057,Joshua,Anderson,M,F,2025-02-08
26058.0,AW00026058,Daniel,Green,S,F,2026-03-21
26059.0,AW00026059,Brian,Baker,M,F,2025-12-13
26060.0,AW00026060,Susan,Nime,S,M,2024-07-31
26061.0,AW00026061,Carol,Nime,M,M,2025-07-27
26062.0,AW00026062,Susan,Young,M,M,2024-09-15
26063.0,AW00026063,Sarah,Wilson,S,M,2025-03-20
26064.0,AW00026064,Kenneth,Johnson,S,M,2026-01-25
26065.0,AW00026065,Barbara,Brown,M,M,2024-03-14
26066.0,AW00026066,Susan,Turner,S,F,2025-01-16
26067.0,AW00026067,James,Williams,S,M,2023-10-18
26068.0,AW00026068,Betty,Brown,M,F,2025-07-01
26069.0,AW00026069,Steven,Thompson,M,M,2025-07-14
26070.0,AW00026070,Kenneth,Young,S,F,2025-08-30
26071.0,AW00026071,Charles,Scott,M,M,2024-05-04
26072.0,AW00026072,Mark,Perez,S,M,2023-09-05
26073.0,AW00026073,Donald,Singh,M,F,2025-07-07
26074.0,AW00026074,Susan,Brown,S,F,2025-07-30
26075.0,AW00026075,Richard,Thomas,M,M,2025-11-01
26076.0,AW00026076,John,Adams,S,F,2024-12-16
26077.0,AW00026077,Anthony,White,M,M,2026-05-27
26078.0,AW00026078,Steven,Nime,M,F,2025-08-11
26079.0,AW00026079,Aroha,Young,S,F,2025-04-22
26080.0,AW00026080,John,Lopez,M,M,2025-07-16
26081.0,AW00026081,Brian,Lee,M,F,2025-06-13
26082.0,AW00026082,Joshua,Turner,S,F,2025-12-04
26083.0,AW00026083,Andrew,Jones,S,M,2025-09-08
26084.0,AW00026084,Jason,Mitchell,M,M,2024-10-29
26085.0,AW00026085,Andrew,Nelson,M,F,2023-01-30
26086.0,AW00026086,Malia,Scott,M,F,2023-02-01
26087.0,AW00026087,Karen,Anderson,S,M,2025-10-10
26088.0,AW00026088,Betty,Baker,M,M,2023-01-01
26089.0,AW00026089,Mark,Allen,M,F,2024-04-28
26090.0,AW00026090,Linda,Scott,M,F,2023-09-27
26091.0,AW00026091,Baraa,Miller,S,F,2026-01-05
26092.0,AW00026092,Malia,Manu,M,M,2024-07-25
26093.0,AW00026093,Joseph,Nime,M,F,2024-05-07
26094.0,AW00026094,Jessica,Roberts,S,M,2023-07-10
26095.0,AW00026095,Stephanie,Martin,S,M,2023-11-21
26096.0,AW00026096,Joshua,Mitchell,M,M,2023-02-16
26097.0,AW00026097,William,White,M,M,2026-01-21
26098.0,AW00026098,Peter,White,M,M,2024-05-22
26099.0,AW00026099,Mark,Kumar,M,M,2025-05-30
26100.0,AW00026100,Elizabeth,Young,M,F,2025-01-04
26101.0,AW00026101,Emily,Thompson,S,F,2024-04-29
26102.0,AW00026102,Kenneth,Adams,S,M,2025-02-24
26103.0,AW00026103,Linda,Wright,M,F,2023-10-01
26104.0,AW00026104,Deborah,Young,S,F,2023-05-17
26105.0,AW00026105,Melissa,Perez,M,M,2026-05-23
26106.0,AW00026106,Emily,Perez,S,F,2025-10-30
26107.0,AW00026107,Richard,Young,M,F,2025-10-22
26108.0,AW00026108,Ronald,Martin,M,F,2023-01-13
26109.0,AW00026109,Steven,Parker,M,F,2024-07-05
26110.0,AW00026110,Sione,Davis,S,F,2024-02-25
26111.0,AW00026111,Andrew,Garcia,S,F,2025-06-10
26112.0,AW00026112,Ronald,Thomas,S,F,2026-01-20
26113.0,AW00026113,Carol,Davis,S,M,2023-01-08
26114.0,AW00026114,Deborah,White,M,F,2023-10-30
26115.0,AW00026115,Nancy,Toalii,S,F,2026-04-30
26116.0,AW00026116,Barbara,Toalii,S,F,2023-03-11
26117.0,AW00026117,Anthony,Lee,S,F,2026-02-23
26118.0,AW00026118,Sarah,Baker,M,F,2023-03-21
26119.0,AW00026119,Carol,Baker,M,F,2024-10-14
26120.0,AW00026120,William,Allen,M,F,2023-03-15
26121.0,AW00026121,Amanda,Taylor,M,F,2026-04-15
26122.0,AW00026122,Deborah,Singh,M,F,2023-08-23
26123.0,AW00026123,Mere,Brown,M,M,2025-11-18
26124.0,AW00026124,Ronald,Lee,M,M,2025-12-11
26125.0,AW00026125,Jason,Baker,S,F,2025-07-22
26126.0,AW00026126,Lisa,Singh,M,M,2025-05-06
26127.0,AW00026127,George,Clark,M,M,2023-05-01
26128.0,AW00026128,Thomas,Kumar,M,F,2026-02-06
26129.0,AW00026129,Lisa,Baker,S,F,2026-05-25
26130.0,AW00026130,Stephanie,Brown,M,M,2025-07-15
26131.0,AW00026131,Barbara,Jackson,M,M,2024-08-14
26132.0,AW00026132,Timothy,Thomas,S,M,2024-03-27
26133.0,AW00026133,Matthew,Lee,S,F,2026-01-25
26134.0,AW00026134,William,Wilson,M,F,2023-04-26
26135.0,AW00026135,Thomas,Scott,S,F,2023-07-27
26136.0,AW00026136,John,Lee,S,M,2025-11-21
26137.0,AW00026137,Anthony,Manu,S,M,2023-03-14
26138.0,AW00026138,John,Patel,M,F,2023-06-24
26139.0,AW00026139,Anthony,Lopez,M,F,2024-06-28
26140.0,AW00026140,Rebecca,Kumar,M,M,2024-08-28
26141.0,AW00026141,Mere,Mitchell,S,F,2023-06-10
26142.0,AW00026142,Sione,Nelson,,F,2025-02-27
26143.0,AW00026143,Anthony,Toalii,S,F,2025-06-06
26144.0,AW00026144,Jason,Scott,S,F,2024-02-08
26145.0,AW00026145,Jessica,Patel,S,F,2024-11-01
26146.0,AW00026146,Paul,Turner,S,M,2024-11-05
26147.0,AW00026147,Kimberly,Manu,M,F,2024-12-22
26148.0,AW00026148,Barbara,Young,M,F,2025-11-15
26149.0,AW00026149,Peter,Lopez,S,F,2024-10-17
26150.0,AW00026150,Jessica,Adams,S,M,2025-09-19
26151.0,AW00026151,Joshua,Wright,S,M,2023-02-15
26152.0,AW00026152,Matthew,Roberts,M,M,2025-04-19
26153.0,AW00026153,Peter,Martin,M,F,2024-04-07
26154.0,AW00026154,Jennifer,King,M,M,2023-09-02
26155.0,AW00026155,Steven,Wilson,M,M,2026-05-05
26156.0,AW00026156,Timothy,Wright,M,F,2023-11-12
26157.0,AW00026157,Sarah,Clark,M,M,2024-09-07
26158.0,AW00026158,Daniel,Garcia,M,M,2023-10-17
26159.0,AW00026159,Brian,Clark,M,F,2024-01-23
26160.0,AW00026160,John,Jones,S,F,2026-01-19
26161.0,AW00026161,Peter,Thomas,M,F,2024-11-23
26162.0,AW00026162,Andrew,White,S,F,2023-07-27
26163.0,AW00026163,Sarah,Scott,S,M,2024-12-04
26164.0,AW00026164,Emily,Green,S,M,2024-03-01
26165.0,AW00026165,Tane,Young,S,M,2025-09-08
26166.0,AW00026166,John,Patel,S,F,2024-04-19
26167.0,AW00026167,Jessica,Walker,M,F,2024-07-10
26168.0,AW00026168,Elizabeth,Thompson,S,M,2025-02-13
26169.0,AW00026169,Stephanie,Hall,M,F,2026-02-06
26170.0,AW00026170,Melissa,Perez,S,M,2024-04-15
26171.0,AW00026171,Sandra,Phillips,M,F,2026-01-20
26172.0,AW00026172,Ashley,Martin,S,M,2023-06-09
26173.0,AW00026173,Amanda,Mitchell,S,F,2023-05-04
26174.0,AW00026174,Malia,Phillips,S,M,2023-09-21
26175.0,AW00026175,Richard,Parker,S,M,2026-04-05
26176.0,AW00026176,Susan,Smith,M,M,2024-03-04
26177.0,AW00026177,Thomas,Manu,M,M,2026-05-22
26178.0,AW00026178,Charles,Anderson,M,F,2023-04-21
26179.0,AW00026179,Aroha,Allen,M,F,2025-05-12
26180.0,AW00026180,Linda,Manu,M,M,2025-07-28
26181.0,AW00026181,Mark,Kumar,S,M,2026-05-23
26182.0,AW00026182,Andrew,Lopez,M,F,2024-06-25
26183.0,AW00026183,Susan,Brown,S,F,2024-02-29
26184.0,AW00026184,Donald,Lopez,S,F,2024-01-01
26185.0,AW00026185,Donna,Martin,M,F,2025-12-13
26186.0,AW00026186,Mere,Nelson,S,M,2024-07-14
26187.0,AW00026187,Sione,Roberts,S,F,2026-05-15
26188.0,AW00026188,Brian,Ngata,M,F,2023-09-06
26189.0,AW00026189,Michelle,Turner,S,F,2025-09-02
26190.0,AW00026190,Keziah,Clark,S,F,2023-02-16
26191.0,AW00026191,Elizabeth,Thomas,S,M,2023-10-12
26192.0,AW00026192,Betty,Smith,S,M,2024-11-30
26193.0,AW00026193,Lisa,Green,M,F,2024-07-04
26194.0,AW00026194,Charles,King,M,M,2023-07-21
26195.0,AW00026195,Tane,Williams,M,F,2023-10-06
26196.0,AW00026196,Kenneth,White,S,M,2023-11-01
26197.0,AW00026197,Lisa,Parker,S,F,2023-01-24
26198.0,AW00026198,Malia,Baker,S,F,2024-11-29
26199.0,AW00026199,David,Mitchell,S,M,2024-12-01
26200.0,AW00026200,Kimberly,Singh,S,M,2024-04-10
26201.0,AW00026201,Peter,Moore,S,M,2023-05-30
26202.0,AW00026202,Michelle,King,S,F,2025-08-03
26203.0,AW00026203,Kimberly,Anderson,M,M,2025-08-15
26204.0,AW00026204,Linda,Young,S,F,2024-05-19
26205.0,AW00026205,Melissa,Adams,S,F,2025-12-11
26206.0,AW00026206,Brian,Lopez,M,M,2023-05-03
26207.0,AW00026207,Ronald,Nime,S,M,2025-04-23
26208.0,AW00026208,Peter,Allen,M,M,2023-07-31
26209.0,AW00026209,Richard,Allen,S,M,2023-09-18
26210.0,AW00026210,Barbara,Patel,S,M,2026-03-15
26211.0,AW00026211,Mary,Moore,M,M,2024-11-05
26212.0,AW00026212,Melissa,Young,S,M,2025-02-11
26213.0,AW00026213,Richard,Thompson,M,F,2024-05-15
26214.0,AW00026214,John,Ngata,M,F,2026-03-14
26215.0,AW00026215,Joseph,Davis,M,F,2023-04-20
26216.0,AW00026216,Joseph,Carter,S,M,2025-11-21
26217.0,AW00026217,Linda,Anderson,S,F,2024-03-29
26218.0,AW00026218,James,Patel,S,F,2026-03-11
26219.0,AW00026219,Jessica,White,S,M,2025-06-07
26220.0,AW00026220,Susan,Wilson,M,M,2026-05-03
26221.0,AW00026221,Donald,Hall,S,F,2023-08-22
26222.0,AW00026222,Jessica,Mitchell,S,F,2026-03-08
26223.0,AW00026223,Ronald,Singh,M,F,2024-09-13
26224.0,AW00026224,Stephanie,Brown,M,M,2024-01-28
26225.0,AW00026225,Joseph,Allen,S,M,2024-12-29
26226.0,AW00026226,Rebecca,Walker,M,M,2023-08-29
26227.0,AW00026227,Anthony,Anderson,S,F,2025-02-11
26228.0,AW00026228,Jennifer,Scott,M,F,2023-06-07
26229.0,AW00026229,Michelle,Kumar,S,M,2024-01-06
26230.0,AW00026230,John,Jones,S,M,2023-05-02
26231.0,AW00026231,Keziah,Garcia,S,F,2024-11-30
26232.0,AW00026232,Susan,White,M,F,2024-11-23
26233.0,AW00026233,Mere,Moore,S,M,2024-08-20
26234.0,AW00026234,Karen,Jackson,S,M,2023-07-25
26235.0,AW00026235,Melissa,Campbell,M,M,2023-12-03
26236.0,AW00026236,Joseph,Adams,M,M,2023-11-03
26237.0,AW00026237,Linda,Taylor,M,M,2023-06-17
26238.0,AW00026238,Sandra,Lewis,S,M,2025-04-14
26239.0,AW00026239,Kenneth,Allen,M,F,2025-11-04
26240.0,AW00026240,Linda,Taylor,S,F,2025-04-20
26241.0,AW00026241,Deborah,Singh,M,M,2026-05-07
26242.0,AW00026242,Steven,Parker,M,F,2024-01-30
26243.0,AW00026243,Keziah,Williams,S,M,2025-04-15
26244.0,AW00026244,Susan,King,M,M,2023-11-13
26245.0,AW00026245,Richard,Johnson,M,M,2024-05-31
26246.0,AW00026246,Michelle,Young,S,F,2023-10-08
26247.0,AW00026247,Tane,Parker,S,F,2023-11-12
26248.0,AW00026248,Andrew,Adams,S,F,2025-04-22
26249.0,AW00026249,Andrew,Patel,M,F,2025-02-23
26250.0,AW00026250,Jessica,Toalii,M,F,2025-03-26
26251.0,AW00026251,David,Ngata,S,F,2025-10-28
26252.0,AW00026252,Matthew,Wilson,S,F,2024-01-14
26253.0,AW00026253,Daniel,Lewis,S,M,2023-12-03
26254.0,AW00026254,Patricia,Perez,S,M,2023-08-07
26255.0,AW00026255,Michael,Anderson,M,M,2026-05-18
26256.0,AW00026256,John,Baker,M,M,2023-09-27
26257.0,AW00026257,Donna,Jackson,S,F,2024-03-24
26258.0,AW00026258,Rebecca,White,S,F,2025-04-08
26259.0,AW00026259,George,Johnson,S,M,2023-08-01
26260.0,AW00026260,Mere,Williams,M,F,2023-03-09
26261.0,AW00026261,Lisa,Parker,S,F,2025-05-19
26262.0,AW00026262,Elizabeth,Allen,S,M,2023-11-09
26263.0,AW00026263,Andrew,Hall,S,F,2026-04-18
26264.0,AW00026264,Ashley,Jones,M,F,2024-10-17
26265.0,AW00026265,Keziah,Allen,M,F,2025-08-10
26266.0,AW00026266,Kimberly,Brown,M,F,2024-01-26
26267.0,AW00026267,Anthony,Campbell,M,F,2026-04-02
26268.0,AW00026268,Melissa,Miller,M,M,2024-04-26
26269.0,AW00026269,Jessica,Martin,S,F,2025-08-20
26270.0,AW00026270,Paul,Miller,S,M,2024-12-10
26271.0,AW00026271,William,Perez,M,M,2026-02-03
26272.0,AW00026272,Nancy,Wilson,S,F,2026-02-13
26273.0,AW00026273,Richard,Smith,S,F,2023-08-21
26274.0,AW00026274,Baraa,Mitchell,M,F,2024-03-12
26275.0,AW00026275,Rebecca,Jones,S,M,2024-05-28
26276.0,AW00026276,Robert,Moore,M,F,2024-08-27
26277.0,AW00026277,Steven,Perez,M,M,2025-10-29
26278.0,AW00026278,Rebecca,Nime,M,M,2024-06-16
26279.0,AW00026279,Ashley,Johnson,S,F,2024-06-29
26280.0,AW00026280,Melissa,Walker,M,M,2025-08-19
26281.0,AW00026281,Deborah,Lopez,S,M,2024-12-25
26282.0,AW00026282,Stephanie,Young,M,M,2023-09-03
26283.0,AW00026283,Sandra,Walker,S,F,2024-04-21
26284.0,AW00026284,James,Lopez,S,F,2025-06-24
26285.0,AW00026285,Michael,Anderson,S,F,2023-05-19
26286.0,AW00026286,Joseph,Thomas,M,M,2024-04-24
26287.0,AW00026287,David,Scott,S,F,2026-03-02
26288.0,AW00026288,Tane,Campbell,S,F,2024-05-09
26289.0,AW00026289,Mark,Hall,S,F,2025-10-05
26290.0,AW00026290,Ronald,Baker,S,F,2023-09-30
26291.0,AW00026291,Andrew,Lewis,,M,2024-10-22
26292.0,AW00026292,Sarah,Scott,S,F,2026-04-03
26293.0,AW00026293,Joseph,Patel,M,F,2024-11-28
26294.0,AW00026294,Michael,Lewis,M,M,2024-04-23
26295.0,AW00026295,Jennifer,Adams,S,F,2025-09-14
26296.0,AW00026296,Brian,Walker,S,F,2025-10-12
26297.0,AW00026297,Sarah,Turner,S,F,2024-02-10
26298.0,AW00026298,Kenneth,Young,M,F,2023-08-25
26299.0,AW00026299,James,Lopez,S,M,2026-02-05
26300.0,AW00026300,Keziah,Phillips,S,F,2023-05-04
26301.0,AW00026301,Mark,Lewis,S,F,2023-12-13
26302.0,AW00026302,Peter,Manu,S,F,2023-12-18
26303.0,AW00026303,Robert,Williams,S,F,2026-02-21
26304.0,AW00026304,Sarah,Jones,M,F,2023-03-26
26305.0,AW00026305,Anthony,Perez,M,M,2025-03-06
26306.0,AW00026306,Ashley,Walker,S,F,2025-06-06
26307.0,AW00026307,Keziah,Thompson,M,F,2025-04-09
26308.0,AW00026308,Peter,Kumar,M,M,2025-01-02
26309.0,AW00026309,Carol,Mitchell,S,M,2023-04-09
26310.0,AW00026310,Jessica,Adams,S,M,2023-01-02
26311.0,AW00026311,Barbara,Martin,S,F,2024-07-24
26312.0,AW00026312,Richard,Adams,M,F,2024-11-22
26313.0,AW00026313,Mark,Young,M,M,2026-04-11
26314.0,AW00026314,Steven,Martin,S,F,2024-02-29
26315.0,AW00026315,Mary,Baker,M,M,2024-08-05
26316.0,AW00026316,Lisa,Parker,S,M,2023-12-13
26317.0,AW00026317,Jessica,Nelson,M,F,2023-04-19
26318.0,AW00026318,Mark,Lewis,S,M,2025-08-22
26319.0,AW00026319,Deborah,Carter,S,M,2026-05-13
26320.0,AW00026320,Brian,Baker,M,F,2025-04-22
26321.0,AW00026321,Michael,Martin,S,F,2025-10-28
26322.0,AW00026322,Timothy,Manu,S,F,2023-07-03
26323.0,AW00026323,Mary,Hall,M,M,2024-05-01
26324.0,AW00026324,Nancy,Taylor,M,M,2024-06-02
26325.0,AW00026325,Linda,Baker,S,M,2026-03-20
26326.0,AW00026326,Amanda,Campbell,S,F,2024-11-11
26327.0,AW00026327,Aroha,Lee,M,F,2026-02-09
26328.0,AW00026328,Brian,Brown,M,M,2024-08-18
26329.0,AW00026329,Lisa,Campbell,S,F,2025-06-15
26330.0,AW00026330,Jennifer,Manu,S,F,2025-12-22
26331.0,AW00026331,Ronald,Nelson,M,F,2025-04-22
26332.0,AW00026332,Richard,Toalii,S,F,2024-02-25
26333.0,AW00026333,Thomas,Johnson,S,M,2023-05-09
26334.0,AW00026334,Carol,Parker,S,F,2024-10-18
26335.0,AW00026335,Patricia,Johnson,M,F,2024-03-22
26336.0,AW00026336,Ashley,Perez,M,F,2025-01-04
26337.0,AW00026337,Deborah,Martin,M,M,2024-09-27
26338.0,AW00026338,Elizabeth,Young,M,M,2024-04-11
26339.0,AW00026339,Emily,Taylor,S,M,2025-07-09
26340.0,AW00026340,David,Nelson,M,F,2025-03-10
26341.0,AW00026341,Matthew,Allen,M,F,2024-11-08
26342.0,AW00026342,Nancy,Lee,M,F,2024-11-18
26343.0,AW00026343,Melissa,Moore,S,M,2026-01-26
26344.0,AW00026344,Jennifer,Lee,S,F,2025-01-28
26345.0,AW00026345,Karen,Allen,S,F,2024-06-22
26346.0,AW00026346,Anthony,Thompson,S,M,2025-08-26
26347.0,AW00026347,Brian,Campbell,S,M,2026-02-16
26348.0,AW00026348,Joshua,Baker,S,M,2025-04-19
26349.0,AW00026349,Mere,Taylor,M,M,2024-05-15
26350.0,AW00026350,Robert,Green,S,M,2024-01-17
26351.0,AW00026351,Ronald,Nelson,S,F,2023-12-15
26352.0,AW00026352,Baraa,Parker,S,M,2025-10-20
26353.0,AW00026353,Mark,Kumar,S,M,2024-10-02
26354.0,AW00026354,Jennifer,Turner,S,M,2025-01-18
26355.0,AW00026355,Nancy,Allen,S,F,2025-11-30
26356.0,AW00026356,George,Perez,S,M,2025-05-30
26357.0,AW00026357,Rebecca,Perez,M,F,2024-02-11
26358.0,AW00026358,Jessica,Thompson,M,M,2023-06-22
26359.0,AW00026359,Richard,Thompson,M,M,2024-08-06
26360.0,AW00026360,Ronald,Patel,S,F,2025-11-29
26361.0,AW00026361,Carol,Green,S,M,2023-10-03
26362.0,AW00026362,Keziah,Taylor,M,M,2024-05-15
26363.0,AW00026363,Carol,King,S,F,2024-06-09
26364.0,AW00026364,Betty,Garcia,S,F,2025-06-04
26365.0,AW00026365,Malia,Turner,S,F,2024-06-19
26366.0,AW00026366,Linda,Lopez,M,F,2025-11-24
26367.0,AW00026367,Richard,King,M,F,2023-06-29
26368.0,AW00026368,Joseph,Phillips,S,M,2023-08-24
26369.0,AW00026369,Michael,Adams,M,M,2024-09-29
26370.0,AW00026370,Ashley,Roberts,S,M,2023-07-14
26371.0,AW00026371,Barbara,Miller,S,F,2023-11-12
26372.0,AW00026372,Nancy,Lee,S,F,2025-07-13
26373.0,AW00026373,Richard,Young,S,F,2024-02-22
26374.0,AW00026374,Susan,Thompson,S,F,2024-10-05
26375.0,AW00026375,Carol,Green,M,F,2024-06-03
26376.0,AW00026376,Kimberly,Williams,S,M,2024-04-27
,AW00026377,Brian,Baker,M,F,2023-08-29
26378.0,AW00026378,Linda,Manu,M,F,2023-03-18
26379.0,AW00026379,Joshua,Singh,M,F,2023-04-06
26380.0,AW00026380,Baraa,Jackson,S,M,2025-05-06
26381.0,AW00026381,Aroha,Jones,M,M,2024-10-03
26382.0,AW00026382,Patricia,Allen,S,M,2025-03-18
26383.0,AW00026383,Elizabeth,Johnson,S,F,2023-11-07
26384.0,AW00026384,Timothy,King,M,M,2023-06-19
26385.0,AW00026385,Malia,Miller,M,M,2023-11-15
26386.0,AW00026386,William,Carter,M,F,2023-03-05
26387.0,AW00026387,Keziah,Wilson,M,M,2024-04-19
26388.0,AW00026388,Amanda,Smith,M,M,2024-10-26
26389.0,AW00026389,Susan,Phillips,S,M,2023-01-17
26390.0,AW00026390,Richard,Brown,M,F,2025-05-26
26391.0,AW00026391,Richard,Perez,S,M,2025-04-29
26392.0,AW00026392,Sione,Phillips,S,M,2023-05-26
26393.0,AW00026393,Keziah,Wilson,M,M,2025-03-19
26394.0,AW00026394,Sarah,White,S,F,2025-05-09
26395.0,AW00026395,Andrew,Anderson,S,M,2025-12-15
26396.0,AW00026396,Thomas,Baker,M,M,2025-09-13
26397.0,AW00026397,Amanda,Nelson,S,M,2023-03-07
26398.0,AW00026398,Sandra,Baker,S,M,2026-02-24
26399.0,AW00026399,Mary,Roberts,M,M,2024-03-23
26400.0,AW00026400,Patricia,Toalii,M,F,2024-01-21
26401.0,AW00026401,Sandra,Garcia,S,M,2026-01-16
26402.0,AW00026402,Robert,Miller,M,F,2026-04-17
26403.0,AW00026403,Sione,Baker,M,F,2024-08-30
26404.0,AW00026404,Susan,Moore,S,M,2025-08-11
26405.0,AW00026405,James,Ngata,M,M,2025-10-20
26406.0,AW00026406,Peter,Nelson,M,F,2026-04-11
26407.0,AW00026407,James,Jones,M,F,2024-04-21
26408.0,AW00026408,Andrew,Ngata,M,M,2023-07-06
26409.0,AW00026409,Anthony,Ngata,M,F,2024-04-12
26410.0,AW00026410,Joseph,Patel,M,F,2023-05-24
26411.0,AW00026411,Paul,Thomas,S,M,2026-04-11
26412.0,AW00026412,Mark,Jackson,S,F,2025-07-17
26413.0,AW00026413,Thomas,Perez,M,F,2025-10-05
26414.0,AW00026414,Michelle,Singh,M,F,2023-08-14
26415.0,AW00026415,Brian,Thompson,M,M,2024-06-23
26416.0,AW00026416,Carol,Phillips,M,F,2024-03-16
26417.0,AW00026417,Michelle,Miller,M,M,2025-09-11
26418.0,AW00026418,Rebecca,Carter,M,F,2023-01-23
26419.0,AW00026419,David,Smith,M,M,2025-02-09
26420.0,AW00026420,Kimberly,Mitchell,S,F,2023-10-09
26421.0,AW00026421,Carol,Brown,M,M,2026-05-07
26422.0,AW00026422,Elizabeth,Lopez,S,M,2024-10-16
26423.0,AW00026423,Thomas,King,S,M,2024-04-19
26424.0,AW00026424,William,Miller,S,F,2024-05-02
26425.0,AW00026425,Amanda,Parker,M,F,2024-03-02
26426.0,AW00026426,Emily,Nime,M,F,2024-04-09
26427.0,AW00026427,Melissa,Phillips,M,M,2023-09-08
26428.0,AW00026428,Kenneth,Brown,M,F,2025-12-12
26429.0,AW00026429,Timothy,Walker,S,F,2025-05-04
26430.0,AW00026430,Deborah,Manu,S,F,2025-08-08
26431.0,AW00026431,Donna,Nime,M,M,2025-02-26
26432.0,AW00026432,Michael,Brown,M,F,2025-10-12
26433.0,AW00026433,Paul,Hall,M,M,2026-04-04
26434.0,AW00026434,Lisa,Martin,S,F,2023-02-01
26435.0,AW00026435,Rebecca,Kumar,S,M,2023-10-01
26436.0,AW00026436,Melissa,Scott,M,M,2025-10-24
26437.0,AW00026437,Anthony,King,M,M,2023-10-20
26438.0,AW00026438,Baraa,Clark,S,F,2024-04-07
26439.0,AW00026439,Patricia,Thomas,S,M,2025-02-16
26440.0,AW00026440,Kenneth,Green,S,F,2026-04-12
26441.0,AW00026441,Michael,Manu,S,F,2025-06-15
26442.0,AW00026442,Aroha,Nelson,M,M,2024-08-26
26443.0,AW00026443,Melissa,Lopez,S,M,2023-06-06
26444.0,AW00026444,Andrew,Patel,S,F,2023-03-14
26445.0,AW00026445,Tane,Taylor,S,F,2023-06-29
26446.0,AW00026446,Kenneth,Jones,M,M,2026-03-25
26447.0,AW00026447,Sarah,Hall,M,F,2024-12-21
26448.0,AW00026448,Thomas,Nime,S,F,2023-01-19
26449.0,AW00026449,Barbara,Wilson,S,F,2025-02-07
26450.0,AW00026450,Mary,Anderson,M,F,2025-06-06
26451.0,AW00026451,Betty,Phillips,M,M,2023-03-24
26452.0,AW00026452,Joshua,Phillips,S,F,2025-03-27
26453.0,AW00026453,William,Walker,M,F,2023-03-01
26454.0,AW00026454,Brian,Baker,M,F,2025-01-16
26455.0,AW00026455,Ronald,Taylor,S,F,2024-12-03
26456.0,AW00026456,Lisa,Jones,S,M,2023-12-27
26457.0,AW00026457,Anthony,King,S,F,2023-09-24
26458.0,AW00026458,Lisa,Brown,M,F,2023-08-05
26459.0,AW00026459,William,Garcia,M,M,2023-09-23
26460.0,AW00026460,Kenneth,Carter,M,M,2024-06-07
26461.0,AW00026461,Michael,Brown,S,F,2023-09-11
26462.0,AW00026462,Michelle,Taylor,S,M,2024-07-24
26463.0,AW00026463,Richard,Miller,M,M,2025-02-10
26464.0,AW00026464,James,Miller,M,M,2025-03-31
26465.0,AW00026465,Lisa,Perez,M,M,2026-01-31
26466.0,AW00026466,Timothy,Singh,S,M,2024-09-15
26467.0,AW00026467,Anthony,Davis,M,M,2024-07-19
26468.0,AW00026468,Steven,Jackson,S,F,2023-08-30
26469.0,AW00026469,Melissa,Lewis,M,F,2023-12-26
26470.0,AW00026470,Nancy,Lee,S,F,2026-05-26
26471.0,AW00026471,Michael,Carter,S,F,2024-05-20
26472.0,AW00026472,Thomas,Anderson,S,M,2024-05-17
26473.0,AW00026473,Deborah,Toalii,M,M,2023-05-03
26474.0,AW00026474,Ashley,Martin,S,M,2023-10-16
26475.0,AW00026475,Barbara,Kumar,S,F,2024-04-09
26476.0,AW00026476,Jason,Wright,S,F,2023-08-06
26477.0,AW00026477,Sandra,Kumar,M,F,2025-01-03
26478.0,AW00026478,Melissa,Martin,M,F,2026-04-24
26479.0,AW00026479,Kimberly,Brown,M,M,2024-01-20
26480.0,AW00026480,Andrew,Patel,S,M,2025-07-24
26481.0,AW00026481,Deborah,Miller,M,M,2025-12-31
26482.0,AW00026482,Joshua,Turner,S,M,2024-03-23
26483.0,AW00026483,Patricia,King,S,M,2025-12-19
26484.0,AW00026484,Sarah,White,S,M,2024-04-21
26485.0,AW00026485,Thomas,Anderson,S,F,2026-02-06
26486.0,AW00026486,David,Hall,S,M,2023-12-13
26487.0,AW00026487,Elizabeth,Parker,S,F,2023-12-04
26488.0,AW00026488,James,Carter,M,M,2023-03-20
26489.0,AW00026489,Carol,Jackson,S,M,2025-02-20
26490.0,AW00026490,Donald,Campbell,S,M,2024-12-28
26491.0,AW00026491,Rebecca,Clark,S,M,2025-04-19
26492.0,AW00026492,Betty,Taylor,M,M,2026-01-16
26493.0,AW00026493,Donna,Nelson,M,F,2025-01-20
26494.0,AW00026494,Donna,Adams,M,F,2024-12-23
26495.0,AW00026495,Thomas,Lewis,S,F,2025-09-19
26496.0,AW00026496,Paul,Young,S,M,2025-02-23
26497.0,AW00026497,Peter,Moore,M,M,2025-07-13
26498.0,AW00026498,Michael,Ngata,S,F,2024-09-06
26499.0,AW00026499,Michelle,Adams,M,M,2023-04-30
26500.0,AW00026500,Timothy,Walker,M,M,2024-08-31
26501.0,AW00026501,Sione,Lee,M,M,2024-04-15
26502.0,AW00026502,Mary,Williams,S,F,2025-07-01
26503.0,AW00026503,Richard,Scott,S,M,2023-11-29
26504.0,AW00026504,Susan,Mitchell,S,M,2023-04-21
26505.0,AW00026505,John,Wilson,S,M,2025-09-18
26506.0,AW00026506,Ashley,Lopez,M,M,2025-04-28
26507.0,AW00026507,Timothy,Wright,S,F,2026-02-15
26508.0,AW00026508,Michael,Thompson,M,F,2023-03-29
26509.0,AW00026509,Baraa,White,M,F,2024-04-09
26510.0,AW00026510,Emily,Allen,M,M,2023-06-26
26511.0,AW00026511,Ronald,Clark,S,M,2026-04-09
26512.0,AW00026512,Robert,Lewis,S,M,2023-05-19
26513.0,AW00026513,Richard,Wright,M,M,2024-03-07
26514.0,AW00026514,Aroha,Lewis,S,F,2025-12-09
26515.0,AW00026515,Melissa,Garcia,M,F,2024-04-02
26516.0,AW00026516,Lisa,Clark,M,F,2023-01-08
26517.0,AW00026517,Stephanie,Scott,M,F,2024-10-15
26518.0,AW00026518,Keziah,Carter,M,F,2025-02-26
26519.0,AW00026519,Michael,Anderson,M,F,2023-10-31
26520.0,AW00026520,Sandra,Campbell,M,M,2023-09-16
26521.0,AW00026521,Thomas,Carter,S,M,2025-05-07
26522.0,AW00026522,Malia,Roberts,S,M,2024-05-11
26523.0,AW00026523,Mere,King,M,F,2023-06-27
26524.0,AW00026524,Lisa,Walker,S,M,2025-03-08
26525.0,AW00026525,Thomas,Mitchell,M,F,2024-01-19
26526.0,AW00026526,Betty,Hall,S,M,2024-09-22
26527.0,AW00026527,Sione,Ngata,M,F,2025-04-01
26528.0,AW00026528,Daniel,Thompson,S,M,2024-03-25
26529.0,AW00026529,Peter,Moore,S,F,2023-08-07
26530.0,AW00026530,Joseph,Kumar,S,M,2026-04-12
26531.0,AW00026531,Joseph,Lopez,S,F,2025-09-29
26532.0,AW00026532,Carol,Clark,S,M,2025-01-12
26533.0,AW00026533,Melissa,Kumar,M,M,2023-05-15
26534.0,AW00026534,Amanda,Toalii,M,M,2023-04-15
26535.0,AW00026535,Amanda,Miller,S,F,2024-03-28
26536.0,AW00026536,Michelle,Thomas,S,M,2024-11-03
26537.0,AW00026537,John,Walker,S,F,2025-10-23
26538.0,AW00026538,Sione,Nelson,M,F,2026-03-01
26539.0,AW00026539,Betty,Baker,M,M,2024-07-21
26540.0,AW00026540,Mary,Parker,S,F,2024-09-01
26541.0,AW00026541,Susan,Davis,M,M,2023-09-06
26542.0,AW00026542,Mere,Miller,S,M,2025-08-13
26543.0,AW00026543,Ashley,Turner,S,F,2024-11-04
26544.0,AW00026544,Amanda,Phillips,M,M,2025-10-25
26545.0,AW00026545,Timothy,Martin,S,F,2023-08-14
26546.0,AW00026546,Susan,Green,S,F,2023-12-21
26547.0,AW00026547,Tane,Manu,M,M,2026-02-25
26548.0,AW00026548,Timothy,Johnson,M,F,2026-03-09
26549.0,AW00026549,Michael,Perez,M,M,2024-08-21
26550.0,AW00026550,James,Patel,M,F,2024-01-19
26551.0,AW00026551,Barbara,King,S,M,2026-03-08
26552.0,AW00026552,Lisa,White,M,M,2023-09-22
26553.0,AW00026553,George,Toalii,M,M,2024-07-14
26554.0,AW00026554,Linda,Brown,M,F,2023-07-28
26555.0,AW00026555,Jennifer,Thomas,S,M,2025-04-04
26556.0,AW00026556,Timothy,Kumar,S,F,2026-01-03
26557.0,AW00026557,Donald,Walker,S,F,2023-10-08
26558.0,AW00026558,Rebecca,Turner,M,F,2024-04-22
26559.0,AW00026559,Susan,Green,S,M,2023-01-09
26560.0,AW00026560,Malia,Adams,M,M,2024-07-30
26561.0,AW00026561,Daniel,Brown,M,F,2023-09-24
26562.0,AW00026562,Richard,Scott,S,M,2025-04-03
26563.0,AW00026563,Steven,Walker,M,M,2023-04-30
26564.0,AW00026564,Kimberly,Smith,S,F,2025-12-18
26565.0,AW00026565,Steven,Perez,M,F,2024-04-10
26566.0,AW00026566,Keziah,Lewis,S,M,2024-06-27
26567.0,AW00026567,Malia,Turner,S,M,2025-08-27
26568.0,AW00026568,Deborah,Singh,S,F,2025-02-10
26569.0,AW00026569,Jennifer,Roberts,M,M,2024-02-18
26570.0,AW00026570,Barbara,Ngata,S,M,2024-08-22
26571.0,AW00026571,Karen,Lewis,M,M,2025-02-06
26572.0,AW00026572,Jason,Patel,M,F,2023-08-31
26573.0,AW00026573,Carol,Parker,S,F,2026-05-25
26574.0,AW00026574,Keziah,Clark,S,F,2025-06-22
26575.0,AW00026575,William,Garcia,M,F,2025-10-27
26576.0,AW00026576,Robert,Roberts,S,M,2025-08-07
26577.0,AW00026577,Deborah,Garcia,S,M,2026-02-02
26578.0,AW00026578,Sione,White,S,F,2024-07-13
26579.0,AW00026579,Paul,Manu,M,F,2024-06-03
26580.0,AW00026580,Daniel,Lewis,M,M,2024-06-03
26581.0,AW00026581,Daniel,Wilson,S,F,2023-05-15
26582.0,AW00026582,Nancy,Nelson,S,F,2024-01-04
26583.0,AW00026583,Karen,Jackson,M,M,2023-05-13
26584.0,AW00026584,Matthew,Kumar,S,M,2024-11-24
26585.0,AW00026585,Carol,Jones,M,F,2026-04-11
26586.0,AW00026586,Lisa,Roberts,S,F,2025-08-27
26587.0,AW00026587,James,Thomas,,M,2023-06-08
26588.0,AW00026588,Charles,Manu,S,F,2026-01-02
26589.0,AW00026589,Jennifer,Patel,S,F,2025-07-13
26590.0,AW00026590,Donna,Lee,M,M,2026-01-21
26591.0,AW00026591,Jennifer,Moore,M,M,2024-11-24
26592.0,AW00026592,Robert,Mitchell,M,F,2025-09-25
26593.0,AW00026593,George,Jackson,M,M,2023-11-25
26594.0,AW00026594,George,Nime,M,F,2024-12-27
26595.0,AW00026595,Kimberly,Lopez,S,F,2024-12-03
26596.0,AW00026596,Baraa,Hall,S,F,2025-01-04
26597.0,AW00026597,Lisa,White,M,F,2024-06-08
26598.0,AW00026598,Sarah,Wilson,S,M,2025-02-16
26599.0,AW00026599,Peter,Miller,M,F,2023-03-30
26600.0,AW00026600,Jessica,Garcia,S,M,2023-02-23
26601.0,AW00026601,Andrew,Scott,M,M,2023-09-10
26602.0,AW00026602,Amanda,Lopez,M,M,2025-11-06
26603.0,AW00026603,Ashley,White,S,M,2024-04-29
26604.0,AW00026604,Timothy,Wright,S,F,2024-02-02
26605.0,AW00026605,James,Perez,M,M,2024-04-01
26606.0,AW00026606,Michelle,Miller,S,M,2023-05-29
26607.0,AW00026607,Mere,Patel,S,M,2026-05-16
26608.0,AW00026608,Paul,Wright,M,F,2024-08-21
26609.0,AW00026609,George,Thomas,S,M,2023-03-30
26610.0,AW00026610,Richard,Young,M,F,2023-12-03
26611.0,AW00026611,Kimberly,Jackson,S,M,2023-05-19
26612.0,AW00026612,Donna,Jackson,M,F,2024-10-13
26613.0,AW00026613,Susan,Phillips,S,F,2024-04-23
26614.0,AW00026614,Elizabeth,Patel,M,F,2023-05-07
26615.0,AW00026615,Jennifer,Jones,S,M,2025-02-27
26616.0,AW00026616,Joshua,Patel,S,M,2025-02-22
26617.0,AW00026617,Andrew,Wilson,S,F,2023-10-09
26618.0,AW00026618,Malia,King,M,F,2025-06-01
26619.0,AW00026619,Mary,Walker,S,F,2025-03-05
26620.0,AW00026620,Mary,Baker,M,F,2023-05-07
26621.0,AW00026621,Kenneth,Mitchell,S,F,2024-06-25
26622.0,AW00026622,Joseph,Walker,M,F,2024-12-12
26623.0,AW00026623,Donald,Anderson,S,M,2025-05-10
26624.0,AW00026624,Joseph,Walker,M,F,2026-03-10
26625.0,AW00026625,Paul,Moore,M,F,2024-01-13
26626.0,AW00026626,George,Toalii,S,F,2024-08-15
26627.0,AW00026627,Aroha,Davis,S,M,2024-07-06
26628.0,AW00026628,Brian,Taylor,S,M,2023-12-19
26629.0,AW00026629,Peter,Clark,M,F,2026-04-28
26630.0,AW00026630,Patricia,Smith,M,F,2024-05-08
26631.0,AW00026631,Jessica,Miller,S,M,2025-02-01
26632.0,AW00026632,Jessica,Garcia,S,F,2025-03-15
26633.0,AW00026633,Rebecca,Davis,S,F,2023-08-25
26634.0,AW00026634,Donna,Nelson,M,M,2025-06-11
26635.0,AW00026635,George,Davis,S,M,2024-12-14
26636.0,AW00026636,Joseph,Lee,M,M,2026-02-16
26637.0,AW00026637,Steven,Carter,S,M,2024-01-24
26638.0,AW00026638,Linda,Adams,S,F,2024-09-29
26639.0,AW00026639,Aroha,Anderson,S,F,2023-08-31
26640.0,AW00026640,Richard,Parker,M,M,2024-11-19
26641.0,AW00026641,Barbara,Anderson,M,M,2023-03-10
26642.0,AW00026642,Kimberly,Green,M,F,2023-01-03
26643.0,AW00026643,Joshua,Patel,S,M,2025-10-28
26644.0,AW00026644,Robert,Scott,S,M,2026-04-13
26645.0,AW00026645,Susan,Jones,S,M,2025-07-24
26646.0,AW00026646,Timothy,Mitchell,S,F,2023-11-11
26647.0,AW00026647,Melissa,Campbell,M,M,2024-01-24
26648.0,AW00026648,Joseph,Jackson,M,M,2025-06-10
26649.0,AW00026649,David,Green,S,M,2025-03-23
26650.0,AW00026650,David,Adams,S,F,2026-04-08
26651.0,AW00026651,Nancy,Lewis,S,F,2024-08-15
26652.0,AW00026652,Melissa,Parker,M,M,2023-06-06
26653.0,AW00026653,Susan,Carter,S,M,2024-01-09
26654.0,AW00026654,Brian,Carter,S,M,2025-06-19
26655.0,AW00026655,Peter,King,M,M,2023-12-24
26656.0,AW00026656,Robert,Clark,S,F,2025-10-26
26657.0,AW00026657,Karen,Wilson,S,F,2024-06-25
26658.0,AW00026658,Kenneth,Taylor,M,M,2025-12-03
26659.0,AW00026659,John,Thompson,M,M,2025-06-18
26660.0,AW00026660,Robert,Davis,M,F,2023-05-26
26661.0,AW00026661,Mary,Wilson,S,F,2025-08-06
26662.0,AW00026662,Andrew,Parker,M,M,2023-08-10
26663.0,AW00026663,Malia,Turner,S,M,2023-02-02
26664.0,AW00026664,Kenneth,Turner,M,M,2025-05-31
26665.0,AW00026665,Baraa,Moore,S,F,2025-11-24
26666.0,AW00026666,Linda,Wright,M,F,2024-10-17
26667.0,AW00026667,Charles,Green,S,F,2023-05-19
26668.0,AW00026668,George,Hall,M,F,2025-02-15
26669.0,AW00026669,Sione,Wright,S,F,2024-12-04
26670.0,AW00026670,Rebecca,Singh,M,F,2023-01-17
26671.0,AW00026671,Lisa,Campbell,M,F,2026-01-09
26672.0,AW00026672,Paul,Manu,S,M,2025-05-25
26673.0,AW00026673,Timothy,Manu,S,M,2024-06-19
26674.0,AW00026674,David,Green,S,M,2026-01-17
26675.0,AW00026675,Richard,Moore,S,M,2023-01-09
26676.0,AW00026676,Mary,Miller,S,M,2025-06-01
26677.0,AW00026677,George,Young,M,M,2025-05-23
26678.0,AW00026678,George,Martin,M,M,2023-07-12
26679.0,AW00026679,Donna,Baker,S,M,2025-11-19
26680.0,AW00026680,Anthony,Phillips,S,M,2023-12-07
26681.0,AW00026681,Mere,Miller,S,M,2025-11-20
26682.0,AW00026682,Jason,White,S,F,2024-03-22
26683.0,AW00026683,Baraa,Brown,S,M,2023-10-04
26684.0,AW00026684,Mary,Davis,M,F,2023-06-01
26685.0,AW00026685,Anthony,Thomas,M,M,2023-05-08
26686.0,AW00026686,Karen,Green,S,M,2025-08-14
26687.0,AW00026687,Malia,Carter,M,F,2025-01-22
26688.0,AW00026688,Stephanie,Lopez,M,F,2024-02-25
26689.0,AW00026689,Timothy,Miller,S,M,2025-03-03
26690.0,AW00026690,Elizabeth,Williams,M,F,2023-02-11
26691.0,AW00026691,Donald,Manu,M,F,2024-02-16
26692.0,AW00026692,Steven,Clark,S,F,2023-02-14
26693.0,AW00026693,Elizabeth,King,M,F,2025-02-03
26694.0,AW00026694,Lisa,Baker,M,F,2024-03-22
26695.0,AW00026695,Joshua,Toalii,S,F,2024-08-20
26696.0,AW00026696,Sarah,Toalii,S,F,2023-12-17
26697.0,AW00026697,Kimberly,Parker,S,M,2023-05-06
26698.0,AW00026698,Barbara,Walker,S,M,2024-09-08
26699.0,AW00026699,John,Allen,M,M,2026-02-12
26700.0,AW00026700,Charles,Wright,S,M,2024-02-28
26701.0,AW00026701,Michael,Martin,S,F,2025-04-13
26702.0,AW00026702,Barbara,Garcia,M,F,2026-05-22
26703.0,AW00026703,Jason,Martin,M,M,2023-11-17
26704.0,AW00026704,Kimberly,Hall,S,M,2025-05-30
26705.0,AW00026705,Mary,Jones,M,F,2024-03-15
26706.0,AW00026706,Tane,Campbell,S,F,2025-07-17
26707.0,AW00026707,David,Jones,S,M,2023-02-24
26708.0,AW00026708,Keziah,Jackson,S,F,2023-02-12
26709.0,AW00026709,Mere,Wilson,S,F,2023-03-11
26710.0,AW00026710,Brian,Jackson,S,F,2023-03-17
26711.0,AW00026711,Elizabeth,Young,S,M,2025-08-28
26712.0,AW00026712,Joshua,White,M,F,2024-10-31
26713.0,AW00026713,Melissa,Taylor,S,M,2025-05-15
26714.0,AW00026714,Matthew,Brown,M,M,2023-03-24
26715.0,AW00026715,George,Nime,M,F,2026-03-28
26716.0,AW00026716,George,Baker,S,M,2025-02-25
26717.0,AW00026717,Peter,Toalii,M,F,2023-02-15
26718.0,AW00026718,Ashley,Anderson,S,M,2023-07-30
26719.0,AW00026719,Sione,Lee,M,M,2023-12-12
26720.0,AW00026720,Amanda,Williams,M,M,2025-05-07
26721.0,AW00026721,Mere,Nime,M,F,2024-12-15
26722.0,AW00026722,William,King,M,M,2025-07-24
26723.0,AW00026723,Malia,White,S,F,2023-06-29
26724.0,AW00026724,Andrew,Turner,M,F,2024-08-21
26725.0,AW00026725,Anthony,Baker,M,M,2025-08-16
26726.0,AW00026726,Nancy,King,S,M,2023-02-07
26727.0,AW00026727,Nancy,White,M,M,2025-01-04
26728.0,AW00026728,Carol,Adams,M,M,2023-03-10
26729.0,AW00026729,Mary,Adams,M,F,2023-07-04
26730.0,AW00026730,David,Jackson,S,M,2023-07-19
26731.0,AW00026731,Donald,Nime,S,F,2025-02-23
26732.0,AW00026732,Deborah,Davis,S,F,2024-04-11
26733.0,AW00026733,Jason,Davis,M,F,2024-01-08
26734.0,AW00026734,Betty,Green,S,F,2023-09-29
26735.0,AW00026735,Keziah,Garcia,S,F,2024-01-28
26736.0,AW00026736,Donald,Taylor,S,F,2023-06-29
26737.0,AW00026737,Mere,Walker,M,F,2023-10-02
26738.0,AW00026738,Tane,Garcia,M,F,2023-07-10
26739.0,AW00026739,Linda,Toalii,M,M,2026-02-23
26740.0,AW00026740,Malia,Mitchell,M,M,2023-07-28
26741.0,AW00026741,Aroha,Davis,M,M,2026-01-26
26742.0,AW00026742,Stephanie,Singh,M,M,2023-06-02
26743.0,AW00026743,Amanda,Miller,M,F,2024-10-09
26744.0,AW00026744,Rebecca,Campbell,S,M,2023-11-16
26745.0,AW00026745,Mark,Phillips,S,M,2025-10-30
26746.0,AW00026746,Paul,Roberts,S,M,2023-03-21
26747.0,AW00026747,Daniel,Carter,S,F,2024-07-22
26748.0,AW00026748,Emily,Parker,S,F,2023-10-15
26749.0,AW00026749,Patricia,Green,S,F,2023-06-30
26750.0,AW00026750,Donna,Scott,S,M,2026-05-05
26751.0,AW00026751,Charles,Perez,S,M,2024-09-14
26752.0,AW00026752,Sione,Campbell,S,F,2023-02-01
26753.0,AW00026753,Mere,Toalii,M,M,2025-12-26
26754.0,AW00026754,Timothy,Patel,M,M,2024-07-13
26755.0,AW00026755,Keziah,Phillips,M,M,2025-10-07
26756.0,AW00026756,Tane,Miller,S,F,2024-06-30
26757.0,AW00026757,Emily,Perez,M,F,2025-09-23
26758.0,AW00026758,Kenneth,Young,M,F,2023-11-16
26759.0,AW00026759,Linda,Wilson,S,F,2023-10-31
26760.0,AW00026760,Steven,Kumar,S,F,2025-03-15
26761.0,AW00026761,Elizabeth,Clark,M,M,2023-07-22
26762.0,AW00026762,Tane,Thompson,M,M,2025-05-09
26763.0,AW00026763,Paul,Garcia,S,M,2025-06-10
26764.0,AW00026764,Betty,Moore,S,M,2023-07-20
26765.0,AW00026765,Sarah,Carter,M,M,2024-05-10
26766.0,AW00026766,Sione,Toalii,M,M,2025-08-19
26767.0,AW00026767,Lisa,Green,M,F,2023-08-01
26768.0,AW00026768,Matthew,Taylor,S,M,2024-09-28
26769.0,AW00026769,Jennifer,Miller,S,F,2025-07-31
26770.0,AW00026770,Paul,Young,S,M,2026-04-19
26771.0,AW00026771,Emily,Adams,S,M,2024-12-29
26772.0,AW00026772,John,Baker,M,F,2025-03-24
26773.0,AW00026773,Charles,Davis,M,M,2023-05-24
26774.0,AW00026774,Melissa,Lewis,M,M,2024-12-12
26775.0,AW00026775,Susan,Ngata,M,M,2026-03-01
26776.0,AW00026776,Timothy,Brown,S,M,2024-06-22
26777.0,AW00026777,John,Ngata,S,M,2024-03-06
26778.0,AW00026778,Richard,Smith,S,F,2025-05-14
26779.0,AW00026779,Jessica,Campbell,M,M,2023-01-16
26780.0,AW00026780,David,Anderson,M,M,2026-04-04
26781.0,AW00026781,Rebecca,Patel,S,M,2024-01-30
26782.0,AW00026782,Donna,Garcia,M,F,2023-09-30
26783.0,AW00026783,Elizabeth,Jones,S,F,2024-01-13
26784.0,AW00026784,Carol,Smith,M,M,2024-04-15
26785.0,AW00026785,Jennifer,Jones,M,M,2025-02-03
26786.0,AW00026786,Timothy,Turner,S,M,2025-12-27
26787.0,AW00026787,Ronald,Moore,S,F,2025-04-09
26788.0,AW00026788,Brian,Singh,M,F,2024-10-01
26789.0,AW00026789,John,Roberts,M,F,2024-04-04
26790.0,AW00026790,Brian,Martin,M,M,2025-06-08
26791.0,AW00026791,Steven,Parker,M,M,2026-05-25
26792.0,AW00026792,John,Lopez,M,M,2024-09-16
26793.0,AW00026793,Patricia,Toalii,S,M,2026-05-25
26794.0,AW00026794,Donald,White,S,F,2026-05-27
26795.0,AW00026795,Richard,Thomas,S,F,2026-04-24
26796.0,AW00026796,Patricia,Moore,M,F,2023-07-16
26797.0,AW00026797,Jason,Patel,M,F,2023-01-16
26798.0,AW00026798,Daniel,Mitchell,M,M,2025-11-10
26799.0,AW00026799,Nancy,Parker,M,F,2025-09-05
26800.0,AW00026800,George,Wright,S,M,2023-07-18
26801.0,AW00026801,Lisa,Adams,S,M,2026-05-26
26802.0,AW00026802,Karen,Miller,M,F,2025-11-30
26803.0,AW00026803,Tane,White,S,M,2025-12-27
26804.0,AW00026804,Mere,Anderson,S,M,2023-02-04
26805.0,AW00026805,Michael,Walker,S,F,2025-01-07
26806.0,AW00026806,Brian,Clark,S,F,2024-06-03
26807.0,AW00026807,Tane,Nelson,S,F,2023-08-12
26808.0,AW00026808,Malia,Brown,S,F,2023-10-27
26809.0,AW00026809,Jessica,Toalii,M,F,2023-10-13
26810.0,AW00026810,Michelle,Campbell,S,M,2023-10-19
26811.0,AW00026811,Donna,Young,M,F,2023-08-23
26812.0,AW00026812,Jennifer,Baker,M,F,2024-07-04
26813.0,AW00026813,Kimberly,Young,M,M,2024-03-07
26814.0,AW00026814,Michael,Brown,S,M,2024-04-17
26815.0,AW00026815,Sarah,Roberts,M,F,2025-12-20
26816.0,AW00026816,Keziah,Mitchell,M,F,2025-07-07
26817.0,AW00026817,Sandra,Young,M,M,2023-01-28
26818.0,AW00026818,Sarah,Perez,S,F,2023-04-25
26819.0,AW00026819,David,Johnson,S,M,2024-08-06
26820.0,AW00026820,Jennifer,Miller,S,M,2023-01-06
26821.0,AW00026821,Deborah,Nime,S,M,2025-10-14
26822.0,AW00026822,Richard,Jones,S,M,2026-02-18
26823.0,AW00026823,Kenneth,Johnson,S,F,2023-03-22
26824.0,AW00026824,Ashley,Green,S,M,2023-02-06
26825.0,AW00026825,Rebecca,Thompson,M,F,2023-02-05
26826.0,AW00026826,Karen,Baker,M,F,2025-03-21
26827.0,AW00026827,William,Phillips,M,M,2023-02-07
26828.0,AW00026828,Aroha,Parker,S,M,2025-03-27
26829.0,AW00026829,Thomas,King,S,M,2023-06-07
26830.0,AW00026830,Matthew,Lopez,M,M,2026-01-09
26831.0,AW00026831,Paul,Phillips,S,F,2023-02-05
26832.0,AW00026832,Malia,Jones,M,F,2025-06-20
26833.0,AW00026833,Andrew,Taylor,M,M,2023-01-08
26834.0,AW00026834,Melissa,White,M,M,2024-12-28
26835.0,AW00026835,Emily,Walker,S,M,2023-04-18
26836.0,AW00026836,Elizabeth,Parker,S,F,2023-03-09
26837.0,AW00026837,William,King,S,M,2023-03-22
26838.0,AW00026838,Sione,Ngata,M,F,2025-02-28
26839.0,AW00026839,Donald,Roberts,S,F,2025-08-04
26840.0,AW00026840,Stephanie,Parker,S,F,2023-07-16
26841.0,AW00026841,Melissa,Roberts,S,F,2024-12-27
26842.0,AW00026842,Patricia,Taylor,M,M,2025-12-18
26843.0,AW00026843,Stephanie,Mitchell,S,M,2024-10-30
26844.0,AW00026844,George,Wright,S,M,2024-11-12
26845.0,AW00026845,Kimberly,Taylor,S,M,2023-05-12
26846.0,AW00026846,Joseph,Perez,S,M,2025-12-30
26847.0,AW00026847,Thomas,Baker,S,M,2023-11-16
26848.0,AW00026848,Richard,Phillips,S,F,2023-10-30
26849.0,AW00026849,Baraa,Allen,S,M,2023-04-20
26850.0,AW00026850,Joseph,King,S,M,2025-08-04
26851.0,AW00026851,Barbara,Thompson,S,M,2025-09-17
26852.0,AW00026852,Kimberly,Wilson,S,F,2023-03-26
26853.0,AW00026853,Melissa,Parker,S,M,2025-08-25
26854.0,AW00026854,Mere,Thompson,S,F,2026-04-02
26855.0,AW00026855,Sione,Turner,S,M,2025-08-27
26856.0,AW00026856,Jason,Turner,S,M,2025-12-31
26857.0,AW00026857,Elizabeth,Smith,S,F,2023-01-28
26858.0,AW00026858,William,Walker,S,M,2023-04-08
26859.0,AW00026859,William,Phillips,M,F,2023-03-04
26860.0,AW00026860,Robert,Mitchell,S,M,2023-06-29
26861.0,AW00026861,Baraa,Jones,M,M,2023-03-02
26862.0,AW00026862,Jessica,Wilson,S,M,2026-03-04
26863.0,AW00026863,Carol,Jones,M,M,2026-05-17
26864.0,AW00026864,Patricia,Singh,M,F,2024-10-18
26865.0,AW00026865,George,Davis,M,F,2025-03-27
26866.0,AW00026866,Emily,Lee,S,M,2025-01-22
26867.0,AW00026867,Peter,Campbell,M,M,2023-09-16
26868.0,AW00026868,Stephanie,Wilson,S,M,2025-12-24
26869.0,AW00026869,Ashley,Kumar,M,F,2024-11-08
26870.0,AW00026870,Anthony,Thomas,S,F,2023-10-24
26871.0,AW00026871,George,Lopez,M,M,2023-05-11
26872.0,AW00026872,Donald,Anderson,M,M,2023-02-28
26873.0,AW00026873,David,Parker,S,M,2025-05-01
26874.0,AW00026874,Daniel,Kumar,S,M,2025-01-05
26875.0,AW00026875,Charles,Parker,S,M,2025-05-01
26876.0,AW00026876,Melissa,Mitchell,S,M,2026-05-13
26877.0,AW00026877,Stephanie,Garcia,M,F,2023-03-03
26878.0,AW00026878,Karen,Garcia,S,F,2026-01-02
26879.0,AW00026879,Michelle,Turner,M,F,2025-04-26
26880.0,AW00026880,Michael,Nime,S,M,2024-06-14
26881.0,AW00026881,Baraa,Lopez,S,F,2023-03-14
26882.0,AW00026882,Donald,Lee,S,M,2023-12-29
26883.0,AW00026883,Baraa,Garcia,M,M,2023-12-21
26884.0,AW00026884,Michelle,Taylor,S,F,2026-05-22
26885.0,AW00026885,David,Patel,S,F,2025-08-18
26886.0,AW00026886,William,Carter,S,F,2026-02-26
26887.0,AW00026887,Andrew,Lee,M,M,2023-02-14
26888.0,AW00026888,Patricia,Baker,M,M,2024-09-05
26889.0,AW00026889,Susan,Taylor,M,M,2023-09-20
26890.0,AW00026890,Lisa,Smith,S,F,2023-08-17
26891.0,AW00026891,Stephanie,Scott,M,M,2024-09-26
26892.0,AW00026892,Michael,Anderson,M,F,2026-02-22
26893.0,AW00026893,Sarah,Johnson,S,M,2025-01-27
26894.0,AW00026894,Matthew,Lee,S,F,2024-05-16
26895.0,AW00026895,Tane,Singh,S,M,2024-09-23
26896.0,AW00026896,Donna,Taylor,M,F,2024-08-17
26897.0,AW00026897,Betty,Hall,S,F,2024-09-06
26898.0,AW00026898,William,Garcia,M,F,2023-11-15
26899.0,AW00026899,Charles,Kumar,M,M,2025-10-25
26900.0,AW00026900,Ashley,Adams,M,M,2025-10-01
26901.0,AW00026901,Sione,Lee,S,M,2025-01-11
26902.0,AW00026902,Daniel,Lopez,S,F,2023-05-07
26903.0,AW00026903,Stephanie,Lopez,M,F,2026-04-18
26904.0,AW00026904,Ashley,Ngata,M,F,2025-12-30
26905.0,AW00026905,Thomas,Young,M,F,2025-02-11
26906.0,AW00026906,Mary,Thompson,M,M,2025-11-12
26907.0,AW00026907,Carol,Scott,M,M,2024-03-08
26908.0,AW00026908,Mere,Mitchell,M,M,2024-07-16
26909.0,AW00026909,Sandra,Nime,S,M,2023-12-13
26910.0,AW00026910,Peter,Phillips,M,M,2024-07-02
26911.0,AW00026911,Linda,Thomas,S,M,2025-03-30
26912.0,AW00026912,Mark,White,M,M,2023-07-21
26913.0,AW00026913,Paul,Clark,S,M,2024-05-07
26914.0,AW00026914,Anthony,Walker,M,F,2024-10-18
26915.0,AW00026915,Barbara,Taylor,M,M,2024-05-04
26916.0,AW00026916,Deborah,Wright,S,F,2024-09-13
26917.0,AW00026917,Donald,Nelson,S,M,2024-04-05
26918.0,AW00026918,Amanda,Carter,M,F,2025-03-27
26919.0,AW00026919,Ashley,Roberts,S,M,2026-01-17
26920.0,AW00026920,Lisa,Turner,M,F,2025-03-18
26921.0,AW00026921,Brian,Hall,S,M,2023-01-27
26922.0,AW00026922,Sandra,Walker,M,M,2023-11-28
26923.0,AW00026923,Charles,Jackson,S,F,2026-01-26
26924.0,AW00026924,Jessica,Ngata,S,F,2024-01-29
26925.0,AW00026925,Sarah,Mitchell,M,M,2023-01-06
26926.0,AW00026926,Anthony,Jackson,M,F,2026-03-15
26927.0,AW00026927,Donna,Jackson,M,M,2025-02-09
26928.0,AW00026928,William,Clark,M,F,2025-04-29
26929.0,AW00026929,Mary,Thomas,M,F,2025-07-18
26930.0,AW00026930,Donald,Taylor,M,M,2023-07-25
26931.0,AW00026931,Stephanie,Walker,S,F,2023-12-05
26932.0,AW00026932,David,Thompson,S,M,2025-04-14
26933.0,AW00026933,Lisa,Thomas,S,M,2023-08-03
26934.0,AW00026934,Jennifer,Brown,S,F,2025-07-19
26935.0,AW00026935,James,Lopez,S,M,2023-04-05
26936.0,AW00026936,Thomas,Jones,S,F,2026-03-17
26937.0,AW00026937,Susan,Nelson,M,M,2025-12-13
26938.0,AW00026938,Thomas,Perez,S,M,2026-01-15
26939.0,AW00026939,Peter,Carter,M,M,2026-03-24
26940.0,AW00026940,Sione,Garcia,S,F,2025-12-15
26941.0,AW00026941,Amanda,Smith,S,F,2024-03-10
26942.0,AW00026942,Sandra,Allen,S,F,2024-01-23
26943.0,AW00026943,Andrew,Kumar,S,F,2025-10-22
26944.0,AW00026944,Thomas,Thomas,M,M,2026-01-27
26945.0,AW00026945,Matthew,Clark,M,F,2025-02-16
26946.0,AW00026946,Mark,Turner,S,M,2023-06-05
26947.0,AW00026947,Peter,Smith,S,F,2024-02-26
26948.0,AW00026948,Mere,Lopez,S,F,2024-04-14
26949.0,AW00026949,Jason,Martin,M,F,2026-03-02
26950.0,AW00026950,Donna,Singh,M,M,2024-07-03
26951.0,AW00026951,Betty,Phillips,M,M,2023-01-24
26952.0,AW00026952,Mary,Lee,M,F,2023-01-28
26953.0,AW00026953,Keziah,Adams,S,F,2024-03-25
26954.0,AW00026954,George,Campbell,S,M,2024-01-05
26955.0,AW00026955,George,Turner,S,F,2024-09-13
26956.0,AW00026956,James,Perez,S,F,2024-05-10
26957.0,AW00026957,Jason,Taylor,M,M,2023-02-11
26958.0,AW00026958,Karen,Roberts,S,F,2026-03-02
26959.0,AW00026959,William,,M,M,2024-08-31
26960.0,AW00026960,Donald,Young,S,F,2023-09-25
26961.0,AW00026961,Thomas,Perez,S,F,2024-07-01
26962.0,AW00026962,Carol,Toalii,S,F,2023-03-31
26963.0,AW00026963,Joshua,Clark,S,F,2025-01-03
26964.0,AW00026964,Donna,Hall,S,F,2025-11-14
26965.0,AW00026965,Mark,Nelson,S,M,2026-04-28
26966.0,AW00026966,Jennifer,Carter,M,F,2024-06-29
26967.0,AW00026967,Unknown,Manu,M,M,2023-01-10
26968.0,AW00026968,Brian,Adams,M,M,2024-04-25
26969.0,AW00026969,Joseph,Lopez,S,M,2023-04-21
26970.0,AW00026970,Jason,Thomas,M,F,2023-01-10
26971.0,AW00026971,Ashley,Nime,S,F,2024-08-17
26972.0,AW00026972,Mary,Phillips,M,F,2024-04-29
26973.0,AW00026973,Paul,Kumar,M,F,2023-07-21
26974.0,AW00026974,Donna,Perez,M,M,2024-02-23
26975.0,AW00026975,Timothy,Johnson,M,M,2025-01-02
26976.0,AW00026976,Keziah,Davis,S,M,2025-03-18
26977.0,AW00026977,Mary,Patel,M,M,2025-09-23
26978.0,AW00026978,Thomas,White,S,F,2024-01-04
26979.0,AW00026979,Peter,Roberts,S,F,2023-05-11
26980.0,AW00026980,Brian,Miller,S,F,2024-12-14
26981.0,AW00026981,Aroha,Moore,M,M,2026-04-23
26982.0,AW00026982,Robert,Adams,S,F,2024-08-03
26983.0,AW00026983,Sarah,Anderson,M,F,2025-09-08
26984.0,AW00026984,Rebecca,Parker,M,F,2023-09-28
26985.0,AW00026985,Lisa,Martin,M,F,2024-09-02
26986.0,AW00026986,Patricia,Ngata,S,M,2025-12-17
26987.0,AW00026987,Betty,Anderson,M,F,2026-04-12
26988.0,AW00026988,Melissa,Turner,M,F,2024-01-11
26989.0,AW00026989,Steven,Williams,S,M,2025-10-04
26990.0,AW00026990,Joseph,Williams,M,M,2024-12-05
26991.0,AW00026991,Mark,Toalii,S,M,2025-12-21
26992.0,AW00026992,Richard,Adams,M,M,2024-05-12
26993.0,AW00026993,David,Wilson,M,F,2025-11-18
26994.0,AW00026994,Sione,Miller,M,M,2024-03-27
26995.0,AW00026995,Ronald,Martin,M,F,2024-08-07
26996.0,AW00026996,Melissa,Green,S,M,2025-01-02
26997.0,AW00026997,Peter,Carter,S,M,2025-04-01
26998.0,AW00026998,Karen,Nelson,M,M,2024-04-08
26999.0,AW00026999,Deborah,Williams,S,F,2024-02-15
27000.0,AW00027000,Aroha,Singh,M,F,2023-04-01
27001.0,AW00027001,Barbara,Moore,S,F,2025-08-21
27002.0,AW00027002,James,Davis,M,F,2024-04-26
27003.0,AW00027003,Susan,Moore,S,M,2024-12-08
27004.0,AW00027004,Sandra,Campbell,M,M,2023-08-05
27005.0,AW00027005,Anthony,Singh,S,F,2025-02-26
27006.0,AW00027006,Donald,Carter,M,F,2023-04-19
27007.0,AW00027007,Linda,Davis,S,F,2023-12-27
27008.0,AW00027008,Thomas,King,M,M,2025-12-14
27009.0,AW00027009,Emily,Nelson,M,M,2025-01-30
27010.0,AW00027010,Elizabeth,Jackson,M,M,2024-06-17
27011.0,AW00027011,Robert,White,M,F,2025-04-01
27012.0,AW00027012,John,Thompson,S,M,2025-08-10
27013.0,AW00027013,Stephanie,Hall,M,M,2023-03-29
27014.0,AW00027014,Sandra,Manu,S,F,2023-07-25
27015.0,AW00027015,Amanda,Nime,S,F,2025-08-15
27016.0,AW00027016,Nancy,Garcia,M,M,2026-03-20
27017.0,AW00027017,Steven,Roberts,M,M,2025-10-20
27018.0,AW00027018,Sandra,Williams,M,M,2025-04-17
27019.0,AW00027019,Barbara,Lee,S,F,2024-10-03
27020.0,AW00027020,Keziah,Ngata,S,F,2025-10-20
27021.0,AW00027021,Paul,Lopez,M,F,2025-04-25
27022.0,AW00027022,Timothy,Mitchell,M,F,2025-11-12
27023.0,AW00027023,Daniel,Nelson,S,F,2023-10-21
27024.0,AW00027024,Peter,White,M,M,2023-10-05
27025.0,AW00027025,Kimberly,Davis,M,M,2025-01-26
27026.0,AW00027026,Stephanie,Mitchell,S,F,2024-04-14
27027.0,AW00027027,Kimberly,Scott,M,M,2025-09-05
27028.0,AW00027028,Donald,Patel,S,F,2024-06-28
27029.0,AW00027029,Deborah,Lewis,M,M,2025-10-11
27030.0,AW00027030,Richard,Taylor,S,F,2024-02-05
27031.0,AW00027031,Donna,Williams,S,F,2026-04-07
27032.0,AW00027032,Aroha,Carter,S,F,2023-07-23
27033.0,AW00027033,Deborah,Singh,S,M,2024-02-22
27034.0,AW00027034,Baraa,Martin,S,F,2023-08-04
27035.0,AW00027035,John,Walker,M,F,2023-06-04
27036.0,AW00027036,George,Roberts,M,M,2024-02-06
27037.0,AW00027037,Joseph,Garcia,S,F,2024-02-13
27038.0,AW00027038,Peter,Singh,S,F,2023-07-24
27039.0,AW00027039,Charles,Parker,S,M,2024-08-23
27040.0,AW00027040,Linda,Thomas,S,M,2026-03-17
27041.0,AW00027041,Mark,Wilson,M,F,2026-04-01
27042.0,AW00027042,Charles,Thomas,S,F,2024-01-19
27043.0,AW00027043,Barbara,King,S,F,2025-02-19
27044.0,AW00027044,Kimberly,Patel,M,F,2024-01-07
27045.0,AW00027045,Linda,Roberts,M,M,2025-11-01
27046.0,AW00027046,Mark,Mitchell,S,M,2024-03-29
27047.0,AW00027047,Rebecca,Johnson,M,F,2026-02-10
27048.0,AW00027048,Matthew,Mitchell,M,M,2024-05-21
27049.0,AW00027049,Amanda,White,S,M,2025-06-17
27050.0,AW00027050,Steven,Perez,M,M,2023-08-16
27051.0,AW00027051,Baraa,Lopez,M,M,2026-04-27
27052.0,AW00027052,John,Smith,S,F,2023-03-30
27053.0,AW00027053,Carol,Walker,S,M,2025-10-22
27054.0,AW00027054,Richard,Young,S,M,2023-12-09
27055.0,AW00027055,Brian,Johnson,S,F,2026-02-17
27056.0,AW00027056,David,King,S,F,2023-01-10
27057.0,AW00027057,Keziah,Mitchell,S,M,2023-11-02
27058.0,AW00027058,Andrew,Young,S,F,2024-01-20
27059.0,AW00027059,George,White,M,F,2025-01-04
27060.0,AW00027060,Baraa,Thomas,M,M,2025-11-28
27061.0,AW00027061,Peter,Jackson,M,M,2025-05-27
27062.0,AW00027062,Timothy,Clark,S,F,2026-05-24
27063.0,AW00027063,Stephanie,Nime,S,F,2023-01-12
27064.0,AW00027064,Stephanie,Carter,S,M,2026-03-28
27065.0,AW00027065,Rebecca,Kumar,M,F,2023-03-10
27066.0,AW00027066,Thomas,Campbell,S,F,2026-02-09
27067.0,AW00027067,Charles,Patel,M,F,2024-05-23
27068.0,AW00027068,Richard,Kumar,M,M,2025-07-19
27069.0,AW00027069,Andrew,Anderson,S,F,2023-06-01
27070.0,AW00027070,William,Thompson,S,M,2023-10-14
27071.0,AW00027071,Donald,Moore,S,F,2025-01-24
27072.0,AW00027072,Andrew,Lewis,S,F,2023-12-16
27073.0,AW00027073,Lisa,Mitchell,S,F,2025-01-13
27074.0,AW00027074,George,King,M,M,2024-06-29
27075.0,AW00027075,Mere,King,M,F,2023-12-13
27076.0,AW00027076,Tane,Singh,M,F,2023-05-26
27077.0,AW00027077,Carol,Wright,M,F,2025-06-05
27078.0,AW00027078,Anthony,Lee,M,M,2023-07-04
27079.0,AW00027079,Paul,White,M,F,2023-10-25
27080.0,AW00027080,Joseph,Moore,M,F,2023-06-26
27081.0,AW00027081,John,Davis,S,M,2025-08-25
27082.0,AW00027082,Steven,Lee,S,F,2025-02-03
27083.0,AW00027083,Sarah,Jones,S,F,2025-03-29
27084.0,AW00027084,Andrew,Carter,S,M,2025-11-20
27085.0,AW00027085,David,Miller,S,F,2023-03-05
27086.0,AW00027086,Kimberly,Turner,M,M,2024-06-01
27087.0,AW00027087,Anthony,Lewis,M,F,2024-02-23
27088.0,AW00027088,Timothy,Kumar,M,F,2024-05-19
27089.0,AW00027089,Aroha,Roberts,M,F,2024-03-29
27090.0,AW00027090,Donna,Campbell,M,M,2024-09-19
27091.0,AW00027091,Rebecca,Scott,M,F,2025-02-12
27092.0,AW00027092,Linda,Young,S,F,2025-10-23
27093.0,AW00027093,Tane,Nelson,S,M,2023-02-18
27094.0,AW00027094,Rebecca,Young,S,M,2024-09-11
27095.0,AW00027095,Patricia,King,M,F,2023-04-22
27096.0,AW00027096,John,Patel,S,M,2026-02-04
27097.0,AW00027097,Charles,Wright,S,M,2023-09-11
27098.0,AW00027098,Carol,Lopez,M,F,2024-02-19
27099.0,AW00027099,Andrew,Davis,S,F,2025-03-13
27100.0,AW00027100,Peter,Jackson,S,F,2024-11-02
27101.0,AW00027101,Jason,Wright,S,F,2024-07-10
27102.0,AW00027102,William,Adams,M,M,2026-05-25
27103.0,AW00027103,Malia,Nelson,S,M,2023-01-22
27104.0,AW00027104,Tane,Wilson,M,M,2025-04-09
27105.0,AW00027105,James,Wright,M,M,2024-08-16
27106.0,AW00027106,Elizabeth,Ngata,M,M,2024-08-10
27107.0,AW00027107,Barbara,Perez,S,F,2023-03-11
27108.0,AW00027108,Nancy,Taylor,M,M,2024-09-03
27109.0,AW00027109,Brian,Turner,S,F,2026-02-09
27110.0,AW00027110,James,Jackson,M,M,2024-07-31
27111.0,AW00027111,Donald,Toalii,M,F,2024-03-09
27112.0,AW00027112,Emily,Jackson,S,M,2024-09-21
27113.0,AW00027113,Timothy,Nelson,M,F,2024-05-12
27114.0,AW00027114,Tane,Wilson,S,F,2025-03-26
27115.0,AW00027115,Timothy,Lopez,M,F,2023-10-22
27116.0,AW00027116,Kenneth,Williams,S,M,2025-06-15
27117.0,AW00027117,Nancy,Toalii,M,M,2025-03-12
27118.0,AW00027118,Mark,Patel,M,F,2023-05-28
27119.0,AW00027119,Matthew,Young,M,M,2023-04-12
27120.0,AW00027120,Michael,Lewis,S,M,2023-02-10
27121.0,AW00027121,Peter,Ngata,M,F,2025-02-01
27122.0,AW00027122,Peter,Hall,M,M,2024-02-15
27123.0,AW00027123,Andrew,Parker,S,M,2025-09-07
27124.0,AW00027124,Keziah,King,M,F,2024-04-03
27125.0,AW00027125,Lisa,Nelson,S,M,2025-07-06
27126.0,AW00027126,John,Wilson,S,F,2025-09-22
27127.0,AW00027127,Mark,Green,M,F,2024-10-29
27128.0,AW00027128,Anthony,King,M,F,2026-01-28
27129.0,AW00027129,Baraa,Turner,M,M,2025-08-16
27130.0,AW00027130,Melissa,Garcia,M,M,2023-05-02
27131.0,AW00027131,Richard,Phillips,S,M,2026-03-19
27132.0,AW00027132,Peter,Thomas,,M,2024-02-12
27133.0,AW00027133,Thomas,Wilson,M,M,2024-02-13
27134.0,AW00027134,George,Phillips,M,M,2023-07-07
27135.0,AW00027135,Elizabeth,Campbell,S,M,2026-02-16
27136.0,AW00027136,Lisa,Hall,M,M,2024-03-10
27137.0,AW00027137,Daniel,White,S,F,2023-05-24
27138.0,AW00027138,Thomas,Thomas,M,M,2023-06-29
27139.0,AW00027139,Richard,Roberts,M,F,2023-02-28
27140.0,AW00027140,Michelle,Williams,M,M,2025-03-11
27141.0,AW00027141,Melissa,Phillips,S,F,2026-04-04
27142.0,AW00027142,Tane,Carter,S,F,2023-10-17
27143.0,AW00027143,Charles,Mitchell,S,F,2025-12-24
27144.0,AW00027144,John,Thompson,M,F,2024-05-01
27145.0,AW00027145,Kimberly,Baker,M,F,2026-02-24
27146.0,AW00027146,Jason,Phillips,M,M,2023-07-06
27147.0,AW00027147,James,Nelson,S,M,2024-09-23
27148.0,AW00027148,Tane,Mitchell,M,M,2023-02-07
27149.0,AW00027149,Keziah,Walker,M,M,2024-02-23
27150.0,AW00027150,Nancy,Lopez,S,F,2025-03-07
27151.0,AW00027151,Barbara,Hall,S,M,2023-02-01
27152.0,AW00027152,Emily,Patel,S,F,2024-10-12
27153.0,AW00027153,Kimberly,Allen,M,M,2024-12-25
27154.0,AW00027154,Susan,Johnson,S,M,2024-12-22
27155.0,AW00027155,Rebecca,Campbell,M,M,2025-01-15
27156.0,AW00027156,Mary,Taylor,S,M,2024-11-14
27157.0,AW00027157,Jennifer,Taylor,S,F,2024-09-19
27158.0,AW00027158,Keziah,Moore,M,F,2024-05-31
27159.0,AW00027159,Sarah,Williams,S,F,2024-02-27
27160.0,AW00027160,Ronald,Nime,S,M,2026-02-17
27161.0,AW00027161,Anthony,Young,M,F,2023-09-26
27162.0,AW00027162,Donna,Thompson,S,F,2025-10-27
27163.0,AW00027163,David,Wright,M,F,2024-07-20
27164.0,AW00027164,John,Williams,M,M,2023-05-02
27165.0,AW00027165,Elizabeth,Clark,S,M,2026-04-12
27166.0,AW00027166,Charles,Miller,S,M,2024-04-15
27167.0,AW00027167,Brian,Ngata,M,F,2024-10-22
27168.0,AW00027168,Amanda,Lee,M,F,2023-04-30
27169.0,AW00027169,Baraa,Clark,S,F,2025-03-31
27170.0,AW00027170,Susan,Phillips,S,F,2023-05-08
27171.0,AW00027171,George,Nime,M,M,2024-06-02
27172.0,AW00027172,Stephanie,Taylor,M,M,2023-08-10
27173.0,AW00027173,Elizabeth,Williams,M,F,2023-06-24
27174.0,AW00027174,Mary,Williams,M,F,2025-10-23
27175.0,AW00027175,Michelle,Clark,M,F,2024-03-16
27176.0,AW00027176,Jessica,Jackson,M,M,2024-07-05
27177.0,AW00027177,John,Hall,S,F,2026-03-16
27178.0,AW00027178,Timothy,Adams,M,M,2026-01-26
27179.0,AW00027179,George,Jackson,M,M,2025-05-01
27180.0,AW00027180,Ashley,Turner,M,M,2025-11-17
27181.0,AW00027181,Susan,Taylor,M,F,2023-10-18
27182.0,AW00027182,Andrew,Nime,M,M,2023-05-22
27183.0,AW00027183,Deborah,Walker,S,F,2023-05-03
27184.0,AW00027184,Donna,Jackson,S,M,2025-03-12
27185.0,AW00027185,Mary,Ngata,M,M,2026-05-04
27186.0,AW00027186,William,Scott,M,M,2025-12-15
27187.0,AW00027187,George,Toalii,S,M,2024-10-02
27188.0,AW00027188,William,Toalii,S,M,2023-09-20
27189.0,AW00027189,Elizabeth,Martin,M,M,2025-08-19
27190.0,AW00027190,Peter,Phillips,S,F,2025-10-30
27191.0,AW00027191,Kimberly,Thomas,S,F,2025-10-14
27192.0,AW00027192,Paul,Taylor,M,F,2025-08-24
27193.0,AW00027193,Betty,Mitchell,S,M,2023-07-23
27194.0,AW00027194,Joshua,Scott,M,F,2023-10-10
27195.0,AW00027195,William,Thomas,M,F,2025-12-11
27196.0,AW00027196,Elizabeth,Roberts,M,M,2025-04-02
27197.0,AW00027197,Kenneth,Perez,M,F,2026-03-26
27198.0,AW00027198,David,Lewis,S,F,2023-07-12
27199.0,AW00027199,Joseph,Perez,S,F,2023-11-03
27200.0,AW00027200,George,Walker,M,F,2025-11-10
27201.0,AW00027201,Robert,Jackson,S,M,2025-03-25
27202.0,AW00027202,Robert,Lopez,S,M,2024-03-25
27203.0,AW00027203,Jessica,Campbell,M,M,2023-09-21
27204.0,AW00027204,Melissa,Manu,S,F,2024-06-05
27205.0,AW00027205,Stephanie,Clark,S,F,2023-08-20
27206.0,AW00027206,Michael,Carter,M,M,2025-09-13
27207.0,AW00027207,Kenneth,Lopez,M,M,2024-04-24
27208.0,AW00027208,Jennifer,Garcia,S,M,2025-08-03
27209.0,AW00027209,James,Moore,M,F,2025-12-01
27210.0,AW00027210,Keziah,Lewis,M,F,2024-10-01
27211.0,AW00027211,David,Anderson,M,M,2023-05-07
27212.0,AW00027212,Sandra,Phillips,M,F,2024-03-12
27213.0,AW00027213,Amanda,Scott,M,F,2024-03-23
27214.0,AW00027214,Malia,Wright,S,F,2024-07-22
27215.0,AW00027215,Lisa,Lopez,M,M,2024-01-02
27216.0,AW00027216,Charles,Toalii,S,M,2023-07-26
27217.0,AW00027217,William,Garcia,S,M,2024-06-05
27218.0,AW00027218,John,Lee,S,M,2024-07-22
27219.0,AW00027219,Karen,Young,M,F,2024-03-01
27220.0,AW00027220,Anthony,Baker,M,F,2025-05-19
27221.0,AW00027221,Kimberly,Clark,M,F,2024-12-22
27222.0,AW00027222,Mere,Miller,M,F,2026-05-12
27223.0,AW00027223,Tane,Miller,S,M,2024-03-13
27224.0,AW00027224,Rebecca,Perez,M,F,2024-03-23
27225.0,AW00027225,Sandra,Jones,M,F,2024-09-02
27226.0,AW00027226,Michael,Patel,M,M,2025-04-04
27227.0,AW00027227,Anthony,Hall,S,M,2026-05-09
27228.0,AW00027228,Amanda,Young,M,M,2024-05-30
27229.0,AW00027229,Thomas,Roberts,S,M,2023-10-10
27230.0,AW00027230,Steven,King,M,M,2026-03-30
27231.0,AW00027231,Elizabeth,Davis,S,F,2024-03-04
27232.0,AW00027232,Peter,Lewis,M,F,2025-11-07
27233.0,AW00027233,Carol,Singh,S,F,2024-01-23
27234.0,AW00027234,Nancy,Martin,S,M,2025-09-27
27235.0,AW00027235,Jessica,Clark,S,M,2024-12-03
27236.0,AW00027236,Carol,Toalii,S,M,2025-04-02
27237.0,AW00027237,Jessica,White,M,M,2024-10-27
27238.0,AW00027238,Donna,Toalii,S,M,2025-05-26
27239.0,AW00027239,Amanda,Ngata,M,F,2024-06-02
27240.0,AW00027240,Baraa,Davis,M,F,2023-09-15
27241.0,AW00027241,Thomas,Kumar,M,M,2025-02-19
27242.0,AW00027242,Barbara,Kumar,M,F,2026-05-09
27243.0,AW00027243,Anthony,Clark,S,M,2023-07-09
27244.0,AW00027244,Malia,Thompson,M,M,2024-06-18
27245.0,AW00027245,Charles,Campbell,M,M,2024-09-17
27246.0,AW00027246,Patricia,Parker,M,M,2025-05-12
27247.0,AW00027247,Robert,Green,M,M,2026-02-06
27248.0,AW00027248,Paul,Wilson,M,F,2023-11-01
27249.0,AW00027249,Emily,Parker,M,F,2025-06-02
27250.0,AW00027250,Rebecca,Martin,M,F,2023-10-28
27251.0,AW00027251,Steven,Lewis,S,F,2023-07-24
27252.0,AW00027252,Melissa,Young,S,M,2023-09-21
27253.0,AW00027253,Mere,Green,M,F,2024-09-26
27254.0,AW00027254,Carol,Scott,S,F,2025-02-06
27255.0,AW00027255,Jennifer,Perez,S,F,2025-04-17
27256.0,AW00027256,Donald,Lopez,M,F,2023-04-15
27257.0,AW00027257,Karen,Williams,S,F,2024-09-28
27258.0,AW00027258,Barbara,Martin,S,M,2023-09-19
27259.0,AW00027259,James,Singh,M,F,2024-08-17
27260.0,AW00027260,Steven,Adams,M,M,2023-10-27
27261.0,AW00027261,Lisa,Garcia,M,M,2024-09-25
27262.0,AW00027262,Barbara,Lopez,M,M,2024-10-24
27263.0,AW00027263,Baraa,Garcia,S,F,2025-03-14
27264.0,AW00027264,Daniel,Ngata,M,M,2023-11-22
27265.0,AW00027265,Anthony,Manu,S,M,2025-01-08
27266.0,AW00027266,Ronald,Toalii,S,M,2026-05-08
27267.0,AW00027267,Jason,Kumar,M,M,2026-05-30
27268.0,AW00027268,Jessica,Nelson,M,M,2024-12-12
27269.0,AW00027269,Malia,Turner,M,F,2025-03-29
27270.0,AW00027270,Betty,Ngata,S,M,2026-04-30
27271.0,AW00027271,Richard,Johnson,M,M,2023-05-01
27272.0,AW00027272,Deborah,Nelson,S,F,2023-06-17
27273.0,AW00027273,Emily,Moore,S,M,2025-01-22
27274.0,AW00027274,George,White,M,F,2025-10-20
27275.0,AW00027275,James,Carter,S,F,2023-11-20
27276.0,AW00027276,Aroha,King,S,M,2023-03-24
27277.0,AW00027277,Richard,Anderson,S,M,2026-03-03
27278.0,AW00027278,John,Jackson,S,F,2024-01-10
27279.0,AW00027279,Mary,Moore,M,M,2024-03-25
27280.0,AW00027280,Mark,Patel,S,F,2024-06-28
27281.0,AW00027281,Barbara,Perez,M,F,2025-06-12
27282.0,AW00027282,Baraa,Mitchell,S,F,2024-11-23
27283.0,AW00027283,Jennifer,Perez,M,M,2024-07-22
27284.0,AW00027284,Joseph,Nelson,S,F,2023-05-22
27285.0,AW00027285,Timothy,Williams,S,M,2024-01-20
27286.0,AW00027286,Timothy,Clark,M,F,2024-09-28
27287.0,AW00027287,Brian,Brown,S,F,2024-02-17
27288.0,AW00027288,Patricia,Scott,M,F,2025-05-17
27289.0,AW00027289,Joshua,Jones,M,F,2026-01-08
27290.0,AW00027290,Kenneth,Johnson,M,M,2024-08-13
27291.0,AW00027291,Mere,Ngata,M,M,2024-07-29
27292.0,AW00027292,Baraa,Taylor,M,M,2024-01-16
27293.0,AW00027293,Brian,Campbell,M,M,2026-03-22
27294.0,AW00027294,Peter,Kumar,M,M,2025-11-01
27295.0,AW00027295,Mark,Perez,S,M,2026-02-02
27296.0,AW00027296,Betty,Thomas,S,M,2023-12-19
27297.0,AW00027297,David,Jones,M,F,2024-07-08
27298.0,AW00027298,David,Nelson,M,M,2024-01-11
27299.0,AW00027299,Michelle,Green,M,M,2024-04-15
27300.0,AW00027300,James,Adams,M,F,2026-02-01
27301.0,AW00027301,Mark,Patel,S,M,2024-10-17
27302.0,AW00027302,Joseph,Scott,M,F,2024-11-06
27303.0,AW00027303,George,Parker,M,M,2026-03-29
27304.0,AW00027304,Karen,Lewis,M,M,2025-07-29
27305.0,AW00027305,Jason,Scott,S,M,2025-07-21
27306.0,AW00027306,Steven,Lopez,M,M,2023-09-26
27307.0,AW00027307,Timothy,Kumar,M,M,2023-08-16
27308.0,AW00027308,James,White,M,M,2025-05-03
27309.0,AW00027309,Linda,Ngata,S,M,2024-09-04
27310.0,AW00027310,George,Adams,M,F,2023-03-05
27311.0,AW00027311,Ronald,Singh,M,M,2024-01-02
27312.0,AW00027312,Jason,Campbell,M,F,2024-06-27
27313.0,AW00027313,Jessica,Moore,M,F,2024-09-02
27314.0,AW00027314,Betty,Phillips,S,M,2023-05-05
27315.0,AW00027315,Joseph,Green,S,M,2024-07-22
27316.0,AW00027316,Rebecca,Johnson,M,F,2023-11-05
27317.0,AW00027317,Matthew,Young,S,M,2025-04-30
27318.0,AW00027318,David,Jackson,S,M,2025-01-29
27319.0,AW00027319,Kimberly,Allen,M,F,2024-04-15
27320.0,AW00027320,George,Young,M,M,2025-08-18
27321.0,AW00027321,Aroha,Kumar,M,M,2023-01-25
27322.0,AW00027322,Steven,Kumar,S,F,2023-09-20
27323.0,AW00027323,Peter,Wright,M,F,2026-04-23
27324.0,AW00027324,Mark,Williams,S,M,2025-03-22
27325.0,AW00027325,Sarah,Wright,M,M,2024-08-28
27326.0,AW00027326,Barbara,Toalii,S,F,2025-07-17
27327.0,AW00027327,Keziah,White,M,F,2024-05-31
27328.0,AW00027328,Sandra,Brown,M,F,2023-12-09
27329.0,AW00027329,Sarah,White,M,M,2026-05-03
27330.0,AW00027330,Rebecca,Davis,M,F,2026-02-15
27331.0,AW00027331,Kenneth,Hall,M,M,2023-11-09
27332.0,AW00027332,Richard,Martin,M,F,2026-01-02
27333.0,AW00027333,Joshua,Scott,M,M,2023-08-03
27334.0,AW00027334,Patricia,Hall,S,M,2025-06-07
27335.0,AW00027335,Amanda,Nime,M,F,2024-05-05
27336.0,AW00027336,Donald,Campbell,S,M,2023-09-16
27337.0,AW00027337,John,Johnson,M,M,2023-12-06
27338.0,AW00027338,Joseph,Lee,S,F,2024-04-20
27339.0,AW00027339,William,Parker,S,M,2024-09-03
27340.0,AW00027340,Kenneth,Johnson,M,F,2023-08-11
27341.0,AW00027341,Ronald,Adams,M,F,2025-04-15
27342.0,AW00027342,Baraa,Parker,M,F,2023-12-30
27343.0,AW00027343,Tane,Singh,M,M,2023-08-31
27344.0,AW00027344,Melissa,Miller,M,F,2025-09-12
27345.0,AW00027345,Steven,Allen,M,F,2024-09-26
27346.0,AW00027346,Nancy,Clark,S,M,2024-12-08
27347.0,AW00027347,Deborah,Taylor,M,M,2025-09-30
27348.0,AW00027348,Jessica,Lewis,S,M,2023-03-25
27349.0,AW00027349,Ronald,Kumar,M,M,2024-12-03
27350.0,AW00027350,Stephanie,Jones,S,F,2024-03-07
27351.0,AW00027351,Joseph,Carter,S,F,2023-08-19
27352.0,AW00027352,Nancy,Campbell,M,M,2023-02-18
27353.0,AW00027353,Kimberly,Green,S,F,2024-10-01
27354.0,AW00027354,Susan,Davis,M,M,2025-11-08
27355.0,AW00027355,Melissa,Lee,M,F,2026-03-11
27356.0,AW00027356,Anthony,Campbell,M,F,2025-12-15
27357.0,AW00027357,Mere,Green,S,F,2025-05-22
27358.0,AW00027358,Linda,Baker,S,M,2024-10-12
27359.0,AW00027359,Patricia,Ngata,S,M,2024-09-17
27360.0,AW00027360,Lisa,Kumar,M,F,2023-08-22
27361.0,AW00027361,Jason,Adams,M,F,2025-03-30
27362.0,AW00027362,Aroha,Phillips,S,M,2024-03-09
27363.0,AW00027363,Aroha,Wilson,M,M,2023-12-22
27364.0,AW00027364,James,Phillips,S,M,2024-05-03
27365.0,AW00027365,Andrew,Parker,S,M,2026-05-06
27366.0,AW00027366,Keziah,Young,S,F,2026-05-01
27367.0,AW00027367,Karen,Jones,M,F,2026-05-21
27368.0,AW00027368,Timothy,Thompson,M,M,2025-11-20
27369.0,AW00027369,Thomas,Garcia,S,F,2025-05-14
27370.0,AW00027370,Patricia,Thompson,S,F,2024-02-13
27371.0,AW00027371,Anthony,Nelson,M,F,2025-01-09
27372.0,AW00027372,Emily,Garcia,M,M,2023-12-13
27373.0,AW00027373,Karen,Brown,M,F,2025-02-12
27374.0,AW00027374,Karen,Turner,S,F,2024-05-04
27375.0,AW00027375,Susan,Davis,M,F,2025-09-08
27376.0,AW00027376,Matthew,Brown,M,F,2023-11-16
27377.0,AW00027377,Jennifer,Adams,S,F,2025-11-14
27378.0,AW00027378,Robert,Lewis,M,F,2025-03-05
27379.0,AW00027379,Donna,Young,M,M,2024-06-22
27380.0,AW00027380,Mark,Nime,S,F,2025-01-25
27381.0,AW00027381,Melissa,Anderson,S,F,2025-11-24
27382.0,AW00027382,Donna,Lopez,S,M,2023-07-31
27383.0,AW00027383,Jessica,Thomas,S,F,2026-02-25
27384.0,AW00027384,George,Baker,M,M,2025-02-21
27385.0,AW00027385,Andrew,Hall,S,M,2025-06-09
27386.0,AW00027386,Matthew,Williams,M,F,2023-10-29
27387.0,AW00027387,Donna,Taylor,M,M,2025-01-07
27388.0,AW00027388,Peter,Lee,S,F,2025-01-17
27389.0,AW00027389,Lisa,Phillips,S,M,2023-02-23
27390.0,AW00027390,Michael,Perez,M,F,2025-03-03
27391.0,AW00027391,David,Adams,S,M,2025-05-09
27392.0,AW00027392,Amanda,Williams,S,M,2024-08-06
27393.0,AW00027393,Kenneth,Anderson,M,M,2024-01-05
27394.0,AW00027394,Carol,Smith,S,F,2024-07-08
27395.0,AW00027395,Mary,Carter,M,M,2023-12-29
27396.0,AW00027396,Mark,Lewis,M,M,2025-10-24
27397.0,AW00027397,Matthew,Mitchell,S,F,2023-03-06
27398.0,AW00027398,Robert,Nime,M,M,2025-10-31
27399.0,AW00027399,Robert,Patel,S,F,2025-03-24
27400.0,AW00027400,Jennifer,Wilson,M,M,2025-11-02
27401.0,AW00027401,Nancy,Green,S,F,2024-05-03
27402.0,AW00027402,Baraa,Campbell,S,F,2026-05-16
27403.0,AW00027403,Brian,Martin,M,M,2024-07-16
27404.0,AW00027404,Kenneth,Lopez,S,F,2024-07-03
27405.0,AW00027405,Nancy,Wright,S,M,2024-02-06
27406.0,AW00027406,Donna,Lewis,M,M,2023-04-13
27407.0,AW00027407,Kenneth,Patel,M,M,2023-11-02
27408.0,AW00027408,David,Singh,M,F,2023-02-06
27409.0,AW00027409,Brian,Scott,S,M,2024-11-17
27410.0,AW00027410,Donna,Clark,M,F,2025-03-25
27411.0,AW00027411,Emily,Garcia,M,F,2025-02-13
27412.0,AW00027412,Sandra,Anderson,M,M,2023-09-16
27413.0,AW00027413,Sandra,Thomas,S,F,2024-07-10
27414.0,AW00027414,Timothy,Garcia,M,F,2024-05-14
27415.0,AW00027415,Mere,King,S,M,2025-10-27
27416.0,AW00027416,Patricia,Hall,M,M,2023-05-30
27417.0,AW00027417,Kenneth,Moore,M,F,2025-05-18
27418.0,AW00027418,Nancy,Jackson,S,F,2024-10-09
27419.0,AW00027419,Anthony,Wright,M,F,2023-02-07
27420.0,AW00027420,Barbara,Moore,M,M,2026-01-02
27421.0,AW00027421,Matthew,Brown,S,F,2025-07-24
27422.0,AW00027422,Joshua,Parker,M,F,2023-11-17
27423.0,AW00027423,Emily,Walker,S,F,2026-04-26
27424.0,AW00027424,Susan,Nelson,M,M,2025-12-06
27425.0,AW00027425,Amanda,Carter,S,M,2024-03-03
27426.0,AW00027426,Charles,Walker,M,M,2023-02-25
27427.0,AW00027427,Stephanie,White,S,M,2025-11-09
27428.0,AW00027428,Joshua,Miller,M,F,2023-07-09
27429.0,AW00027429,Rebecca,Thompson,S,M,2025-04-06
27430.0,AW00027430,Carol,Mitchell,M,M,2024-02-05
27431.0,AW00027431,Melissa,Mitchell,S,F,2023-07-29
27432.0,AW00027432,Lisa,Adams,S,F,2023-02-21
27433.0,AW00027433,Betty,Williams,M,F,2025-03-21
27434.0,AW00027434,Mark,Martin,S,M,2026-05-08
27435.0,AW00027435,Tane,Williams,M,F,2024-12-22
27436.0,AW00027436,Mark,Lewis,S,F,2024-07-09
27437.0,AW00027437,Susan,Patel,M,M,2025-10-23
27438.0,AW00027438,Steven,Jackson,M,M,2023-08-29
27439.0,AW00027439,Barbara,Nime,M,F,2023-03-15
27440.0,AW00027440,Charles,Moore,M,F,2023-10-12
27441.0,AW00027441,Joseph,Jackson,S,M,2024-05-10
27442.0,AW00027442,Andrew,Roberts,M,M,2025-06-04
27443.0,AW00027443,Patricia,Kumar,M,F,2025-01-12
27444.0,AW00027444,Ronald,Manu,S,F,2023-10-11
27445.0,AW00027445,Daniel,Turner,Unknown,F,2023-11-10
27446.0,AW00027446,George,Davis,M,F,2024-05-05
27447.0,AW00027447,George,Wilson,S,F,2024-11-02
27448.0,AW00027448,Paul,Garcia,S,F,2024-02-12
27449.0,AW00027449,Robert,Smith,S,M,2024-10-29
27450.0,AW00027450,Amanda,Lee,M,F,2026-02-02
27451.0,AW00027451,Malia,Phillips,S,M,2024-02-06
27452.0,AW00027452,Richard,Clark,M,M,2024-02-18
27453.0,AW00027453,Donald,Smith,S,F,2024-02-03
27454.0,AW00027454,Mark,Thompson,S,M,2023-05-05
27455.0,AW00027455,Sandra,Wilson,M,M,2025-01-17
27456.0,AW00027456,Lisa,Toalii,S,M,2025-07-05
27457.0,AW00027457,Brian,Lopez,M,M,2024-09-23
27458.0,AW00027458,Mary,Perez,S,F,2023-07-04
27459.0,AW00027459,Mere,Singh,M,F,2026-01-02
27460.0,AW00027460,Steven,Parker,M,F,2025-02-18
27461.0,AW00027461,Paul,Patel,M,F,2023-02-20
27462.0,AW00027462,Joseph,Smith,S,M,2023-12-10
27463.0,AW00027463,Melissa,Brown,S,F,2023-02-24
27464.0,AW00027464,Karen,Walker,S,F,2025-08-23
27465.0,AW00027465,Jessica,King,M,F,2025-03-09
27466.0,AW00027466,Thomas,Thomas,S,F,2026-01-25
27467.0,AW00027467,Donna,Singh,S,M,2023-09-24
27468.0,AW00027468,Richard,Hall,S,F,2024-05-22
27469.0,AW00027469,Emily,Wright,M,M,2025-05-18
27470.0,AW00027470,Stephanie,Garcia,S,F,2024-04-24
27471.0,AW00027471,Susan,Taylor,M,F,2024-04-16
27472.0,AW00027472,Sarah,Johnson,M,M,2026-02-27
27473.0,AW00027473,Stephanie,Parker,S,F,2025-12-23
27474.0,AW00027474,Mere,Adams,M,M,2023-07-02
27475.0,AW00027475,Deborah,Martin,M,F,2026-03-27
27476.0,AW00027476,Emily,Moore,S,M,2025-11-03
27477.0,AW00027477,Susan,Thomas,S,M,2023-03-06
27478.0,AW00027478,James,Ngata,M,F,2025-01-28
27479.0,AW00027479,Joseph,Jones,M,M,2024-09-15
27480.0,AW00027480,Donald,Baker,M,F,2023-12-15
27481.0,AW00027481,Michael,Lopez,M,F,2024-07-15
27482.0,AW00027482,David,Johnson,S,F,2025-11-03
27483.0,AW00027483,Nancy,Wright,S,F,2026-01-04
27484.0,AW00027484,Peter,Walker,S,M,2026-02-23
27485.0,AW00027485,Timothy,Green,M,F,2026-02-10
27486.0,AW00027486,Donna,Walker,M,M,2023-10-21
27487.0,AW00027487,Jason,Wright,M,M,2023-04-04
27488.0,AW00027488,Stephanie,Miller,S,M,2023-04-29
27489.0,AW00027489,Charles,King,S,M,2023-01-31
,AW00027490,Timothy,Nelson,S,F,2024-10-14
27491.0,AW00027491,Matthew,Martin,S,M,2025-10-09
27492.0,AW00027492,Mere,Wilson,S,M,2025-12-19
27493.0,AW00027493,Stephanie,Thomas,M,M,2024-07-29
27494.0,AW00027494,Mere,Baker,M,M,2024-01-08
27495.0,AW00027495,Charles,Kumar,M,M,2023-03-11
27496.0,AW00027496,Ronald,Miller,S,F,2026-02-08
27497.0,AW00027497,Jessica,Ngata,M,F,2025-12-21
27498.0,AW00027498,John,Lewis,S,F,2025-12-19
27499.0,AW00027499,Rebecca,Clark,M,M,2024-10-27
27500.0,AW00027500,Timothy,Carter,M,F,2025-08-21
27501.0,AW00027501,Susan,Clark,M,F,2025-07-17
27502.0,AW00027502,Kimberly,Davis,M,F,2024-11-05
27503.0,AW00027503,Rebecca,Jones,M,F,2025-11-25
27504.0,AW00027504,Malia,Moore,S,M,2026-03-14
27505.0,AW00027505,Sarah,Ngata,M,F,2023-02-26
27506.0,AW00027506,Barbara,Nime,S,M,2025-10-12
27507.0,AW00027507,Peter,Smith,M,F,2025-07-31
27508.0,AW00027508,Patricia,Wilson,M,M,2024-07-09
27509.0,AW00027509,William,Jackson,S,F,2023-04-13
27510.0,AW00027510,George,Thompson,S,F,2025-02-22
27511.0,AW00027511,Sione,Anderson,M,M,2023-01-30
27512.0,AW00027512,Rebecca,Campbell,M,M,2025-08-02
27513.0,AW00027513,Amanda,Allen,S,F,2026-05-17
27514.0,AW00027514,Rebecca,Turner,S,F,2024-05-09
27515.0,AW00027515,Andrew,Singh,M,F,2026-01-28
27516.0,AW00027516,William,Anderson,M,M,2025-08-19
27517.0,AW00027517,Paul,Patel,S,F,2025-03-18
27518.0,AW00027518,Jennifer,Nelson,S,M,2024-10-03
27519.0,AW00027519,Aroha,Roberts,M,F,2025-02-06
27520.0,AW00027520,Brian,Patel,S,F,2026-01-06
27521.0,AW00027521,Ronald,Carter,S,F,2024-11-13
27522.0,AW00027522,Robert,Manu,S,M,2024-09-16
27523.0,AW00027523,Paul,Davis,M,F,2023-01-06
27524.0,AW00027524,Melissa,Parker,S,F,2023-03-19
27525.0,AW00027525,Donna,Miller,S,F,2023-07-27
27526.0,AW00027526,Malia,Davis,M,F,2024-07-14
27527.0,AW00027527,Brian,Walker,S,M,2025-09-07
27528.0,AW00027528,Jason,Lewis,M,F,2023-09-30
27529.0,AW00027529,Peter,Miller,M,M,2023-06-08
27530.0,AW00027530,Karen,Campbell,S,F,2025-01-14
27531.0,AW00027531,Jessica,Anderson,M,M,2023-10-05
27532.0,AW00027532,Aroha,Hall,M,M,2023-07-13
27533.0,AW00027533,Baraa,Brown,M,M,2023-07-16
27534.0,AW00027534,Andrew,Phillips,M,M,2026-03-16
27535.0,AW00027535,Jessica,Campbell,S,M,2023-04-09
27536.0,AW00027536,Barbara,Miller,S,M,2026-02-26
27537.0,AW00027537,Deborah,Nelson,S,F,2023-11-27
27538.0,AW00027538,Melissa,Davis,S,F,2024-12-18
27539.0,AW00027539,Brian,Allen,M,M,2025-08-12
27540.0,AW00027540,Jennifer,Wright,S,F,2023-05-08
27541.0,AW00027541,Rebecca,Green,S,M,2023-07-21
27542.0,AW00027542,Deborah,Turner,S,M,2026-03-04
27543.0,AW00027543,Richard,Lewis,M,M,2024-05-19
27544.0,AW00027544,Elizabeth,Miller,S,M,2024-12-27
27545.0,AW00027545,Jennifer,Green,M,F,2024-07-07
27546.0,AW00027546,Jessica,Thompson,S,M,2023-10-13
27547.0,AW00027547,Amanda,Hall,S,M,2025-05-13
27548.0,AW00027548,Jennifer,Parker,M,F,2025-07-08
27549.0,AW00027549,Joshua,Thomas,S,M,2023-03-26
27550.0,AW00027550,John,Baker,M,M,2026-04-22
27551.0,AW00027551,Mere,Wilson,M,F,2024-11-22
27552.0,AW00027552,Mary,Allen,S,F,2023-02-14
27553.0,AW00027553,Brian,Adams,S,M,2024-09-13
27554.0,AW00027554,Jason,Ngata,M,M,2023-10-18
27555.0,AW00027555,Ashley,Martin,M,F,2025-05-28
27556.0,AW00027556,Lisa,Miller,M,F,2023-06-26
27557.0,AW00027557,Barbara,Johnson,M,M,2023-04-09
27558.0,AW00027558,Timothy,Brown,S,M,2025-04-07
27559.0,AW00027559,Steven,Parker,S,M,2025-04-10
27560.0,AW00027560,Donna,Lewis,M,M,2024-08-17
27561.0,AW00027561,Carol,Lewis,S,F,2025-05-05
27562.0,AW00027562,Jason,Williams,M,M,2023-04-17
27563.0,AW00027563,Betty,Martin,S,M,2025-01-16
27564.0,AW00027564,Elizabeth,Ngata,S,F,2025-11-24
27565.0,AW00027565,Emily,Lee,,F,2025-08-25
27566.0,AW00027566,Andrew,Parker,S,F,2025-06-29
27567.0,AW00027567,Charles,Johnson,M,M,2024-01-12
27568.0,AW00027568,Steven,Taylor,M,F,2026-04-13
27569.0,AW00027569,Paul,Carter,S,M,2024-06-03
27570.0,AW00027570,Melissa,Smith,M,M,2023-08-10
27571.0,AW00027571,Linda,Campbell,S,M,2025-01-21
27572.0,AW00027572,Timothy,Campbell,S,F,2024-05-28
27573.0,AW00027573,Sione,Lewis,S,F,2023-04-27
27574.0,AW00027574,Nancy,Wright,S,F,2025-08-12
27575.0,AW00027575,Emily,Green,M,M,2025-03-22
27576.0,AW00027576,Michelle,Moore,S,M,2026-05-24
27577.0,AW00027577,Tane,Scott,M,M,2024-06-15
27578.0,AW00027578,Betty,Anderson,M,F,2025-08-12
27579.0,AW00027579,Donna,Singh,S,F,2026-03-27
27580.0,AW00027580,Matthew,Scott,M,M,2025-06-27
27581.0,AW00027581,Kenneth,Miller,S,F,2023-09-13
27582.0,AW00027582,Thomas,Adams,S,F,2024-02-18
27583.0,AW00027583,Elizabeth,Garcia,S,F,2023-07-27
27584.0,AW00027584,Tane,Nime,S,F,2023-09-06
27585.0,AW00027585,Jennifer,Turner,M,F,2026-03-11
27586.0,AW00027586,Kimberly,Moore,M,F,2023-12-07
27587.0,AW00027587,Timothy,Jones,M,F,2023-11-22
27588.0,AW00027588,Brian,Manu,M,M,2025-11-27
27589.0,AW00027589,David,Walker,M,F,2024-08-16
27590.0,AW00027590,Mark,Davis,M,M,2023-02-06
27591.0,AW00027591,Deborah,Scott,M,F,2024-10-31
27592.0,AW00027592,Brian,Nime,S,M,2024-05-13
27593.0,AW00027593,Robert,King,M,M,2025-01-20
27594.0,AW00027594,Paul,Clark,S,F,2025-07-20
27595.0,AW00027595,David,Johnson,S,F,2024-02-11
27596.0,AW00027596,Michael,Young,S,M,2026-03-10
27597.0,AW00027597,Susan,White,S,M,2023-07-18
27598.0,AW00027598,Brian,Garcia,M,M,2025-02-21
27599.0,AW00027599,Daniel,Patel,S,M,2025-11-15
27600.0,AW00027600,Kenneth,Moore,S,M,2024-12-04
27601.0,AW00027601,Jennifer,Martin,S,F,2024-09-06
27602.0,AW00027602,David,Wright,S,F,2024-10-09
27603.0,AW00027603,Aroha,Adams,M,M,2026-02-04
27604.0,AW00027604,Joshua,Parker,M,M,2024-03-10
27605.0,AW00027605,Keziah,Singh,M,M,2024-11-07
27606.0,AW00027606,Mere,Patel,S,F,2023-03-31
27607.0,AW00027607,Ronald,Baker,S,F,2023-03-13
27608.0,AW00027608,Stephanie,Thomas,S,F,2023-02-18
27609.0,AW00027609,David,Singh,S,M,2023-09-10
27610.0,AW00027610,Timothy,Nelson,M,F,2024-02-21
27611.0,AW00027611,Rebecca,Ngata,M,F,2025-01-13
27612.0,AW00027612,Joseph,Lee,S,F,2024-09-02
27613.0,AW00027613,Linda,Martin,M,F,2023-11-18
27614.0,AW00027614,Sione,Hall,S,M,2025-01-10
27615.0,AW00027615,James,Jones,M,F,2025-11-16
27616.0,AW00027616,Ashley,Garcia,M,F,2026-03-17
27617.0,AW00027617,Sione,Jackson,S,F,2023-12-13
27618.0,AW00027618,Paul,Toalii,M,M,2023-05-15
27619.0,AW00027619,Charles,Singh,M,F,2025-05-21
27620.0,AW00027620,Mark,Davis,S,M,2026-01-06
27621.0,AW00027621,Sandra,Turner,M,M,2023-12-14
27622.0,AW00027622,Timothy,Johnson,M,M,2023-03-16
27623.0,AW00027623,Kenneth,Ngata,S,M,2023-12-03
27624.0,AW00027624,Brian,Scott,S,M,2025-01-31
27625.0,AW00027625,Nancy,Anderson,S,M,2023-10-21
27626.0,AW00027626,Anthony,Lopez,S,F,2023-12-29
27627.0,AW00027627,Deborah,Clark,S,M,2024-03-07
27628.0,AW00027628,Michael,Smith,S,F,2025-10-01
27629.0,AW00027629,Donald,Lopez,M,M,2025-11-04
27630.0,AW00027630,Deborah,Thompson,M,M,2024-10-07
27631.0,AW00027631,Jennifer,Toalii,M,M,2023-01-16
27632.0,AW00027632,Andrew,Baker,S,F,2026-02-25
27633.0,AW00027633,David,Jackson,S,F,2024-01-04
27634.0,AW00027634,Susan,Perez,S,M,2023-07-10
27635.0,AW00027635,David,Miller,M,M,2023-08-07
27636.0,AW00027636,Kimberly,Nelson,S,M,2025-12-29
27637.0,AW00027637,Susan,Toalii,S,M,2024-05-03
27638.0,AW00027638,Donna,Carter,S,M,2025-08-03
27639.0,AW00027639,Donna,Thompson,M,M,2023-01-07
27640.0,AW00027640,William,Baker,M,F,2023-10-04
27641.0,AW00027641,Amanda,Thomas,M,M,2025-08-19
27642.0,AW00027642,Steven,Green,M,F,2024-06-06
27643.0,AW00027643,Tane,Nime,M,M,2025-05-04
27644.0,AW00027644,Deborah,Brown,S,M,2025-07-15
27645.0,AW00027645,Joshua,Lee,S,F,2024-03-30
27646.0,AW00027646,Steven,Lopez,M,M,2023-08-31
27647.0,AW00027647,Stephanie,Nelson,M,F,2024-11-15
27648.0,AW00027648,Keziah,Anderson,M,F,2025-01-10
27649.0,AW00027649,Mere,Toalii,S,M,2025-12-13
27650.0,AW00027650,Sarah,Miller,M,F,2025-03-22
27651.0,AW00027651,Jennifer,Johnson,M,M,2025-06-12
27652.0,AW00027652,Jessica,Garcia,M,M,2024-06-14
27653.0,AW00027653,Joshua,Lopez,S,M,2024-07-23
27654.0,AW00027654,Amanda,Parker,M,F,2023-06-18
27655.0,AW00027655,George,Martin,M,F,2024-03-30
27656.0,AW00027656,Donald,Roberts,S,M,2025-09-15
27657.0,AW00027657,Joseph,Smith,S,F,2025-12-02
27658.0,AW00027658,Baraa,Johnson,M,M,2025-07-02
27659.0,AW00027659,John,Roberts,S,F,2025-06-16
27660.0,AW00027660,Brian,Phillips,M,F,2026-01-28
27661.0,AW00027661,Mere,Johnson,S,F,2024-01-26
27662.0,AW00027662,Kimberly,Manu,S,F,2024-07-27
27663.0,AW00027663,Kimberly,Ngata,S,M,2024-02-06
27664.0,AW00027664,James,Young,M,F,2023-01-03
27665.0,AW00027665,Anthony,Wright,M,M,2023-06-25
27666.0,AW00027666,Donald,Smith,M,F,2024-07-23
27667.0,AW00027667,Daniel,Scott,M,M,2023-08-03
27668.0,AW00027668,Sandra,Hall,S,M,2023-11-06
27669.0,AW00027669,Michael,Nelson,M,M,2025-06-18
27670.0,AW00027670,Karen,Patel,M,F,2024-06-30
27671.0,AW00027671,Joshua,Smith,S,M,2024-05-17
27672.0,AW00027672,Melissa,Mitchell,M,F,2023-01-20
27673.0,AW00027673,Robert,Mitchell,S,M,2024-01-31
27674.0,AW00027674,Charles,White,S,F,2024-01-07
27675.0,AW00027675,Melissa,Miller,M,M,2023-06-19
27676.0,AW00027676,Paul,Ngata,M,F,2024-11-27
27677.0,AW00027677,Daniel,Moore,M,F,2023-06-26
27678.0,AW00027678,Andrew,Toalii,S,F,2023-02-13
27679.0,AW00027679,Charles,Young,M,F,2025-06-18
27680.0,AW00027680,Lisa,Miller,M,M,2025-05-10
27681.0,AW00027681,George,Brown,S,M,2023-11-23
27682.0,AW00027682,William,Hall,S,M,2023-06-29
27683.0,AW00027683,Linda,Parker,S,F,2023-06-12
27684.0,AW00027684,John,Toalii,M,F,2025-10-09
27685.0,AW00027685,David,Nime,S,F,2023-11-27
27686.0,AW00027686,Carol,Johnson,M,M,2024-04-03
27687.0,AW00027687,Baraa,Anderson,S,M,2025-11-02
27688.0,AW00027688,Karen,Mitchell,S,M,2026-01-02
27689.0,AW00027689,Sarah,Johnson,S,M,2023-11-03
27690.0,AW00027690,Susan,Anderson,S,F,2026-05-14
27691.0,AW00027691,Matthew,Lopez,S,M,2024-05-21
27692.0,AW00027692,Sarah,Williams,S,F,2025-10-05
27693.0,AW00027693,Mary,Miller,S,M,2024-12-06
27694.0,AW00027694,Patricia,Phillips,M,F,2024-04-14
27695.0,AW00027695,Sandra,Walker,M,M,2025-04-17
27696.0,AW00027696,David,Davis,S,F,2023-02-20
27697.0,AW00027697,Deborah,Lewis,M,M,2023-11-26
27698.0,AW00027698,Jennifer,Carter,S,M,2026-03-15
27699.0,AW00027699,Brian,Parker,S,F,2025-11-10
27700.0,AW00027700,Timothy,Davis,S,F,2025-06-27
27701.0,AW00027701,Kimberly,Campbell,M,M,2025-11-28
27702.0,AW00027702,Sarah,Lopez,S,F,2025-09-27
27703.0,AW00027703,Jason,Wright,S,M,2025-04-29
27704.0,AW00027704,Andrew,Adams,S,M,2025-12-09
27705.0,AW00027705,Emily,Turner,S,M,2023-03-27
27706.0,AW00027706,Jennifer,Young,S,F,2026-03-08
27707.0,AW00027707,Kenneth,Lewis,S,M,2023-09-16
27708.0,AW00027708,Mary,Brown,M,M,2025-01-06
27709.0,AW00027709,Keziah,Wright,M,M,2025-07-23
27710.0,AW00027710,Carol,Martin,M,M,2023-07-21
27711.0,AW00027711,Anthony,Nelson,M,M,2025-12-04
27712.0,AW00027712,Mary,Perez,S,F,2025-02-11
27713.0,AW00027713,Kimberly,Phillips,M,F,2025-07-01
27714.0,AW00027714,Malia,Hall,M,F,2023-03-06
27715.0,AW00027715,Betty,Kumar,M,F,2023-12-04
27716.0,AW00027716,Rebecca,Taylor,M,M,2023-04-09
27717.0,AW00027717,Stephanie,Walker,S,F,2026-04-14
27718.0,AW00027718,Patricia,Wilson,S,M,2023-08-13
27719.0,AW00027719,Ronald,Adams,S,M,2025-05-29
27720.0,AW00027720,Charles,Young,S,F,2025-03-10
27721.0,AW00027721,Baraa,Campbell,M,M,2024-05-24
27722.0,AW00027722,Amanda,Nelson,S,F,2023-02-06
27723.0,AW00027723,Matthew,Taylor,S,M,2024-07-07
27724.0,AW00027724,Mark,Jones,S,M,2023-02-02
27725.0,AW00027725,Matthew,Johnson,S,M,2025-08-09
27726.0,AW00027726,Patricia,King,M,M,2023-02-23
27727.0,AW00027727,Linda,Singh,M,M,2024-11-03
27728.0,AW00027728,Anthony,Allen,S,M,2026-02-08
27729.0,AW00027729,Jessica,Lopez,M,M,2023-10-18
27730.0,AW00027730,Donna,Jackson,S,M,2024-08-02
27731.0,AW00027731,Stephanie,Scott,S,F,2023-01-08
27732.0,AW00027732,George,Thomas,S,F,2023-03-09
27733.0,AW00027733,Ronald,Lee,M,F,2023-11-30
27734.0,AW00027734,Matthew,Adams,M,F,2025-09-26
27735.0,AW00027735,Stephanie,Moore,M,F,2026-04-28
27736.0,AW00027736,Steven,Lopez,M,F,2024-12-23
27737.0,AW00027737,Jessica,Walker,M,F,2025-02-01
27738.0,AW00027738,John,Johnson,S,F,2024-02-03
27739.0,AW00027739,Carol,White,S,F,2024-04-16
27740.0,AW00027740,Brian,Davis,S,F,2025-07-27
27741.0,AW00027741,Mark,Brown,S,M,2023-11-25
27742.0,AW00027742,Jason,Thompson,S,M,2026-03-02
27743.0,AW00027743,Malia,Thomas,S,F,2024-02-20
27744.0,AW00027744,Peter,Phillips,S,M,2025-03-27
27745.0,AW00027745,Tane,Moore,S,M,2023-12-05
27746.0,AW00027746,Andrew,White,S,M,2025-10-17
27747.0,AW00027747,Jason,Wilson,S,F,2023-10-10
27748.0,AW00027748,Charles,Manu,S,F,2024-05-07
27749.0,AW00027749,Ashley,Jackson,M,F,2023-12-31
27750.0,AW00027750,Timothy,Martin,M,F,2025-04-15
27751.0,AW00027751,Mary,Allen,S,F,2025-06-07
27752.0,AW00027752,Donna,Allen,S,F,2024-09-04
27753.0,AW00027753,Michael,Singh,S,M,2025-10-06
27754.0,AW00027754,Sarah,Patel,M,F,2024-02-09
27755.0,AW00027755,Melissa,Garcia,S,F,2025-03-28
27756.0,AW00027756,Matthew,Turner,S,M,2024-02-05
27757.0,AW00027757,Robert,Green,M,M,2024-05-15
27758.0,AW00027758,Paul,Scott,M,M,2023-08-09
27759.0,AW00027759,Tane,Roberts,S,M,2023-02-05
27760.0,AW00027760,Peter,Adams,S,M,2025-03-05
27761.0,AW00027761,William,Jackson,M,M,2026-05-13
27762.0,AW00027762,George,Singh,M,M,2023-05-29
27763.0,AW00027763,Susan,Allen,M,F,2025-12-25
27764.0,AW00027764,Donald,Ngata,S,M,2023-02-15
27765.0,AW00027765,Deborah,Williams,S,M,2026-01-01
27766.0,AW00027766,Andrew,Thompson,S,M,2025-09-30
27767.0,AW00027767,Jessica,Lewis,S,F,2025-04-01
27768.0,AW00027768,Paul,Carter,S,F,2024-01-25
27769.0,AW00027769,Lisa,Garcia,S,F,2025-09-13
27770.0,AW00027770,Rebecca,Lewis,M,M,2026-03-08
27771.0,AW00027771,David,Allen,M,M,2024-06-06
27772.0,AW00027772,Peter,Moore,S,M,2023-07-12
27773.0,AW00027773,Aroha,Walker,S,M,2024-02-21
27774.0,AW00027774,Anthony,Clark,M,F,2024-12-01
27775.0,AW00027775,Keziah,Toalii,M,M,2025-05-19
27776.0,AW00027776,Susan,Hall,M,M,2026-05-26
27777.0,AW00027777,Timothy,Carter,M,M,2025-10-21
27778.0,AW00027778,Lisa,Green,S,M,2023-08-02
27779.0,AW00027779,Timothy,Green,S,M,2024-02-12
27780.0,AW00027780,Richard,Garcia,M,M,2023-11-11
27781.0,AW00027781,David,Brown,M,F,2023-02-08
27782.0,AW00027782,Matthew,Lopez,S,F,2024-07-17
27783.0,AW00027783,Sandra,Lee,M,F,2024-04-15
27784.0,AW00027784,Mere,Parker,M,F,2023-07-14
27785.0,AW00027785,Tane,Baker,S,F,2024-01-27
27786.0,AW00027786,Nancy,Turner,S,F,2023-02-14
27787.0,AW00027787,Andrew,Perez,M,M,2024-01-29
27788.0,AW00027788,Rebecca,Walker,M,M,2024-11-09
27789.0,AW00027789,Mere,Turner,M,F,2025-07-10
27790.0,AW00027790,Joshua,Toalii,M,M,2023-01-23
27791.0,AW00027791,Joshua,Wilson,S,F,2023-04-07
27792.0,AW00027792,Susan,Thomas,M,M,2025-02-10
27793.0,AW00027793,Peter,Hall,S,M,2024-04-27
27794.0,AW00027794,Rebecca,Patel,S,F,2024-01-12
27795.0,AW00027795,Melissa,Allen,M,M,2023-04-03
27796.0,AW00027796,Linda,Allen,M,F,2024-08-18
27797.0,AW00027797,Donald,Moore,S,M,2026-04-25
27798.0,AW00027798,Susan,Wilson,S,F,2023-09-09
27799.0,AW00027799,Keziah,Turner,M,M,2023-07-25
27800.0,AW00027800,Robert,Brown,M,F,2024-10-31
27801.0,AW00027801,Michelle,Perez,M,M,2023-09-22
27802.0,AW00027802,James,Patel,S,F,2024-07-17
27803.0,AW00027803,John,Turner,S,F,2024-09-12
27804.0,AW00027804,Deborah,Ngata,S,F,2023-11-04
27805.0,AW00027805,Carol,Toalii,S,M,2024-01-30
27806.0,AW00027806,Stephanie,Young,M,M,2023-04-19
27807.0,AW00027807,John,Young,S,M,2025-12-19
27808.0,AW00027808,Joseph,Campbell,M,M,2025-03-02
27809.0,AW00027809,Mere,Manu,S,M,2024-08-31
27810.0,AW00027810,Karen,Johnson,M,M,2025-02-10
27811.0,AW00027811,Baraa,Davis,M,F,2025-01-18
27812.0,AW00027812,Sandra,Taylor,S,F,2024-09-20
27813.0,AW00027813,Andrew,Walker,S,M,2025-08-03
27814.0,AW00027814,Melissa,Roberts,S,M,2023-01-14
27815.0,AW00027815,Aroha,Jones,S,F,2026-05-04
27816.0,AW00027816,James,Scott,M,M,2023-10-10
27817.0,AW00027817,Patricia,Smith,M,M,2026-02-27
27818.0,AW00027818,Melissa,Lewis,S,F,2026-04-08
27819.0,AW00027819,Joseph,Hall,M,F,2025-06-01
27820.0,AW00027820,Mark,Nime,S,M,2024-08-30
27821.0,AW00027821,Carol,Lopez,S,M,2024-03-23
27822.0,AW00027822,Jennifer,Allen,S,F,2024-06-27
27823.0,AW00027823,Lisa,Baker,S,M,2023-06-03
27824.0,AW00027824,Nancy,Lopez,M,M,2025-09-23
27825.0,AW00027825,Sarah,King,S,F,2023-08-28
27826.0,AW00027826,Baraa,Lewis,S,M,2023-11-20
27827.0,AW00027827,Elizabeth,Walker,M,F,2024-08-18
27828.0,AW00027828,Rebecca,Kumar,S,M,2024-08-26
27829.0,AW00027829,Sandra,Perez,M,F,2025-05-20
27830.0,AW00027830,Patricia,Perez,S,M,2023-12-06
27831.0,AW00027831,David,Young,S,M,2024-01-03
27832.0,AW00027832,Sandra,Baker,M,F,2024-03-14
27833.0,AW00027833,Kimberly,Phillips,S,M,2023-09-02
27834.0,AW00027834,Betty,Baker,S,F,2023-12-05
27835.0,AW00027835,Brian,Carter,M,M,2025-05-18
27836.0,AW00027836,Melissa,Baker,M,F,2025-08-16
27837.0,AW00027837,John,Phillips,S,F,2026-05-07
27838.0,AW00027838,Nancy,Hall,M,F,2025-11-02
27839.0,AW00027839,Jennifer,Turner,S,M,2024-08-24
27840.0,AW00027840,Donna,Moore,M,M,2025-05-22
27841.0,AW00027841,George,Lopez,S,M,2025-05-14
27842.0,AW00027842,John,Phillips,S,F,2024-05-30
27843.0,AW00027843,Michelle,Singh,S,F,2025-02-18
27844.0,AW00027844,Jessica,Thomas,M,M,2026-01-04
27845.0,AW00027845,Jessica,Williams,M,F,2025-05-17
27846.0,AW00027846,Jennifer,Parker,M,F,2025-11-21
27847.0,AW00027847,George,Baker,M,M,2024-01-28
27848.0,AW00027848,Patricia,Carter,S,F,2023-01-22
27849.0,AW00027849,Sarah,Anderson,M,F,2025-08-19
27850.0,AW00027850,Joseph,White,S,M,2025-03-13
27851.0,AW00027851,Keziah,Parker,S,F,2024-10-31
27852.0,AW00027852,Sione,Manu,S,F,2024-08-27
27853.0,AW00027853,Thomas,Brown,M,F,2025-03-28
27854.0,AW00027854,Ashley,Clark,S,F,2024-11-27
27855.0,AW00027855,Sarah,Ngata,S,F,2025-02-23
27856.0,AW00027856,Anthony,Moore,M,F,2024-09-30
27857.0,AW00027857,Daniel,Lee,S,F,2025-04-20
27858.0,AW00027858,Carol,Turner,S,F,2024-12-18
27859.0,AW00027859,Jennifer,Martin,S,F,2024-10-09
27860.0,AW00027860,Aroha,Lewis,M,F,2024-05-23
27861.0,AW00027861,Susan,Williams,S,M,2026-02-11
27862.0,AW00027862,Jennifer,Thomas,M,M,2024-11-01
27863.0,AW00027863,Mark,Taylor,M,F,2024-08-21
27864.0,AW00027864,Keziah,Perez,M,F,2025-10-28
27865.0,AW00027865,Richard,Smith,S,M,2024-05-13
27866.0,AW00027866,Paul,Turner,S,F,2025-04-20
27867.0,AW00027867,Sione,Scott,S,F,2026-05-28
27868.0,AW00027868,Jennifer,White,S,M,2026-01-12
27869.0,AW00027869,Barbara,Garcia,M,M,2026-04-14
27870.0,AW00027870,Sione,Mitchell,S,F,2024-06-18
27871.0,AW00027871,Donna,Wright,S,M,2025-07-22
27872.0,AW00027872,George,Thompson,M,M,2024-05-21
27873.0,AW00027873,Andrew,King,S,M,2025-07-27
27874.0,AW00027874,Mark,Green,S,M,2025-05-17
27875.0,AW00027875,John,Martin,M,F,2025-05-17
27876.0,AW00027876,Rebecca,Green,S,F,2025-02-11
27877.0,AW00027877,Sarah,Green,M,F,2023-02-23
27878.0,AW00027878,Baraa,Turner,M,F,2023-06-04
27879.0,AW00027879,Michelle,Moore,M,M,2026-05-06
27880.0,AW00027880,Andrew,Hall,S,F,2025-03-29
27881.0,AW00027881,James,Lee,M,F,2023-01-29
27882.0,AW00027882,Michelle,Perez,S,M,2024-03-16
27883.0,AW00027883,Elizabeth,Phillips,S,F,2024-08-23
27884.0,AW00027884,Karen,Thompson,S,M,2026-03-16
27885.0,AW00027885,Donna,Johnson,S,F,2025-04-14
27886.0,AW00027886,Kenneth,Nelson,M,M,2023-11-07
27887.0,AW00027887,Emily,Johnson,M,M,2025-02-21
27888.0,AW00027888,Nancy,Parker,S,F,2025-06-27
27889.0,AW00027889,Tane,Smith,M,M,2024-05-25
27890.0,AW00027890,Mere,Nime,M,M,2023-02-12
27891.0,AW00027891,Baraa,Smith,S,M,2024-09-08
27892.0,AW00027892,Thomas,Clark,S,M,2024-11-05
27893.0,AW00027893,Matthew,Campbell,M,F,2023-08-08
27894.0,AW00027894,Kimberly,Davis,M,M,2025-07-15
27895.0,AW00027895,Keziah,Thomas,S,F,2024-05-22
27896.0,AW00027896,Karen,Lopez,M,M,2025-12-18
27897.0,AW00027897,Rebecca,Davis,S,M,2024-11-04
27898.0,AW00027898,Joshua,Anderson,S,M,2024-02-18
27899.0,AW00027899,Michelle,Nime,S,M,2025-09-02
27900.0,AW00027900,Donna,Mitchell,M,M,2023-06-21
27901.0,AW00027901,Carol,Brown,M,F,2025-11-15
27902.0,AW00027902,Sarah,Lopez,M,M,2026-02-24
27903.0,AW00027903,Ashley,Roberts,M,F,2025-08-14
27904.0,AW00027904,Stephanie,Toalii,S,F,2024-12-22
27905.0,AW00027905,Jessica,Phillips,M,M,2023-06-14
27906.0,AW00027906,Donna,Walker,S,M,2024-04-25
27907.0,AW00027907,Peter,Baker,M,M,2023-10-24
27908.0,AW00027908,Paul,Mitchell,S,F,2024-11-24
27909.0,AW00027909,Patricia,Thompson,M,M,2025-01-14
27910.0,AW00027910,George,Davis,S,M,2026-03-08
27911.0,AW00027911,Rebecca,King,M,F,2024-04-08
27912.0,AW00027912,Barbara,Phillips,M,M,2025-01-06
27913.0,AW00027913,Matthew,Baker,S,F,2023-07-26
27914.0,AW00027914,Karen,Turner,S,F,2023-01-06
27915.0,AW00027915,Thomas,Singh,S,F,2024-10-28
27916.0,AW00027916,Sarah,Wilson,M,M,2025-10-01
27917.0,AW00027917,Mary,Taylor,M,M,2024-01-31
27918.0,AW00027918,Andrew,Thompson,M,F,2025-12-06
27919.0,AW00027919,Mark,Smith,M,F,2025-05-14
27920.0,AW00027920,Carol,Nelson,M,F,2024-12-11
27921.0,AW00027921,Kenneth,Walker,M,M,2023-12-25
27922.0,AW00027922,Jennifer,Anderson,M,F,2025-05-09
27923.0,AW00027923,Malia,Scott,S,F,2026-03-10
27924.0,AW00027924,Kenneth,Walker,M,F,2024-12-22
27925.0,AW00027925,Steven,Carter,S,M,2023-05-26
27926.0,AW00027926,Peter,Wilson,M,F,2025-06-26
27927.0,AW00027927,Keziah,Kumar,S,M,2026-01-01
27928.0,AW00027928,Donald,Wilson,M,M,2023-02-12
27929.0,AW00027929,Sione,Toalii,S,F,2024-05-26
27930.0,AW00027930,Deborah,Mitchell,M,F,2023-03-13
27931.0,AW00027931,Tane,Williams,S,M,2025-08-10
27932.0,AW00027932,Mere,Scott,S,F,2025-04-08
27933.0,AW00027933,Tane,Manu,M,F,2023-12-19
27934.0,AW00027934,Matthew,Lee,S,M,2025-01-21
27935.0,AW00027935,Lisa,Patel,M,M,2025-11-14
27936.0,AW00027936,Keziah,Taylor,S,F,2023-07-12
27937.0,AW00027937,George,Johnson,S,F,2026-04-26
27938.0,AW00027938,Malia,Clark,M,M,2024-03-16
27939.0,AW00027939,Daniel,Moore,S,F,2024-05-14
27940.0,AW00027940,Anthony,Thompson,M,M,2025-03-28
27941.0,AW00027941,Jason,Scott,S,M,2023-06-20
27942.0,AW00027942,Steven,Anderson,M,M,2023-06-28
27943.0,AW00027943,Jason,Wilson,S,F,2026-04-28
27944.0,AW00027944,Steven,Miller,S,M,2024-06-24
27945.0,AW00027945,Kenneth,Lopez,M,M,2024-08-08
27946.0,AW00027946,Thomas,Parker,S,M,2024-05-25
27947.0,AW00027947,William,Lee,S,F,2023-10-18
27948.0,AW00027948,Mary,Williams,S,M,2023-01-07
27949.0,AW00027949,Tane,Scott,S,F,2026-04-03
27950.0,AW00027950,Sarah,Phillips,M,F,2025-10-20
27951.0,AW00027951,Joshua,Roberts,M,F,2024-02-07
27952.0,AW00027952,Mary,Mitchell,S,F,2024-07-27
27953.0,AW00027953,Michelle,Jackson,M,F,2025-03-21
27954.0,AW00027954,James,Hall,M,M,2024-04-02
27955.0,AW00027955,Baraa,Wilson,M,F,2024-09-26
27956.0,AW00027956,Carol,Smith,M,F,2026-02-25
27957.0,AW00027957,Lisa,Johnson,M,F,2023-10-25
27958.0,AW00027958,Joshua,Patel,S,M,2025-03-30
27959.0,AW00027959,Charles,Baker,S,M,2024-11-16
27960.0,AW00027960,Amanda,Perez,S,F,2023-03-13
27961.0,AW00027961,Charles,Young,M,M,2025-06-16
27962.0,AW00027962,Thomas,Mitchell,M,M,2025-12-10
27963.0,AW00027963,Karen,Adams,M,M,2025-06-10
27964.0,AW00027964,Baraa,Thomas,M,M,2024-03-24
27965.0,AW00027965,Peter,Williams,S,F,2025-04-14
27966.0,AW00027966,Mere,Jackson,M,F,2025-06-11
27967.0,AW00027967,Patricia,Taylor,M,F,2024-09-15
27968.0,AW00027968,Lisa,Miller,S,M,2026-03-13
27969.0,AW00027969,Sandra,Lopez,M,M,2024-07-31
27970.0,AW00027970,Lisa,Thompson,M,F,2023-04-11
27971.0,AW00027971,Lisa,Patel,M,F,2023-05-15
27972.0,AW00027972,Melissa,Allen,S,F,2026-04-24
27973.0,AW00027973,Matthew,Nime,M,F,2024-04-16
27974.0,AW00027974,Rebecca,Walker,M,M,2024-09-25
27975.0,AW00027975,John,Walker,M,M,2025-10-21
27976.0,AW00027976,Carol,Jones,S,F,2024-06-09
27977.0,AW00027977,Kimberly,Parker,M,F,2024-05-29
27978.0,AW00027978,Malia,Roberts,M,F,2025-08-05
27979.0,AW00027979,Mere,Wilson,M,F,2025-09-22
27980.0,AW00027980,Linda,Wilson,S,F,2024-04-29
27981.0,AW00027981,Mere,Jones,S,F,2024-10-07
27982.0,AW00027982,Kimberly,Patel,S,F,2025-12-28
27983.0,AW00027983,Michael,Nime,S,M,2026-04-11
27984.0,AW00027984,Andrew,Scott,S,F,2024-01-23
27985.0,AW00027985,Malia,Nelson,S,M,2025-07-04
27986.0,AW00027986,Jason,Thomas,S,M,2026-02-10
27987.0,AW00027987,William,King,M,F,2023-12-23
27988.0,AW00027988,Joseph,Moore,M,F,2023-11-17
27989.0,AW00027989,Stephanie,Singh,S,F,2025-05-03
,AW00027990,Linda,Anderson,M,F,2025-04-29
27991.0,AW00027991,Richard,Lewis,S,M,2023-02-08
27992.0,AW00027992,George,Brown,M,F,2024-08-04
27993.0,AW00027993,Mary,Moore,S,M,2025-05-19
27994.0,AW00027994,Robert,Taylor,S,M,2025-09-27
27995.0,AW00027995,Kimberly,Lewis,M,F,2024-03-07
27996.0,AW00027996,Andrew,Johnson,S,F,2024-12-18
27997.0,AW00027997,Aroha,Nelson,M,F,2023-11-22
27998.0,AW00027998,Linda,Thomas,S,M,2024-04-16
27999.0,AW00027999,Stephanie,Nelson,S,F,2026-05-15
28000.0,AW00028000,Malia,Jones,S,M,2024-11-18
28001.0,AW00028001,Lisa,Mitchell,M,M,2023-03-09
28002.0,AW00028002,Timothy,Williams,S,M,2024-12-14
28003.0,AW00028003,William,Phillips,M,M,2026-03-23
28004.0,AW00028004,Kimberly,Mitchell,M,M,2024-12-18
28005.0,AW00028005,Donald,White,S,F,2024-02-18
28006.0,AW00028006,George,Wright,M,F,2024-05-15
28007.0,AW00028007,Andrew,Toalii,M,F,2026-04-11
28008.0,AW00028008,Baraa,Campbell,M,F,2024-04-22
28009.0,AW00028009,Kimberly,Patel,M,M,2024-01-16
28010.0,AW00028010,Rebecca,Manu,S,M,2024-12-24
28011.0,AW00028011,Patricia,Phillips,M,F,2024-05-25
28012.0,AW00028012,David,Nelson,S,M,2023-08-21
28013.0,AW00028013,William,Campbell,S,M,2024-07-03
28014.0,AW00028014,Anthony,Moore,S,F,2024-10-07
28015.0,AW00028015,Amanda,Parker,S,F,2024-04-08
28016.0,AW00028016,Ronald,Perez,S,M,2025-04-30
28017.0,AW00028017,Tane,Anderson,M,M,2024-11-13
28018.0,AW00028018,Stephanie,Mitchell,M,M,2025-05-31
28019.0,AW00028019,Emily,Manu,S,F,2023-04-01
28020.0,AW00028020,Amanda,Williams,M,M,2023-01-12
28021.0,AW00028021,Matthew,Taylor,M,M,2023-02-26
28022.0,AW00028022,Sarah,Walker,M,M,2025-09-12
28023.0,AW00028023,Patricia,Wright,S,M,2025-12-07
28024.0,AW00028024,Malia,Wilson,M,F,2024-01-24
28025.0,AW00028025,William,King,M,M,2024-01-19
28026.0,AW00028026,Kimberly,Wilson,S,M,2025-07-05
28027.0,AW00028027,Steven,Jackson,S,F,2023-08-26
28028.0,AW00028028,William,Manu,S,F,2023-10-19
28029.0,AW00028029,Joseph,Green,S,M,2024-12-21
28030.0,AW00028030,Aroha,King,S,F,2025-02-20
28031.0,AW00028031,Sarah,Taylor,M,F,2025-09-20
28032.0,AW00028032,Paul,Turner,M,F,2023-11-09
28033.0,AW00028033,Timothy,Patel,S,M,2024-11-01
28034.0,AW00028034,Carol,Young,S,M,2025-03-29
28035.0,AW00028035,Ronald,Lewis,M,F,2025-11-17
28036.0,AW00028036,Patricia,Lewis,S,M,2023-07-03
28037.0,AW00028037,Timothy,Mitchell,M,F,2026-01-21
28038.0,AW00028038,Elizabeth,Garcia,S,F,2024-10-29
28039.0,AW00028039,Anthony,Nelson,M,F,2024-02-09
28040.0,AW00028040,George,Lee,M,M,2023-08-29
28041.0,AW00028041,Elizabeth,Ngata,M,F,2023-05-14
28042.0,AW00028042,Michael,Anderson,S,F,2025-12-21
28043.0,AW00028043,Donna,Lopez,S,F,2024-05-02
28044.0,AW00028044,John,White,M,M,2023-10-09
28045.0,AW00028045,Kenneth,Davis,S,F,2025-09-29
28046.0,AW00028046,Rebecca,King,S,M,2024-08-21
28047.0,AW00028047,Donna,Allen,M,M,2024-12-07
28048.0,AW00028048,Michelle,Carter,M,F,2024-12-26
28049.0,AW00028049,David,Young,M,M,2024-01-30
28050.0,AW00028050,Karen,Thompson,M,F,2026-03-30
28051.0,AW00028051,Mary,Kumar,M,M,2023-05-19
28052.0,AW00028052,Amanda,Clark,M,M,2025-06-13
28053.0,AW00028053,Steven,Lopez,M,F,2024-07-16
28054.0,AW00028054,Kimberly,Kumar,M,F,2023-08-30
28055.0,AW00028055,Andrew,Nelson,M,F,2024-02-26
28056.0,AW00028056,Sandra,Perez,M,F,2023-09-06
28057.0,AW00028057,Daniel,Thompson,M,F,2023-05-18
28058.0,AW00028058,Melissa,Thomas,M,M,2025-02-07
28059.0,AW00028059,Susan,King,M,F,2024-06-18
28060.0,AW00028060,Donna,Singh,S,F,2024-10-14
28061.0,AW00028061,Peter,Taylor,S,M,2025-06-23
28062.0,AW00028062,Anthony,White,S,M,2023-08-17
28063.0,AW00028063,Amanda,Campbell,S,F,2023-09-03
28064.0,AW00028064,Jessica,Campbell,M,M,2025-08-15
28065.0,AW00028065,Aroha,Jones,S,M,2024-06-19
28066.0,AW00028066,Mark,Clark,M,M,2026-03-25
28067.0,AW00028067,Karen,White,M,F,2023-07-19
28068.0,AW00028068,Daniel,Moore,M,M,2023-08-31
28069.0,AW00028069,Andrew,Brown,S,M,2026-02-20
28070.0,AW00028070,George,Jones,M,F,2024-06-21
28071.0,AW00028071,Keziah,Clark,S,F,2024-11-21
28072.0,AW00028072,Carol,Moore,S,F,2023-05-11
28073.0,AW00028073,Daniel,Roberts,S,F,2023-10-01
28074.0,AW00028074,Sione,Nelson,S,F,2025-12-26
28075.0,AW00028075,Sarah,Wright,S,F,2026-02-08
28076.0,AW00028076,Malia,Jackson,M,M,2023-05-10
28077.0,AW00028077,Carol,King,M,M,2025-04-12
28078.0,AW00028078,Peter,Clark,S,F,2023-07-06
28079.0,AW00028079,Ronald,Baker,M,F,2024-04-09
28080.0,AW00028080,Stephanie,Wright,S,M,2024-04-05
28081.0,AW00028081,Sandra,Clark,S,F,2025-01-03
28082.0,AW00028082,Steven,Thompson,M,F,2026-03-02
28083.0,AW00028083,Linda,Turner,M,F,2026-04-06
28084.0,AW00028084,Betty,Smith,S,M,2024-03-17
28085.0,AW00028085,Mary,Walker,M,M,2026-04-08
28086.0,AW00028086,Emily,Nelson,S,F,2023-07-31
28087.0,AW00028087,Carol,Clark,S,M,2024-08-09
28088.0,AW00028088,Mary,Nime,M,F,2025-11-24
28089.0,AW00028089,Betty,Nime,S,M,2025-10-20
28090.0,AW00028090,Peter,Lopez,S,M,2023-11-29
28091.0,AW00028091,Sarah,Hall,M,F,2023-07-07
28092.0,AW00028092,Steven,Turner,M,M,2023-10-24
28093.0,AW00028093,Baraa,Nime,M,M,2023-08-21
28094.0,AW00028094,Jason,Kumar,S,M,2025-12-01
28095.0,AW00028095,Elizabeth,Thomas,M,F,2025-01-16
28096.0,AW00028096,Sione,Moore,S,M,2026-05-24
28097.0,AW00028097,Karen,Patel,S,M,2023-08-15
28098.0,AW00028098,George,Martin,S,M,2026-04-17
28099.0,AW00028099,Elizabeth,Jackson,M,M,2023-07-27
28100.0,AW00028100,William,Scott,S,M,2024-04-26
28101.0,AW00028101,Timothy,Ngata,M,F,2023-03-16
28102.0,AW00028102,Deborah,White,M,M,2024-03-13
28103.0,AW00028103,Jennifer,Toalii,S,M,2023-07-02
28104.0,AW00028104,Jason,Garcia,M,F,2024-04-02
28105.0,AW00028105,Joseph,Phillips,M,M,2026-04-23
28106.0,AW00028106,Jason,Williams,M,F,2024-01-05
28107.0,AW00028107,Linda,Campbell,S,M,2023-12-21
28108.0,AW00028108,Timothy,Martin,M,M,2024-11-17
28109.0,AW00028109,Daniel,Baker,M,M,2025-09-11
28110.0,AW00028110,Nancy,Smith,M,M,2025-12-27
28111.0,AW00028111,Mary,Thompson,S,M,2024-12-31
28112.0,AW00028112,Mere,Smith,M,M,2026-05-21
28113.0,AW00028113,Timothy,Hall,S,M,2024-07-16
28114.0,AW00028114,Joshua,Smith,S,F,2024-07-17
28115.0,AW00028115,Patricia,Garcia,M,M,2025-04-27
28116.0,AW00028116,David,Singh,S,F,2025-06-27
28117.0,AW00028117,Richard,Williams,M,M,2023-03-20
28118.0,AW00028118,Jason,King,S,M,2025-08-04
28119.0,AW00028119,James,Jones,S,F,2023-10-24
28120.0,AW00028120,Donald,Miller,S,M,2025-08-16
28121.0,AW00028121,Rebecca,Thomas,S,M,2024-11-27
28122.0,AW00028122,Stephanie,Perez,M,M,2025-09-02
28123.0,AW00028123,Matthew,Parker,S,M,2025-01-10
28124.0,AW00028124,James,Walker,M,M,2026-05-29
28125.0,AW00028125,Keziah,Miller,S,M,2023-10-19
28126.0,AW00028126,Thomas,Young,M,M,2025-03-06
28127.0,AW00028127,Timothy,Turner,M,M,2023-11-26
28128.0,AW00028128,Kenneth,Baker,M,M,2025-10-17
28129.0,AW00028129,Linda,Mitchell,S,M,2024-10-29
28130.0,AW00028130,Baraa,Kumar,M,M,2023-08-03
28131.0,AW00028131,Mark,Miller,M,M,2024-05-26
28132.0,AW00028132,Donna,Scott,M,M,2024-02-06
28133.0,AW00028133,Charles,Carter,S,F,2025-09-29
28134.0,AW00028134,Elizabeth,Wright,S,M,2024-03-05
28135.0,AW00028135,Sandra,Lee,M,F,2024-04-24
28136.0,AW00028136,Patricia,Baker,M,F,2025-01-21
28137.0,AW00028137,Thomas,Wilson,S,M,2026-05-22
28138.0,AW00028138,James,Williams,S,F,2023-01-05
28139.0,AW00028139,Andrew,Perez,S,F,2024-08-02
28140.0,AW00028140,George,Jones,M,F,2024-07-21
28141.0,AW00028141,Carol,Baker,S,F,2026-03-17
28142.0,AW00028142,Ronald,Wilson,S,F,2024-09-29
28143.0,AW00028143,Carol,Wilson,M,M,2026-01-21
28144.0,AW00028144,Brian,Taylor,S,F,2025-05-15
28145.0,AW00028145,Sione,Martin,M,F,2024-05-13
28146.0,AW00028146,Ashley,Garcia,M,M,2023-04-25
28147.0,AW00028147,Matthew,Allen,M,M,2024-03-24
28148.0,AW00028148,Jessica,Young,M,F,2025-09-06
28149.0,AW00028149,Jessica,Mitchell,M,F,2023-03-24
28150.0,AW00028150,Sione,Adams,M,M,2026-05-11
28151.0,AW00028151,Mark,Clark,M,M,2025-02-22
28152.0,AW00028152,Matthew,Wilson,M,F,2024-07-02
28153.0,AW00028153,Joshua,Moore,M,M,2025-08-29
28154.0,AW00028154,Donna,Wilson,M,F,2024-01-05
28155.0,AW00028155,Carol,Perez,M,F,2026-04-30
28156.0,AW00028156,Ronald,Davis,M,F,2024-11-19
28157.0,AW00028157,Betty,Wilson,M,M,2025-10-13
28158.0,AW00028158,Karen,Mitchell,M,F,2025-10-19
28159.0,AW00028159,Timothy,Moore,S,M,2025-07-30
28160.0,AW00028160,Jessica,Miller,M,M,2024-05-07
28161.0,AW00028161,David,Carter,S,M,2023-03-24
28162.0,AW00028162,David,White,S,M,2025-09-24
28163.0,AW00028163,Rebecca,Lee,M,M,2025-11-22
28164.0,AW00028164,Baraa,Lewis,M,M,2026-03-12
28165.0,AW00028165,Karen,Young,S,M,2025-07-11
28166.0,AW00028166,Peter,Turner,S,F,2024-11-07
28167.0,AW00028167,Joshua,Lee,S,F,2025-10-29
28168.0,AW00028168,Patricia,Anderson,M,F,2024-11-27
28169.0,AW00028169,Malia,Allen,S,F,2025-04-17
28170.0,AW00028170,John,Carter,M,M,2025-12-16
28171.0,AW00028171,Malia,Thomas,M,F,2023-05-13
28172.0,AW00028172,Ashley,Wilson,M,F,2023-08-22
28173.0,AW00028173,Baraa,Singh,M,M,2026-05-19
28174.0,AW00028174,Michelle,Young,S,M,2025-06-26
28175.0,AW00028175,Susan,Clark,M,M,2025-01-15
28176.0,AW00028176,Anthony,Campbell,S,F,2023-05-11
28177.0,AW00028177,Joseph,Baker,S,F,2025-03-05
28178.0,AW00028178,Nancy,Ngata,M,F,2025-09-17
28179.0,AW00028179,Rebecca,Patel,S,F,2023-10-12
28180.0,AW00028180,Rebecca,Ngata,M,M,2026-05-21
28181.0,AW00028181,Karen,Jones,M,F,2024-09-03
28182.0,AW00028182,Ashley,Smith,S,M,2024-12-18
28183.0,AW00028183,Robert,Patel,M,F,2025-10-04
28184.0,AW00028184,Charles,Green,M,F,2023-05-21
28185.0,AW00028185,Patricia,Garcia,M,F,2025-04-09
28186.0,AW00028186,Emily,Clark,M,F,2025-02-13
28187.0,AW00028187,Patricia,Thomas,M,M,2025-01-28
28188.0,AW00028188,Mark,Davis,S,F,2025-08-01
28189.0,AW00028189,Jessica,Baker,S,M,2024-05-27
28190.0,AW00028190,Michelle,Nime,M,M,2026-05-18
28191.0,AW00028191,Baraa,Davis,S,M,2024-12-16
28192.0,AW00028192,William,Carter,S,M,2024-12-25
28193.0,AW00028193,George,Toalii,S,M,2023-06-28
28194.0,AW00028194,Paul,Miller,M,F,2023-04-22
28195.0,AW00028195,David,Allen,M,M,2025-01-04
28196.0,AW00028196,Jessica,Anderson,S,F,2024-11-07
28197.0,AW00028197,Andrew,Brown,S,M,2023-12-01
28198.0,AW00028198,Barbara,Ngata,M,M,2026-03-23
28199.0,AW00028199,Keziah,Campbell,S,M,2026-04-01
28200.0,AW00028200,Aroha,Lee,S,F,2025-08-09
28201.0,AW00028201,Betty,Jones,S,F,2026-05-01
28202.0,AW00028202,Sandra,Ngata,S,M,2026-05-20
28203.0,AW00028203,Rebecca,Roberts,S,M,2023-09-03
28204.0,AW00028204,Sione,Jones,M,F,2023-02-08
28205.0,AW00028205,Sarah,Carter,M,F,2023-03-29
28206.0,AW00028206,Betty,White,S,F,2023-09-14
28207.0,AW00028207,David,Baker,S,F,2023-03-10
28208.0,AW00028208,Jennifer,Roberts,M,F,2024-03-26
28209.0,AW00028209,Keziah,Scott,S,M,2024-03-15
28210.0,AW00028210,Tane,Anderson,M,M,2025-08-17
28211.0,AW00028211,Barbara,Miller,M,F,2023-05-05
28212.0,AW00028212,Carol,Carter,M,M,2025-10-08
28213.0,AW00028213,Peter,Johnson,M,M,2026-04-04
28214.0,AW00028214,Michelle,Martin,S,M,2024-07-06
28215.0,AW00028215,Brian,Hall,M,M,2023-06-21
28216.0,AW00028216,Joshua,Moore,M,F,2025-07-01
28217.0,AW00028217,Karen,Brown,M,F,2024-11-07
28218.0,AW00028218,Baraa,Wright,M,M,2025-10-21
28219.0,AW00028219,Thomas,Perez,S,M,2025-03-08
28220.0,AW00028220,Daniel,Thomas,M,F,2025-09-13
28221.0,AW00028221,Patricia,Allen,M,F,2024-05-07
28222.0,AW00028222,Steven,Adams,S,F,2023-10-28
28223.0,AW00028223,Stephanie,Walker,S,F,2023-11-02
28224.0,AW00028224,Donna,Jackson,S,F,2024-06-11
28225.0,AW00028225,Thomas,Martin,S,M,2023-06-14
28226.0,AW00028226,George,Scott,M,M,2025-12-07
28227.0,AW00028227,Baraa,Walker,M,F,2024-03-04
28228.0,AW00028228,Keziah,Kumar,M,F,2026-04-29
28229.0,AW00028229,Jason,Perez,S,F,2024-10-10
28230.0,AW00028230,Kenneth,Perez,M,M,2026-02-18
28231.0,AW00028231,Keziah,Turner,M,F,2024-09-10
28232.0,AW00028232,Aroha,Singh,M,M,2023-10-11
28233.0,AW00028233,James,Young,S,F,2024-04-29
28234.0,AW00028234,William,Singh,M,F,2023-09-02
28235.0,AW00028235,Stephanie,Wright,M,F,2024-07-28
28236.0,AW00028236,Malia,Ngata,M,M,2023-11-17
28237.0,AW00028237,Carol,Anderson,S,M,2026-03-18
28238.0,AW00028238,Betty,Davis,S,F,2023-01-01
28239.0,AW00028239,Lisa,Campbell,M,M,2025-01-04
28240.0,AW00028240,Kenneth,Johnson,M,F,2025-04-22
28241.0,AW00028241,Jennifer,Garcia,M,F,2024-07-06
28242.0,AW00028242,Steven,Davis,M,F,2026-03-05
28243.0,AW00028243,Mark,White,M,M,2023-09-07
28244.0,AW00028244,Jennifer,Taylor,M,M,2024-02-18
28245.0,AW00028245,Jason,Nelson,S,M,2023-05-21
28246.0,AW00028246,William,Lee,S,M,2023-01-30
28247.0,AW00028247,Michael,Adams,S,F,2025-01-01
28248.0,AW00028248,Karen,Parker,M,F,2023-11-21
28249.0,AW00028249,Susan,Parker,M,M,2025-08-02
28250.0,AW00028250,Patricia,Parker,M,M,2024-04-15
28251.0,AW00028251,James,Scott,S,F,2023-08-01
28252.0,AW00028252,Peter,Jackson,S,M,2023-07-18
28253.0,AW00028253,David,Kumar,S,M,2025-03-11
28254.0,AW00028254,Malia,Nelson,S,F,2025-02-24
28255.0,AW00028255,Paul,King,M,F,2026-02-05
28256.0,AW00028256,Stephanie,Manu,M,F,2023-08-26
28257.0,AW00028257,Sione,Smith,M,F,2024-12-18
28258.0,AW00028258,Susan,Singh,M,F,2026-03-08
28259.0,AW00028259,Ronald,Manu,S,M,2025-01-05
28260.0,AW00028260,Robert,Thomas,S,F,2023-06-04
28261.0,AW00028261,Anthony,Lee,M,F,2024-02-08
28262.0,AW00028262,Brian,Turner,S,F,2024-04-08
28263.0,AW00028263,Anthony,Martin,S,M,2023-03-10
28264.0,AW00028264,Brian,Ngata,S,M,2025-09-21
28265.0,AW00028265,Emily,Singh,M,F,2025-08-06
28266.0,AW00028266,Mark,Wilson,M,F,2023-12-13
28267.0,AW00028267,Timothy,Perez,S,F,2025-06-09
28268.0,AW00028268,David,Anderson,M,M,2026-01-29
28269.0,AW00028269,Timothy,Mitchell,S,F,2026-03-11
28270.0,AW00028270,Tane,Parker,S,M,2023-05-03
28271.0,AW00028271,Jessica,Parker,S,F,2026-05-19
28272.0,AW00028272,Paul,Brown,S,M,2024-08-25
28273.0,AW00028273,Tane,Perez,M,M,2024-09-11
28274.0,AW00028274,Michael,Walker,M,F,2025-09-13
28275.0,AW00028275,William,Nelson,M,M,2024-11-04
28276.0,AW00028276,Donald,White,M,F,2024-05-02
28277.0,AW00028277,Ashley,Lopez,S,M,2026-03-25
28278.0,AW00028278,Matthew,Martin,M,M,2025-11-16
28279.0,AW00028279,Andrew,Williams,M,M,2023-04-11
28280.0,AW00028280,Karen,Lee,M,M,2024-10-29
28281.0,AW00028281,Susan,Turner,M,M,2023-10-25
28282.0,AW00028282,Mary,Garcia,M,M,2026-02-20
28283.0,AW00028283,Brian,Allen,S,F,2024-12-22
28284.0,AW00028284,Emily,Kumar,M,M,2025-09-04
28285.0,AW00028285,Emily,Young,M,M,2025-07-31
28286.0,AW00028286,Barbara,Brown,M,M,2025-02-20
28287.0,AW00028287,Peter,Carter,S,M,2025-01-03
28288.0,AW00028288,Sarah,Green,S,F,2024-11-24
28289.0,AW00028289,Linda,Thomas,S,M,2023-12-23
28290.0,AW00028290,Sarah,Walker,S,M,2024-09-17
28291.0,AW00028291,Peter,Nelson,S,F,2023-06-16
28292.0,AW00028292,Jason,Allen,M,F,2023-07-21
28293.0,AW00028293,Michael,Hall,S,F,2026-05-11
28294.0,AW00028294,Joseph,Johnson,M,F,2023-12-23
28295.0,AW00028295,Sandra,White,S,M,2025-02-16
28296.0,AW00028296,Baraa,White,M,F,2025-11-30
28297.0,AW00028297,Kenneth,Garcia,M,F,2025-12-08
28298.0,AW00028298,Joshua,Toalii,S,F,2025-04-19
28299.0,AW00028299,Paul,Williams,M,F,2026-02-23
28300.0,AW00028300,Donald,Lopez,M,M,2024-03-17
28301.0,AW00028301,Michelle,Walker,M,M,2023-05-23
28302.0,AW00028302,Mary,Thomas,M,F,2024-08-24
28303.0,AW00028303,George,Clark,S,F,2025-05-21
28304.0,AW00028304,Thomas,Anderson,S,M,2025-07-19
28305.0,AW00028305,Lisa,Baker,S,M,2025-06-05
28306.0,AW00028306,Deborah,Mitchell,S,M,2023-11-08
28307.0,AW00028307,Karen,Lee,S,M,2023-02-07
28308.0,AW00028308,Sandra,Roberts,S,F,2025-09-19
28309.0,AW00028309,Charles,Davis,M,F,2023-06-02
28310.0,AW00028310,Baraa,Turner,M,F,2023-02-05
28311.0,AW00028311,Richard,Taylor,M,F,2023-11-12
28312.0,AW00028312,Kimberly,Carter,S,F,2025-01-22
28313.0,AW00028313,Stephanie,Allen,S,F,2025-08-27
28314.0,AW00028314,Jessica,Toalii,M,F,2025-05-02
28315.0,AW00028315,Emily,Hall,M,M,2025-10-17
28316.0,AW00028316,Timothy,Lee,M,F,2025-05-04
28317.0,AW00028317,Timothy,Walker,M,M,2024-02-19
28318.0,AW00028318,Aroha,Jackson,S,M,2026-04-05
28319.0,AW00028319,Timothy,Manu,S,F,2024-11-27
28320.0,AW00028320,Malia,White,M,F,2024-08-28
28321.0,AW00028321,Jennifer,Kumar,M,M,2025-12-15
28322.0,AW00028322,Betty,Ngata,S,M,2024-07-21
28323.0,AW00028323,Kimberly,Parker,M,M,2025-05-21
28324.0,AW00028324,Charles,Turner,S,F,2024-09-01
28325.0,AW00028325,Kimberly,Green,S,M,2024-05-19
28326.0,AW00028326,Brian,Thomas,S,M,2023-08-17
28327.0,AW00028327,Sione,Turner,M,F,2025-03-03
28328.0,AW00028328,Karen,Wilson,S,F,2023-09-30
28329.0,AW00028329,David,Adams,S,M,2026-05-17
28330.0,AW00028330,Kimberly,Green,S,M,2024-08-25
28331.0,AW00028331,Anthony,Phillips,S,F,2024-06-29
28332.0,AW00028332,Andrew,Parker,S,M,2025-09-02
28333.0,AW00028333,Lisa,Allen,S,M,2025-12-20
28334.0,AW00028334,Deborah,Lee,M,M,2023-10-17
28335.0,AW00028335,Nancy,Wilson,S,F,2025-04-29
28336.0,AW00028336,Jennifer,Williams,M,F,2023-11-18
28337.0,AW00028337,Karen,Anderson,M,M,2024-10-18
28338.0,AW00028338,Peter,Allen,S,F,2023-05-29
28339.0,AW00028339,Anthony,Turner,M,M,2025-07-27
28340.0,AW00028340,Deborah,White,M,F,2025-08-18
28341.0,AW00028341,Michael,Parker,M,M,2025-02-21
28342.0,AW00028342,Elizabeth,Hall,M,F,2025-11-17
28343.0,AW00028343,George,Hall,M,M,2025-03-07
28344.0,AW00028344,Stephanie,Baker,S,M,2025-08-02
28345.0,AW00028345,Malia,Taylor,M,F,2024-11-17
28346.0,AW00028346,Aroha,Thompson,S,M,2023-08-24
28347.0,AW00028347,Charles,Taylor,S,M,2025-12-01
28348.0,AW00028348,Aroha,Lewis,S,M,2023-09-30
28349.0,AW00028349,Charles,Hall,S,F,2024-03-28
28350.0,AW00028350,Keziah,Smith,S,F,2025-02-15
28351.0,AW00028351,Betty,Toalii,M,M,2024-01-08
28352.0,AW00028352,Matthew,Turner,S,M,2026-03-31
28353.0,AW00028353,Paul,Baker,S,F,2026-04-13
28354.0,AW00028354,James,Walker,M,M,2023-11-11
28355.0,AW00028355,Paul,Martin,S,M,2023-09-28
28356.0,AW00028356,Keziah,Anderson,S,F,2026-04-27
28357.0,AW00028357,Sandra,Clark,S,F,2023-03-30
28358.0,AW00028358,Donna,Taylor,M,M,2023-03-03
28359.0,AW00028359,Elizabeth,Lee,M,M,2025-10-08
28360.0,AW00028360,Linda,Kumar,S,M,2024-04-22
28361.0,AW00028361,Betty,Nime,M,M,2023-03-06
28362.0,AW00028362,Brian,Turner,S,M,2024-02-20
28363.0,AW00028363,Deborah,Lee,S,M,2024-01-22
28364.0,AW00028364,Linda,Kumar,S,M,2025-10-02
28365.0,AW00028365,Richard,Anderson,S,M,2025-09-08
28366.0,AW00028366,Aroha,Smith,M,F,2026-03-08
28367.0,AW00028367,Baraa,Nime,S,M,2024-11-21
28368.0,AW00028368,Nancy,Campbell,S,F,2024-06-01
28369.0,AW00028369,David,Kumar,M,F,2023-06-04
28370.0,AW00028370,Peter,Wright,M,F,2026-05-28
28371.0,AW00028371,Melissa,Taylor,S,F,2023-12-13
28372.0,AW00028372,Anthony,Lewis,M,M,2025-01-11
28373.0,AW00028373,Mere,Baker,S,M,2025-04-25
28374.0,AW00028374,Karen,Nelson,S,F,2024-08-17
28375.0,AW00028375,Elizabeth,Nime,M,M,2024-11-12
28376.0,AW00028376,Malia,Thompson,M,F,2025-01-14
28377.0,AW00028377,Matthew,Walker,M,F,2023-09-03
28378.0,AW00028378,Carol,Taylor,S,F,2024-06-02
28379.0,AW00028379,Michael,White,M,M,2025-05-31
28380.0,AW00028380,Nancy,Garcia,S,F,2025-06-15
28381.0,AW00028381,Deborah,Martin,S,M,2025-10-25
28382.0,AW00028382,George,Toalii,M,F,2024-11-11
28383.0,AW00028383,Charles,Nime,S,F,2025-09-19
28384.0,AW00028384,Richard,Garcia,S,F,2025-02-03
28385.0,AW00028385,Richard,Kumar,S,M,2023-03-30
28386.0,AW00028386,Michelle,Allen,S,F,2024-09-29
28387.0,AW00028387,Steven,Phillips,S,F,2026-02-05
28388.0,AW00028388,Thomas,Roberts,M,F,2025-04-07
28389.0,AW00028389,Sione,King,M,F,2023-01-13
28390.0,AW00028390,Andrew,Young,S,F,2026-03-22
28391.0,AW00028391,Stephanie,Wright,S,M,2023-08-11
28392.0,AW00028392,Timothy,Green,S,F,2025-06-21
28393.0,AW00028393,Mary,White,S,M,2024-09-08
28394.0,AW00028394,Andrew,Scott,S,M,2023-01-30
28395.0,AW00028395,Deborah,Parker,M,F,2023-03-30
28396.0,AW00028396,Deborah,Jones,M,F,2026-05-20
28397.0,AW00028397,Ronald,Turner,M,M,2024-03-23
28398.0,AW00028398,Kimberly,Wright,M,F,2023-04-04
28399.0,AW00028399,Donald,King,S,M,2023-12-22
28400.0,AW00028400,Sione,Moore,M,F,2023-08-24
28401.0,AW00028401,James,Singh,M,M,2024-12-07
28402.0,AW00028402,Timothy,Nelson,M,M,2023-08-10
28403.0,AW00028403,Robert,Jackson,M,M,2025-01-05
28404.0,AW00028404,Betty,Wilson,S,F,2025-06-07
28405.0,AW00028405,Carol,Carter,S,F,2024-11-26
28406.0,AW00028406,John,Carter,M,F,2026-02-04
28407.0,AW00028407,George,Carter,S,F,2024-01-26
28408.0,AW00028408,Paul,Ngata,M,F,2025-01-14
28409.0,AW00028409,Sarah,King,S,M,2024-04-23
28410.0,AW00028410,Rebecca,Anderson,M,F,2023-03-05
28411.0,AW00028411,Tane,Hall,S,M,2023-06-18
28412.0,AW00028412,Joseph,Carter,S,F,2023-03-04
28413.0,AW00028413,Charles,Clark,S,M,2026-03-01
28414.0,AW00028414,Baraa,Wilson,S,F,2023-01-18
28415.0,AW00028415,Nancy,Singh,M,F,2025-05-31
28416.0,AW00028416,Keziah,Smith,M,F,2025-01-06
28417.0,AW00028417,Jennifer,Thomas,M,F,2024-10-16
28418.0,AW00028418,Kimberly,Moore,M,M,2024-03-16
28419.0,AW00028419,Joshua,White,S,F,2024-02-10
28420.0,AW00028420,George,Wilson,M,M,2023-04-28
28421.0,AW00028421,Jason,Clark,M,M,2023-06-10
28422.0,AW00028422,Barbara,Clark,S,F,2023-09-06
28423.0,AW00028423,Joshua,Wilson,S,M,2024-05-30
28424.0,AW00028424,Mark,Taylor,S,F,2025-04-14
28425.0,AW00028425,Andrew,Manu,M,F,2023-09-24
28426.0,AW00028426,Kimberly,Turner,S,M,2024-12-19
28427.0,AW00028427,Donald,Campbell,S,M,2023-02-28
28428.0,AW00028428,Deborah,Miller,M,M,2025-11-11
28429.0,AW00028429,William,Baker,S,M,2024-09-19
28430.0,AW00028430,Joshua,Wilson,M,M,2023-12-10
28431.0,AW00028431,John,Lee,M,M,2024-02-08
28432.0,AW00028432,Donna,Lee,S,M,2024-07-14
28433.0,AW00028433,Mere,Johnson,S,M,2025-10-20
28434.0,AW00028434,Ronald,Jones,M,M,2023-06-28
28435.0,AW00028435,Malia,Lopez,S,F,2025-11-07
28436.0,AW00028436,Emily,Kumar,S,F,2025-01-30
28437.0,AW00028437,Charles,Nelson,M,F,2025-08-12
28438.0,AW00028438,Thomas,Anderson,S,F,2024-09-07
28439.0,AW00028439,Richard,Toalii,S,M,2023-03-11
28440.0,AW00028440,Mere,Anderson,M,M,2025-09-29
28441.0,AW00028441,Donald,Wilson,S,F,2025-01-25
28442.0,AW00028442,Anthony,Thomas,M,M,2024-01-24
28443.0,AW00028443,Anthony,Kumar,M,M,2024-02-21
28444.0,AW00028444,Jason,Clark,M,M,2023-10-28
28445.0,AW00028445,Elizabeth,Turner,S,M,2024-08-13
28446.0,AW00028446,Ashley,Jackson,S,F,2023-07-16
28447.0,AW00028447,Ashley,Nime,S,M,2023-02-26
28448.0,AW00028448,Elizabeth,Smith,S,F,2025-01-04
28449.0,AW00028449,Baraa,Clark,S,F,2023-01-03
28450.0,AW00028450,Paul,Lewis,M,F,2025-02-21
28451.0,AW00028451,Anthony,Campbell,M,F,2023-04-06
28452.0,AW00028452,Charles,Manu,M,M,2023-01-21
28453.0,AW00028453,Malia,Roberts,M,M,2026-03-02
28454.0,AW00028454,Ronald,Miller,M,M,2024-01-17
28455.0,AW00028455,Mary,Perez,M,F,2025-08-08
28456.0,AW00028456,Brian,Miller,S,F,2024-05-06
28457.0,AW00028457,Rebecca,Allen,M,F,2026-03-30
28458.0,AW00028458,Michelle,Brown,M,M,2023-12-12
28459.0,AW00028459,Susan,Lee,M,F,2023-01-10
28460.0,AW00028460,Baraa,Toalii,M,M,2025-05-08
28461.0,AW00028461,Elizabeth,Phillips,M,F,2023-02-07
28462.0,AW00028462,David,Adams,S,M,2026-03-20
28463.0,AW00028463,Jessica,Singh,S,M,2025-08-19
28464.0,AW00028464,Karen,Perez,M,F,2025-02-03
28465.0,AW00028465,Carol,Miller,S,F,2025-06-29
28466.0,AW00028466,Jason,Thompson,M,M,2025-12-13
28467.0,AW00028467,Elizabeth,Lopez,M,F,2025-07-10
28468.0,AW00028468,Tane,Young,M,M,2025-08-25
28469.0,AW00028469,Sandra,Toalii,M,M,2024-07-27
28470.0,AW00028470,Keziah,Jones,S,F,2025-05-02
28471.0,AW00028471,Paul,Perez,M,F,2024-01-18
28472.0,AW00028472,Michael,Walker,M,M,2023-07-12
28473.0,AW00028473,Peter,Adams,M,M,2024-12-24
28474.0,AW00028474,Susan,Anderson,M,M,2024-09-27
28475.0,AW00028475,Elizabeth,Lee,M,F,2023-11-22
28476.0,AW00028476,David,Mitchell,M,F,2024-08-20
28477.0,AW00028477,Thomas,Green,S,F,2023-12-08
28478.0,AW00028478,Keziah,Thomas,M,M,2025-04-08
28479.0,AW00028479,Jennifer,Jackson,S,M,2024-10-01
28480.0,AW00028480,Michael,Parker,M,M,2024-09-15
28481.0,AW00028481,Donna,Roberts,S,F,2024-09-04
28482.0,AW00028482,Melissa,Lewis,S,M,2025-01-17
28483.0,AW00028483,George,Baker,M,M,2023-06-19
28484.0,AW00028484,Paul,Nime,M,M,2026-04-25
28485.0,AW00028485,Melissa,Singh,M,F,2024-02-24
28486.0,AW00028486,Sione,Campbell,M,F,2026-03-04
28487.0,AW00028487,Joseph,Lopez,M,F,2026-04-13
28488.0,AW00028488,Elizabeth,Taylor,M,F,2024-12-01
28489.0,AW00028489,Charles,Johnson,S,F,2024-09-06
28490.0,AW00028490,Nancy,Garcia,M,F,2023-06-11
28491.0,AW00028491,Elizabeth,Wright,S,M,2024-12-16
28492.0,AW00028492,Brian,Thompson,M,F,2025-09-13
28493.0,AW00028493,Anthony,Davis,S,F,2025-06-30
28494.0,AW00028494,Nancy,Allen,M,F,2025-11-25
28495.0,AW00028495,Anthony,Phillips,M,,2024-04-08
28496.0,AW00028496,Keziah,Turner,S,F,2023-07-02
28497.0,AW00028497,David,Miller,M,M,2024-08-11
28498.0,AW00028498,Emily,Manu,S,F,2023-11-14
28499.0,AW00028499,Unknown,Williams,S,M,2026-02-20
28500.0,AW00028500,Robert,Williams,M,F,2025-05-23
28501.0,AW00028501,Emily,Wright,M,M,2023-01-09
28502.0,AW00028502,Donna,Hall,S,F,2024-12-16
28503.0,AW00028503,Ashley,Jackson,S,F,2024-09-22
28504.0,AW00028504,Sandra,Patel,S,F,2024-10-23
28505.0,AW00028505,George,Perez,M,M,2024-06-02
28506.0,AW00028506,Charles,Garcia,M,M,2023-05-22
28507.0,AW00028507,Kimberly,King,S,M,2025-09-27
28508.0,AW00028508,Karen,Baker,M,F,2023-03-09
28509.0,AW00028509,Kenneth,Singh,M,M,2024-02-12
28510.0,AW00028510,Charles,Allen,M,M,2023-08-14
28511.0,AW00028511,Sandra,Taylor,S,F,2023-04-04
28512.0,AW00028512,Nancy,Perez,M,M,2025-07-28
28513.0,AW00028513,Kenneth,Parker,S,F,2024-01-15
28514.0,AW00028514,Peter,Nelson,M,M,2025-12-09
28515.0,AW00028515,Matthew,Adams,S,M,2023-08-11
28516.0,AW00028516,Joshua,Adams,M,F,2023-05-01
28517.0,AW00028517,Stephanie,Carter,M,F,2026-02-04
28518.0,AW00028518,Susan,Parker,S,F,2026-01-24
28519.0,AW00028519,Patricia,Ngata,S,F,2024-08-27
28520.0,AW00028520,Patricia,Lee,S,M,2024-11-05
28521.0,AW00028521,Sandra,Hall,S,M,2024-03-11
28522.0,AW00028522,Peter,Miller,S,M,2026-04-12
28523.0,AW00028523,Tane,Smith,M,M,2023-10-03
28524.0,AW00028524,Kenneth,Brown,M,F,2023-10-26
28525.0,AW00028525,Emily,Baker,S,M,2026-04-10
28526.0,AW00028526,Mere,Lee,M,F,2025-12-26
28527.0,AW00028527,Ronald,Green,S,F,2026-04-27
28528.0,AW00028528,Baraa,Miller,M,M,2026-03-04
28529.0,AW00028529,Nancy,Young,M,M,2024-01-29
28530.0,AW00028530,Donna,Lopez,M,M,2025-01-11
28531.0,AW00028531,Stephanie,Green,S,M,2023-11-20
28532.0,AW00028532,Donna,Toalii,M,F,2023-08-21
28533.0,AW00028533,Ronald,Smith,S,M,2024-08-10
28534.0,AW00028534,Peter,Moore,S,F,2024-07-10
28535.0,AW00028535,Donald,Lee,S,M,2023-12-28
28536.0,AW00028536,Keziah,Jones,M,F,2024-06-25
28537.0,AW00028537,Linda,Lee,S,F,2023-12-24
28538.0,AW00028538,Sione,Wilson,S,F,2026-03-03
28539.0,AW00028539,Tane,Manu,M,M,2023-05-17
28540.0,AW00028540,Susan,Clark,M,F,2023-02-24
28541.0,AW00028541,Emily,Baker,S,F,2023-04-09
28542.0,AW00028542,Linda,Turner,M,F,2023-10-27
28543.0,AW00028543,Michael,Turner,S,F,2024-08-18
28544.0,AW00028544,Michael,Patel,S,F,2025-03-03
28545.0,AW00028545,Emily,Ngata,M,M,2023-05-15
28546.0,AW00028546,Charles,Martin,M,M,2026-01-11
28547.0,AW00028547,Sarah,Patel,M,F,2024-10-13
28548.0,AW00028548,Kenneth,Campbell,S,M,2025-03-27
28549.0,AW00028549,Timothy,Hall,S,F,2025-12-07
28550.0,AW00028550,Brian,Wright,M,F,2025-12-29
28551.0,AW00028551,David,Davis,M,F,2023-04-12
28552.0,AW00028552,Richard,Turner,M,F,2024-07-09
28553.0,AW00028553,Joseph,King,M,M,2024-07-03
28554.0,AW00028554,Sandra,Adams,S,M,2024-01-03
28555.0,AW00028555,Daniel,Nelson,M,F,2024-03-22
28556.0,AW00028556,Daniel,Walker,S,M,2024-11-30
28557.0,AW00028557,Ronald,Hall,M,F,2023-03-28
28558.0,AW00028558,Robert,Parker,S,F,2024-08-05
28559.0,AW00028559,Paul,Ngata,S,M,2023-11-20
28560.0,AW00028560,Linda,White,S,M,2025-12-14
28561.0,AW00028561,Lisa,Phillips,M,M,2026-01-30
28562.0,AW00028562,Jessica,Walker,M,M,2025-08-29
28563.0,AW00028563,Thomas,Perez,M,F,2023-02-14
28564.0,AW00028564,Linda,Martin,M,M,2025-01-20
28565.0,AW00028565,Susan,Jackson,S,F,2025-07-08
28566.0,AW00028566,Robert,Ngata,S,M,2024-05-26
28567.0,AW00028567,Ronald,Turner,M,F,2024-05-28
28568.0,AW00028568,Michael,Johnson,M,F,2025-02-21
28569.0,AW00028569,Betty,Parker,M,M,2025-01-11
28570.0,AW00028570,Donald,Miller,S,M,2024-08-01
28571.0,AW00028571,David,Lopez,S,F,2025-07-04
28572.0,AW00028572,Nancy,Jackson,M,F,2024-10-24
28573.0,AW00028573,Robert,Jackson,S,M,2026-03-01
28574.0,AW00028574,Ashley,Miller,M,F,2023-10-01
28575.0,AW00028575,Baraa,Perez,S,M,2023-10-09
28576.0,AW00028576,Joseph,Baker,S,F,2026-05-30
28577.0,AW00028577,Brian,Walker,M,F,2023-06-27
28578.0,AW00028578,Joshua,Moore,M,F,2024-03-12
28579.0,AW00028579,Richard,Walker,S,F,2024-09-29
28580.0,AW00028580,John,Adams,S,M,2023-08-03
28581.0,AW00028581,Deborah,Smith,S,F,2023-10-14
28582.0,AW00028582,Emily,Taylor,M,M,2023-09-22
28583.0,AW00028583,Peter,Taylor,S,M,2024-05-16
28584.0,AW00028584,Richard,Wright,M,M,2023-04-08
28585.0,AW00028585,Sandra,Green,S,F,2023-07-14
28586.0,AW00028586,Daniel,Carter,M,M,2023-10-22
28587.0,AW00028587,Malia,Thomas,M,F,2023-08-01
28588.0,AW00028588,Michael,Lee,M,F,2023-10-03
28589.0,AW00028589,Stephanie,White,S,M,2025-07-16
28590.0,AW00028590,Sione,Moore,S,M,2023-01-28
28591.0,AW00028591,Matthew,Clark,M,F,2025-03-07
28592.0,AW00028592,Ronald,Green,S,F,2025-03-17
28593.0,AW00028593,Sandra,Johnson,M,F,2024-12-11
28594.0,AW00028594,Elizabeth,Singh,M,M,2024-05-13
28595.0,AW00028595,Susan,Scott,M,M,2023-11-13
28596.0,AW00028596,Aroha,Green,M,M,2026-04-15
28597.0,AW00028597,Mere,White,S,M,2023-07-04
28598.0,AW00028598,Mere,Adams,M,F,2024-03-14
28599.0,AW00028599,Emily,Davis,S,F,2023-11-03
28600.0,AW00028600,Kimberly,Scott,S,F,2023-10-06
28601.0,AW00028601,Patricia,Parker,S,F,2024-09-09
28602.0,AW00028602,Timothy,Walker,M,M,2023-05-12
28603.0,AW00028603,Steven,Scott,M,F,2024-02-18
28604.0,AW00028604,George,Toalii,S,F,2025-06-12
28605.0,AW00028605,Peter,Roberts,S,F,2023-05-17
28606.0,AW00028606,James,Wright,M,M,2023-04-07
28607.0,AW00028607,Susan,Brown,S,F,2023-11-05
28608.0,AW00028608,Susan,Miller,S,M,2023-07-13
28609.0,AW00028609,Sandra,Nelson,,F,2024-09-30
28610.0,AW00028610,Joshua,Baker,M,M,2025-03-25
28611.0,AW00028611,David,Perez,M,M,2023-08-02
28612.0,AW00028612,David,Walker,M,F,2024-03-24
28613.0,AW00028613,Melissa,Smith,M,F,2023-12-03
28614.0,AW00028614,Rebecca,Nelson,M,F,2026-02-17
28615.0,AW00028615,Sarah,Nelson,S,M,2025-11-29
28616.0,AW00028616,Timothy,White,S,F,2023-01-05
28617.0,AW00028617,Tane,Wilson,M,F,2024-12-04
28618.0,AW00028618,Joshua,Davis,M,M,2023-12-07
28619.0,AW00028619,Stephanie,Walker,S,F,2023-06-10
28620.0,AW00028620,Karen,Scott,M,F,2023-08-08
28621.0,AW00028621,Donald,Green,S,F,2025-04-16
28622.0,AW00028622,Timothy,Thompson,M,M,2024-03-04
28623.0,AW00028623,Elizabeth,Parker,S,F,2026-04-26
28624.0,AW00028624,Andrew,Roberts,S,F,2026-01-04
28625.0,AW00028625,Tane,Allen,M,F,2026-02-03
28626.0,AW00028626,Jason,Anderson,M,F,2025-08-13
28627.0,AW00028627,George,Scott,S,M,2023-11-15
28628.0,AW00028628,Anthony,Smith,M,F,2023-12-28
28629.0,AW00028629,Lisa,Perez,S,F,2023-08-15
28630.0,AW00028630,Jason,Taylor,S,F,2025-08-15
28631.0,AW00028631,James,Martin,S,F,2024-07-22
28632.0,AW00028632,Linda,Johnson,S,F,2025-11-01
28633.0,AW00028633,Amanda,Ngata,M,M,2025-07-15
28634.0,AW00028634,Emily,Brown,S,M,2023-05-11
28635.0,AW00028635,Andrew,Adams,M,M,2024-01-26
28636.0,AW00028636,Nancy,Clark,M,F,2023-08-17
28637.0,AW00028637,Robert,Kumar,M,F,2025-02-05
28638.0,AW00028638,Malia,Young,S,F,2023-08-30
28639.0,AW00028639,Lisa,Wilson,M,M,2025-02-28
28640.0,AW00028640,Jessica,Campbell,M,M,2023-05-27
28641.0,AW00028641,Lisa,Taylor,M,M,2024-08-25
28642.0,AW00028642,Sarah,Young,S,F,2023-11-05
28643.0,AW00028643,Lisa,White,M,F,2023-02-27
28644.0,AW00028644,David,Smith,S,F,2023-03-26
28645.0,AW00028645,Lisa,Ngata,M,M,2024-10-17
28646.0,AW00028646,Lisa,King,M,M,2023-12-25
28647.0,AW00028647,Susan,Miller,M,M,2023-02-09
28648.0,AW00028648,Betty,Clark,S,M,2023-06-29
28649.0,AW00028649,Barbara,Wilson,M,M,2026-04-24
28650.0,AW00028650,Stephanie,White,M,,2024-04-02
28651.0,AW00028651,Deborah,Anderson,S,F,2023-07-26
28652.0,AW00028652,Mere,Davis,M,M,2023-05-08
28653.0,AW00028653,David,White,S,M,2025-10-20
28654.0,AW00028654,Donna,King,S,F,2024-11-02
28655.0,AW00028655,Mary,Wright,S,M,2025-12-07
28656.0,AW00028656,Michelle,Hall,S,F,2026-05-04
28657.0,AW00028657,Susan,Miller,S,M,2025-09-12
28658.0,AW00028658,Ashley,Perez,S,F,2023-01-01
28659.0,AW00028659,Lisa,Roberts,S,F,2024-06-17
28660.0,AW00028660,Jennifer,Anderson,S,M,2025-10-12
28661.0,AW00028661,Thomas,Kumar,S,F,2025-09-01
28662.0,AW00028662,Michael,Wilson,S,M,2025-12-19
28663.0,AW00028663,Sione,Kumar,S,F,2024-10-10
28664.0,AW00028664,James,Taylor,S,F,2025-05-05
28665.0,AW00028665,Daniel,Thomas,M,M,2023-01-08
28666.0,AW00028666,Ronald,Scott,M,M,2023-01-02
28667.0,AW00028667,Emily,Jones,M,M,2024-08-03
28668.0,AW00028668,Brian,Hall,S,M,2024-01-20
28669.0,AW00028669,Brian,Nime,M,M,2023-02-25
28670.0,AW00028670,George,Manu,M,F,2025-11-09
28671.0,AW00028671,Kimberly,Baker,S,F,2025-06-29
28672.0,AW00028672,David,Scott,S,F,2026-01-29
28673.0,AW00028673,Lisa,Phillips,S,F,2025-03-11
28674.0,AW00028674,Sarah,King,M,M,2023-07-25
28675.0,AW00028675,Barbara,Johnson,S,M,2023-03-18
28676.0,AW00028676,Michelle,Lee,S,M,2024-04-22
28677.0,AW00028677,Robert,Manu,S,M,2023-04-01
28678.0,AW00028678,Rebecca,Phillips,S,,2025-04-02
28679.0,AW00028679,Ashley,Nime,M,M,2023-02-13
28680.0,AW00028680,Sarah,Hall,S,M,2025-01-28
28681.0,AW00028681,Jessica,Wilson,S,F,2024-10-03
28682.0,AW00028682,Joseph,Anderson,M,F,2025-11-19
28683.0,AW00028683,Stephanie,Walker,S,M,2025-07-02
28684.0,AW00028684,Ronald,White,M,M,2024-09-09
28685.0,AW00028685,Tane,Miller,S,F,2026-04-24
28686.0,AW00028686,Emily,Baker,M,M,2026-04-22
28687.0,AW00028687,Ronald,Nime,S,M,2023-07-28
28688.0,AW00028688,Brian,Johnson,M,M,2025-11-04
28689.0,AW00028689,Keziah,Phillips,S,M,2026-04-12
28690.0,AW00028690,Kenneth,Singh,S,F,2024-05-09
28691.0,AW00028691,William,Lee,M,F,2023-05-07
28692.0,AW00028692,Peter,Smith,M,F,2025-06-30
28693.0,AW00028693,Betty,Roberts,M,M,2023-08-27
28694.0,AW00028694,Daniel,White,S,F,2024-06-19
28695.0,AW00028695,Amanda,Moore,S,M,2023-07-04
28696.0,AW00028696,Anthony,Anderson,M,M,2023-05-13
28697.0,AW00028697,Barbara,Thompson,M,F,2026-01-01
28698.0,AW00028698,Richard,Ngata,S,M,2024-12-12
28699.0,AW00028699,Linda,Adams,S,M,2023-11-21
28700.0,AW00028700,Michelle,Lewis,M,M,2023-03-09
28701.0,AW00028701,Richard,Thomas,M,F,2025-03-25
28702.0,AW00028702,Michelle,Patel,S,M,2024-06-25
28703.0,AW00028703,Carol,Nime,M,M,2024-07-04
28704.0,AW00028704,Elizabeth,Ngata,S,M,2025-01-02
28705.0,AW00028705,Stephanie,Thompson,M,F,2025-11-07
28706.0,AW00028706,James,Jones,M,M,2025-09-27
28707.0,AW00028707,John,Campbell,S,M,2023-01-10
28708.0,AW00028708,Nancy,Walker,S,M,2023-03-18
28709.0,AW00028709,Ronald,Moore,M,M,2025-09-06
28710.0,AW00028710,Ronald,Miller,S,M,2023-10-08
28711.0,AW00028711,Patricia,Parker,M,M,2025-02-28
28712.0,AW00028712,Brian,Singh,M,M,2026-03-21
28713.0,AW00028713,Timothy,Thomas,M,F,2023-03-12
28714.0,AW00028714,Thomas,Miller,M,F,2024-10-16
28715.0,AW00028715,Jennifer,Manu,S,M,2023-09-21
28716.0,AW00028716,William,Williams,S,F,2023-01-04
28717.0,AW00028717,Timothy,Wright,M,F,2023-06-15
28718.0,AW00028718,Jennifer,Roberts,S,M,2023-09-04
28719.0,AW00028719,Nancy,Clark,M,M,2024-03-31
28720.0,AW00028720,Mary,Thomas,S,F,2023-06-09
28721.0,AW00028721,Mark,Patel,M,M,2024-03-17
28722.0,AW00028722,Aroha,Scott,S,F,2025-08-23
28723.0,AW00028723,Peter,Walker,M,M,2025-11-15
28724.0,AW00028724,Andrew,Carter,S,F,2026-04-17
28725.0,AW00028725,Charles,Jones,S,F,2023-10-30
28726.0,AW00028726,Stephanie,Patel,M,F,2024-06-07
28727.0,AW00028727,Joshua,Green,S,F,2023-03-13
28728.0,AW00028728,Donna,Davis,S,M,2023-11-01
28729.0,AW00028729,Malia,Toalii,M,F,2025-10-10
28730.0,AW00028730,David,Phillips,M,M,2025-09-06
28731.0,AW00028731,Timothy,Adams,M,M,2025-05-17
28732.0,AW00028732,Peter,Green,M,F,2023-06-13
28733.0,AW00028733,Deborah,Campbell,S,F,2024-01-01
28734.0,AW00028734,Peter,Perez,M,M,2026-01-02
28735.0,AW00028735,Amanda,Williams,M,M,2024-01-15
28736.0,AW00028736,Peter,Allen,S,M,2024-01-15
28737.0,AW00028737,George,Ngata,S,F,2023-03-13
28738.0,AW00028738,Michael,Martin,M,M,2025-11-19
28739.0,AW00028739,Karen,Williams,M,M,2023-12-23
28740.0,AW00028740,Michelle,White,S,M,2025-12-20
28741.0,AW00028741,Stephanie,Jackson,S,F,2025-06-07
28742.0,AW00028742,Lisa,Johnson,S,F,2025-04-19
28743.0,AW00028743,Linda,Johnson,M,M,2024-08-01
28744.0,AW00028744,Baraa,Lopez,S,F,2023-05-14
28745.0,AW00028745,Barbara,Miller,M,F,2025-12-06
28746.0,AW00028746,Michelle,Miller,S,M,2023-03-22
28747.0,AW00028747,Thomas,Turner,S,M,2025-11-16
28748.0,AW00028748,Aroha,Nime,M,F,2023-04-10
28749.0,AW00028749,Peter,Lewis,M,F,2025-05-20
28750.0,AW00028750,Deborah,Scott,M,F,2026-04-25
28751.0,AW00028751,Ronald,Campbell,M,F,2023-10-16
28752.0,AW00028752,Brian,Walker,M,F,2023-06-28
28753.0,AW00028753,Barbara,Mitchell,M,M,2025-07-14
28754.0,AW00028754,Elizabeth,Johnson,M,M,2025-10-03
28755.0,AW00028755,Mark,King,M,M,2023-10-28
28756.0,AW00028756,Mark,Lewis,M,F,2025-05-08
28757.0,AW00028757,Rebecca,Anderson,M,F,2025-12-12
28758.0,AW00028758,Joshua,Wright,S,F,2023-08-02
28759.0,AW00028759,Melissa,Green,M,M,2025-01-25
28760.0,AW00028760,Amanda,Lopez,S,M,2023-01-22
28761.0,AW00028761,Linda,Turner,S,M,2024-02-09
28762.0,AW00028762,Michelle,Nelson,M,M,2024-11-19
28763.0,AW00028763,Mere,Young,S,F,2026-03-10
28764.0,AW00028764,Paul,Brown,S,F,2025-04-24
28765.0,AW00028765,Betty,Martin,M,M,2026-05-06
28766.0,AW00028766,David,Singh,M,F,2023-10-08
28767.0,AW00028767,Aroha,Clark,S,M,2024-05-31
28768.0,AW00028768,Mark,Davis,M,M,2024-09-23
28769.0,AW00028769,Thomas,Kumar,S,M,2026-01-09
28770.0,AW00028770,James,Young,S,M,2025-05-08
28771.0,AW00028771,Nancy,Scott,S,M,2026-02-08
28772.0,AW00028772,Amanda,Manu,S,M,2025-06-04
28773.0,AW00028773,Melissa,Green,S,M,2024-12-31
28774.0,AW00028774,Kenneth,Wilson,M,M,2026-02-02
28775.0,AW00028775,William,Williams,M,M,2024-08-15
28776.0,AW00028776,Paul,Jones,M,M,2024-05-11
28777.0,AW00028777,David,Adams,M,F,2023-01-30
28778.0,AW00028778,Mark,Johnson,S,F,2025-01-08
28779.0,AW00028779,Nancy,Adams,S,F,2025-02-13
28780.0,AW00028780,Daniel,Wright,S,M,2023-11-05
28781.0,AW00028781,Stephanie,Ngata,M,F,2025-06-26
28782.0,AW00028782,Robert,Williams,M,M,2025-11-18
28783.0,AW00028783,Tane,Manu,S,F,2023-12-30
28784.0,AW00028784,Tane,Davis,M,M,2025-10-20
28785.0,AW00028785,Sione,Kumar,S,F,2024-04-01
28786.0,AW00028786,George,Green,M,M,2024-10-14
28787.0,AW00028787,Joshua,Wilson,M,M,2024-04-27
28788.0,AW00028788,Jessica,Lopez,M,F,2025-08-06
28789.0,AW00028789,Peter,Garcia,S,F,2023-12-30
28790.0,AW00028790,Sarah,Williams,S,M,2025-02-28
28791.0,AW00028791,Emily,Taylor,M,M,2024-07-17
28792.0,AW00028792,Sione,Manu,S,F,2025-08-28
28793.0,AW00028793,Emily,Carter,S,M,2024-01-15
28794.0,AW00028794,Elizabeth,Hall,M,M,2023-04-03
28795.0,AW00028795,Steven,Wright,M,M,2024-07-30
28796.0,AW00028796,Linda,Martin,S,M,2026-05-21
28797.0,AW00028797,Paul,Brown,S,F,2023-02-15
28798.0,AW00028798,Karen,Green,S,M,2023-04-05
28799.0,AW00028799,Betty,Miller,M,F,2023-08-25
28800.0,AW00028800,Brian,Jackson,S,M,2024-05-28
28801.0,AW00028801,Kimberly,White,S,F,2024-01-23
28802.0,AW00028802,Patricia,Wright,M,M,2025-02-12
28803.0,AW00028803,Tane,Perez,S,F,2023-03-25
28804.0,AW00028804,Kimberly,Thomas,S,M,2024-06-21
28805.0,AW00028805,Aroha,Walker,S,F,2023-11-10
28806.0,AW00028806,George,Mitchell,M,M,2024-01-30
28807.0,AW00028807,Elizabeth,Brown,M,M,2024-10-30
28808.0,AW00028808,Donald,Toalii,S,M,2023-05-29
28809.0,AW00028809,Elizabeth,Davis,M,M,2024-10-06
28810.0,AW00028810,Baraa,Campbell,S,F,2025-08-15
28811.0,AW00028811,Kenneth,Nime,S,F,2025-10-25
28812.0,AW00028812,Rebecca,Clark,M,F,2025-08-31
28813.0,AW00028813,Ronald,Jones,M,F,2024-03-23
28814.0,AW00028814,Kimberly,Wright,M,M,2024-04-29
28815.0,AW00028815,Karen,Ngata,M,M,2023-08-08
28816.0,AW00028816,Amanda,Ngata,S,F,2024-07-18
28817.0,AW00028817,Charles,Singh,M,M,2025-10-26
28818.0,AW00028818,Patricia,Young,S,F,2025-09-13
28819.0,AW00028819,Sione,Green,M,M,2025-06-24
28820.0,AW00028820,John,Adams,M,F,2024-08-31
28821.0,AW00028821,Barbara,Thomas,S,M,2023-11-15
28822.0,AW00028822,George,Williams,M,M,2025-12-13
28823.0,AW00028823,John,Allen,S,M,2025-03-26
28824.0,AW00028824,Sandra,Nime,S,M,2024-11-02
28825.0,AW00028825,John,Phillips,M,M,2026-01-15
28826.0,AW00028826,James,Moore,M,F,2023-06-22
28827.0,AW00028827,Sione,Mitchell,M,F,2023-11-12
28828.0,AW00028828,Betty,Johnson,M,F,2025-12-21
28829.0,AW00028829,Mary,Wilson,M,M,2024-01-26
28830.0,AW00028830,Melissa,Williams,S,M,2026-02-20
28831.0,AW00028831,Sandra,Adams,M,F,2023-06-17
28832.0,AW00028832,Nancy,Young,S,F,2024-07-12
28833.0,AW00028833,Nancy,Garcia,M,F,2025-04-06
28834.0,AW00028834,Andrew,Lewis,,F,2026-02-24
28835.0,AW00028835,Michelle,Young,S,M,2024-03-16
28836.0,AW00028836,Melissa,Miller,M,M,2025-05-15
28837.0,AW00028837,Emily,Garcia,S,F,2024-08-17
28838.0,AW00028838,Paul,Adams,S,M,2023-07-24
28839.0,AW00028839,Ronald,Young,M,F,2024-10-12
28840.0,AW00028840,Deborah,Hall,M,F,2025-10-28
28841.0,AW00028841,Sarah,White,M,M,2025-04-19
28842.0,AW00028842,James,Scott,S,M,2023-09-03
28843.0,AW00028843,Stephanie,Martin,M,F,2025-12-19
28844.0,AW00028844,Jason,Smith,S,M,2023-07-10
28845.0,AW00028845,Anthony,Lopez,M,F,2025-04-01
28846.0,AW00028846,Joshua,Clark,S,F,2023-12-30
28847.0,AW00028847,Mere,Carter,M,M,2025-03-30
28848.0,AW00028848,Amanda,Toalii,S,F,2024-05-20
28849.0,AW00028849,Peter,Moore,S,M,2025-03-02
28850.0,AW00028850,Sarah,Roberts,M,F,2023-07-15
28851.0,AW00028851,Elizabeth,Lopez,M,F,2024-05-22
28852.0,AW00028852,Ronald,Nelson,M,M,2023-09-28
28853.0,AW00028853,David,Johnson,S,F,2025-07-11
28854.0,AW00028854,John,Jones,S,F,2023-05-08
28855.0,AW00028855,Andrew,Miller,S,M,2023-07-26
28856.0,AW00028856,Tane,Patel,S,M,2026-01-28
28857.0,AW00028857,Jennifer,Ngata,S,M,2026-02-27
28858.0,AW00028858,Joseph,Walker,S,M,2024-01-06
28859.0,AW00028859,Thomas,White,M,M,2024-06-08
28860.0,AW00028860,John,Mitchell,S,F,2024-10-26
28861.0,AW00028861,James,Phillips,S,M,2025-10-20
28862.0,AW00028862,Daniel,Johnson,M,M,2026-05-24
28863.0,AW00028863,Kenneth,Nime,M,F,2026-01-05
28864.0,AW00028864,Kimberly,Nime,M,M,2024-04-20
28865.0,AW00028865,Mary,Perez,M,F,2024-12-07
28866.0,AW00028866,Emily,Nime,S,M,2026-01-15
28867.0,AW00028867,Emily,Roberts,M,M,2024-12-16
28868.0,AW00028868,John,Miller,S,M,2023-10-27
28869.0,AW00028869,David,Walker,M,F,2025-07-12
28870.0,AW00028870,Susan,Walker,M,F,2023-06-09
28871.0,AW00028871,Brian,Green,M,,2026-01-23
28872.0,AW00028872,Tane,Roberts,S,M,2024-02-11
28873.0,AW00028873,Rebecca,Brown,S,F,2023-10-16
28874.0,AW00028874,Mark,Brown,S,F,2025-06-22
28875.0,AW00028875,Barbara,Moore,S,F,2025-11-20
28876.0,AW00028876,Rebecca,Moore,M,M,2024-11-09
28877.0,AW00028877,George,Clark,M,M,2025-04-24
28878.0,AW00028878,Charles,Anderson,S,M,2024-06-21
28879.0,AW00028879,Lisa,Mitchell,M,M,2024-05-09
28880.0,AW00028880,William,Johnson,M,F,2026-02-05
28881.0,AW00028881,Malia,Clark,M,F,2023-02-16
28882.0,AW00028882,Donald,Scott,S,F,2023-07-14
28883.0,AW00028883,Sione,Allen,S,M,2024-02-18
28884.0,AW00028884,Stephanie,Ngata,M,F,2025-09-02
28885.0,AW00028885,Jason,Roberts,S,M,2025-02-14
28886.0,AW00028886,Sandra,Young,M,M,2023-11-01
28887.0,AW00028887,John,Lopez,M,M,2025-10-22
28888.0,AW00028888,Mary,Manu,M,M,2025-12-29
28889.0,AW00028889,Betty,Johnson,M,M,2026-01-07
28890.0,AW00028890,Amanda,Campbell,S,F,2025-01-17
28891.0,AW00028891,Nancy,White,S,M,2024-09-07
28892.0,AW00028892,Aroha,Brown,M,F,2026-01-18
28893.0,AW00028893,Mary,Lewis,S,M,2025-10-21
28894.0,AW00028894,Sione,Taylor,S,M,2025-05-30
28895.0,AW00028895,Melissa,Thomas,S,F,2024-04-26
28896.0,AW00028896,Emily,Patel,M,F,2023-02-15
28897.0,AW00028897,Kimberly,Anderson,M,M,2023-10-02
28898.0,AW00028898,William,Lee,S,M,2023-11-08
28899.0,AW00028899,Emily,King,S,F,2025-02-17
28900.0,AW00028900,Patricia,Manu,S,F,2025-01-23
28901.0,AW00028901,Tane,Thomas,S,M,2025-05-07
28902.0,AW00028902,Peter,Perez,S,F,2024-08-10
28903.0,AW00028903,James,Mitchell,M,M,2023-08-14
28904.0,AW00028904,Donna,Wright,M,F,2025-11-06
28905.0,AW00028905,Emily,Manu,S,M,2025-08-01
28906.0,AW00028906,Timothy,Wilson,M,M,2024-06-06
28907.0,AW00028907,Susan,Lewis,S,M,2025-10-28
28908.0,AW00028908,Michelle,Thomas,S,F,2024-07-24
28909.0,AW00028909,Mere,King,M,F,2024-11-24
28910.0,AW00028910,Stephanie,Adams,S,M,2026-05-02
28911.0,AW00028911,Carol,Hall,S,M,2024-12-15
28912.0,AW00028912,Richard,Martin,S,F,2024-10-16
28913.0,AW00028913,Charles,Clark,M,M,2024-09-19
28914.0,AW00028914,Deborah,Nime,S,M,2025-12-21
28915.0,AW00028915,George,Singh,M,F,2026-04-16
28916.0,AW00028916,Charles,Parker,M,M,2024-11-09
28917.0,AW00028917,Timothy,Brown,S,M,2025-05-20
28918.0,AW00028918,Steven,Kumar,M,F,2025-11-12
28919.0,AW00028919,Ronald,Carter,S,M,2025-10-07
28920.0,AW00028920,Aroha,King,S,M,2026-05-08
28921.0,AW00028921,Barbara,Williams,M,F,2024-09-29
28922.0,AW00028922,Kenneth,Jones,S,F,2025-01-25
28923.0,AW00028923,Timothy,Thompson,M,M,2024-12-02
28924.0,AW00028924,Joshua,Nelson,S,F,2024-02-23
28925.0,AW00028925,Carol,Clark,S,F,2025-12-31
28926.0,AW00028926,Elizabeth,Taylor,S,M,2023-06-23
28927.0,AW00028927,Richard,Roberts,S,M,2023-08-10
28928.0,AW00028928,Richard,Green,M,F,2024-02-01
28929.0,AW00028929,Tane,Brown,S,F,2026-04-21
28930.0,AW00028930,Rebecca,Garcia,S,M,2023-12-02
28931.0,AW00028931,Nancy,Garcia,S,F,2023-03-10
28932.0,AW00028932,Richard,Mitchell,S,F,2025-08-28
28933.0,AW00028933,Anthony,Parker,S,F,2025-05-07
28934.0,AW00028934,Tane,Phillips,S,F,2023-10-22
28935.0,AW00028935,Thomas,Green,M,M,2023-04-19
28936.0,AW00028936,Jessica,Miller,S,F,2024-02-28
28937.0,AW00028937,Emily,Turner,S,M,2026-05-01
28938.0,AW00028938,Mere,Johnson,S,M,2024-11-07
28939.0,AW00028939,Mark,Green,M,F,2023-11-18
28940.0,AW00028940,Jennifer,Miller,M,F,2025-03-06
28941.0,AW00028941,Baraa,Phillips,S,M,2023-05-15
28942.0,AW00028942,Robert,Scott,S,F,2026-01-05
28943.0,AW00028943,Deborah,Turner,M,M,2026-05-19
28944.0,AW00028944,Jessica,Patel,M,M,2025-02-07
28945.0,AW00028945,David,Miller,M,F,2024-12-27
28946.0,AW00028946,Mere,Lopez,M,F,2023-02-06
28947.0,AW00028947,Barbara,Williams,M,F,2025-07-16
28948.0,AW00028948,Daniel,Roberts,S,F,2024-06-27
28949.0,AW00028949,Mark,White,M,M,2025-08-26
28950.0,AW00028950,Jason,Thompson,M,F,2024-07-31
28951.0,AW00028951,Charles,Young,M,F,2024-01-08
28952.0,AW00028952,Emily,Lee,S,F,2024-01-05
28953.0,AW00028953,Deborah,Walker,M,M,2025-12-28
28954.0,AW00028954,Susan,Lewis,S,F,2024-06-28
28955.0,AW00028955,Betty,Smith,S,F,2025-10-25
28956.0,AW00028956,Emily,Green,S,F,2025-03-28
28957.0,AW00028957,Sarah,Manu,M,F,2025-02-25
28958.0,AW00028958,Susan,Martin,M,F,2024-06-29
28959.0,AW00028959,Steven,Taylor,M,M,2025-05-16
28960.0,AW00028960,John,Parker,M,M,2023-07-12
28961.0,AW00028961,Timothy,Patel,S,M,2025-06-25
28962.0,AW00028962,Sandra,Mitchell,S,M,2024-07-20
28963.0,AW00028963,Charles,Davis,M,M,2024-08-09
28964.0,AW00028964,Robert,Carter,M,F,2024-02-17
28965.0,AW00028965,Betty,Green,M,F,2026-01-27
28966.0,AW00028966,Amanda,Lee,M,M,2025-03-29
28967.0,AW00028967,John,Garcia,S,F,2024-03-14
28968.0,AW00028968,William,Baker,M,F,2024-02-01
28969.0,AW00028969,Joshua,Martin,S,F,2024-04-22
28970.0,AW00028970,Thomas,Davis,M,F,2025-07-29
28971.0,AW00028971,Rebecca,Wilson,S,M,2023-05-20
28972.0,AW00028972,Matthew,Baker,S,F,2024-06-04
28973.0,AW00028973,Linda,Clark,M,F,2023-06-01
28974.0,AW00028974,James,Jackson,S,M,2024-05-16
28975.0,AW00028975,Matthew,Turner,M,M,2026-02-11
28976.0,AW00028976,Nancy,Singh,M,F,2024-10-24
28977.0,AW00028977,Michael,Carter,M,F,2024-04-24
28978.0,AW00028978,Ashley,Davis,S,F,2025-04-07
28979.0,AW00028979,Ronald,Williams,S,F,2024-08-01
28980.0,AW00028980,Steven,Kumar,M,M,2025-02-02
28981.0,AW00028981,Keziah,Brown,M,M,2024-01-01
28982.0,AW00028982,Amanda,Kumar,S,M,2024-12-02
28983.0,AW00028983,Tane,Clark,S,M,2024-12-13
28984.0,AW00028984,Rebecca,Brown,S,F,2023-03-07
28985.0,AW00028985,Tane,Lopez,M,F,2024-03-01
28986.0,AW00028986,Nancy,Williams,S,F,2025-04-30
28987.0,AW00028987,Kimberly,Parker,M,M,2024-10-10
28988.0,AW00028988,Nancy,Adams,M,M,2024-03-19
28989.0,AW00028989,Elizabeth,Martin,S,M,2024-12-15
28990.0,AW00028990,Keziah,Miller,M,M,2025-05-28
28991.0,AW00028991,Stephanie,Brown,M,M,2024-11-01
28992.0,AW00028992,Matthew,Jones,S,M,2024-07-31
28993.0,AW00028993,Linda,Miller,M,M,2025-10-11
28994.0,AW00028994,Nancy,Lopez,S,M,2024-11-17
28995.0,AW00028995,Sandra,Roberts,S,M,2024-07-18
28996.0,AW00028996,Lisa,Mitchell,M,F,2024-03-19
28997.0,AW00028997,Brian,Clark,S,F,2024-03-18
28998.0,AW00028998,Sandra,Taylor,S,F,2024-09-03
28999.0,AW00028999,John,White,S,M,2024-09-03
29000.0,AW00029000,Emily,Young,S,F,2024-02-09
29001.0,AW00029001,Elizabeth,Phillips,M,F,2024-02-25
29002.0,AW00029002,Elizabeth,Williams,S,F,2025-01-05
29003.0,AW00029003,David,Jones,S,M,2024-06-28
29004.0,AW00029004,Melissa,Moore,S,F,2024-03-19
29005.0,AW00029005,Andrew,Brown,M,F,2024-09-28
29006.0,AW00029006,Michael,Martin,M,M,2023-05-14
29007.0,AW00029007,James,Parker,S,M,2025-11-29
29008.0,AW00029008,Kimberly,Moore,M,M,2025-04-11
29009.0,AW00029009,Joseph,Martin,M,F,2024-04-04
29010.0,AW00029010,Richard,Lewis,M,F,2024-12-07
29011.0,AW00029011,Sandra,Singh,M,F,2024-06-08
29012.0,AW00029012,Kimberly,Moore,S,M,2026-03-21
29013.0,AW00029013,Richard,Clark,M,M,2024-08-22
29014.0,AW00029014,Ronald,Garcia,M,M,2025-01-30
29015.0,AW00029015,Joseph,Thomas,M,F,2023-06-11
29016.0,AW00029016,Richard,Williams,M,M,2025-12-30
29017.0,AW00029017,Kenneth,Singh,S,M,2024-01-29
29018.0,AW00029018,John,Manu,S,F,2025-08-22
29019.0,AW00029019,William,Adams,S,M,2024-06-12
29020.0,AW00029020,Barbara,White,S,M,2024-06-07
29021.0,AW00029021,Stephanie,Davis,M,F,2023-01-13
29022.0,AW00029022,Keziah,Miller,M,M,2023-11-30
29023.0,AW00029023,Barbara,Moore,M,F,2025-06-06
29024.0,AW00029024,Karen,Toalii,S,M,2024-02-07
29025.0,AW00029025,Anthony,Wilson,S,M,2024-09-15
29026.0,AW00029026,Jason,Mitchell,S,M,2024-06-12
29027.0,AW00029027,David,Lopez,M,M,2025-07-13
29028.0,AW00029028,Steven,Taylor,M,M,2023-03-13
29029.0,AW00029029,Linda,Patel,M,F,2024-01-26
29030.0,AW00029030,Jason,Manu,S,F,2026-02-14
29031.0,AW00029031,Andrew,Perez,S,F,2025-03-09
29032.0,AW00029032,Linda,Patel,M,F,2025-06-01
29033.0,AW00029033,Baraa,Wright,S,F,2026-04-29
29034.0,AW00029034,Michael,White,S,M,2025-04-28
29035.0,AW00029035,James,Wilson,S,F,2024-08-02
29036.0,AW00029036,Patricia,Brown,M,M,2024-09-03
29037.0,AW00029037,Aroha,Smith,S,M,2025-06-23
29038.0,AW00029038,Peter,Phillips,M,F,2026-01-20
29039.0,AW00029039,Brian,Hall,S,M,2024-08-11
29040.0,AW00029040,Tane,Wilson,S,M,2026-03-17
29041.0,AW00029041,Steven,Parker,M,M,2023-04-02
29042.0,AW00029042,Michael,Young,M,F,2026-02-10
29043.0,AW00029043,Timothy,Campbell,S,M,2025-11-17
29044.0,AW00029044,Kimberly,Wilson,S,F,2023-10-13
29045.0,AW00029045,Michelle,Johnson,M,F,2023-11-12
29046.0,AW00029046,Jennifer,King,S,F,2025-07-22
29047.0,AW00029047,Ashley,Phillips,S,F,2023-11-05
29048.0,AW00029048,Mary,Wilson,S,F,2026-04-23
29049.0,AW00029049,Steven,Adams,M,F,2025-09-20
29050.0,AW00029050,Carol,Lewis,M,M,2024-07-29
29051.0,AW00029051,Lisa,Thompson,S,F,2023-05-05
29052.0,AW00029052,Stephanie,White,S,M,2024-06-14
29053.0,AW00029053,Brian,Roberts,S,F,2023-04-10
29054.0,AW00029054,Stephanie,Davis,M,M,2023-04-08
29055.0,AW00029055,Timothy,Martin,M,F,2023-03-15
29056.0,AW00029056,Joseph,Clark,M,F,2025-03-14
29057.0,AW00029057,Deborah,Smith,M,F,2025-03-10
29058.0,AW00029058,Sandra,Lee,M,M,2025-02-25
29059.0,AW00029059,Donna,Carter,M,M,2024-01-20
29060.0,AW00029060,Donald,Lewis,M,M,2025-07-31
29061.0,AW00029061,Jason,White,M,M,2025-04-09
29062.0,AW00029062,Mary,Allen,M,M,2026-05-09
29063.0,AW00029063,William,Hall,S,F,2023-08-03
29064.0,AW00029064,Ronald,Kumar,S,F,2023-07-30
29065.0,AW00029065,Emily,Johnson,M,F,2023-08-18
29066.0,AW00029066,Ronald,Patel,S,F,2025-01-30
29067.0,AW00029067,Andrew,Taylor,M,F,2025-11-26
29068.0,AW00029068,Michelle,Allen,M,F,2025-03-26
29069.0,AW00029069,Kimberly,Kumar,M,M,2025-04-29
29070.0,AW00029070,Ashley,Baker,M,M,2023-05-05
29071.0,AW00029071,Steven,Jones,M,M,2024-02-02
29072.0,AW00029072,Kenneth,Adams,M,M,2023-11-25
29073.0,AW00029073,Steven,King,S,M,2026-05-24
29074.0,AW00029074,Brian,Kumar,S,F,2024-09-29
29075.0,AW00029075,Betty,Johnson,M,F,2024-05-25
29076.0,AW00029076,Steven,Miller,S,F,2026-03-26
29077.0,AW00029077,Lisa,Lopez,M,M,2024-06-05
29078.0,AW00029078,Rebecca,Young,S,M,2025-07-29
29079.0,AW00029079,Patricia,Anderson,S,M,2024-12-11
29080.0,AW00029080,Deborah,Jones,M,F,2025-09-08
29081.0,AW00029081,Nancy,Clark,M,M,2025-02-04
29082.0,AW00029082,Sandra,Lee,M,F,2025-12-09
29083.0,AW00029083,Kimberly,Allen,S,M,2023-03-27
29084.0,AW00029084,Daniel,Young,S,M,2026-05-17
29085.0,AW00029085,Timothy,Ngata,S,M,2026-02-19
29086.0,AW00029086,Joseph,Phillips,S,F,2023-08-17
29087.0,AW00029087,Brian,Wright,M,F,2024-06-20
29088.0,AW00029088,Kenneth,Phillips,S,M,2023-11-02
29089.0,AW00029089,Lisa,Jones,M,F,2026-03-02
29090.0,AW00029090,Tane,Walker,M,F,2026-04-16
29091.0,AW00029091,William,Nime,M,F,2025-10-19
29092.0,AW00029092,Kimberly,Turner,M,M,2025-01-26
29093.0,AW00029093,Charles,Garcia,S,F,2024-11-01
29094.0,AW00029094,Nancy,Lee,M,M,2026-01-04
29095.0,AW00029095,James,Singh,M,M,2023-04-04
29096.0,AW00029096,Richard,Smith,M,F,2025-09-06
29097.0,AW00029097,Anthony,Clark,S,F,2024-11-19
29098.0,AW00029098,Susan,Phillips,S,F,2024-02-15
29099.0,AW00029099,Deborah,Thomas,S,M,2025-10-17
29100.0,AW00029100,Nancy,Roberts,M,M,2024-12-24
29101.0,AW00029101,Richard,King,M,M,2025-10-19
29102.0,AW00029102,Malia,Nime,M,F,2026-03-14
29103.0,AW00029103,Barbara,Baker,S,M,2024-06-06
29104.0,AW00029104,Charles,Patel,S,F,2025-03-30
29105.0,AW00029105,Richard,Turner,M,M,2023-09-08
29106.0,AW00029106,Donna,Walker,S,M,2023-12-04
29107.0,AW00029107,Thomas,Williams,S,F,2025-05-22
29108.0,AW00029108,Daniel,Brown,M,F,2024-05-01
29109.0,AW00029109,Ashley,Young,S,F,2025-01-14
29110.0,AW00029110,Linda,Taylor,M,M,2024-06-24
29111.0,AW00029111,Michael,Hall,M,F,2023-12-05
29112.0,AW00029112,Baraa,Lopez,S,F,2024-11-27
29113.0,AW00029113,Anthony,Hall,M,M,2023-10-06
29114.0,AW00029114,Sione,Wilson,S,M,2023-03-21
29115.0,AW00029115,Richard,Hall,S,M,2025-02-14
29116.0,AW00029116,Steven,Jackson,M,M,2024-07-28
29117.0,AW00029117,Amanda,Jones,M,M,2024-06-15
29118.0,AW00029118,Patricia,Taylor,M,M,2026-01-20
29119.0,AW00029119,Tane,Jones,S,F,2024-02-01
29120.0,AW00029120,Amanda,Perez,M,M,2023-07-22
29121.0,AW00029121,Mere,Jackson,M,M,2023-05-06
29122.0,AW00029122,Peter,Jones,M,M,2025-10-14
29123.0,AW00029123,Jessica,Phillips,M,F,2024-07-18
29124.0,AW00029124,Joshua,Parker,M,F,2024-01-17
29125.0,AW00029125,Matthew,Nime,M,M,2025-07-31
29126.0,AW00029126,Thomas,King,M,F,2024-10-29
29127.0,AW00029127,Malia,White,S,F,2023-05-16
29128.0,AW00029128,Sione,Moore,M,M,2024-09-24
29129.0,AW00029129,Paul,Taylor,M,F,2024-08-24
29130.0,AW00029130,Richard,Adams,S,M,2025-02-26
29131.0,AW00029131,Barbara,Roberts,M,F,2026-04-23
29132.0,AW00029132,Brian,Roberts,M,M,2024-06-17
29133.0,AW00029133,Karen,Manu,M,F,2026-03-02
29134.0,AW00029134,Joshua,Garcia,S,M,2023-05-12
29135.0,AW00029135,Elizabeth,Thomas,M,F,2025-12-02
29136.0,AW00029136,Susan,Carter,M,F,2023-01-26
29137.0,AW00029137,Keziah,Miller,M,F,2024-08-13
29138.0,AW00029138,Sandra,Young,S,F,2024-11-04
29139.0,AW00029139,Donald,Phillips,M,F,2023-01-18
29140.0,AW00029140,Joshua,Brown,S,F,2023-07-11
29141.0,AW00029141,James,Clark,M,F,2026-03-21
29142.0,AW00029142,Andrew,Allen,S,M,2024-05-12
29143.0,AW00029143,,Lee,M,F,2024-07-31
29144.0,AW00029144,Michael,Allen,M,M,2023-06-16
29145.0,AW00029145,John,Campbell,M,M,2025-01-05
29146.0,AW00029146,Barbara,Ngata,M,F,2023-05-01
29147.0,AW00029147,Donald,Taylor,M,F,2025-07-13
29148.0,AW00029148,Elizabeth,Smith,M,F,2023-10-30
29149.0,AW00029149,Michelle,Mitchell,M,M,2023-06-19
29150.0,AW00029150,Susan,Carter,S,F,2026-03-03
29151.0,AW00029151,Joshua,Davis,M,F,2023-02-20
29152.0,AW00029152,Thomas,Roberts,M,M,2026-05-25
29153.0,AW00029153,Linda,Lopez,S,F,2023-05-07
29154.0,AW00029154,Tane,Young,M,M,2024-11-24
29155.0,AW00029155,Karen,Ngata,M,M,2023-11-13
29156.0,AW00029156,Anthony,Singh,M,F,2026-03-08
29157.0,AW00029157,Jason,Green,M,M,2024-03-18
29158.0,AW00029158,Elizabeth,Kumar,S,,2025-01-16
29159.0,AW00029159,Donald,Lee,S,M,2025-12-12
29160.0,AW00029160,Mark,Clark,M,M,2025-10-03
29161.0,AW00029161,Robert,Turner,M,F,2026-03-23
29162.0,AW00029162,David,Roberts,M,F,2024-08-19
29163.0,AW00029163,Donna,Lewis,M,M,2024-05-29
29164.0,AW00029164,Malia,Campbell,M,M,2024-10-16
29165.0,AW00029165,James,Perez,S,F,2023-10-19
29166.0,AW00029166,Melissa,White,M,M,2025-10-25
29167.0,AW00029167,Karen,Davis,S,F,2025-11-15
29168.0,AW00029168,Richard,Smith,M,M,2025-09-28
29169.0,AW00029169,Stephanie,Adams,S,F,2024-02-25
29170.0,AW00029170,Mary,King,M,F,2023-08-22
29171.0,AW00029171,Betty,Roberts,M,F,2023-09-25
29172.0,AW00029172,Stephanie,Wright,M,F,2025-03-06
29173.0,AW00029173,Betty,Williams,M,M,2025-01-05
29174.0,AW00029174,Rebecca,Mitchell,S,F,2024-07-09
29175.0,AW00029175,Jessica,Campbell,S,M,2025-09-27
29176.0,AW00029176,Paul,Wright,S,M,2024-02-10
29177.0,AW00029177,Malia,Mitchell,M,F,2023-09-18
29178.0,AW00029178,John,Brown,S,F,2023-12-24
29179.0,AW00029179,Kimberly,Young,M,M,2023-11-29
29180.0,AW00029180,Ashley,Young,S,M,2023-05-24
29181.0,AW00029181,Andrew,Singh,S,F,2024-04-24
29182.0,AW00029182,John,Scott,S,M,2023-02-05
29183.0,AW00029183,Steven,Scott,S,M,2023-01-31
29184.0,AW00029184,Malia,Toalii,S,M,2026-05-16
29185.0,AW00029185,Mary,Jackson,S,M,2023-01-15
29186.0,AW00029186,Peter,Taylor,M,F,2025-08-29
29187.0,AW00029187,Susan,Williams,M,M,2025-12-30
29188.0,AW00029188,Melissa,King,S,F,2025-08-30
29189.0,AW00029189,Aroha,Young,S,M,2024-03-26
29190.0,AW00029190,Jennifer,Lewis,M,F,2023-10-17
29191.0,AW00029191,Thomas,Phillips,S,F,2026-01-03
29192.0,AW00029192,Lisa,Hall,M,M,2025-12-24
29193.0,AW00029193,Jason,King,M,M,2025-01-22
29194.0,AW00029194,Baraa,Campbell,M,F,2025-08-29
29195.0,AW00029195,John,Smith,M,M,2024-04-07
29196.0,AW00029196,Paul,Young,M,M,2025-06-09
29197.0,AW00029197,Brian,Allen,S,M,2024-08-30
29198.0,AW00029198,Michelle,Singh,M,M,2025-05-27
29199.0,AW00029199,Jennifer,Taylor,M,F,2025-10-05
29200.0,AW00029200,Sandra,Adams,S,M,2025-08-19
29201.0,AW00029201,Andrew,Walker,M,M,2025-05-11
29202.0,AW00029202,Mark,Jackson,S,F,2024-03-18
29203.0,AW00029203,Steven,Carter,M,M,2023-02-15
29204.0,AW00029204,Melissa,Martin,M,F,2023-11-01
29205.0,AW00029205,Carol,Young,M,F,2024-11-30
29206.0,AW00029206,Anthony,Thompson,M,F,2023-08-13
29207.0,AW00029207,Kimberly,Lewis,M,F,2024-06-14
29208.0,AW00029208,Jennifer,Allen,M,M,2025-09-16
29209.0,AW00029209,Stephanie,Turner,S,M,2024-05-11
29210.0,AW00029210,Joseph,Parker,M,M,2026-04-30
29211.0,AW00029211,William,Perez,S,F,2023-04-25
29212.0,AW00029212,Aroha,Smith,M,M,2023-03-28
29213.0,AW00029213,Timothy,Young,M,M,2025-12-27
29214.0,AW00029214,Matthew,Ngata,M,F,2023-07-26
29215.0,AW00029215,Malia,Young,S,M,2024-08-23
29216.0,AW00029216,Betty,Manu,S,M,2024-10-23
29217.0,AW00029217,David,Singh,M,F,2025-04-03
29218.0,AW00029218,Peter,Nime,M,F,2024-04-10
29219.0,AW00029219,Carol,Turner,S,M,2025-03-28
29220.0,AW00029220,Elizabeth,Scott,S,M,2025-04-06
29221.0,AW00029221,Timothy,Nime,M,F,2025-04-05
29222.0,AW00029222,Emily,Campbell,M,F,2023-05-27
29223.0,AW00029223,Michelle,Moore,M,M,2023-05-08
29224.0,AW00029224,Peter,Young,M,F,2023-09-10
29225.0,AW00029225,William,Manu,M,M,2023-08-23
29226.0,AW00029226,Jessica,Garcia,M,F,2023-11-05
29227.0,AW00029227,George,Kumar,S,F,2024-07-25
29228.0,AW00029228,Kimberly,Smith,M,M,2025-02-28
29229.0,AW00029229,John,Johnson,S,F,2025-09-07
29230.0,AW00029230,Amanda,Garcia,M,M,2026-03-25
29231.0,AW00029231,Malia,Baker,S,M,2023-06-16
29232.0,AW00029232,Robert,Jones,S,F,2025-02-10
29233.0,AW00029233,Betty,Wilson,M,M,2023-07-24
29234.0,AW00029234,James,Walker,M,F,2024-02-21
29235.0,AW00029235,Joseph,Smith,M,F,2023-12-19
29236.0,AW00029236,Kenneth,Young,M,F,2026-04-17
29237.0,AW00029237,Amanda,Young,S,F,2023-02-01
29238.0,AW00029238,Sione,Manu,S,F,2024-03-19
29239.0,AW00029239,Timothy,Smith,S,F,2025-05-16
29240.0,AW00029240,Charles,Nelson,S,F,2024-03-08
29241.0,AW00029241,Kenneth,Wilson,M,M,2024-09-16
29242.0,AW00029242,David,Carter,S,M,2025-05-31
29243.0,AW00029243,Aroha,Adams,S,F,2023-04-09
29244.0,AW00029244,Peter,Walker,S,F,2025-05-19
29245.0,AW00029245,Daniel,Manu,S,F,2025-02-07
29246.0,AW00029246,Donna,Nelson,S,F,2024-06-07
29247.0,AW00029247,Susan,Hall,S,M,2023-05-03
29248.0,AW00029248,Peter,Lee,S,M,2025-03-20
29249.0,AW00029249,Baraa,Singh,S,F,2023-04-06
29250.0,AW00029250,Joshua,Roberts,M,F,2025-03-16
29251.0,AW00029251,Linda,Jackson,S,M,2023-03-23
29252.0,AW00029252,Emily,Patel,S,M,2024-05-09
29253.0,AW00029253,Mary,Nime,S,M,2023-12-24
29254.0,AW00029254,Kimberly,Johnson,S,F,2026-01-05
29255.0,AW00029255,Joseph,Clark,S,F,2025-08-20
29256.0,AW00029256,Tane,White,S,F,2025-05-26
29257.0,AW00029257,William,Moore,S,F,2023-01-19
29258.0,AW00029258,Patricia,Campbell,S,F,2023-04-29
29259.0,AW00029259,Kenneth,Wright,M,M,2024-11-14
29260.0,AW00029260,Kenneth,Lee,M,F,2023-03-31
29261.0,AW00029261,Donna,Manu,M,M,2024-08-24
29262.0,AW00029262,Malia,Garcia,S,M,2024-01-19
29263.0,AW00029263,Mary,Singh,S,M,2024-07-29
29264.0,AW00029264,Amanda,Lewis,S,F,2023-11-28
29265.0,AW00029265,George,Jones,M,F,2024-04-17
29266.0,AW00029266,Ashley,Lopez,M,M,2024-03-22
29267.0,AW00029267,Jennifer,Wilson,S,F,2026-04-26
29268.0,AW00029268,Thomas,Walker,M,M,2026-04-27
29269.0,AW00029269,Emily,King,S,M,2024-02-15
29270.0,AW00029270,Andrew,Wilson,M,M,2024-11-25
29271.0,AW00029271,Malia,Miller,M,M,2024-04-27
29272.0,AW00029272,George,Phillips,M,M,2024-07-21
29273.0,AW00029273,Karen,Brown,M,M,2023-03-30
29274.0,AW00029274,Stephanie,Campbell,M,F,2026-03-12
29275.0,AW00029275,Melissa,Thompson,S,M,2023-05-15
29276.0,AW00029276,Mark,Lee,M,M,2024-08-04
29277.0,AW00029277,Sandra,Clark,M,F,2023-01-02
29278.0,AW00029278,Mary,Anderson,M,M,2025-12-20
29279.0,AW00029279,Sandra,Kumar,S,F,2025-08-06
29280.0,AW00029280,Jennifer,Young,M,F,2024-07-17
29281.0,AW00029281,Keziah,Patel,M,F,2024-05-28
29282.0,AW00029282,Keziah,Garcia,M,M,2024-03-31
29283.0,AW00029283,David,Nelson,M,F,2026-05-27
29284.0,AW00029284,Sarah,White,S,M,2024-12-29
29285.0,AW00029285,Deborah,Patel,S,F,2024-06-29
29286.0,AW00029286,Mary,White,S,M,2024-07-21
29287.0,AW00029287,Nancy,Wilson,M,M,2026-05-07
29288.0,AW00029288,Betty,Roberts,S,M,2024-12-12
29289.0,AW00029289,Paul,Carter,M,F,2024-04-26
29290.0,AW00029290,Ashley,Thomas,S,M,2023-12-01
29291.0,AW00029291,Anthony,Nelson,S,F,2023-12-01
29292.0,AW00029292,Mary,King,S,M,2024-12-02
29293.0,AW00029293,Carol,Kumar,M,F,2024-12-22
29294.0,AW00029294,Thomas,Toalii,M,M,2025-09-24
29295.0,AW00029295,Steven,Jones,S,M,2025-11-27
29296.0,AW00029296,Karen,Thompson,M,M,2024-06-27
29297.0,AW00029297,David,Garcia,M,F,2023-04-10
29298.0,AW00029298,Susan,Kumar,M,F,2025-06-26
29299.0,AW00029299,George,Baker,M,F,2023-08-28
29300.0,AW00029300,James,Ngata,S,F,2024-06-09
29301.0,AW00029301,Anthony,Walker,M,M,2026-04-02
29302.0,AW00029302,Matthew,Williams,S,F,2023-07-03
29303.0,AW00029303,Thomas,Nime,S,F,2023-12-01
29304.0,AW00029304,Mere,Phillips,S,F,2023-02-23
29305.0,AW00029305,Aroha,Patel,S,F,2025-07-03
29306.0,AW00029306,Melissa,Toalii,S,M,2026-04-17
29307.0,AW00029307,George,Smith,S,M,2025-04-13
29308.0,AW00029308,Mark,Perez,S,M,2024-08-20
29309.0,AW00029309,Joseph,Kumar,S,M,2026-01-05
29310.0,AW00029310,Stephanie,Smith,S,M,2024-09-05
29311.0,AW00029311,Joshua,Smith,M,F,2025-05-16
29312.0,AW00029312,Anthony,Nime,M,F,2023-05-24
29313.0,AW00029313,James,King,S,M,2024-12-04
29314.0,AW00029314,Melissa,Williams,M,F,2023-06-15
29315.0,AW00029315,Carol,Smith,M,F,2023-09-15
29316.0,AW00029316,Malia,Walker,M,M,2023-10-05
29317.0,AW00029317,Steven,Williams,M,M,2025-03-10
29318.0,AW00029318,Joshua,Brown,M,M,2023-09-22
29319.0,AW00029319,Nancy,Nime,M,M,2023-07-27
29320.0,AW00029320,Elizabeth,Thomas,S,F,2025-12-11
29321.0,AW00029321,Rebecca,Ngata,S,F,2025-12-13
29322.0,AW00029322,Amanda,Scott,M,M,2023-08-19
29323.0,AW00029323,Lisa,Parker,M,F,2023-04-14
29324.0,AW00029324,Malia,White,S,F,2023-11-04
29325.0,AW00029325,Matthew,Martin,M,F,2026-04-11
29326.0,AW00029326,Barbara,Thompson,S,F,2026-05-23
29327.0,AW00029327,John,Garcia,S,F,2026-02-18
29328.0,AW00029328,Karen,Moore,M,F,2023-02-18
29329.0,AW00029329,Sione,Thomas,M,M,2023-04-23
29330.0,AW00029330,David,Thomas,M,F,2024-11-16
29331.0,AW00029331,Stephanie,Walker,S,F,2025-12-20
29332.0,AW00029332,Ashley,Walker,S,M,2023-03-27
29333.0,AW00029333,Paul,Baker,S,F,2023-03-20
29334.0,AW00029334,Lisa,Johnson,S,F,2024-10-23
29335.0,AW00029335,Linda,Kumar,S,M,2025-06-25
29336.0,AW00029336,Elizabeth,Young,S,F,2023-11-11
29337.0,AW00029337,Daniel,Hall,S,F,2025-07-18
29338.0,AW00029338,Kenneth,Williams,M,M,2025-01-13
29339.0,AW00029339,James,Turner,S,M,2024-08-13
29340.0,AW00029340,Robert,Lee,S,F,2025-03-26
29341.0,AW00029341,Ronald,Singh,S,F,2025-02-10
29342.0,AW00029342,Steven,Smith,M,M,2025-11-02
29343.0,AW00029343,Linda,Parker,S,F,2025-01-29
29344.0,AW00029344,Robert,Clark,S,M,2025-08-25
29345.0,AW00029345,Kenneth,Toalii,M,F,2024-05-02
29346.0,AW00029346,Brian,Mitchell,M,M,2026-05-26
29347.0,AW00029347,Kimberly,Campbell,S,F,2025-09-01
29348.0,AW00029348,David,Walker,S,M,2024-08-28
29349.0,AW00029349,Paul,Clark,S,M,2024-07-23
29350.0,AW00029350,Thomas,Nelson,S,F,2023-06-09
29351.0,AW00029351,Jennifer,Campbell,M,M,2025-12-29
29352.0,AW00029352,Kimberly,Thomas,S,M,2023-03-15
29353.0,AW00029353,Joseph,Toalii,S,F,2025-12-11
29354.0,AW00029354,Anthony,Singh,S,M,2023-07-29
29355.0,AW00029355,Elizabeth,King,S,F,2025-05-22
29356.0,AW00029356,Aroha,Clark,S,F,2025-10-13
29357.0,AW00029357,Paul,Lee,S,M,2026-05-25
29358.0,AW00029358,Sione,Toalii,S,M,2025-02-20
29359.0,AW00029359,Patricia,Mitchell,M,M,2026-02-19
29360.0,AW00029360,Nancy,Patel,M,M,2025-09-12
29361.0,AW00029361,Susan,Jackson,S,F,2025-10-02
29362.0,AW00029362,Melissa,Roberts,S,M,2023-07-28
29363.0,AW00029363,Malia,Jackson,M,M,2024-03-12
29364.0,AW00029364,Timothy,Brown,M,F,2025-10-04
29365.0,AW00029365,Keziah,Moore,M,M,2023-06-14
29366.0,AW00029366,Stephanie,Jackson,S,M,2023-07-14
29367.0,AW00029367,Elizabeth,King,M,F,2023-05-10
29368.0,AW00029368,Karen,Garcia,S,F,2023-10-08
29369.0,AW00029369,Richard,Toalii,S,F,2024-12-25
29370.0,AW00029370,Paul,Manu,S,M,2025-04-18
29371.0,AW00029371,Robert,Campbell,S,M,2025-02-19
29372.0,AW00029372,Patricia,Thomas,S,M,2026-01-11
29373.0,AW00029373,Charles,Hall,S,M,2026-02-14
29374.0,AW00029374,Betty,Garcia,M,F,2025-04-25
29375.0,AW00029375,Brian,Phillips,M,M,2025-11-12
29376.0,AW00029376,James,Miller,S,M,2025-02-11
29377.0,AW00029377,Steven,Nelson,M,M,2025-02-17
29378.0,AW00029378,Matthew,Lewis,M,F,2025-02-06
29379.0,AW00029379,Brian,King,S,F,2025-06-24
29380.0,AW00029380,Kimberly,White,S,M,2025-01-31
29381.0,AW00029381,Michael,Patel,S,F,2025-05-22
29382.0,AW00029382,Michelle,Jackson,S,F,2024-02-14
29383.0,AW00029383,Betty,Nime,S,F,2025-06-11
29384.0,AW00029384,Deborah,Miller,S,F,2026-03-21
29385.0,AW00029385,Andrew,Wright,M,F,2026-03-14
29386.0,AW00029386,Mark,Wilson,M,F,2025-09-25
29387.0,AW00029387,Linda,Parker,S,F,2025-07-19
29388.0,AW00029388,Donald,Lopez,M,F,2023-04-14
29389.0,AW00029389,Tane,Mitchell,M,F,2023-04-13
29390.0,AW00029390,Mark,Thomas,S,F,2023-10-28
29391.0,AW00029391,Deborah,Martin,S,M,2024-08-29
29392.0,AW00029392,Donald,Mitchell,S,M,2026-04-12
29393.0,AW00029393,Robert,Singh,M,F,2023-05-26
29394.0,AW00029394,Sarah,Anderson,M,F,2025-10-04
29395.0,AW00029395,Joseph,Lee,S,F,2023-12-20
29396.0,AW00029396,Carol,Jackson,M,M,2025-06-16
29397.0,AW00029397,Brian,Johnson,M,M,2026-01-19
29398.0,AW00029398,Michael,Kumar,M,M,2025-11-10
29399.0,AW00029399,Baraa,Perez,S,F,2023-07-19
29400.0,AW00029400,Susan,Jackson,S,F,2024-07-14
29401.0,AW00029401,William,Wright,S,F,2023-08-04
29402.0,AW00029402,Keziah,Jackson,M,M,2023-03-09
29403.0,AW00029403,Charles,Parker,S,M,2024-05-20
29404.0,AW00029404,Peter,Wilson,M,M,2024-06-28
29405.0,AW00029405,Timothy,Lee,M,F,2026-02-22
29406.0,AW00029406,Deborah,Young,S,M,2024-03-14
29407.0,AW00029407,Baraa,Clark,M,M,2023-11-27
29408.0,AW00029408,Sandra,Turner,M,M,2023-02-13
29409.0,AW00029409,Kimberly,Martin,M,F,2025-12-03
29410.0,AW00029410,Peter,Thompson,M,M,2025-07-28
29411.0,AW00029411,Betty,Parker,S,M,2023-12-09
29412.0,AW00029412,Mere,Parker,S,F,2023-01-12
29413.0,AW00029413,Daniel,Jackson,S,M,2026-02-10
29414.0,AW00029414,Paul,Clark,S,M,2025-05-13
29415.0,AW00029415,Jennifer,Campbell,M,M,2025-06-27
29416.0,AW00029416,Peter,Taylor,S,F,2023-01-01
29417.0,AW00029417,Keziah,Walker,,M,2024-09-21
29418.0,AW00029418,Ashley,Kumar,M,M,2024-06-02
29419.0,AW00029419,Michelle,Perez,M,F,2023-08-07
29420.0,AW00029420,Joshua,Carter,S,F,2024-04-05
29421.0,AW00029421,Charles,Baker,M,F,2023-10-29
29422.0,AW00029422,Paul,Manu,S,F,2024-09-21
29423.0,AW00029423,Michelle,Patel,M,M,2023-09-28
29424.0,AW00029424,Carol,Patel,S,F,2024-04-14
29425.0,AW00029425,Daniel,Johnson,M,M,2025-07-26
29426.0,AW00029426,Thomas,Davis,S,M,2024-04-13
29427.0,AW00029427,Matthew,White,M,F,2024-06-05
29428.0,AW00029428,Brian,Smith,M,F,2025-05-07
29429.0,AW00029429,Charles,Baker,M,F,2024-03-17
29430.0,AW00029430,Malia,Thompson,M,M,2024-10-27
29431.0,AW00029431,Emily,Roberts,S,M,2025-11-06
29432.0,AW00029432,Keziah,Ngata,M,M,2025-09-18
29433.0,AW00029433,Ashley,Green,M,M,2023-10-21
29434.0,AW00029434,Deborah,Carter,S,M,2023-07-13
29435.0,AW00029435,Carol,Toalii,M,F,2024-08-01
29436.0,AW00029436,Rebecca,Smith,M,M,2023-03-07
29437.0,AW00029437,Elizabeth,Phillips,M,F,2025-09-07
29438.0,AW00029438,Ronald,Kumar,M,M,2024-01-17
29439.0,AW00029439,Nancy,Green,S,F,2024-02-29
29440.0,AW00029440,Joseph,Jones,S,M,2024-06-07
29441.0,AW00029441,Sione,Thompson,S,F,2023-05-17
29442.0,AW00029442,Sione,Ngata,M,M,2025-08-26
29443.0,AW00029443,Jennifer,Davis,S,M,2025-03-23
29444.0,AW00029444,Karen,Green,S,F,2025-01-17
29445.0,AW00029445,John,Lopez,S,M,2025-03-26
29446.0,AW00029446,Melissa,Nelson,S,M,2025-09-13
29447.0,AW00029447,Mere,Ngata,S,F,2026-04-29
29448.0,AW00029448,John,Turner,S,M,2025-05-01
29449.0,AW00029449,William,Jones,M,F,2023-01-30
29450.0,AW00029450,Peter,Clark,S,F,2026-05-18
29451.0,AW00029451,Sarah,Mitchell,M,F,2023-05-07
29452.0,AW00029452,Donald,Young,S,F,2023-05-23
29453.0,AW00029453,Donna,Turner,S,F,2023-03-16
29454.0,AW00029454,Donna,Parker,S,F,2024-10-19
29455.0,AW00029455,Donald,Scott,S,F,2023-08-08
29456.0,AW00029456,Keziah,Williams,M,F,2025-10-14
29457.0,AW00029457,Sarah,Johnson,M,M,2025-07-29
29458.0,AW00029458,Joshua,Adams,S,F,2024-04-09
29459.0,AW00029459,Lisa,Jones,S,M,2025-02-17
29460.0,AW00029460,Emily,Phillips,S,F,2023-12-13
29461.0,AW00029461,Anthony,Clark,S,M,2025-07-16
29462.0,AW00029462,Donald,Wright,S,F,2025-01-21
29463.0,AW00029463,William,Miller,S,F,2023-08-22
29464.0,AW00029464,Brian,Green,S,F,2023-09-24
29465.0,AW00029465,Susan,Moore,S,M,2024-10-07
29466.0,AW00029466,Steven,Anderson,M,M,2023-06-09
29467.0,AW00029467,Emily,Young,M,M,2023-08-15
29468.0,AW00029468,John,Parker,S,M,2025-02-21
29469.0,AW00029469,Michael,Roberts,S,M,2023-03-17
29470.0,AW00029470,Charles,Green,S,F,2025-06-28
29471.0,AW00029471,John,Phillips,M,F,2025-05-30
29472.0,AW00029472,Melissa,King,S,F,2025-05-31
29473.0,AW00029473,Jason,Wright,S,F,2026-01-02
29474.0,AW00029474,Michael,Singh,S,F,2026-04-17
29475.0,AW00029475,Jennifer,Patel,S,M,2023-03-26
29476.0,AW00029476,Matthew,Ngata,M,M,2023-03-21
29477.0,AW00029477,Linda,White,M,F,2025-06-29
29478.0,AW00029478,Paul,Phillips,S,M,2024-05-18
29479.0,AW00029479,Sione,Davis,M,M,2024-12-20
29480.0,AW00029480,Sarah,Patel,S,F,2023-08-24
29481.0,AW00029481,Patricia,Thomas,M,F,2023-09-22
29482.0,AW00029482,Anthony,Young,S,F,2023-07-21
29483.0,AW00029483,Susan,Nime,S,F,2023-12-16
21499.0,AW00021499,Stephanie,Parker,S,F,2026-01-22
24928.0,AW00024928,Lisa,Nime,S,M,2026-04-22
19291.0,AW00019291,Robert,Perez,M,F,2026-01-05
24807.0,AW00024807,Ashley,Perez,S,M,2026-04-15
23558.0,AW00023558,Ashley,Jackson,S,F,2026-02-18
28294.0,AW00028294,Joseph,Johnson,M,F,2026-02-02
20779.0,AW00020779,John,Young,M,F,2026-04-10
24827.0,AW00024827,Stephanie,Nelson,S,M,2026-05-10
13574.0,AW00013574,Mark,Davis,S,M,2026-02-14
18915.0,AW00018915,Michelle,Hall,M,M,2026-01-16
